timestamp,motion_id,motion_key,frame,qpos_0,qpos_1,qpos_2,qpos_3,qpos_4,qpos_5,qpos_6,qpos_7,qpos_8,qpos_9,qpos_10,qpos_11,qpos_12,qpos_13,qpos_14,qpos_15,qpos_16,qpos_17,qpos_18,qpos_19,qpos_20,qpos_21,qpos_22,qpos_23,qpos_24,qpos_25,qpos_26,qpos_27,pelvis_x,pelvis_y,pelvis_z,head_x,head_y,head_z,ltoe_x,ltoe_y,ltoe_z,rtoe_x,rtoe_y,rtoe_z,lheel_x,lheel_y,lheel_z,rheel_x,rheel_y,rheel_z,lknee_x,lknee_y,lknee_z,rknee_x,rknee_y,rknee_z,lhand_x,lhand_y,lhand_z,rhand_x,rhand_y,rhand_z,lelbow_x,lelbow_y,lelbow_z,relbow_x,relbow_y,relbow_z,lshoulder_x,lshoulder_y,lshoulder_z,rshoulder_x,rshoulder_y,rshoulder_z,lhip_x,lhip_y,lhip_z,rhip_x,rhip_y,rhip_z
0.03333333333333333,0,0-ACCAD_Male2General_c3d_A6- Box lift_poses,0,0.6345799412811175,0.5419611930847168,0.7854880115640511,0.7271069224510939,-0.0018657733333979419,0.0017599921795965472,0.6865194422892152,0.07010200619697571,-0.046596843749284744,-0.34048914909362793,-0.0594005212187767,-0.0029707972739425603,0.010735787653791129,-0.05860286206007004,-0.034258753061294556,-0.07986033707857132,0.15045742690563202,-0.10170396587829433,0.015571714976682638,0.1069754958152771,0.08222060650587082,0.21548724174499512,-0.09098577499389648,0.1744389832019806,0.3540189266204834,-0.05286763608455658,-0.2704085111618042,0.17252862453460693,0.6345797632054618,0.542345925918118,0.8604870247616605,0.6738826643613287,0.6585213412548403,1.3645626241104158,0.5525049697048707,0.6363005379946578,-0.0012487833166254896,0.7760219503567781,0.6426810331103306,0.0013972837163057326,0.48617481713538324,0.47977557740512766,-0.0007512166833745955,0.7518204532222528,0.4744164728919765,0.0002460622035404328,0.5028231642291024,0.5294175602419998,0.3966419534555726,0.7581036070449234,0.5572197423001168,0.39653316533153177,0.4350366046317845,0.7363313770438268,0.8091508973258297,0.8291082754285246,0.7612753504497058,0.8059014498332159,0.46068243257315483,0.5789961425767127,0.9016034781905518,0.8330026135367098,0.5907913188461564,0.8757555356340277,0.5528486690740223,0.5902147650147062,1.0780637362646985,0.7523562680711435,0.6000275050578845,1.0615527406784582,0.5453759569203076,0.5484428240422085,0.7076921234026095,0.673883122714837,0.5378370235894089,0.7077653218943649
0.06666666666666667,0,0-ACCAD_Male2General_c3d_A6- Box lift_poses,1,0.6337632384384051,0.5419437885284424,0.785505748823536,0.7262846935050544,-0.0018458251471113918,0.0016935530283413405,0.6873894593226868,0.06991617381572723,-0.04687117785215378,-0.3404061198234558,-0.05953513830900192,-0.0024272792818829103,0.010950686899181328,-0.05864917114377022,-0.035125017166137695,-0.07958941161632538,0.15065418183803558,-0.10166954976101139,0.01652065275422321,0.10585150122642517,0.08286455273628235,0.21242812275886536,-0.08924512565135956,0.16732686758041382,0.3509306013584137,-0.05393407121300697,-0.26871806383132935,0.1712561547756195,0.633757418572242,0.5423194972862003,0.860504807544686,0.6733393428406947,0.6568928502874608,1.3649256192490555,0.5517022166972837,0.6363184925313605,-0.001249427369679132,0.7755647400005945,0.6430256365603272,0.0014355550336968143,0.4857548888010284,0.4796318591279563,-0.0007505726303209496,0.7517780180254432,0.47470195333012377,0.00028250625111373925,0.5021363959373876,0.5291724719858107,0.3966423967600957,0.7575130538185496,0.5575526967239403,0.3965662182403354,0.43578991364299824,0.7359815854657235,0.8096652549537913,0.8275742106743058,0.7618768035896246,0.8067685035933023,0.46114161042029933,0.5782551614807114,0.9015305413876785,0.8318505339422957,0.5910306423880064,0.8757095397484579,0.5521661731788483,0.5893611985725974,1.0783018796871453,0.7516516619704214,0.5994281738959673,1.0616771791056068,0.5445486326363953,0.5482165516758769,0.7077053479051337,0.6730810102365328,0.5379219309867307,0.7077849874390283
0.1,0,0-ACCAD_Male2General_c3d_A6- Box lift_poses,2,0.6356645073974505,0.542462944984436,0.785186466300629,0.7300683845362902,-0.0010423552436241354,0.0025901744659638,0.6833683914202892,0.07055247575044632,-0.04723232239484787,-0.34020915627479553,-0.05959494411945343,-0.0038389586525446884,0.009362381497729722,-0.0601557120680809,-0.03648516163229942,-0.0791904553771019,0.1503250151872635,-0.10012959519198428,0.015450812262517766,0.10385379195213318,0.08257898688316345,0.2099698930978775,-0.08622018247842789,0.1525140404701233,0.3466755747795105,-0.056273844093084335,-0.26375648379325867,0.16873688995838165,0.6358413111767369,0.5428426000795055,0.8601852969743964,0.6780269308229442,0.6556155106615473,1.364798442084581,0.5530650668730218,0.6373090995853488,-0.0012497430716247628,0.7777364901797557,0.6429227563902653,0.0008083323708466712,0.4854186892230475,0.48134846960319666,-0.0007502569283751835,0.7521001594327293,0.47487081705625045,-0.0003424203852353258,0.5030704620099573,0.5309304650155586,0.3966455990264428,0.7590486981636703,0.5570698503733734,0.39599690465524395,0.4439806133081125,0.7386546674281097,0.8094792701665611,0.831120673424565,0.760562473018784,0.8070979529879111,0.46641725996524963,0.5802801926640732,0.9009871213825439,0.8336609778601551,0.5892075279628286,0.8748518743682497,0.5553460785574409,0.5903851792087031,1.0782830996408437,0.7549108292895002,0.597848394582086,1.0612421025590548,0.5463408096040001,0.5497327944471051,0.7075968315160157,0.6747478972413932,0.5379653559119874,0.7073706653953953
0.13333333333333333,0,0-ACCAD_Male2General_c3d_A6- Box lift_poses,3,0.632941409596242,0.5441706776618958,0.7853422148433415,0.72987054463135,-0.0016958771210932283,0.002430605437250934,0.6835789670824688,0.07010035216808319,-0.04812953621149063,-0.3399561941623688,-0.05975931137800217,-0.003169243539338007,0.011402977927281288,-0.060773495584726334,-0.03998856619000435,-0.07814809679985046,0.14993761479854584,-0.09938637459298683,0.020282147617387003,0.10243638604879379,0.08266228437423706,0.2084205597639084,-0.08243050426244736,0.1446579247713089,0.3442186713218689,-0.05655241012573242,-0.2623790502548218,0.16732341051101685,0.6330336238037721,0.5446055698887229,0.8603408972670413,0.6748324031161882,0.6569011785414213,1.3650922012124962,0.5517360248926418,0.6387044795495679,-0.0012505575362973947,0.7781087250911144,0.6444990738931186,0.0011375180041972369,0.4842038966211564,0.4826943499591862,-0.0007494424637025168,0.752610707439312,0.47642606167689217,-8.632244503120612e-06,0.5010394283413716,0.5323755684495163,0.39663944243892,0.7577155990426222,0.5586493080927076,0.3963218035130306,0.44322661989015755,0.7397193107641945,0.8089573139004986,0.8282143240713082,0.7622827274738344,0.80784453029795,0.46500261657452757,0.5813786772904104,0.9006830679921993,0.8306373299381988,0.5907654797180825,0.8751908514226346,0.5523729911834215,0.5920191409883827,1.0784030965333384,0.7519616800737067,0.5993029071009174,1.0615660267682379,0.5437001049375562,0.5513202527168611,0.7076477162930788,0.6721139098563216,0.539623243204328,0.7075729002068901
0.16666666666666666,0,0-ACCAD_Male2General_c3d_A6- Box lift_poses,4,0.6321480717742816,0.5454891920089722,0.7852171963377375,0.7287999554150428,-0.001861494565823112,0.003248901223325287,0.6847164409197827,0.06962122023105621,-0.04919205605983734,-0.33963197469711304,-0.059800826013088226,-0.003956215159491849,0.011913116692312098,-0.06026464328169823,-0.04321620613336563,-0.07715339958667755,0.14968019723892212,-0.10086300369016454,0.022937504385516005,0.10172402113676071,0.08312992751598358,0.20691365003585815,-0.07974498718976974,0.14415067434310913,0.34293249249458313,-0.05515642091631889,-0.26364511251449585,0.166597381234169,0.6323120522442024,0.546026376994839,0.8602150932595608,0.6746305203675617,0.6583252339032278,1.3649233670716048,0.5506054184837623,0.6390333200802198,-0.0012508171798000164,0.7783420932483005,0.644867999485377,0.0009531987497694537,0.48359590989681916,0.4827980035800582,-0.0007491828202000547,0.7534179557320726,0.4767089071957092,-0.0001900638566099122,0.5002017959329603,0.5328634474493501,0.3966355143631839,0.7573654719157269,0.5596061872451052,0.3960702820809163,0.4420208804875582,0.74002230068002,0.808948045699367,0.8272651165011945,0.7638333095344884,0.8074283406845355,0.464368534297064,0.5818511732983609,0.9008286259989798,0.8301021578476833,0.5923522908413011,0.8748507081045035,0.551890416506986,0.5931989681488329,1.078409727740293,0.7514365686330927,0.6009396459042398,1.0612749683445024,0.5428084222291961,0.552242570352595,0.7076014173745947,0.6712595296175773,0.540970961312367,0.707416478761663
0.19999999999999998,0,0-ACCAD_Male2General_c3d_A6- Box lift_poses,5,0.6318039145553485,0.5465520620346069,0.7851326349347941,0.7284644949586371,-0.0019859955380398093,0.0037955338490206023,0.6850701638001626,0.06944181770086288,-0.05003578960895538,-0.3392808437347412,-0.05964650213718414,-0.0047733510401739565,0.012468334527066194,-0.059680476784706116,-0.04467261582612991,-0.07664798200130463,0.14942766726016998,-0.1020828035532988,0.024037411890097227,0.10094649344682693,0.08335162699222565,0.20596352219581604,-0.07832706719636917,0.14451786875724792,0.3416561186313629,-0.05410158634185791,-0.2646971344947815,0.16574370861053467,0.6320145693593295,0.5471591021694469,0.8601298823964727,0.6747755151300326,0.6594402158771363,1.3648052047407806,0.5502153129985045,0.6393646661310141,-0.0012501727129387193,0.7783576653314754,0.6450238416627037,0.0008257022176330411,0.4834006301710368,0.4830459282486998,-0.0007498272870613935,0.7536320970922987,0.47683542234189863,-0.00031529805355310844,0.49986769645181767,0.5334724300070713,0.39663063836025336,0.7571507420751045,0.5602209521289873,0.39589433993803763,0.44153967008186873,0.740823507966974,0.8090651235472132,0.8271632578022452,0.7647718409925096,0.8072085569519596,0.46404772281462064,0.5826665699474834,0.9009309753238486,0.8300279490065349,0.5932993842776323,0.8746515279469916,0.551790078144603,0.5943018527843957,1.0783995395510164,0.7513201624289995,0.60206517265971,1.061088813685959,0.5424086283046948,0.5531418739069917,0.7075672856057424,0.6708716820005317,0.5420141651621503,0.7073122684111799
0.2333333333333333,0,0-ACCAD_Male2General_c3d_A6- Box lift_poses,6,0.6328305449569598,0.5459040403366089,0.7850404540399105,0.7281111294756626,-0.0012655677775097478,0.0037660128344136645,0.6854475899871605,0.06913299113512039,-0.050545841455459595,-0.33895814418792725,-0.059381403028964996,-0.003962884572678904,0.011577091191471545,-0.05928140506148338,-0.04496043920516968,-0.0764576718211174,0.14917507767677307,-0.10125784447613895,0.02329149941813302,0.10004165768623352,0.08328839391469955,0.2058447003364563,-0.07779613882303238,0.14431901276111603,0.3402050733566284,-0.05378227308392525,-0.26512113213539124,0.16471406817436218,0.6331117342782736,0.5464294720973769,0.8600380863627403,0.6763031229654053,0.6581025294122989,1.364811382197598,0.5507228455607708,0.639547330560208,-0.0012490097511818343,0.7787548423368739,0.6451409211072512,0.0005905109639469178,0.4841096259322074,0.48314262811398334,-0.0007509902488181293,0.7542196745827866,0.4769246115288633,-0.0005491096337889058,0.5006997673692077,0.5331959929427985,0.39663629068655143,0.7578698337397981,0.5599938439998013,0.39569352872255165,0.44263783599125517,0.740113293197672,0.8095154060845221,0.8282597309624637,0.7641189469613707,0.8073527475046034,0.46520997491176924,0.5817609128358795,0.9010281723112914,0.8312114008042343,0.5925171505734033,0.8744621754990058,0.55307225245828,0.5932964715858019,1.0784358306350827,0.7525860923138515,0.6011035811685965,1.060958369548084,0.5433545127972926,0.5524787805663516,0.7075676916585505,0.6718297051254046,0.541501207007667,0.7071787102024084
0.26666666666666666,0,0-ACCAD_Male2General_c3d_A6- Box lift_poses,6,0.6328305449569598,0.5459040403366089,0.7850404540399105,0.7281111294756626,-0.0012655677775097478,0.0037660128344136645,0.6854475899871605,0.06913299113512039,-0.050545841455459595,-0.33895814418792725,-0.059381403028964996,-0.003962884572678904,0.011577091191471545,-0.05928140506148338,-0.04496043920516968,-0.0764576718211174,0.14917507767677307,-0.10125784447613895,0.02329149941813302,0.10004165768623352,0.08328839391469955,0.2058447003364563,-0.07779613882303238,0.14431901276111603,0.3402050733566284,-0.05378227308392525,-0.26512113213539124,0.16471406817436218,0.6331117342782736,0.5464294720973769,0.8600380863627403,0.6763031229654053,0.6581025294122989,1.364811382197598,0.5507228455607708,0.639547330560208,-0.0012490097511818343,0.7787548423368739,0.6451409211072512,0.0005905109639469178,0.4841096259322074,0.48314262811398334,-0.0007509902488181293,0.7542196745827866,0.4769246115288633,-0.0005491096337889058,0.5006997673692077,0.5331959929427985,0.39663629068655143,0.7578698337397981,0.5599938439998013,0.39569352872255165,0.44263783599125517,0.740113293197672,0.8095154060845221,0.8282597309624637,0.7641189469613707,0.8073527475046034,0.46520997491176924,0.5817609128358795,0.9010281723112914,0.8312114008042343,0.5925171505734033,0.8744621754990058,0.55307225245828,0.5932964715858019,1.0784358306350827,0.7525860923138515,0.6011035811685965,1.060958369548084,0.5433545127972926,0.5524787805663516,0.7075676916585505,0.6718297051254046,0.541501207007667,0.7071787102024084
0.3,0,0-ACCAD_Male2General_c3d_A6- Box lift_poses,8,0.6321996297920123,0.547028660774231,0.7850286362144795,0.7276466650215949,-0.0015512587175372395,0.004026538888396844,0.6859385624557949,0.0692119300365448,-0.05108166113495827,-0.3382375240325928,-0.0587439239025116,-0.005243692862155758,0.012492144460414911,-0.05830688029527664,-0.04599602147936821,-0.07585737109184265,0.1488344520330429,-0.10256448803637697,0.02464380642489239,0.09849397093057632,0.08346419036388397,0.2067544013261795,-0.07706835865974426,0.14523324370384216,0.3371318578720093,-0.053223900496959686,-0.2662544548511505,0.16299094259738922,0.6324795042048649,0.5476122697536081,0.8600258433016252,0.6757511444977891,0.6601518713680796,1.3646007924416788,0.5502309010403197,0.6397404999868269,-0.0012462435714503152,0.7786573973352034,0.6453277229404039,0.0006120771371089864,0.48393412069576414,0.48320138547431973,-0.0007537564285495894,0.7544178240036646,0.4770685466582599,-0.0005248844098995238,0.5002831407233369,0.5338202044318696,0.39662773868552725,0.7575034997237634,0.5606706636183364,0.3956614132478323,0.4418715736409595,0.7413320678000949,0.8096308511632316,0.8278680430916837,0.7652007992850905,0.807203438503854,0.4644305588961902,0.5829096881466619,0.9010256322689706,0.8308042922227497,0.5936312462012329,0.8743959313867181,0.5524779598899889,0.5948765792030245,1.0783500504354648,0.7519905812080517,0.6026309340203562,1.0608352333892554,0.5427155218112049,0.5534245741598113,0.707550050923076,0.67120677772753,0.5426428906362932,0.707171819097689
0.3333333333333333,0,0-ACCAD_Male2General_c3d_A6- Box lift_poses,9,0.6324409093940631,0.5460637807846069,0.7850389644463768,0.7276604780341213,-0.0011560431648040366,0.003755453557534839,0.6859262269660875,0.06865659356117249,-0.051224324852228165,-0.3378920555114746,-0.05840824544429779,-0.004215287608421825,0.011972396659234663,-0.05810852721333504,-0.0459013357758522,-0.0756969228386879,0.14869901537895203,-0.10171860129829868,0.024319864259621737,0.09771551936864853,0.08354585617780685,0.20778264105319977,-0.07722406089305878,0.14560984075069427,0.335170179605484,-0.05346577614545822,-0.2666572630405426,0.16205614805221558,0.632731869614763,0.5465763564362863,0.8600366484662936,0.6761804130862812,0.6591476242108101,1.3645900828020818,0.5504271559660777,0.6397361383830364,-0.0012447869616086897,0.778740076394161,0.6449734380320069,0.0005815470223574197,0.4841731231622211,0.4831789173595422,-0.0007552130383914162,0.7545205936280416,0.4767113651751489,-0.000554891473597361,0.5005412665056993,0.5333900225987231,0.3966323144496623,0.7576694926383293,0.5600067670056108,0.395662181279495,0.4422454319836157,0.7406825811394948,0.8100047397251872,0.8283121992293451,0.7641730750922333,0.8073689357514741,0.46465141954716904,0.5820523436651415,0.9010760507089445,0.8311630096154858,0.5925285549553709,0.8743733818076621,0.552807034312714,0.5939384766566784,1.078367432414403,0.7523220229006878,0.6015460749630165,1.0608152622707965,0.5429448117821956,0.5525227491999573,0.7075807286916054,0.6714366928737187,0.5417551583791886,0.7071725279572292
0.36666666666666664,0,0-ACCAD_Male2General_c3d_A6- Box lift_poses,10,0.6314753737533465,0.5469508171081543,0.7850973417965286,0.7274849655499157,-0.0016826162586687317,0.003825417006147076,0.6861108947437673,0.06888560950756073,-0.05131736025214195,-0.33746883273124695,-0.058093927800655365,-0.005287906479898963,0.013087680233506815,-0.057657208293676376,-0.046122513711452484,-0.0754140093922615,0.14857059717178345,-0.10278665206188298,0.025379781376408284,0.09712017327547073,0.083779476583004,0.2088344246149063,-0.07665148377418518,0.14647074043750763,0.33316391706466675,-0.05342237278819084,-0.2672862112522125,0.1611323356628418,0.6317196445551743,0.5475281278555283,0.8600947220446168,0.6749586996843361,0.6610902825965329,1.3644453993919332,0.5498971836861307,0.6397029233154112,-0.0012434593634204245,0.778333727125299,0.645039287555585,0.0007432361149375538,0.4837890645590585,0.48308402440587894,-0.000756540636579716,0.7542450627871683,0.47675842842035215,-0.000391972726092215,0.499876386972811,0.5338098772392068,0.39662370831661997,0.7570028779049117,0.5604818394701493,0.3957794296564426,0.4410898692000223,0.7415829165220338,0.8098929840520467,0.8274348318982007,0.7651104326568079,0.8072673133654797,0.46347661779148347,0.5829923611016026,0.9010381069227194,0.8302656453269273,0.593534702782876,0.8744485579038732,0.5517087897092174,0.5953307869300357,1.0782954779687342,0.7512312397361399,0.6029064087095934,1.0608144370984862,0.5420242734979535,0.5533028121787091,0.7075777850409872,0.6705222181840466,0.5426064176956122,0.7072593475293932
0.39999999999999997,0,0-ACCAD_Male2General_c3d_A6- Box lift_poses,11,0.6323307004058734,0.5468272566795349,0.7850489061747243,0.7278815747610803,-0.0013451066828493899,0.003793616580814696,0.6856910472542129,0.06899145990610123,-0.05122186243534088,-0.33705711364746094,-0.05791002884507179,-0.0052866512891311945,0.012490862772788325,-0.05742355063557625,-0.04598613083362579,-0.07521146535873413,0.14836327731609344,-0.10235224213921934,0.024824403013392393,0.0965324342250824,0.08386699855327606,0.21016351878643036,-0.07616858184337616,0.14721772074699402,0.3308368921279907,-0.05355939269065857,-0.26767677068710327,0.15995121002197266,0.632606546806001,0.5473643057740419,0.8600464760489117,0.6762580766606007,0.6612846561743069,1.3642818033415092,0.5504598329985544,0.6399578162337363,-0.0012427431431331105,0.7789182118231232,0.6450576495708343,0.0006253521484249486,0.4842359438569166,0.48338782929491747,-0.0007572568568671063,0.7546716167293135,0.47679946512315646,-0.0005086640454796988,0.5005613100743287,0.534012846613232,0.3966263039314618,0.7576858332958608,0.5603444879192839,0.3956816906929755,0.4421470893899604,0.7417975964305104,0.8101130864913209,0.8286894878402998,0.764734857478488,0.8071909981080393,0.4643091877340662,0.5830695030881425,0.9010735063729972,0.8313033865656838,0.5931204290443594,0.8742821278559342,0.5527732629391403,0.5954985925234392,1.0782392825177858,0.7522999578616281,0.6027351034739661,1.0606632811929275,0.5428552311873429,0.5533267400634255,0.7075694674634093,0.6713407567757393,0.5424849817100325,0.7071927929453292
0.4333333333333333,0,0-ACCAD_Male2General_c3d_A6- Box lift_poses,12,0.6322244849288836,0.5467280149459839,0.7850590853102009,0.7279168616570882,-0.0013306173136923094,0.0036957511060806787,0.6856541499886235,0.06921017915010452,-0.05103384330868721,-0.33662179112434387,-0.05777188017964363,-0.005513763408505179,0.012487591506344153,-0.05689041316509247,-0.04587923735380173,-0.07496551424264908,0.14821277558803558,-0.10257054831956336,0.02492107838132962,0.09603112190961838,0.08408131450414658,0.2113294005393982,-0.0762387216091156,0.14918844401836395,0.3279919922351837,-0.053088415414094925,-0.2682047188282013,0.1586630493402481,0.6324911633683973,0.5472534028253228,0.8600567709423999,0.6762304776301153,0.661688186926813,1.3641693783430828,0.5503119045838739,0.6398124796382233,-0.0012422546250462352,0.7788477414265341,0.6447674880390043,0.0006494714536176699,0.4841429858097269,0.4832192504134356,-0.0007577453749538637,0.754630234155101,0.47650510756126696,-0.00048351465539589467,0.5004817466102263,0.5339206401554197,0.39662547954245175,0.7576068064690524,0.5601332633875516,0.3956981741254695,0.4417624972508399,0.7420485110141342,0.8105078533977752,0.828781743076394,0.7644686456974725,0.807137298489096,0.46387129317503806,0.583127617126602,0.9011440207535171,0.8313208688066863,0.5928654857583897,0.8742601153520335,0.5526994243631163,0.5956738364983635,1.0781994262048453,0.7522289184827917,0.6027922433616418,1.0606069800964941,0.5427595318129315,0.5532540817433905,0.7075692378315536,0.6712444698758052,0.5424071268978394,0.707207762090561
0.4666666666666666,0,0-ACCAD_Male2General_c3d_A6- Box lift_poses,12,0.6322244849288836,0.5467280149459839,0.7850590853102009,0.7279168616570882,-0.0013306173136923094,0.0036957511060806787,0.6856541499886235,0.06921017915010452,-0.05103384330868721,-0.33662179112434387,-0.05777188017964363,-0.005513763408505179,0.012487591506344153,-0.05689041316509247,-0.04587923735380173,-0.07496551424264908,0.14821277558803558,-0.10257054831956336,0.02492107838132962,0.09603112190961838,0.08408131450414658,0.2113294005393982,-0.0762387216091156,0.14918844401836395,0.3279919922351837,-0.053088415414094925,-0.2682047188282013,0.1586630493402481,0.6324911633683973,0.5472534028253228,0.8600567709423999,0.6762304776301153,0.661688186926813,1.3641693783430828,0.5503119045838739,0.6398124796382233,-0.0012422546250462352,0.7788477414265341,0.6447674880390043,0.0006494714536176699,0.4841429858097269,0.4832192504134356,-0.0007577453749538637,0.754630234155101,0.47650510756126696,-0.00048351465539589467,0.5004817466102263,0.5339206401554197,0.39662547954245175,0.7576068064690524,0.5601332633875516,0.3956981741254695,0.4417624972508399,0.7420485110141342,0.8105078533977752,0.828781743076394,0.7644686456974725,0.807137298489096,0.46387129317503806,0.583127617126602,0.9011440207535171,0.8313208688066863,0.5928654857583897,0.8742601153520335,0.5526994243631163,0.5956738364983635,1.0781994262048453,0.7522289184827917,0.6027922433616418,1.0606069800964941,0.5427595318129315,0.5532540817433905,0.7075692378315536,0.6712444698758052,0.5424071268978394,0.707207762090561
0.49999999999999994,0,0-ACCAD_Male2General_c3d_A6- Box lift_poses,13,0.6320499625289813,0.5475839376449585,0.7850736519627242,0.726527466855017,-0.0014267227206133282,0.0036424419070847343,0.687126288963291,0.06948179751634598,-0.05087994039058685,-0.33614450693130493,-0.05760931596159935,-0.005975769613805859,0.012688531020065397,-0.05583135411143303,-0.04587199166417122,-0.0746498629450798,0.14822626113891602,-0.10368157002871325,0.025279360923342153,0.09594675153493881,0.08469103276729584,0.2122431993484497,-0.07654068619012833,0.15288905799388885,0.3245914578437805,-0.05194828286767006,-0.269174188375473,0.1573536992073059,0.6322998618395101,0.5481148432701322,0.860071356524609,0.6757897781134605,0.6632462596105599,1.3640496337468404,0.5497830429408149,0.6400798197065639,-0.0012416633848493647,0.7783964990358918,0.6454960705749025,0.0007063054334728522,0.4843261899631338,0.4831876057713532,-0.0007583366151506024,0.7549181290913523,0.4771289663953434,-0.00042699723431682476,0.5004275144784497,0.5341378033739146,0.3966229202678114,0.7574539146516838,0.5611697213551223,0.39571421290524256,0.440033119413662,0.7425212490254455,0.8112090230428789,0.8279392511900552,0.7658979331625062,0.806951579473416,0.4629189712298546,0.5834338247996739,0.9013588618892393,0.8311646310235626,0.5943580162211679,0.8742064530875747,0.5524186623905072,0.5964491563477157,1.07819242479339,0.7519111093661224,0.6043563106340308,1.0605168650915364,0.5425748304398619,0.5537498483124136,0.7075654409592816,0.6711038074121386,0.543442881808882,0.7072315018196754
0.5333333333333333,0,0-ACCAD_Male2General_c3d_A6- Box lift_poses,14,0.6325529661262408,0.5471856594085693,0.7850337693583327,0.7270066115761702,-0.0009648478953581196,0.0034605204218409904,0.6866210604048526,0.06969188898801804,-0.05061511695384979,-0.3356587588787079,-0.05742909386754036,-0.005748590450003865,0.011871192337136183,-0.0554405115544796,-0.04545234516263008,-0.07443048059940338,0.1481075882911682,-0.10312997146652525,0.02445784105319082,0.09572114050388336,0.08504565805196762,0.2139095813035965,-0.07638072967529297,0.15538057684898376,0.32071805000305176,-0.05143532156944275,-0.26988184452056885,0.1556178778409958,0.6328309665774107,0.5476472869586725,0.860031833438375,0.67683276109342,0.6631295849079316,1.363887647322489,0.5499398578216652,0.6403077181284578,-0.001240990498784518,0.778501350480061,0.6453764635678048,0.0005963284531472213,0.484343619821872,0.483473725465539,-0.000759009501215463,0.7548371971308473,0.4770353688459842,-0.0005366649819301024,0.500735440314286,0.5342174430308866,0.39662712627210384,0.7577337245785548,0.560842227503351,0.3956303364105138,0.4403651501142868,0.7426555066059828,0.8118858713960784,0.8288870740507881,0.765131612349286,0.8068610397610887,0.4631004701088476,0.5832561855488733,0.9015213882152808,0.8319201888899684,0.5935549771393749,0.8740311422515982,0.5531761764093897,0.596299125571677,1.0781616109189502,0.7526684640779961,0.6038984777144689,1.0603497635202168,0.5430585536682672,0.5535528679360571,0.7075636183636845,0.6715731518093273,0.543071404884114,0.7071740371533052
0.5666666666666667,0,0-ACCAD_Male2General_c3d_A6- Box lift_poses,16,0.6324472274864092,0.5474586486816406,0.7851473674437107,0.7268486918001262,-0.00141315200054397,0.0031907411612514245,0.6867887603919492,0.06978791207075119,-0.049939870834350586,-0.3346317410469055,-0.057335663586854935,-0.006039779220049946,0.012417577582290229,-0.05541758984327316,-0.04432525485754013,-0.07397978752851486,0.14770399034023285,-0.10296993424611012,0.024501091888166515,0.09416592866182327,0.08387206494808197,0.21963758766651154,-0.07422187924385071,0.15649275481700897,0.3119036555290222,-0.05100443586707115,-0.2698405385017395,0.149846151471138,0.6326495248556436,0.5479414256091073,0.8601455407695505,0.6754558062573465,0.6665083531141666,1.3633870187278332,0.550110237496495,0.6402708802933301,-0.0012409392346740822,0.7784448422698225,0.6456575463338664,0.000818971178445059,0.4847576185092595,0.48333521517972383,-0.0007590607653258259,0.7549759568235307,0.47728909737390207,-0.00031098931852456546,0.5009243397711871,0.5342753732067097,0.3966237271546938,0.757752688214554,0.5610532533083874,0.39585953153929143,0.4403027325886001,0.7430855792682726,0.8115055105685267,0.828710640953487,0.7653769392756333,0.80703598433055,0.4625908240340558,0.5835886078346242,0.9010796211551304,0.8316777012414969,0.5938491171428756,0.8743335845240814,0.5524464136248194,0.5980518437912085,1.077766597950217,0.7519853305084228,0.6054307616101249,1.060389684509099,0.5430280264925944,0.55376496586982,0.7075852199921762,0.671547700464211,0.5433412673030565,0.7073281311152548
0.6,0,0-ACCAD_Male2General_c3d_A6- Box lift_poses,17,0.6327147331321612,0.546962320804596,0.7851311889756004,0.7273784979177119,-0.001176514710256772,0.0030682042852379736,0.6862286227654554,0.06997479498386383,-0.04974374920129776,-0.3340272605419159,-0.05740254744887352,-0.005798738955609117,0.012033540022755806,-0.05520587041974068,-0.043725982308387756,-0.07370548695325851,0.14759615063667297,-0.10263952997300696,0.02378156856429048,0.09395771473646164,0.08364222198724747,0.22214262187480927,-0.07346150279045105,0.15949931740760803,0.3060872554779053,-0.050875019282102585,-0.27130934596061707,0.14619071781635284,0.6329283912954139,0.5474065099701579,0.8601295692659405,0.6758150977987147,0.6669536722404097,1.3631332950479054,0.5502877590517535,0.6401884053370444,-0.0012414589041868894,0.7783939650833578,0.6452346908597248,0.0007662945948280278,0.4847902286875141,0.48331316730829793,-0.0007585410958130673,0.7547310543608697,0.476893399210077,-0.00036338760284070765,0.5011026599647116,0.5341083935328163,0.3966264221349257,0.7578468046188496,0.56050458563336,0.3958243071857044,0.4403358175931494,0.7431288147933027,0.8120596805776227,0.8295087181450459,0.7647261035378567,0.8072803016032543,0.4623730739345542,0.5833058764924334,0.9011133269374874,0.8322769670504782,0.5930906648119223,0.8743114673063934,0.5527516298450943,0.5981215210535948,1.0776264703870686,0.752304708057236,0.6051602348167535,1.0602710566893436,0.5432946626125637,0.553450849110999,0.7075846425955854,0.6717980980916475,0.5428296001017054,0.7073045581916787
0.6333333333333333,0,0-ACCAD_Male2General_c3d_A6- Box lift_poses,18,0.632717176922597,0.5477380752563477,0.7851359225993924,0.7273709794707264,-0.0013628024138868586,0.003085566534557734,0.6862361694581084,0.07070394605398178,-0.04959001764655113,-0.3333333730697632,-0.05752792954444885,-0.006594398760286113,0.012531385737532319,-0.05458592623472214,-0.04351706802845001,-0.07327289879322052,0.14753885567188263,-0.10348524567246709,0.02399819919568813,0.09358470886945724,0.08328501135110855,0.2245558500289917,-0.07192929089069366,0.16237114369869232,0.29924723505973816,-0.050482653081417084,-0.27314239740371704,0.14169342815876007,0.6329135490092314,0.5482043787992322,0.8601342159067036,0.675461352288463,0.6691458571500561,1.3628339815501687,0.550354370224247,0.6403193516946473,-0.0012422754371502961,0.7784408579833708,0.6454265512066363,0.0008123901972016748,0.48497277226163615,0.48339576564619596,-0.0007577245628498201,0.7548645669095739,0.477073104837939,-0.0003170322152527029,0.5011873788889674,0.5345339600686851,0.39662191454641904,0.7579017869707868,0.56098898880944,0.3958402131141826,0.4398557552782501,0.744071487241551,0.8124495518726506,0.8297901649353749,0.765635649032394,0.80760917015829,0.4618107666722909,0.5839944320953355,0.901066018144846,0.8325758821160294,0.5939055609190553,0.8743967499957301,0.5525805477703174,0.5995642529378965,1.0774301670242836,0.7521462642837965,0.6065285298825668,1.0601904298134197,0.5433158806530654,0.5542198810674205,0.7075654744091673,0.6718194628704278,0.5435987421921995,0.7073202702985578
0.6666666666666666,0,0-ACCAD_Male2General_c3d_A6- Box lift_poses,19,0.63276414538268,0.5481917858123779,0.7851049164873424,0.7277103217875401,-0.0014148363734814878,0.003222235666776634,0.6858755739922648,0.0710580125451088,-0.04945329576730728,-0.33261507749557495,-0.05770573392510414,-0.007084133557978101,0.012583911344388965,-0.054251812398433685,-0.04352058842778206,-0.07273828238248825,0.1473768800497055,-0.1039412840944649,0.02406318633997384,0.09324108809232712,0.08292132616043091,0.22717447578907013,-0.06980399787425995,0.16554342210292816,0.291301965713501,-0.05004633963108063,-0.27562031149864197,0.13637962937355042,0.6329703132493067,0.5486777323778946,0.8601030588026439,0.6754693404228281,0.6710635130758176,1.3624582479805807,0.5503202388092064,0.6404889181475906,-0.001243348278663587,0.7785181370358154,0.645373781500158,0.0007726248676854335,0.48489880006885805,0.48358194418019834,-0.0007566517213364356,0.754865377782569,0.47703105388168765,-0.00035566484752656835,0.5011764940877362,0.5348862689199072,0.39662040269621074,0.7579406309377411,0.5611086574169265,0.39578500885841994,0.4395653155252602,0.7448038788967749,0.8129506340532645,0.8304402470563241,0.7660806698479178,0.8079584695606241,0.4613155235498639,0.584420781345527,0.9010628050339041,0.8331105671040836,0.5942131689088463,0.8743963782872609,0.5526054593493759,0.6008017921784261,1.0772138152324626,0.7521844249278344,0.6074959448650363,1.0600205107670388,0.5433601790286265,0.5547504210068744,0.7075431741056841,0.6718531221734015,0.5440014745197174,0.707285905614048
0.7,0,0-ACCAD_Male2General_c3d_A6- Box lift_poses,20,0.6322162594879046,0.5485011339187622,0.7851066960513386,0.7278242772390843,-0.0017037449882022755,0.0034031588185157984,0.6857531168171791,0.07108841836452484,-0.04927627369761467,-0.3318764567375183,-0.057787131518125534,-0.007657408739226712,0.01288752669921256,-0.054323021322488785,-0.04349697753787041,-0.07216721028089523,0.14718513190746307,-0.10432921177158616,0.02439039476055782,0.09292511641979218,0.08240434527397156,0.22955632209777832,-0.06762909144163132,0.1694910228252411,0.28197941184043884,-0.04938371852040291,-0.27857697010040283,0.1298159658908844,0.6324125424636288,0.5490371969784811,0.8601045234157993,0.674575467618771,0.6729719111823887,1.3621085223152558,0.549801705153505,0.6403401737345016,-0.001243985215106956,0.7781332307099449,0.6452397756972688,0.0008013002473651228,0.48444708554878335,0.4834053605757211,-0.0007560147848929832,0.7545216342435532,0.47689125970138135,-0.0003254980001868614,0.5006782384410307,0.5349474610516717,0.3966171335187564,0.7574785377327565,0.5611233129931138,0.3957983991979059,0.43842334661401194,0.7453951164217327,0.8136384823588195,0.8304066539615735,0.7665602565954097,0.8085867627061916,0.4600232089599475,0.5846156114459525,0.9010625118389789,0.8330773176539135,0.5945017249121559,0.8745283537896137,0.5518889891870502,0.6019019760746249,1.076987983869687,0.7514834162459383,0.6084560805260646,1.0599206670954018,0.5428249196817466,0.5550384079712892,0.7075285272153252,0.6713141561252286,0.5442439532784048,0.7072956685489648
0.7333333333333333,0,0-ACCAD_Male2General_c3d_A6- Box lift_poses,21,0.6320127692306414,0.5486776828765869,0.7851671307280192,0.7281403005526818,-0.0021246423393541315,0.0034334671723262353,0.6854162238444291,0.07064354419708252,-0.04872110113501549,-0.3311886191368103,-0.0575820654630661,-0.008039575844171365,0.013039820647948286,-0.05476038530468941,-0.0428958423435688,-0.07171633094549179,0.14711779356002808,-0.10445657250259277,0.02449466013319479,0.09275488555431366,0.08153289556503296,0.23138149082660675,-0.06575499475002289,0.1744675636291504,0.2710542380809784,-0.04847961664199829,-0.2817172110080719,0.12153775244951248,0.6321693364540717,0.549262741648911,0.8601646853077352,0.673675059339355,0.6744224167211222,1.361918161850361,0.5497317262169884,0.6403559086021563,-0.0012432895808239218,0.7780928908796846,0.6451180791333407,0.0009314886388729002,0.48434843202689304,0.4834330355671176,-0.0007567104191760175,0.7544232563410638,0.47677771238338806,-0.00019515385079755393,0.5005875557285677,0.535114147238331,0.3966147059710087,0.7573781446783547,0.5610582813586011,0.3959234076483821,0.43756980605036,0.7461949969144097,0.8147206453434285,0.8307939962048508,0.7668750628439353,0.8098133941004216,0.45883825517375654,0.5847904595327666,0.901067576896735,0.833392101568726,0.594494498668703,0.8749114366770991,0.5513405326841345,0.6027693980543115,1.0767923341642902,0.7509657937710987,0.6090963382420684,1.0600021625206795,0.5426684272444297,0.5552353362174816,0.7075376012356045,0.6711477790065327,0.5443225764868854,0.7073793964754743
0.7666666666666666,0,0-ACCAD_Male2General_c3d_A6- Box lift_poses,22,0.632264718064107,0.5486775636672974,0.7852526599020119,0.7282022319710705,-0.002586695538980432,0.003429800097038727,0.6853488562986256,0.06936993449926376,-0.047406502068042755,-0.3306417465209961,-0.05709930136799812,-0.00814917093381573,0.012291388859402508,-0.055627986788749695,-0.041318926960229874,-0.07149992883205414,0.1471794694662094,-0.10436115634868504,0.023662164057638435,0.09288614243268967,0.08036290854215622,0.23254083096981049,-0.06464550644159317,0.18112137913703918,0.25832974910736084,-0.047339554876089096,-0.28518956899642944,0.11148013174533844,0.6323734379526038,0.5493127007231104,0.8602498917236343,0.67289884358089,0.6753927277703203,1.361850125675368,0.5496490712809498,0.6406106320329726,-0.0012412959498386902,0.7779001579056527,0.6451982982855423,0.0010850290613919691,0.4843421350615676,0.4836559532664704,-0.0007587040501612179,0.7542924341840954,0.47684924862347516,-4.3181276036894506e-05,0.5008212301291537,0.535266108254224,0.3966171129061174,0.7575106294008367,0.5610523289814436,0.3960865821400092,0.43672738742165546,0.7470211152596025,0.8163878239440636,0.8314185884087749,0.7672815841438961,0.8115730636266371,0.45774440380437154,0.5847373216202538,0.9011334406363626,0.8341539083432579,0.5944474649369601,0.8754514595597439,0.5510943503452213,0.6032237749410828,1.0766275164999675,0.7507498879065022,0.6095324398870668,1.0601942585236803,0.542969291216482,0.5551677129238812,0.7075641449910852,0.6714473582932023,0.5442418323389567,0.7074918837557805
0.7999999999999999,0,0-ACCAD_Male2General_c3d_A6- Box lift_poses,23,0.6351009454810992,0.5483831763267517,0.7852774089523843,0.7269520989892129,-0.0027139574282795524,0.0035482041319787366,0.6866736418836046,0.06710082292556763,-0.045595116913318634,-0.3302002549171448,-0.0564347468316555,-0.007621554165611943,0.010012058206864238,-0.05734656751155853,-0.03878043219447136,-0.07151731848716736,0.14715808629989624,-0.1031726620325264,0.02107237743374968,0.0929119661450386,0.07905509322881699,0.23342366516590118,-0.06445198506116867,0.18888622522354126,0.24355633556842804,-0.04629286378622055,-0.2894010543823242,0.09988811612129211,0.6352083111926278,0.5490445826221279,0.8602744156547616,0.6745426097098847,0.6758827521739236,1.3617747154793052,0.5510039875119522,0.6411009236572955,-0.0012384506827013315,0.7788459178476642,0.6463818289043723,0.0010608442449159122,0.48636474232612226,0.4838700725278374,-0.0007615493172987084,0.7559357381470545,0.4779364458290396,-6.901711390337739e-05,0.5033238215444665,0.5350482244750224,0.39662760553954185,0.7596794917137935,0.5616113532470716,0.3961225758555102,0.43767320833546774,0.7472459452918832,0.8187453117569453,0.8339007553307314,0.7682527905478093,0.8136161290314827,0.45897407495791526,0.5838720621734564,0.9012971839350336,0.8375098534006437,0.594849098338433,0.8758872952598886,0.5533877160377452,0.6029214435603861,1.0764770318322368,0.7530397809695837,0.6099599968340195,1.0602999914271707,0.5457782545019944,0.554464684710494,0.7075922860497817,0.6742960444983124,0.5440205490239627,0.7075155722920864
0.8333333333333333,0,0-ACCAD_Male2General_c3d_A6- Box lift_poses,24,0.6352192607009783,0.5470167994499207,0.7853898522424119,0.7269714260053295,-0.0033483184905207064,0.0036309712133736375,0.6866499476320606,0.06503086537122726,-0.044579874724149704,-0.3295576572418213,-0.05558396130800247,-0.007568419025145046,0.009539179586883328,-0.05931181460618973,-0.03618403524160385,-0.07150165736675262,0.1470000147819519,-0.10217835737180958,0.019270949149683858,0.0927717536687851,0.07813739031553268,0.23353669047355652,-0.06418673694133759,0.19703318178653717,0.2263699620962143,-0.045676231384277344,-0.2952057719230652,0.08699146658182144,0.6352703341416682,0.5477559001591142,0.8603861929641119,0.6737514770914276,0.6751476938013825,1.3618093403071512,0.5510310035001255,0.640095442296648,-0.001234757304697933,0.7779874458668788,0.6456418641242527,0.0012315138229538995,0.4864977464089393,0.48282103787801917,-0.0007652426953021103,0.755162329616628,0.4771849341229509,0.00010155687730909954,0.5035694980593282,0.533911460445366,0.3966281849671072,0.759464787099251,0.5604304040710749,0.39633952307067355,0.43671218068898177,0.7473635289874648,0.8215502294586108,0.8347216374506208,0.767616241435247,0.8162053254615631,0.4575064130925095,0.5826458700689547,0.9015205798600036,0.8385570062859172,0.5935383011834253,0.8765520309867909,0.5530609908545713,0.6018896743397146,1.076390878700066,0.7527411136871367,0.6088745004629885,1.0605401484456207,0.5459523521169988,0.5529713540137956,0.7076353232307179,0.6744697077794712,0.5425223989415723,0.7076596611278179
0.8666666666666666,0,0-ACCAD_Male2General_c3d_A6- Box lift_poses,24,0.6352192607009783,0.5470167994499207,0.7853898522424119,0.7269714260053295,-0.0033483184905207064,0.0036309712133736375,0.6866499476320606,0.06503086537122726,-0.044579874724149704,-0.3295576572418213,-0.05558396130800247,-0.007568419025145046,0.009539179586883328,-0.05931181460618973,-0.03618403524160385,-0.07150165736675262,0.1470000147819519,-0.10217835737180958,0.019270949149683858,0.0927717536687851,0.07813739031553268,0.23353669047355652,-0.06418673694133759,0.19703318178653717,0.2263699620962143,-0.045676231384277344,-0.2952057719230652,0.08699146658182144,0.6352703341416682,0.5477559001591142,0.8603861929641119,0.6737514770914276,0.6751476938013825,1.3618093403071512,0.5510310035001255,0.640095442296648,-0.001234757304697933,0.7779874458668788,0.6456418641242527,0.0012315138229538995,0.4864977464089393,0.48282103787801917,-0.0007652426953021103,0.755162329616628,0.4771849341229509,0.00010155687730909954,0.5035694980593282,0.533911460445366,0.3966281849671072,0.759464787099251,0.5604304040710749,0.39633952307067355,0.43671218068898177,0.7473635289874648,0.8215502294586108,0.8347216374506208,0.767616241435247,0.8162053254615631,0.4575064130925095,0.5826458700689547,0.9015205798600036,0.8385570062859172,0.5935383011834253,0.8765520309867909,0.5530609908545713,0.6018896743397146,1.076390878700066,0.7527411136871367,0.6088745004629885,1.0605401484456207,0.5459523521169988,0.5529713540137956,0.7076353232307179,0.6744697077794712,0.5425223989415723,0.7076596611278179
0.8999999999999999,0,0-ACCAD_Male2General_c3d_A6- Box lift_poses,25,0.6348808851325884,0.5457891225814819,0.7854586513629013,0.7270274826310443,-0.0033292183766402764,0.003354779383076624,0.6865920923368241,0.0642479732632637,-0.04462389647960663,-0.328600138425827,-0.05445669963955879,-0.00748958475062933,0.009623962193081703,-0.0597127266228199,-0.03439103811979294,-0.07118012011051178,0.1472225785255432,-0.10170958320262069,0.017879581166516556,0.09316132217645645,0.07783188670873642,0.23146039247512817,-0.06398414075374603,0.20664727687835693,0.2065030038356781,-0.045413028448820114,-0.30295878648757935,0.07262706011533737,0.634903865402378,0.5464976923191999,0.860455300626945,0.6730626890752984,0.6726011560662861,1.3622254525952264,0.5509110497516587,0.6393661160524924,-0.0012297807923901498,0.7768480851620838,0.6449526897033984,0.0013260259477679143,0.48649987427508834,0.48204164473008104,-0.0007702192076098,0.7541125092586877,0.47648367613999265,0.00019242226308235216,0.5034838555049798,0.5331100435868484,0.39662633024302874,0.758848494881338,0.5594934923487107,0.3964569942611472,0.43511564846144163,0.7477451678452794,0.8258172808484958,0.8353110201535867,0.7673570807908289,0.819756589282977,0.45541847066353464,0.5812338280232185,0.902114943495922,0.8395451930955226,0.5923150182394206,0.8772188579591679,0.5525500426290774,0.6000448191673178,1.0765527217789628,0.7522392257320618,0.6070827913845407,1.060840242702372,0.5456430650530618,0.5517700702963605,0.7076744336666638,0.6741592801361336,0.5413101048923763,0.7077409032380836
0.9333333333333332,0,0-ACCAD_Male2General_c3d_A6- Box lift_poses,26,0.6347145881736651,0.5450361371040344,0.7854918559217907,0.7257418708277192,-0.003059479375813935,0.0030696963041556727,0.6879534529879412,0.06350307166576385,-0.04511522129178047,-0.32752975821495056,-0.053221479058265686,-0.0071996993331258086,0.00969189565469708,-0.059256039559841156,-0.03334822505712509,-0.07057562470436096,0.14758165180683136,-0.10186017772681755,0.01695573942602957,0.09338777512311935,0.07744304090738297,0.22780656814575195,-0.06499815732240677,0.2168433517217636,0.1841271072626114,-0.04577795788645744,-0.3119484484195709,0.05656226724386215,0.6347330423343223,0.545685967172739,0.8604890384043731,0.6722798936184715,0.6696236805692415,1.362839815232882,0.5505984149664553,0.6389914483539496,-0.001224302950941742,0.7756796144959435,0.6449520743794159,0.0013581148281032879,0.4869342899252194,0.48136315795061285,-0.0007756970490583985,0.7537119843779526,0.4763812378787219,0.00021955940327208698,0.5036050638441139,0.5324030869233827,0.39662507731054,0.7584082787272453,0.5594088808226578,0.3964872816261076,0.43311252300132574,0.7483094216942818,0.8311669568758489,0.8353629164153651,0.7685303233921654,0.8241192994886893,0.453315809721652,0.5797390253355131,0.902828752006253,0.8407703068246842,0.5923656612914342,0.8779369189089543,0.5521126685575053,0.5978923200333758,1.0768134544782992,0.751778743848711,0.6057365169755651,1.0611893752369908,0.5454559448978376,0.550725310037652,0.7077112121830537,0.6740120308228239,0.540776588561663,0.7077722951877475
0.9666666666666666,0,0-ACCAD_Male2General_c3d_A6- Box lift_poses,27,0.6348261680686846,0.5444945096969604,0.7855043139062985,0.7243398199824178,-0.002753308781456776,0.002920187841945707,0.689431444729322,0.06229100376367569,-0.045904625207185745,-0.32641589641571045,-0.05203462019562721,-0.006536621826377154,0.009719362968621637,-0.0587640143930912,-0.03327689319849014,-0.06962714344263077,0.14775727689266205,-0.10194888683304493,0.016834351721340957,0.09284225851297379,0.0765671506524086,0.22340480983257294,-0.06705506145954132,0.22597214579582214,0.15954068303108215,-0.04719819128513336,-0.32150375843048096,0.038741763681173325,0.6348587166713993,0.5450956497734409,0.8605018976753568,0.6717438852569683,0.6665096616881784,1.3635108110601137,0.5505501219807913,0.6390016342363727,-0.0012190517543460046,0.7752041253461238,0.6450983560042814,0.0013459764097692485,0.48768764258333863,0.4810519056854173,-0.0007809482456538792,0.7540814765034094,0.47641957823493347,0.00020420756001455348,0.5039945872551526,0.5319411821710304,0.39662522603174666,0.7584084854898404,0.5594874442784505,0.39647127872056415,0.43197270048549485,0.7494782247897791,0.8370696182794592,0.8357101294319447,0.7701009098560943,0.8291725247965827,0.45169040774824293,0.5786990019445957,0.9034415496123946,0.8423666777739052,0.5927341983483979,0.8787336407776107,0.5519407408262313,0.5958468318620669,1.0770660516820376,0.7515880503889119,0.6044075414291346,1.0615789300614287,0.545526239082592,0.5498404223526299,0.7077492284239293,0.6741238912912664,0.5404578736626123,0.7077739569853082
0.9999999999999999,0,0-ACCAD_Male2General_c3d_A6- Box lift_poses,28,0.6332545723998919,0.544743537902832,0.7854233405228186,0.7235984511944907,-0.0024644583432637955,0.0032582960905550434,0.6902090925079116,0.06100421026349068,-0.04704727604985237,-0.3252324163913727,-0.050940822809934616,-0.006487858464178986,0.009698013594066968,-0.05818304792046547,-0.035168666392564774,-0.06803634762763977,0.14765465259552002,-0.10247433224344871,0.018198695785154206,0.09227371960878372,0.07565844804048538,0.2178795486688614,-0.0701645165681839,0.23558032512664795,0.1331137865781784,-0.04950302466750145,-0.3323316276073456,0.019605685025453568,0.6333530783670965,0.5453483654770325,0.8604208370155677,0.6701829811175835,0.6639220377276012,1.3641037466303205,0.5487271001212283,0.6395119314782529,-0.0012142369942498461,0.7740091712400834,0.6452021262336052,0.0011817708609572104,0.48636868463223387,0.4813624944645755,-0.0007857630057501452,0.7534420420629826,0.4764547149996084,3.966787223682114e-05,0.5025060242208051,0.5322638237805916,0.39662366282341427,0.7570257944869332,0.5597773288531311,0.3962808539632242,0.42974816596211923,0.752102446206034,0.8436668768024779,0.8349166804730512,0.7722765795818096,0.8345660390399866,0.4484524534977449,0.5790321473082026,0.9041349301146862,0.8426418334888719,0.5936959085445116,0.8793860139052031,0.550396364501297,0.594695855310829,1.0773014954932127,0.7500301058032377,0.60357267872352,1.061817431430773,0.5438721837484223,0.5498620607293727,0.7077503616273508,0.6724918371903053,0.5408019527038569,0.7076586924918302
1.0333333333333332,0,0-ACCAD_Male2General_c3d_A6- Box lift_poses,29,0.6319398727500811,0.5478121638298035,0.7854701923914887,0.722742193539245,-0.0025478725879260248,0.0031791208173649523,0.6911057250625152,0.06031063199043274,-0.04802165925502777,-0.32404106855392456,-0.0497349351644516,-0.006729020585504175,0.01073747767669897,-0.056834183633327484,-0.03808102011680603,-0.06605690717697144,0.1474905163049698,-0.10346421415820739,0.021814058470861375,0.09144551306962967,0.07416066527366638,0.21135181188583374,-0.07434159517288208,0.2452506422996521,0.10536152869462967,-0.0523468516767025,-0.3434898853302002,-0.0013607449363917112,0.6320203980632045,0.5484179483728938,0.8604677026219044,0.6679425548888072,0.6635884739493786,1.3649962127400828,0.547838670455479,0.642432873556843,-0.0012088920290273912,0.7745233718311993,0.6476971042735431,0.0013096091914613188,0.48604169684637616,0.48406318103571483,-0.0007911079709726557,0.7545992521965554,0.47887255836446785,0.00016848896163458582,0.5016640597539347,0.5352156521658781,0.3966169000343466,0.7566024373728579,0.5627070280389154,0.39635008578538594,0.42792059916643105,0.7576617919059202,0.8507388001839885,0.8341656423433593,0.7773280975800242,0.8411351387322915,0.4452849999695855,0.5823152428103209,0.9046983175018827,0.8430751557582822,0.5975446483219962,0.880607865364278,0.548645623118455,0.5961063786177636,1.0775748530788274,0.7482906888569533,0.6053163579317905,1.0624352062102267,0.5425613596113263,0.55269093401155,0.7077787165550016,0.6712053890120425,0.5440008258570036,0.7077158719207051
1.0666666666666667,0,0-ACCAD_Male2General_c3d_A6- Box lift_poses,30,0.631139024742879,0.5484727621078491,0.7854179960854724,0.7217946400128534,-0.0024884645091209894,0.0034722659894045388,0.6920941038341543,0.05958137288689613,-0.04899252951145172,-0.3228641152381897,-0.048601001501083374,-0.007417679815369782,0.01118735575957086,-0.0556483194231987,-0.04013950005173683,-0.06423134356737137,0.14708252251148224,-0.10449522595430039,0.023845725031909293,0.09095004200935364,0.07254117727279663,0.20522050559520721,-0.08002305030822754,0.25562262535095215,0.07673764228820801,-0.056091684848070145,-0.35503947734832764,-0.023103103041648865,0.6312566264477022,0.5491026563822626,0.8604152587224652,0.6665059747108003,0.6612445213611041,1.3656649280695976,0.5468931727651974,0.6427447437069722,-0.001203872818837163,0.77444060680296,0.6478070109830746,0.0012344650966265164,0.48569771644477977,0.4841416230906652,-0.0007961271811628388,0.7552101915671697,0.47890202257565273,9.603593862624396e-05,0.5010499151518457,0.5356154948075819,0.396610891587184,0.7561784390986355,0.5631905349065274,0.39622470365957413,0.4266164770480571,0.7608691436857808,0.8581965304933109,0.8336979990702498,0.7801760392103235,0.8476734447656309,0.44256780827653314,0.5834249200290657,0.905299255754948,0.8440938711592537,0.599345327468417,0.8816107949655606,0.5475636054123554,0.5952361581862098,1.0777548068749205,0.7472040108278923,0.604892569477274,1.0628334414381426,0.5417066186198929,0.5530640112886998,0.7077724730661101,0.6703759059920015,0.5447737033421481,0.7076460009023064
1.1,0,0-ACCAD_Male2General_c3d_A6- Box lift_poses,32,0.631587490090169,0.5492188334465027,0.7852304218925493,0.7198078552311414,-0.0014341017074324968,0.0036527095526705093,0.6941622667739588,0.05910070613026619,-0.05037407949566841,-0.32061243057250977,-0.04662318900227547,-0.008057003446541033,0.010514323396908387,-0.052689723670482635,-0.04068750515580177,-0.06128428131341934,0.14603684842586517,-0.10532173726207783,0.0233653426812912,0.09031838923692703,0.06948381662368774,0.1947251856327057,-0.09347199648618698,0.2765767276287079,0.017836246639490128,-0.06887613981962204,-0.37914958596229553,-0.06745344400405884,0.6318325525507001,0.5497540110690765,0.8602281120523319,0.6661048644154536,0.6558085353545212,1.3668451758773246,0.5461437456855379,0.6436682260529649,-0.0011951295269611827,0.7734797671221758,0.6487189453807188,0.0008241690066790909,0.48618740145011474,0.48459250671216086,-0.0008048704730387463,0.7556903405444474,0.4796560807622061,-0.0003090163347493971,0.5014335855910748,0.536268455856915,0.39660815734318455,0.7561463221494162,0.5642297954949976,0.3957927709914687,0.4264773167122227,0.7661175821155213,0.8740879908425153,0.8341941919431789,0.785934658708434,0.8617607854589666,0.4392312898341111,0.5851884842226437,0.9066696100386775,0.8482518635018902,0.6034782015454807,0.883476846659353,0.5476682149115977,0.5927116621457917,1.0780750705075473,0.7472759441622787,0.6034111598304273,1.0634306151512254,0.5419942653402239,0.5533844527537324,0.7077474083178844,0.6707116213565081,0.5459173507406629,0.7073890503018212
1.1333333333333335,0,0-ACCAD_Male2General_c3d_A6- Box lift_poses,33,0.6313146200263873,0.549329400062561,0.7851932945419402,0.7187780437872777,-0.0010562712271484204,0.0035466256779803557,0.6952297674199006,0.05911044403910637,-0.05084776505827904,-0.31955793499946594,-0.04577663913369179,-0.008300455920913219,0.010486031196639378,-0.05081348493695259,-0.0408383347094059,-0.0596700981259346,0.14541885256767273,-0.10592864490088405,0.02354516173312038,0.090083047747612,0.06767354160547256,0.19031725823879242,-0.10179993510246277,0.28767725825309753,-0.011254184879362583,-0.07816024869680405,-0.39171797037124634,-0.09003012627363205,0.6315868528464795,0.549813141709299,0.8601912404025495,0.6649387882064178,0.6532252042692951,1.367409759036107,0.5455070790155105,0.6437843359133274,-0.0011913927837395137,0.7727883061031005,0.6487463564822158,0.0007402316718862559,0.48618008738397234,0.48447281235284945,-0.0008086072162605609,0.7557668068140744,0.4796044263113508,-0.00038937889282242635,0.5012552545061427,0.536268474378706,0.396606005603078,0.7557968267981469,0.5644043885825134,0.395688158015588,0.42592926229198363,0.7683249698489376,0.8821081029244614,0.8335629706959288,0.7888794520047763,0.8695129138303085,0.43687067731220824,0.5861042322032165,0.9073162844013676,0.849754640411632,0.6059389639523348,0.8846843299514295,0.5469960014252875,0.5913406576214812,1.0781755441821492,0.7465943247037349,0.6025987301266271,1.0638245843570606,0.541679746241601,0.5532835611020783,0.7077473607314304,0.6704200818206612,0.5462448729951622,0.7073368449718634
1.166666666666667,0,0-ACCAD_Male2General_c3d_A6- Box lift_poses,34,0.6309696283424273,0.5496795177459717,0.7851481313366812,0.7182697146440461,-0.0005545796304013043,0.0033511589619946275,0.6957564798118703,0.05958409234881401,-0.05143008381128311,-0.3184918165206909,-0.045018866658210754,-0.008587622712975973,0.010570362673961164,-0.04882611334323883,-0.041165661066770554,-0.05788443982601166,0.14479409158229828,-0.10633694687829132,0.023871556575734254,0.08967704325914383,0.06566420942544937,0.18653251230716705,-0.11155631393194199,0.29936572909355164,-0.0395292267203331,-0.08952360600233078,-0.40483641624450684,-0.11259080469608307,0.6312728058854176,0.5500890069933061,0.8601464006629379,0.6637720562910313,0.6509681300266986,1.3679241601387249,0.5449801703906784,0.64421642001094,-0.0011880477327971262,0.7722654524458072,0.6489478014094087,0.0006426573532783628,0.48604403849439304,0.48475987135487386,-0.0008119522672028652,0.7557794564717161,0.4797528131420003,-0.0004833452816213578,0.500992507723618,0.5366826872381222,0.3966033722925049,0.7554383948728985,0.5647137877730198,0.3955754498416525,0.4256982574105118,0.7710668986418102,0.8902135747138163,0.8330873962639825,0.7918819551477024,0.8776674206013956,0.43438905475389095,0.5878506584919205,0.9079855636582861,0.8512947434384202,0.6086918770635911,0.8860012075302048,0.5462754071702633,0.5904017001587453,1.0782297105403051,0.7458841186565344,0.6018883562782597,1.064208158201758,0.54129677116147,0.5535916076470787,0.7077431111629607,0.6700482814755178,0.5467792355026782,0.7072744052608165
1.2000000000000004,0,0-ACCAD_Male2General_c3d_A6- Box lift_poses,35,0.6309902515495196,0.5503541827201843,0.7850702822087785,0.7177092282592497,6.937056211987825e-05,0.003210691260151217,0.6963355156250967,0.06020987406373024,-0.05203213542699814,-0.31745731830596924,-0.04434505105018616,-0.008916138701139165,0.01045129816644541,-0.04707423970103264,-0.04147443175315857,-0.05598195642232895,0.14414234459400177,-0.10641115820721625,0.023928069401202068,0.08898930251598358,0.0636262446641922,0.18380452692508698,-0.12296077609062195,0.31170594692230225,-0.06669056415557861,-0.10341457277536392,-0.4187948703765869,-0.1345410794019699,0.6313431487394163,0.5506820722894165,0.860068735206182,0.6630768130596748,0.6495281062189406,1.368288992097726,0.5446360213120711,0.6449611807821574,-0.0011850675719474527,0.7719074554649501,0.6497260072786921,0.00047439111781237206,0.48610956423152857,0.4853537974267039,-0.0008149324280525769,0.7560005827444335,0.4804755665228767,-0.0006479743375938721,0.501000538122654,0.5373946244164016,0.3966014958521123,0.7553516782970344,0.5654709561529344,0.39540594448036187,0.425901061749375,0.7741884128699885,0.8982968193757784,0.8329105041836359,0.7954381102669257,0.8859729492378955,0.43219982000663193,0.5903096743689585,0.9087131227437958,0.8532899581539248,0.6122922223690709,0.8873241731821033,0.5459751829414048,0.590013376003939,1.078216873098382,0.7455920955464531,0.6017023683599897,1.0644822249511332,0.5412597148308851,0.5542223905473536,0.7077286826900199,0.6700225288986289,0.5476457161700722,0.7071691633057897
1.2333333333333338,0,0-ACCAD_Male2General_c3d_A6- Box lift_poses,36,0.630768283852376,0.5497404932975769,0.785007689074563,0.7174516233534625,0.0008196476657269013,0.0029617414165200766,0.696601553553369,0.060447923839092255,-0.05286671593785286,-0.316453754901886,-0.043943941593170166,-0.008210770946981194,0.010296910465589781,-0.04603860154747963,-0.04159407690167427,-0.05401400476694107,0.14329755306243896,-0.10525199534833884,0.023715762522984796,0.08810266852378845,0.06160209700465202,0.1831989884376526,-0.13632947206497192,0.3244921565055847,-0.09225751459598541,-0.12021486461162567,-0.43363380432128906,-0.15533828735351562,0.6311726649560582,0.5499617577161195,0.8600062725143858,0.6621840384185497,0.6476953252750381,1.3684807728482844,0.5442971663642521,0.6450541616597191,-0.0011833340712409934,0.7712857317303433,0.6498526003579276,0.0002922180844445975,0.4860309212260251,0.48535159364039976,-0.0008166659287590708,0.7558234448169544,0.48056093014929735,-0.0008249575420679195,0.5008029252865843,0.53715765895142,0.39660411277585805,0.7549903348507249,0.5651574850956244,0.39526835641778957,0.42612426519623486,0.776366841129325,0.9061158436686463,0.8326300992129776,0.7978461945184553,0.8943049545102767,0.4297419621652188,0.5921514295191556,0.9094562924565475,0.8551560196449929,0.6150320209159337,0.8887259722656653,0.5454485624716308,0.5888240991660326,1.0781298877083236,0.7450853004752842,0.6005052659981994,1.0646796802489669,0.5409817804159301,0.5536587906191385,0.7077331155400755,0.6697495745757229,0.5471976450539019,0.7070770520239905
1.2666666666666673,0,0-ACCAD_Male2General_c3d_A6- Box lift_poses,37,0.6304421272361651,0.5493937134742737,0.7849714604914468,0.7173391247214895,0.0014375517686993067,0.002677451788639205,0.6967175502602466,0.06078573316335678,-0.05377659946680069,-0.3154793083667755,-0.04369772970676422,-0.007465064313003644,0.010514053159452197,-0.04528971016407013,-0.041748449206352234,-0.05190823972225189,0.14230066537857056,-0.10376525184924912,0.02380042792593784,0.0867764875292778,0.059567444026470184,0.1842063069343567,-0.15149901807308197,0.3374963402748108,-0.11621904373168945,-0.13938815891742706,-0.44925570487976074,-0.17506751418113708,0.6308804585065462,0.5495188458028167,0.8599700751959716,0.6610669899841608,0.6470412795000542,1.3685293351987802,0.5441341307526394,0.6453214313216605,-0.0011822999278884479,0.7708180730156106,0.6503082763153789,0.00016174570546252653,0.4860557146906803,0.4855504556887906,-0.0008177000721118835,0.7557508428161619,0.4809809443513885,-0.000948760518485376,0.5006009274832867,0.5371513010569751,0.39660548651164806,0.7546424434326694,0.5650779370863146,0.39519138766676987,0.42646154667766256,0.7791423632576526,0.9135855798306075,0.8323265709383328,0.8006203078610611,0.9026495121108508,0.4271655533837676,0.594894223657619,0.910166276882282,0.8569889386865803,0.6184156672434413,0.8902882517130434,0.5447525897140729,0.5883926966836546,1.077964483344452,0.7444219543765778,0.5998921183143672,1.0648460605188679,0.540619578188986,0.5533909422932963,0.7077421532482218,0.669389422007526,0.5469820363755484,0.7070207850920548
1.3000000000000007,0,0-ACCAD_Male2General_c3d_A6- Box lift_poses,38,0.630285068997182,0.5492815375328064,0.7849006517030015,0.7177425669703421,0.0020970028128514677,0.0024740941758130052,0.6963010045921492,0.06161399930715561,-0.05456238612532616,-0.3145456612110138,-0.04346049949526787,-0.007327875458491118,0.010621333995538329,-0.044142309576272964,-0.04182382673025131,-0.04968893527984619,0.1412341296672821,-0.10268262446043241,0.023690152948929177,0.0853159949183464,0.05735430121421814,0.18588940799236298,-0.1682610958814621,0.35062873363494873,-0.13891954720020294,-0.16005313396453857,-0.4653715491294861,-0.1939873844385147,0.6307704551776663,0.5493141784445416,0.8598990739185833,0.6602574252492931,0.6469622889816462,1.3684695896947345,0.5440679739073996,0.6456027760453795,-0.0011812800922503391,0.770487652923436,0.6505182474933282,-2.1053725694480246e-05,0.48593771132758273,0.4858506520453708,-0.0008187199077496522,0.7555882216899088,0.4811760209629595,-0.0011243499935540968,0.5004445599861915,0.53741065691121,0.39660513882108395,0.7544028735805023,0.5649095563929086,0.3950497511154562,0.4274414215609353,0.7825493143922152,0.9209543975731471,0.8325151293706966,0.8033296530106071,0.9110074988284211,0.42485292342221126,0.5985615136310388,0.9108869722508722,0.8591293180035159,0.6219796241009521,0.8919440211275379,0.5442839547247252,0.5885082393635409,1.077729315003695,0.7440033457843725,0.5995012793734349,1.064942493424251,0.5404195658510724,0.553498645058582,0.7077313473729082,0.6691816429390509,0.546948793742302,0.7069239422372489
1.3333333333333341,0,0-ACCAD_Male2General_c3d_A6- Box lift_poses,39,0.6305736150825396,0.5495883822441101,0.7848183786623851,0.7172810156782349,0.0026949555051789275,0.002348985281314236,0.6967748302217676,0.06264840811491013,-0.05531581863760948,-0.3136562705039978,-0.04317361116409302,-0.007636041249227343,0.0107967164659315,-0.04227827116847038,-0.04175614193081856,-0.04737139493227005,0.14020800590515137,-0.10255765630769109,0.02349237054352693,0.0844985619187355,0.05507345497608185,0.18842178583145142,-0.18678314983844757,0.363975465297699,-0.1606123298406601,-0.18144497275352478,-0.4819745421409607,-0.21139958500862122,0.6311080140394852,0.5495439332539029,0.8598164615848312,0.6595388062645372,0.647953815228171,1.3682947394936669,0.5441604884283933,0.6458046279144574,-0.001180000055080295,0.7702285413332302,0.6508930950152607,-0.00020459148309037029,0.4863697279554886,0.4859293690283994,-0.0008199999449196999,0.7559435686495624,0.48149788481863787,-0.0013010940452581991,0.5007410402166045,0.5376377841292207,0.39660292098143124,0.7545235474991808,0.5651929271352566,0.3948755435803143,0.42823299406196275,0.785872590508591,0.9282426429527981,0.8323484355300508,0.8070494264733393,0.9190665254475748,0.4228308962297601,0.602421050198186,0.9116319867069026,0.8615107344242797,0.6268667080262792,0.893702919623496,0.5441169280984055,0.5890260456266473,1.077430618089733,0.7438512736314629,0.6001337499108252,1.0649809184943002,0.5406529072342172,0.5537926618310283,0.707710568909211,0.6694235839881472,0.547434330640729,0.7068159499711762
1.3666666666666676,0,0-ACCAD_Male2General_c3d_A6- Box lift_poses,40,0.6301529254997149,0.5496811270713806,0.7847900959494373,0.7168892426729248,0.00333292850753941,0.0019329678931473023,0.6971764259945455,0.06364914774894714,-0.05608795955777168,-0.3128192126750946,-0.04280969500541687,-0.007429330746976381,0.011157424019491935,-0.04012870043516159,-0.04187428578734398,-0.04486279934644699,0.13907687366008759,-0.10210804943476015,0.02385420096723012,0.08375266939401627,0.05366900935769081,0.19191385805606842,-0.20736972987651825,0.37787628173828125,-0.18147103488445282,-0.20300601422786713,-0.49976974725723267,-0.2258710116147995,0.6307093299608165,0.5495248689294286,0.8597878692328405,0.6583586083452244,0.6489911689420336,1.3681006102517121,0.5438393715957499,0.6461494587319229,-0.0011783273539845117,0.7696780168233651,0.6512111892709376,-0.0002913899047131477,0.4863462210924154,0.48616692705230424,-0.000821672646015563,0.7559984871480167,0.4817659604374042,-0.0013799179993042344,0.5004694013336722,0.5378713873917667,0.39660150867332333,0.7541363426961429,0.5653284529069488,0.39480480603884305,0.42845940323491477,0.7891107704956223,0.9358510756231422,0.8317684828140237,0.8104328253380604,0.9266091586705945,0.42008319812737255,0.6064882114006432,0.9126475349070061,0.8633541597215795,0.6315482450430222,0.8955895495317345,0.5433505068367992,0.5894410831369409,1.077199333221645,0.7430944203382932,0.6006417729894464,1.0649887449501618,0.540205693631008,0.5539254839371611,0.7077133212449918,0.6689839515258154,0.547741053630326,0.7067755347469697
1.400000000000001,0,0-ACCAD_Male2General_c3d_A6- Box lift_poses,41,0.6302903142059222,0.5503553748130798,0.7847385687842329,0.7163987732019164,0.0038365684134343014,0.0020374979371047567,0.6976775237169064,0.06458535045385361,-0.05687139555811882,-0.3120369613170624,-0.04242810606956482,-0.008227725325250734,0.011287561715930039,-0.03793468698859215,-0.041977062821388245,-0.04221923649311066,0.13779577612876892,-0.10250762223104481,0.023744305593239923,0.08333124965429306,0.05290869250893593,0.19579270482063293,-0.23068813979625702,0.39217954874038696,-0.20190925896167755,-0.22544224560260773,-0.5185855031013489,-0.23792655766010284,0.630910766491842,0.5501563253546771,0.8597357381859777,0.6583382445190471,0.6513840500356647,1.36771150691557,0.5436390201771828,0.6464120840580679,-0.0011149929618385207,0.7692335491962107,0.6514905581940432,-0.0004603296467369303,0.48648211290974647,0.48630910695654844,-0.0007618996993654197,0.7562346337128166,0.4819916991421463,-0.0015396703532631374,0.5005427882944752,0.5383145113777755,0.3966590843264504,0.7540897527877394,0.5657030747704996,0.39462810865944375,0.42944875823250106,0.7931514241494734,0.9438429472051757,0.8318864248683201,0.8147032653620434,0.9334287669587298,0.4179739240480223,0.6116677677668316,0.9139836965348376,0.865905078101488,0.6372310496548139,0.8972914166361586,0.5434397798725135,0.5907509131914751,1.0769906878330815,0.7431715139834115,0.6021544462270482,1.0647686289492393,0.5402722645380118,0.5545418112271076,0.707739342845388,0.66905907784327,0.5485698267015537,0.7066921762901163
1.4333333333333345,0,0-ACCAD_Male2General_c3d_A6- Box lift_poses,42,0.6299639787757769,0.5500159859657288,0.7848484515997981,0.716022061931749,0.004690504122159948,0.0016370063894292305,0.6980599732173215,0.06534917652606964,-0.057642605155706406,-0.31132423877716064,-0.042065251618623734,-0.007630711411785063,0.011160767988889986,-0.03584175556898117,-0.04203973710536957,-0.03944731876254082,0.1363782435655594,-0.1014445566073583,0.023752043248582932,0.0829596072435379,0.05233167111873627,0.20011486113071442,-0.25752124190330505,0.4070076048374176,-0.2215661108493805,-0.2494061440229416,-0.5382651686668396,-0.2481851428747177,0.6306309366566137,0.5496836195962257,0.8598447495069722,0.6578270077109377,0.6522912808560676,1.3675557871702555,0.5431759397923897,0.646695704590788,-0.0009435409284487585,0.768524087135729,0.6517047133778066,-0.0004655420301217343,0.48628862045458404,0.4864967325071724,-0.0005939098207508355,0.7561671216865955,0.48215777939313476,-0.001534457969878257,0.5002329786777883,0.5383056215750447,0.3968307891833102,0.7536753902680526,0.5655156046472688,0.3946636634310482,0.4302383405533822,0.7963353891012263,0.9527632317770288,0.8316598676744911,0.8178627835864279,0.9407464730804433,0.4153870597331329,0.6164224502512339,0.9157451538079453,0.8680434878551408,0.6419865366075532,0.8994749073802639,0.5430468380490284,0.5908244371564633,1.0769633425202239,0.7427701047885853,0.6023885954807346,1.064753843548888,0.5398944763113794,0.5542629194998859,0.7079110794660846,0.6686877875801112,0.5484635207140547,0.7067772999144275
1.466666666666668,0,0-ACCAD_Male2General_c3d_A6- Box lift_poses,43,0.6296918239677325,0.5499905347824097,0.7849667829478173,0.7152370891856439,0.005602724685625603,0.0011586639182726809,0.6988584786831085,0.06625457853078842,-0.058260705322027206,-0.3106897473335266,-0.04165025055408478,-0.007070763343343334,0.010892305862319152,-0.03374628350138664,-0.04181215912103653,-0.03661813586950302,0.13475264608860016,-0.09997665427534796,0.02350644636750654,0.08241403102874756,0.05143565684556961,0.20440830290317535,-0.2878604531288147,0.4227910339832306,-0.23999936878681183,-0.2750294506549835,-0.5586637258529663,-0.2575051188468933,0.6304034586265115,0.5495109046235457,0.8599618729939206,0.6570730144070184,0.6533990136472025,1.3674398745173044,0.5425752400220252,0.647237045694774,-0.000765932986539427,0.7675982346022661,0.6526060809639632,-0.00047166439242280617,0.4861349816188717,0.4868800134848473,-0.00042031439658350364,0.7561001507320638,0.4829986592122697,-0.0015283356075772477,0.49995963458241777,0.5385011407565146,0.39700859911328945,0.7532401248341897,0.5658550713787522,0.3947143211658723,0.43091770304867405,0.7997812989523664,0.9622690722200491,0.8311555907632525,0.8215414822306375,0.9485073933448344,0.412683537224848,0.6218821638786372,0.9177833763066846,0.8701191498652492,0.6475261403995087,0.9020308823562846,0.54257559755414,0.5910567771095177,1.076922377303819,0.7422828670494562,0.6029813866999677,1.0647982238554143,0.5395685203254634,0.5542115614239366,0.7080890245771203,0.6683744869408722,0.5487317094367585,0.7068723473618097
1.5000000000000013,0,0-ACCAD_Male2General_c3d_A6- Box lift_poses,44,0.6295790519798175,0.5500748157501221,0.7850145146844539,0.7147935153359806,0.006004160713334369,0.0007776279377428101,0.6993093562812887,0.06696634739637375,-0.05861125886440277,-0.3101823329925537,-0.0412115603685379,-0.007063278947649909,0.0111271494880546,-0.03168901428580284,-0.040881358087062836,-0.03385269641876221,0.1328379511833191,-0.09901990257245497,0.023188755141041795,0.08185099065303802,0.05001562088727951,0.20911887288093567,-0.3215208053588867,0.4400446116924286,-0.25665518641471863,-0.3023489713668823,-0.5796164870262146,-0.26615890860557556,0.6302922433554216,0.5495126258525684,0.8600090164867917,0.6559425642626224,0.6552976588642148,1.3671465767840743,0.5424956162118411,0.6474486172966832,-0.0007187650881254198,0.7669199974390691,0.6529626831166575,-0.00047914692106257317,0.4863319708611368,0.48699448543089,-0.0003774322374659987,0.7561341438929958,0.4833083869389206,-0.0015208530789374772,0.49998194250498984,0.5386559604340789,0.39705187573335715,0.753021006966712,0.5658468848459964,0.39474839295626296,0.4318163278756911,0.8038552326279541,0.9716934268654106,0.8308338490273758,0.8253268303216641,0.9564281521936678,0.4099432405580545,0.6283802196257917,0.9198315712559737,0.8723007147866612,0.6533159380244165,0.90492750967948,0.5419951053734512,0.5918276549245103,1.076657051461242,0.7417109279265501,0.6039035654839923,1.0648271103752318,0.5394499035444515,0.5542856130754525,0.7081414652952364,0.6682634209866636,0.5490030070921467,0.7069203460408909
1.5333333333333348,0,0-ACCAD_Male2General_c3d_A6- Box lift_poses,45,0.62931035424117,0.5500097274780273,0.7850198635207979,0.7135586624764794,0.006552767008480794,-8.585100364230918e-06,0.7005648409502194,0.06771019846200943,-0.05859808251261711,-0.30980685353279114,-0.04075631499290466,-0.006343811207989214,0.011116615737180036,-0.02895372360944748,-0.0396403893828392,-0.03103788010776043,0.13089844584465027,-0.09791385433728261,0.022936523958163924,0.08144104480743408,0.04825369268655777,0.21297696232795715,-0.3585759103298187,0.4594402313232422,-0.27161121368408203,-0.33155161142349243,-0.6012572050094604,-0.27402615547180176,0.6299980310718221,0.5493074577657929,0.8600134226964222,0.6540218306144032,0.6561836706782885,1.367000209572774,0.5420951603317444,0.6478784789926233,-0.0007708854872584339,0.7659382799537535,0.6536414435460567,-0.00048676127493434834,0.48655444514439855,0.48720764931430766,-0.000434066604519015,0.7562668962530057,0.48391987543711756,-0.0015132387250657263,0.49992178828039585,0.5386724743942113,0.3969988864240589,0.7526815969612716,0.566081608770846,0.3947864283143003,0.4317585359855103,0.8071110739853321,0.9820084939453954,0.8295242340318352,0.8291983992628456,0.9652954820438163,0.4065499289154496,0.6345801599761383,0.922366444643686,0.8739682972634933,0.6596359609827561,0.9084371583599501,0.5409726694625446,0.5918036789364657,1.0763599973930518,0.7406749006844185,0.6045191363244213,1.0649792729688208,0.5391954827220744,0.5540687464852608,0.7081202455374906,0.6680281445937615,0.5492905571168053,0.7069409416558472
1.5666666666666682,0,0-ACCAD_Male2General_c3d_A6- Box lift_poses,46,0.6296821680152789,0.5502344965934753,0.7850311761724723,0.7118900609587779,0.007252192734686391,-0.0008226896306636563,0.7022529957148048,0.06931222230195999,-0.058348048478364944,-0.3094802796840668,-0.040321432054042816,-0.006297948109503793,0.010908961453666599,-0.025121284648776054,-0.03824452683329582,-0.02812938764691353,0.1290609985589981,-0.09776646997680905,0.022416255166137433,0.08092302083969116,0.04632903262972832,0.2149433046579361,-0.39838945865631104,0.4808788001537323,-0.2855425179004669,-0.3633987307548523,-0.6235499978065491,-0.28175076842308044,0.6303582494405956,0.5493734215656266,0.8600231855048188,0.6527020572220643,0.656222288983678,1.3670898363116732,0.5419377506900817,0.648146260425558,-0.0007825044248827781,0.7652359998681741,0.6542396307205899,-0.0004938645451528154,0.48721708871304337,0.4871942842406697,-0.0004500665001323581,0.7569129985734527,0.48444651261195326,-0.0015061354548471205,0.500385607655429,0.5386771478543143,0.39698524538913493,0.7528631841584497,0.5665496650043738,0.39479564802901546,0.43204067112298233,0.809955779117552,0.9935656497013418,0.8283967375799702,0.8332288674552194,0.9754248460580369,0.40350585800811856,0.6410078775506473,0.9257280848806071,0.8760727542749188,0.6666899713884074,0.912565019991473,0.540584688538217,0.5914511053510285,1.0761757278192767,0.7402553724810659,0.6050301613629252,1.065248142925043,0.5395648980175305,0.5540728288788831,0.7081193762790596,0.6684197909961872,0.5499631830300508,0.7069626583902412
1.6000000000000016,0,0-ACCAD_Male2General_c3d_A6- Box lift_poses,47,0.6295502033317462,0.5503852963447571,0.7850606435350532,0.711518990734062,0.008230694305390916,-0.001902163501174816,0.7026160852628182,0.0720643624663353,-0.05811240151524544,-0.3091336786746979,-0.040054403245449066,-0.0064613130696768994,0.010803413731701572,-0.02097233757376671,-0.03666410595178604,-0.025140630081295967,0.1270078718662262,-0.09695975273905466,0.021665811410239377,0.0794622004032135,0.044921375811100006,0.21649830043315887,-0.43972939252853394,0.5039396286010742,-0.29820266366004944,-0.39840659499168396,-0.6465337872505188,-0.28891611099243164,0.6302146422453384,0.5493063784480664,0.8600499391518431,0.6516979581786724,0.6554424810663646,1.3673016859569862,0.5416325716524781,0.6485350073420352,-0.0007636538103980746,0.764279458373064,0.6546777277502064,-0.0005019273938585561,0.48714044255763167,0.48750550927340675,-0.0004340806376565559,0.7566929024074736,0.48485001545537215,-0.0014980726061414075,0.5002888002306315,0.539042394309354,0.39700207956657063,0.7525477587881605,0.5666793229234591,0.3948276538643393,0.43304219407099065,0.8130305378768443,1.0059006449486196,0.828009534048675,0.8359928491206059,0.9865201151035691,0.4003188160101217,0.6483576136795803,0.9299297770532498,0.8781657590158247,0.672786569824925,0.9171830564720334,0.5400394577066611,0.5911338313034757,1.076108612640147,0.7397330229805418,0.6046541249865099,1.0655319143400683,0.5394427203640793,0.5544241678334395,0.708141157762055,0.6683024546811923,0.550484792491379,0.7070021227640209
1.633333333333335,0,0-ACCAD_Male2General_c3d_A6- Box lift_poses,48,0.6298371996963397,0.5508311986923218,0.7850513515472941,0.7106901458185096,0.009197870128177497,-0.003156951203279414,0.703437949986117,0.075475312769413,-0.05786198377609253,-0.30880817770957947,-0.039861202239990234,-0.006865371283796051,0.011074261703909238,-0.016181837767362595,-0.035049956291913986,-0.022031087428331375,0.12476609647274017,-0.09634450731879429,0.021189205117435828,0.07724358886480331,0.04389098286628723,0.21672272682189941,-0.48280248045921326,0.5286957621574402,-0.3092004358768463,-0.43671339750289917,-0.6705260872840881,-0.29508623480796814,0.6304711772157702,0.5495175654505335,0.8600371664739249,0.6511669044991634,0.6541474245443715,1.367632648674067,0.5418239998378681,0.6488788213504533,-0.0008098977363097913,0.7637950861421641,0.6554057130293216,-0.0005109410409963183,0.48776706101494716,0.4877027058389527,-0.000482554310506679,0.7571881363662549,0.4855369651679298,-0.0014890589590037494,0.500725106630801,0.5394357019312127,0.3969519724492995,0.7527368258325693,0.5671619824278222,0.3948512061495776,0.43426655624202437,0.8156118644609164,1.0190052910137843,0.8278522163468413,0.8387646701992586,0.9987479054151033,0.3974312588120027,0.6558027478532826,0.9349590459073094,0.8805819130766159,0.6795005997923087,0.9224976649934217,0.5399371425609105,0.5906954875620228,1.0760877621436433,0.7396445450518033,0.6042654809934654,1.0658411252021311,0.5397552396916101,0.5549887761386944,0.7080999109099675,0.6686246778113142,0.5513860779501589,0.707015166065784
1.6666666666666685,0,0-ACCAD_Male2General_c3d_A6- Box lift_poses,49,0.6301911320770159,0.5511908531188965,0.7850933779664889,0.7092615888568445,0.010480018921351239,-0.004391367649050774,0.7048538030441798,0.07878364622592926,-0.05772863328456879,-0.3085271418094635,-0.039718493819236755,-0.0068209866855224455,0.010859785725274684,-0.010587182827293873,-0.03349456191062927,-0.018777724355459213,0.12240063399076462,-0.09598996208579069,0.02034612247286338,0.07469157874584198,0.04345117136836052,0.21287421882152557,-0.5294975638389587,0.5553324222564697,-0.3192596137523651,-0.4790436625480652,-0.6957545280456543,-0.30034172534942627,0.6308319699965163,0.5496116010599856,0.8600740107305258,0.6513310893275109,0.6504166012413313,1.3684476104828285,0.541655576198423,0.6493816359264443,-0.0007572674436076045,0.7628976189293281,0.6561087209379615,-0.0005204832483106624,0.48829687165686053,0.48797301568110696,-0.00043175224774487375,0.7575811406415206,0.4861945799332921,-0.0014795167516893776,0.5010994677686279,0.5397180754960167,0.3970043670713104,0.7528137330706018,0.5676947598605548,0.3948690881201158,0.43562691573993184,0.8165666413528553,1.0345113565208892,0.8275965588606392,0.8406621992500133,1.0130541420990766,0.39459892784111583,0.662718639241364,0.9417371108519248,0.8830078082830617,0.6863780895801991,0.9288783074135393,0.5402120692883838,0.5889902136939487,1.076427077971649,0.7399034160073273,0.6028857786178589,1.0663046167580856,0.5400920576165412,0.5553451372984816,0.7081532916149763,0.6689753092593815,0.552320040091322,0.7070642127431551
1.700000000000002,0,0-ACCAD_Male2General_c3d_A6- Box lift_poses,50,0.6305284943664446,0.5516456961631775,0.7852224503875558,0.70788055286251,0.011998319941283872,-0.00541016250782239,0.7062095250981063,0.0811070054769516,-0.05794619396328926,-0.3083038032054901,-0.03975352272391319,-0.00571084028771951,0.010061944966296865,-0.005071211606264114,-0.032106488943099976,-0.01535435114055872,0.11967594921588898,-0.09515586916870822,0.0190553180057893,0.0724201649427414,0.043641794472932816,0.20660720765590668,-0.5801360011100769,0.5836871862411499,-0.3275803327560425,-0.5254263281822205,-0.7221274375915527,-0.3034953773021698,0.6312250312165341,0.549798583315856,0.8601964659565896,0.6522968160606126,0.6455036972199433,1.36952853012526,0.5412450733702167,0.6506894904623232,-0.0005600355556037787,0.7616371854544982,0.6570572241783467,-0.0005316420629487457,0.4885436050498764,0.4890650819428109,-0.00023475475694272746,0.7576079891480779,0.4871075606291194,-0.0014683579370513775,0.5012936497203107,0.5404009988215767,0.39720775844537615,0.7526863691224569,0.5683194685325729,0.3949049099257019,0.43740308355800467,0.8164943017335266,1.0518911458263993,0.8276799096666532,0.8418297973177348,1.028748364460948,0.3919656841141941,0.6696354993985594,0.9502668420763084,0.8855123885004691,0.6933496026592432,0.9361816296677146,0.5408638758498135,0.5868041437564482,1.0770670944301362,0.7405236323405642,0.6010547338043766,1.0668158885820376,0.5403632696805337,0.555787276775551,0.7083530122560598,0.6692567425548367,0.5533438723253513,0.7071772370640146
1.7333333333333354,0,0-ACCAD_Male2General_c3d_A6- Box lift_poses,51,0.6307141032302752,0.5521709322929382,0.7852617083890365,0.7061483329524347,0.012994483365991695,-0.006284135856500939,0.7079167923612812,0.083321712911129,-0.05850871652364731,-0.3080759048461914,-0.03983475640416145,-0.005062092553316244,0.010378976667723583,0.0004681382270064205,-0.031166093423962593,-0.01168745942413807,0.11674824357032776,-0.09504081961985533,0.01882097092039925,0.07089906185865402,0.04336923360824585,0.20527885854244232,-0.6296453475952148,0.6123434901237488,-0.3317209780216217,-0.5728619694709778,-0.7486896514892578,-0.30315399169921875,0.6314283253688348,0.5501272305832228,0.8602304563448248,0.6521698931231262,0.6438356645559357,1.3699461166767557,0.5412251025702619,0.6513594961295955,-0.000512680610726228,0.7608302348457691,0.6575474721275694,-0.0005439377747167295,0.48933684512240405,0.48947218090133626,-0.0001872467294748159,0.7582861386978297,0.4875689570035199,-0.0014560622252832098,0.5016484615087341,0.5406912333642085,0.3972556556553209,0.7527405463043504,0.5687507075053574,0.3949106678601819,0.437811880065267,0.8167426822807202,1.06671562416739,0.8270282331526949,0.8441435646576952,1.0429017453188223,0.3888730565605818,0.6761047822703523,0.9581544117625022,0.8872830289180091,0.7011785160047359,0.9434536751761325,0.5409343808281954,0.5859425684652493,1.0772488680747079,0.7405468442382124,0.6008844175777832,1.06706110598076,0.5405207169156319,0.5561351580432884,0.7084098843240422,0.6694242414567544,0.5544036684426432,0.7072213921771643
1.7666666666666688,0,0-ACCAD_Male2General_c3d_A6- Box lift_poses,52,0.630712553509511,0.5526233911514282,0.7853490773702811,0.7051883997206233,0.014185867641176237,-0.007110016176442715,0.708842387085242,0.08616729080677032,-0.05912074074149132,-0.30785202980041504,-0.03981189429759979,-0.005031012257739276,0.010529394644876122,0.006083679851144552,-0.030337877571582794,-0.00787945557385683,0.11364831775426865,-0.09462316981439045,0.018335408075649595,0.06930819153785706,0.04285815358161926,0.20673879981040955,-0.6763680577278137,0.6405958533287048,-0.33273783326148987,-0.6200740337371826,-0.7748549580574036,-0.3008386790752411,0.6314688000123401,0.5503668526305401,0.8603113086946668,0.6520365143066953,0.6433970377765339,1.3701579231850796,0.5409826394490685,0.6518693453670162,-0.0003617853548655778,0.7598663649953705,0.6578235133934309,-0.0005569900695241436,0.48955370399021886,0.489835524018403,-3.72291421672534e-05,0.7584538891019059,0.4878316904116875,-0.001443009930475917,0.5016634062478357,0.5410936862823996,0.3974054279349618,0.7525435555908091,0.5688885154811405,0.39492756578832666,0.4382283173058321,0.8173397335256897,1.0799733184324916,0.8269803976516135,0.8459287931114843,1.0561887950522664,0.38601547182864804,0.6823841098812431,0.9658665148751127,0.8890256851285944,0.7081439896594952,0.9507122837155539,0.5408923198304101,0.5857980439617422,1.0773679762001613,0.7404886896548715,0.6009797761080428,1.0672196235291722,0.5404710274993517,0.5566388044506956,0.7085483929304088,0.6693778125358303,0.555322986505655,0.7073006612478981
1.8000000000000023,0,0-ACCAD_Male2General_c3d_A6- Box lift_poses,53,0.6309668865287676,0.5534372329711914,0.7853806131674493,0.7043301457872976,0.015415195218707507,-0.008244156274692823,0.7096572774085613,0.08954524248838425,-0.059460729360580444,-0.30770543217658997,-0.039716579020023346,-0.005082010413446136,0.010794581626674349,0.012122192420065403,-0.02953443117439747,-0.003965781070291996,0.11062269657850266,-0.09420936493549203,0.018260800212101302,0.06735580414533615,0.04218321293592453,0.2080356478691101,-0.7213431596755981,0.6682960987091064,-0.33113962411880493,-0.6670241355895996,-0.8003494143486023,-0.29802700877189636,0.6317368211805849,0.5509310461423672,0.8603347740140025,0.6519276254574126,0.6429279846178263,1.3703832699436225,0.5411391247319562,0.6527700568787447,-0.00030932999313715986,0.759496893966187,0.6584899430868891,-0.0005697501443425214,0.49011366841007714,0.49060872204646094,1.3613587010793265e-05,0.7591814393602759,0.48849241360884516,-0.0014302498556574145,0.5020070009119035,0.541939549950613,0.39745558044856,0.7527746409386302,0.5694246029818123,0.39494156674397607,0.4386678007775966,0.8178213566933811,1.0926334321954734,0.8272717916103003,0.8471036724222301,1.0696513430461154,0.3836058000311334,0.6883716984728113,0.9735934126031437,0.8908750900441775,0.7146909497890387,0.9583811515419898,0.5409849802629734,0.5858928745761515,1.0774065561770079,0.7405806528210209,0.6011841783166364,1.0674101355167462,0.5407068837901056,0.5575823416835208,0.7085986253993727,0.6696158357314688,0.5566404386443973,0.7073413551869027
1.8333333333333357,0,0-ACCAD_Male2General_c3d_A6- Box lift_poses,54,0.6307963576400653,0.5542117357254028,0.7853378392247953,0.7032081769338685,0.016222084428632204,-0.009210247694785558,0.7107392455799356,0.0934121310710907,-0.05961449071764946,-0.30762219429016113,-0.03972378373146057,-0.006223215571730112,0.01164082553452117,0.018508683890104294,-0.028612080961465836,3.214880962332245e-06,0.10768663883209229,-0.09506629984674819,0.01844498780351389,0.065024733543396,0.04139665514230728,0.20877663791179657,-0.7652684450149536,0.6952299475669861,-0.3271510601043701,-0.7140437364578247,-0.8250493407249451,-0.29512229561805725,0.6315543002237624,0.5515186976881046,0.8602856415219239,0.6511169439718295,0.6426148788668637,1.370519207142952,0.540986375841198,0.6526676345560537,-0.00035621193390959066,0.7588368269069299,0.6583505619403058,-0.0005821413186605125,0.4904823582659097,0.49034314361584547,-3.395464972725734e-05,0.7597632041694559,0.48835514023237514,-0.0014178586813394685,0.5020319099870396,0.5421841641520492,0.397401640772017,0.7526974647101843,0.5695945217130313,0.39491408824878926,0.4382511699051309,0.8179611101374279,1.1046268816563645,0.8268672497621884,0.8477089677160581,1.0830482274677706,0.3808643377368024,0.6937339939514181,0.981201036299892,0.8919748576631408,0.7209008777969064,0.9662566527346576,0.5405196930446907,0.5860274359934527,1.077325178373439,0.740113532894589,0.6014922769434194,1.0675618444978938,0.5405430835114737,0.5583674202520499,0.7085367039989809,0.6694540640919863,0.5578913834314938,0.7073207144665489
1.8666666666666691,0,0-ACCAD_Male2General_c3d_A6- Box lift_poses,55,0.63067834044341,0.5545734763145447,0.7853689025879904,0.7019950090416404,0.017386267874494377,-0.010172892674549197,0.7118969287928243,0.09747370332479477,-0.05985012650489807,-0.3075697124004364,-0.0399414598941803,-0.00697449451925336,0.011994989121861144,0.024860968813300133,-0.02753548137843609,0.004008573479950428,0.10461527109146118,-0.09524240989741051,0.017953273913287937,0.06226537376642227,0.040919169783592224,0.20980490744113922,-0.8080515265464783,0.7211081981658936,-0.32119762897491455,-0.7611735463142395,-0.8488040566444397,-0.2914959490299225,0.6314637270661058,0.5516564076656887,0.8603080370795947,0.6508417771024709,0.6417602771143578,1.3707244930621205,0.5405592043054273,0.6524377841983495,-0.000271825634811311,0.7577300488143595,0.6582564425313411,-0.0005950544820827915,0.4906103276380353,0.48994161479111475,5.1667241311958295e-05,0.7599480057519603,0.4882728411354034,-0.0014049455179172311,0.5019363416024242,0.5421141398434097,0.39748307100242297,0.7524429058978135,0.5695801055509176,0.3949122873012181,0.43801231622200765,0.8173105235238752,1.1164605130386536,0.8268064567922103,0.84718801461224,1.0963178686221255,0.37858522706120684,0.6981043298321672,0.9891111170307518,0.893085486870886,0.7261514483857461,0.9741834999452553,0.5403412345658833,0.5856933259508397,1.0773940374390514,0.7399275376871617,0.6013009064909814,1.0677040458980764,0.540391283508975,0.5587609417794793,0.7085962667611487,0.6693021009633695,0.5587769676614938,0.7073568977742362
1.9000000000000026,0,0-ACCAD_Male2General_c3d_A6- Box lift_poses,56,0.6305939998710528,0.5554907917976379,0.7853815285145201,0.7010348643440567,0.018529364895385893,-0.011248123558933534,0.712797489703132,0.10166168957948685,-0.060075148940086365,-0.30757012963294983,-0.04033713787794113,-0.007485254310084066,0.012508979286432242,0.03112385794520378,-0.026440443471074104,0.008077211678028107,0.10136988759040833,-0.09501441817992107,0.01761274212356656,0.05924927070736885,0.04050752893090248,0.21115811169147491,-0.8500403761863708,0.7456513047218323,-0.3136059641838074,-0.8087424039840698,-0.8715463876724243,-0.28693097829818726,0.6313923535725472,0.5523396870412635,0.8603110498674666,0.650616226190697,0.6415437831459452,1.3708913577142525,0.5403871732638352,0.6528920473312573,-0.0002286507503978137,0.7568566712666286,0.6588242952618018,-0.0006088113831738233,0.49086788173708024,0.49026445662467255,9.7704362616996e-05,0.7602529350974507,0.48886002466984557,-0.00139118861682613,0.5019293281509205,0.5426991532469077,0.39752421400806004,0.7523083815099656,0.5701004428851827,0.39492223959644773,0.4379262801087964,0.8171404999969487,1.1278437379569954,0.8270574834314781,0.8465082552091966,1.1094625855740992,0.3767302839209268,0.7028185405930475,0.9969044243311974,0.8941672208874839,0.7313121560134833,0.9822395292012644,0.5401919837979041,0.5860441792045753,1.0774243071548775,0.7397868551274145,0.6015996867392506,1.0678275147587244,0.5402890064483927,0.5597883098912567,0.708622149112081,0.6691984571205258,0.560197674024635,0.7073829492542293
1.933333333333336,0,0-ACCAD_Male2General_c3d_A6- Box lift_poses,57,0.6305653896415606,0.556205689907074,0.7853816687233159,0.6998994824049699,0.01949558968760002,-0.012169762911942706,0.7138715104153233,0.10602743178606033,-0.060083307325839996,-0.3076614737510681,-0.04085352271795273,-0.008530738924453551,0.013049743799681823,0.03737299516797066,-0.02527267299592495,0.012181852012872696,0.09793409705162048,-0.09503098697417034,0.017225187859541413,0.056531861424446106,0.039448484778404236,0.21268205344676971,-0.8915957808494568,0.7688806056976318,-0.3042507767677307,-0.8568630218505859,-0.893322229385376,-0.2811870872974396,0.6313753499356103,0.5528557998826426,0.860302441551326,0.6499876723276616,0.6414737411181425,1.3710065145605475,0.5401458694076681,0.65267690917154,-0.00019116079612519973,0.755978576761338,0.6589701581220087,-0.0006234734618735804,0.4911281518474013,0.4898974440868182,0.00013916012925187238,0.7606462051408529,0.4890359174393991,-0.0013765265381264595,0.5019458616795359,0.542782515829116,0.39755819286199834,0.752233202893897,0.570292605537269,0.39492474511680925,0.43736182854826505,0.8165604764710923,1.1386487710588011,0.8269951002022472,0.8454306689294765,1.1224911639683248,0.37495308611194716,0.7068454382400259,1.0043829025082232,0.8948548042221931,0.7361808509864796,0.9905097180984015,0.5398909374628992,0.5862856685338231,1.0773577196945783,0.739489036187256,0.6019371382260224,1.0679867335086939,0.5402433700508196,0.5605372812418625,0.7086291004842193,0.669150028259622,0.5613984011270599,0.7073970713246488
1.9666666666666694,0,0-ACCAD_Male2General_c3d_A6- Box lift_poses,58,0.6306691017234698,0.557002067565918,0.785389802930717,0.698974997074594,0.020548932629567813,-0.01315326374110411,0.7147297996343189,0.11042365431785583,-0.06000199168920517,-0.30782464146614075,-0.041423432528972626,-0.009389082104799717,0.013405303613973407,0.04367958381772041,-0.024045340716838837,0.016311943531036377,0.09436290711164474,-0.09474654512528047,0.016714191428846004,0.05407227203249931,0.037969332188367844,0.21418753266334534,-0.9332720041275024,0.790835440158844,-0.2931448519229889,-0.9054316878318787,-0.9142634272575378,-0.2729862928390503,0.6314930715258804,0.5534374346134897,0.8603005128838284,0.6493208256587915,0.641327463539693,1.3711567964277482,0.5400143088595047,0.6527465139586727,-0.00014134700532601394,0.7552205833996956,0.6592743175676692,-0.0006387666097339983,0.4913902889668289,0.48984902278877585,0.0001934066803389728,0.7610619200767224,0.4893762398046273,-0.001361233390265993,0.5020438562678339,0.5430952338618295,0.3976059928693635,0.7522744400227023,0.5705514156033072,0.3949374804439607,0.4368079663327154,0.8158037268914062,1.1493150789156437,0.8272801837379448,0.843933035320409,1.1355082718928622,0.3735499291864671,0.7106712840883334,1.0118190629339774,0.8955037978349132,0.7405621190627474,0.9990547766801431,0.5396400631787016,0.5865685146891838,1.0772720962947482,0.7392503143549567,0.6022439803187009,1.0682049962815028,0.5403282179930047,0.5614388075550825,0.7086495587108005,0.6692312149801856,0.5626748257387476,0.7074190949060265
2.0000000000000027,0,0-ACCAD_Male2General_c3d_A6- Box lift_poses,59,0.630578025826253,0.5576022267341614,0.7853583809620833,0.6978460976413535,0.021620448468524928,-0.014341300166276591,0.7157776940672956,0.11459088325500488,-0.0600312277674675,-0.3080309331417084,-0.0420171357691288,-0.009582008594877456,0.013968255946267383,0.050208501517772675,-0.02275174856185913,0.020449601113796234,0.09078719466924667,-0.09436068440636203,0.016400739465128433,0.05145837739109993,0.03704313188791275,0.21555858850479126,-0.9754555225372314,0.8114756345748901,-0.2809886634349823,-0.9537503719329834,-0.9343225955963135,-0.2617071270942688,0.6313981379852573,0.5537992874807673,0.8602574134597174,0.64858226259519,0.640756988864861,1.3712946540857773,0.5399168979088511,0.6529592466609646,-0.00017671913161159541,0.7543804548065886,0.6595437395302738,-0.0006541216917593587,0.4917655531133946,0.48992142032649655,0.00016266048013681422,0.76149139874864,0.4896939354413771,-0.0013458783082405633,0.502088432147108,0.5433320229582174,0.3975701152908637,0.7522137307860519,0.570743060597577,0.3949521704728504,0.43603847870023227,0.8142808503234297,1.1600806004959627,0.8276706655767144,0.8419709830620298,1.1482007434448234,0.37219605674680845,0.7138344101639527,1.0193886603480717,0.8957825754323673,0.7442834924016366,1.0075682930343326,0.5392511189294358,0.5865035016354408,1.0771860189560427,0.7388639632013149,0.6022881887514692,1.068368935859028,0.5402363883891849,0.5621133834418989,0.7086077102008691,0.6691337932603281,0.5638067060852615,0.7074149490876653
2.033333333333336,0,0-ACCAD_Male2General_c3d_A6- Box lift_poses,60,0.6304645981872454,0.5585829615592957,0.7853766370165954,0.6970764291795745,0.022743528334015984,-0.015260531006067755,0.7164735166037796,0.11881416290998459,-0.05987488850951195,-0.3083094358444214,-0.04259109124541283,-0.010342104894664583,0.014007459381230158,0.05679376795887947,-0.02143206261098385,0.024591894820332527,0.08716924488544464,-0.09427734652991004,0.015549654187976492,0.048702362924814224,0.03653240203857422,0.21652577817440033,-1.0,0.8308007717132568,-0.2678791284561157,-1.0,-0.9534183740615845,-0.24778547883033752,0.6313132050768989,0.5545647999843188,0.8602641142334453,0.6484473555677862,0.6405373762918443,1.371469518601181,0.5394252933767681,0.6533670990474588,-9.375793676444366e-05,0.7532437196363275,0.6598078124118614,-0.0006696228443627064,0.49157826012010586,0.49023971566728025,0.00025004443683710256,0.7614568825784994,0.49000761406620136,-0.0013303771556372641,0.5018654919465663,0.5439387091995133,0.39765269770678263,0.7519608193374714,0.5710529410839266,0.39496031174535584,0.4345397494161439,0.8139853394032978,1.1671002123109817,0.8290726194662751,0.8400506041087229,1.160067717684035,0.3707478401462345,0.7155692879474975,1.02495789865415,0.8963811896956806,0.7474643446783751,1.0156485183283481,0.5391294597253184,0.5869284541032341,1.0772377898225856,0.7387543369056052,0.6025962053371183,1.0684847970756144,0.54008970294745,0.5632350942056913,0.7086570922094868,0.6689814266831661,0.5652573781301086,0.7074411783480765
2.066666666666669,0,0-ACCAD_Male2General_c3d_A6- Box lift_poses,61,0.630610391148366,0.5594603419303894,0.7853322927037739,0.6961548242425623,0.023761840462554383,-0.016448656521783542,0.7173097499130119,0.12288378924131393,-0.05935246869921684,-0.308702677488327,-0.04314204305410385,-0.010705525863442533,0.01409287816672844,0.06320911645889282,-0.01985609158873558,0.028666101396083832,0.08358298987150192,-0.09382590479656727,0.014962428675557637,0.04583374783396721,0.03595441207289696,0.21698755025863647,-1.0,0.8487309217453003,-0.2535337507724762,-1.0,-0.9713520407676697,-0.2323792427778244,0.631449459385824,0.5552092366953492,0.8602070151992429,0.6482284719461517,0.639807285143889,1.3716528745901546,0.539330465533623,0.6538988710497127,-0.00014514171070426074,0.7525650341313853,0.6602869928239545,-0.000685024188139146,0.4918395215333151,0.49066747352020135,0.00020285041887856126,0.7619416508895779,0.4905469497606818,-0.001314975811860894,0.5020177134343081,0.5445290763032178,0.39760211457712685,0.7521082116331553,0.5714516259330801,0.39497840145997243,0.4311581689126375,0.8146512135094197,1.1686454433316253,0.832599373267226,0.8408694714393062,1.1619299240497218,0.3686486007169768,0.7144520712926073,1.0271807834791549,0.898725737074644,0.7462489831009321,1.0182851141873925,0.53909957734328,0.5870352652063997,1.0771997758050296,0.7387371186900532,0.6026438860121189,1.06863193234482,0.540241095231621,0.5642321400672494,0.7085970844738427,0.6691260362003297,0.566634517482348,0.707427983770439
2.1000000000000023,0,0-ACCAD_Male2General_c3d_A6- Box lift_poses,62,0.6307297196472064,0.5606581568717957,0.7852715524845272,0.6961535747373415,0.02461879567361504,-0.017613000832546577,0.7172544161465122,0.12731219828128815,-0.05848782882094383,-0.3091586232185364,-0.04365720599889755,-0.011778113741809593,0.014159452116344395,0.0693717822432518,-0.017886193469166756,0.032622020691633224,0.08009547740221024,-0.09348558037587229,0.014058302670130307,0.04248432442545891,0.0358157679438591,0.2164401412010193,-1.0,0.865323543548584,-0.23835478723049164,-1.0,-0.987949788570404,-0.21694639325141907,0.6315392076110583,0.5561924370853979,0.8601341070497152,0.6484559120211009,0.6389886400369963,1.3718696351991544,0.5393407395233767,0.6545404036676157,-0.00021065180460103777,0.7519537613072393,0.6606934945126022,-0.0006999423397559303,0.4917847616956105,0.4913279495708427,0.00014120122405360952,0.7620474576174373,0.4909944751978177,-0.0013000576602440576,0.5020685828374124,0.5455613613712235,0.39753387835039894,0.75220361654819,0.5718274054455675,0.39499443283318747,0.42865848851545124,0.8161536996924181,1.1703248906939252,0.8370227841286759,0.8411581505726978,1.163810638440833,0.3672739055116629,0.714413079636259,1.0294691368029059,0.901480944918619,0.7444665603144062,1.0207881014577804,0.5392315602474714,0.5875930903433806,1.077208528907517,0.7389246968106076,0.6025362125857853,1.0687504435907804,0.5403873959079769,0.5657695381554353,0.7085079705984262,0.669271769347295,0.5682055574515547,0.7074021204240807
2.1333333333333355,0,0-ACCAD_Male2General_c3d_A6- Box lift_poses,63,0.6306265440071002,0.561546266078949,0.78515343794021,0.6954432295532077,0.025487010343873705,-0.019070122900489275,0.7178756557962499,0.13208167254924774,-0.05746134743094444,-0.3096334934234619,-0.04421381652355194,-0.012625707129242825,0.014486949709969221,0.07559417933225632,-0.015693115070462227,0.03648538142442703,0.07679284363985062,-0.09296429624043845,0.013370053772219781,0.03917568922042847,0.03596867620944977,0.21471457183361053,-1.0,0.8810198307037354,-0.22237928211688995,-1.0,-1.0,-0.20250870287418365,0.6313816914681504,0.5568340542136735,0.8600014493476537,0.648248814428971,0.637015941117015,1.3721538642254933,0.5391968632318791,0.6548148421501665,-0.00038857813653165804,0.751121921611331,0.6612572274204347,-0.000714032318096778,0.4918924055133058,0.4915293208508373,-3.246866177274502e-05,0.7622507469520112,0.49162284960604163,-0.0012859676819032967,0.5020624795491876,0.5461064434482094,0.39735283791233517,0.75217123312801,0.5722948109266557,0.39501477373933636,0.42533834770349294,0.8164806098652244,1.1722694880065965,0.8401074065947071,0.8410640641632767,1.1657425967140282,0.3654777667613126,0.7132573764200237,1.0318371586427695,0.9030279193176121,0.7428939066595588,1.0230429349815977,0.5390526361688162,0.5872565719121271,1.0772016156505788,0.7387713111030974,0.6019375101644616,1.0688886237387543,0.5403352725530072,0.5668644771121555,0.7083232378160419,0.6692146956924869,0.56957803298119,0.70734045370452
2.1666666666666687,0,0-ACCAD_Male2General_c3d_A6- Box lift_poses,64,0.6306513395393267,0.5620863437652588,0.7850293257371009,0.6950169533731265,0.026268932527310523,-0.020455483785970115,0.7182220763043244,0.13712790608406067,-0.0566265806555748,-0.3100530803203583,-0.04484884440898895,-0.013813690324683936,0.015156267023922032,0.0817183256149292,-0.013337437994778156,0.040260281413793564,0.07356688380241394,-0.0926386606837537,0.012474070815540417,0.0358799584209919,0.03643202409148216,0.21212217211723328,-1.0,0.8957253098487854,-0.20559631288051605,-1.0,-1.0,-0.1896979659795761,0.6313488424255315,0.5571440037417491,0.8598630531921445,0.6484321948854004,0.6343615789147234,1.3724627774149276,0.5393943656777396,0.6544934341139056,-0.0005609819063279037,0.7503876152092926,0.6612423125706588,-0.0007277564915549282,0.4922185506007891,0.4911707104781982,-0.00019985029633784457,0.7624047509611783,0.4916684585063922,-0.0012722435084450215,0.5022281380408595,0.5462347299541288,0.3971737373323825,0.7522316903538278,0.5722601557871541,0.39502970198389137,0.4224243054711846,0.8165123745984567,1.1743519606101134,0.8422862801417706,0.8408412337332751,1.1666694433425944,0.3641484811946399,0.7118992119262365,1.0342820541177729,0.9034499145711018,0.7416049736761089,1.0239433465087295,0.5391165278842385,0.5865086861625224,1.0772394471833424,0.7388684885645884,0.6007740824220291,1.069003090348235,0.5404145897001514,0.5676724145131211,0.7081314784321144,0.6692910046200194,0.5705517572368537,0.7072720155269677
2.200000000000002,0,0-ACCAD_Male2General_c3d_A6- Box lift_poses,65,0.63092909718398,0.5628575682640076,0.7849455446317971,0.695236126332568,0.027125901820374068,-0.021746678800180757,0.7179401061743792,0.14210979640483856,-0.05573437735438347,-0.3104795515537262,-0.04557209461927414,-0.014985086728512176,0.015476846304783187,0.08769534528255463,-0.010812245309352875,0.04393213242292404,0.07033547013998032,-0.09216011857591289,0.011073924243186983,0.03295041248202324,0.03651972487568855,0.2091231793165207,-1.0,0.9094576835632324,-0.18765287101268768,-1.0,-1.0,-0.17811588943004608,0.6315824515994839,0.5576868102952651,0.8597642347435361,0.6489356412584815,0.6316976327910169,1.3728262471129047,0.5397567064146909,0.6546048644146462,-0.0006544662552876133,0.7497392836769751,0.6613043994542891,-0.000741476374429624,0.49241608676332205,0.49132984780952244,-0.00028747358369811404,0.7623248233337884,0.4917716980256652,-0.001258523625570291,0.5024862640471335,0.5468233693986916,0.3970755733128471,0.752397645407734,0.5722639842046306,0.39505112031363204,0.4200155676575008,0.8170799070758217,1.176448717737196,0.8449761732910073,0.840215391710478,1.167799229975208,0.36341637085214923,0.7111333622863243,1.0366938438603817,0.9043771333767301,0.7400667273287467,1.024965987459266,0.5394571698231747,0.5860312324736761,1.0773170708020239,0.7392620900197933,0.5995908467905989,1.0691736302024233,0.5407340501817728,0.5688688053515522,0.7080076944744008,0.6696122309093671,0.5716804913313253,0.7072329064209945
2.233333333333335,0,0-ACCAD_Male2General_c3d_A6- Box lift_poses,66,0.6312444057548419,0.5637900829315186,0.7847973802030386,0.6958620309162227,0.02777025636037187,-0.02323519128392627,0.7172621366535588,0.14675424993038177,-0.05450182035565376,-0.31098511815071106,-0.04636193811893463,-0.015734294230953072,0.01588305777335164,0.09354251623153687,-0.00818971823900938,0.047504972666502,0.06700336188077927,-0.09148434584926823,0.010080434196606536,0.030886290594935417,0.035741083323955536,0.2057104855775833,-1.0,0.922700822353363,-0.1682361215353012,-1.0,-1.0,-0.16666775941848755,0.6318069156573765,0.5583915844411402,0.8596007210151904,0.6486708546664831,0.6289395024922612,1.3731638685043286,0.5404507777309848,0.6551979064209522,-0.0008834782553082121,0.7495696598430658,0.6614897192618683,-0.0007557287606792702,0.4927475920644489,0.4920284651211305,-0.0005099770263537161,0.7625112509335589,0.49198374135461853,-0.0012442712393205893,0.5028757233000776,0.5478075779582262,0.39684394088921393,0.7527884122703675,0.5723138619618605,0.395076512865812,0.41700428551877744,0.8178640872862565,1.178206427262739,0.8472743217858164,0.8394692459832143,1.169293354204202,0.3625098636214434,0.7105448720203429,1.0386624979037302,0.9050799428299827,0.7384930702793808,1.0263881887269004,0.5394475046880575,0.5856377316870848,1.0772046727115363,0.7393188189301233,0.5984206891093724,1.0694433169865751,0.5411407291188066,0.5703209769055747,0.7077725674869686,0.6700238694760152,0.5729209980386685,0.7071508757475605
2.2666666666666684,0,0-ACCAD_Male2General_c3d_A6- Box lift_poses,67,0.631623312481679,0.5646541118621826,0.7846707527698455,0.6950920710570686,0.028466238038586684,-0.024554357407171424,0.7179371626945124,0.15110258758068085,-0.05313682556152344,-0.31151944398880005,-0.047293659299612045,-0.01629007468189192,0.01595121630681473,0.09924636036157608,-0.005729091819375753,0.05102989077568054,0.06353135406970978,-0.09065828973303303,0.0090427209356998,0.029586942866444588,0.034834783524274826,0.20181390643119812,-1.0,0.9357638359069824,-0.14804790914058685,-1.0,-1.0,-0.15409336984157562,0.6321287271356365,0.5590418405558621,0.8594587662934833,0.6481741717702486,0.6260169731324507,1.3735234065645026,0.540647766801519,0.655480894101644,-0.0010728847800618758,0.7490412047164191,0.6620852034047779,-0.0007706540872112373,0.4932142478167727,0.49223287469990384,-0.0006915212621404453,0.7629843518006441,0.4926585872808738,-0.0012293459127885493,0.5032856526602085,0.5482400220682444,0.3966558338788477,0.753181249975179,0.5727431363156019,0.39510625692911705,0.4127432746641337,0.8174797110694422,1.1800350201021939,0.8485118686170989,0.8396702236111588,1.1708412771632224,0.3610286931395063,0.708559931278782,1.040673447808197,0.9050366947228914,0.7380528949288189,1.0278782513511497,0.539406363873827,0.5846767988998705,1.0771162827136798,0.739282446644233,0.5976098614006384,1.0697357454223277,0.5415731382791925,0.5713342702149424,0.707574698381314,0.6704502316572164,0.5742281863863635,0.7070832121375161
2.3000000000000016,0,0-ACCAD_Male2General_c3d_A6- Box lift_poses,68,0.6315336670959368,0.5653042197227478,0.7845875134708911,0.6954937276085249,0.02899525590716019,-0.025708240544394252,0.7174864712035962,0.1553412228822708,-0.05163869634270668,-0.31205716729164124,-0.04838063195347786,-0.017111600408809435,0.015888865930974938,0.10441911965608597,-0.0033229801338166,0.05447039008140564,0.05979476496577263,-0.08948544036853745,0.007901415475548346,0.02839760296046734,0.03411787003278732,0.19807928800582886,-1.0,0.9478884339332581,-0.1278880536556244,-1.0,-1.0,-0.13963349163532257,0.6319722346653363,0.5595125197123151,0.8593622676963395,0.6475556638775142,0.6232015510120537,1.3738564105627766,0.5405171438426141,0.6556026761211667,-0.0011953661524876716,0.7482839887656597,0.662144151285567,-0.0007682700905143544,0.4928250971317007,0.49243001907106576,-0.0008046338475126112,0.7626601402267141,0.4927536423610258,-0.0011945979617084164,0.503094148771745,0.5487116347694566,0.396534511526154,0.7530944725831206,0.5725157021352871,0.3951649500203216,0.4089401531866031,0.8177759619169622,1.1817061020691462,0.8504815201585322,0.8394413136882242,1.1720929388588937,0.3597102061301615,0.7074105777920384,1.042582205832928,0.9051226461564978,0.7366874203823551,1.029209948393518,0.5390340540134474,0.5839705053735568,1.077072626706058,0.7389519345101085,0.5964246482306444,1.0700071979562955,0.5415502818452476,0.5723863191101128,0.7074278339901816,0.6704305008703433,0.575144692099022,0.7070509371947682
2.333333333333335,0,0-ACCAD_Male2General_c3d_A6- Box lift_poses,69,0.6316954341018572,0.5661947727203369,0.7846661131021588,0.6953930801916317,0.029309659031011515,-0.026864142510493905,0.7175289023839087,0.1593044102191925,-0.05010538175702095,-0.31258106231689453,-0.04952026158571243,-0.017804196689640506,0.01614174119837497,0.10942850261926651,-0.0007416097214445472,0.057744815945625305,0.0560273751616478,-0.08841809316916494,0.006889205385166797,0.0274762362241745,0.033722493797540665,0.19437001645565033,-1.0,0.9590339660644531,-0.10744386166334152,-1.0,-1.0,-0.12287452071905136,0.6320478424018606,0.5602461428060398,0.8594290023623581,0.6470313891036067,0.620847033349035,1.3743124698378584,0.5407637977897319,0.6558107304461851,-0.0012003327368295888,0.7477900861350714,0.6624998932007045,-0.0005562977981524546,0.493042176518814,0.49264674443685375,-0.0007996672631701042,0.7628098694065223,0.49316516202889027,-0.0009499085806185248,0.5033069501229283,0.5492074402417203,0.3965298394409532,0.753334397307097,0.572628104647985,0.39542912769970984,0.4049222860309427,0.8180858688061277,1.1833197296165512,0.8525005898723412,0.8402110586636856,1.1733061423701723,0.35848883421121946,0.7061884868848576,1.0444583790706234,0.9051365677443485,0.7360967882924089,1.0306553914339,0.538847489964815,0.5834439504804674,1.0771696044199843,0.7387854950795678,0.5957533815692264,1.0704274299188197,0.541797727762891,0.5735239839957156,0.707409039470722,0.6706770523289896,0.576329044328708,0.7071922827193496
2.366666666666668,0,0-ACCAD_Male2General_c3d_A6- Box lift_poses,70,0.631752833374776,0.5668314695358276,0.7847298635748388,0.6953590393410148,0.0296628593536567,-0.02797364748920934,0.7175049799324431,0.16314072906970978,-0.048588234931230545,-0.3130551278591156,-0.05059799179434776,-0.018485334103308215,0.01625828676143204,0.1144108697772026,0.0018367809243500233,0.06087531894445419,0.052290115505456924,-0.08734765145952506,0.005711672446644056,0.026878321543335915,0.033899132162332535,0.18976928293704987,-1.0,0.9692849516868591,-0.08604075014591217,-1.0,-1.0,-0.10355556756258011,0.6320275614738244,0.5607268342211303,0.859480502048006,0.6467956929250733,0.6177869926883064,1.3747742993015257,0.5408292277913754,0.6558357278624813,-0.0012050420421292965,0.7471038245204458,0.6625768803299036,-0.00037146304743649466,0.4930546513880141,0.49268726271333196,-0.0007949579578706532,0.7627092540663768,0.49329504388564027,-0.0007325984024777986,0.5033700045083761,0.5495064883172013,0.3965257774123057,0.7534134667021286,0.5724677972940653,0.39566582473798034,0.4009255910415838,0.8178984029143263,1.1851553729963102,0.854970311409986,0.8407654987073482,1.1744360878370765,0.3574125522059587,0.7045518618333675,1.046523698114846,0.9051722409992988,0.7351261600165396,1.0320294145712268,0.5387419950776902,0.5824476224929143,1.077331604979763,0.7386929072543826,0.5946484262447074,1.0707773691342324,0.5419324725068169,0.5744202705597112,0.7073874722084726,0.6708111322080306,0.5772505929914316,0.7073140189391796
2.4000000000000012,0,0-ACCAD_Male2General_c3d_A6- Box lift_poses,71,0.6321077194297686,0.5676571130752563,0.7847632727131102,0.6950500729348302,0.030069611872307212,-0.028955377906455373,0.7177484243420046,0.16681569814682007,-0.04694093018770218,-0.3134880065917969,-0.051482584327459335,-0.019423748263508678,0.016023569445624553,0.11923976242542267,0.004209320992231369,0.06389547884464264,0.048571858555078506,-0.08623338036102868,0.0044804378114357,0.026622600853443146,0.034322816878557205,0.18351657688617706,-1.0,0.9785916805267334,-0.06278989464044571,-1.0,-1.0,-0.08159380406141281,0.6323262662821967,0.5614047286562232,0.8595018833929317,0.6471081653289418,0.6141153127272196,1.3752589937136193,0.5408549031391279,0.655946195181456,-0.001208880333843889,0.746589589419497,0.6629461550700276,-0.00024201937797527565,0.4931619851133425,0.4927738597620896,-0.0007911196661560295,0.76288611662172,0.4937293854707628,-0.0005707860680700984,0.5036290362113954,0.5499064042087339,0.3965214061718965,0.7537438086542279,0.5725948480410811,0.39584767468736304,0.396934037788943,0.8172964649739687,1.1872798945979286,0.8579936979598644,0.8415272049233103,1.1756792112165086,0.3567239181044086,0.7025517478454412,1.0488011584316212,0.9054422710804633,0.7343416581730382,1.0334840788074402,0.5390620305520661,0.581178584150813,1.0775379266388296,0.7390088995326516,0.5934973742278739,1.0710817748517423,0.5423416471588973,0.5754235433696193,0.7073554781951215,0.671217239221795,0.5783791729463014,0.7073959993280698
2.4333333333333345,0,0-ACCAD_Male2General_c3d_A6- Box lift_poses,72,0.6323250379646197,0.5683369636535645,0.7848249369284325,0.6950307246913717,0.030411441763657447,-0.030003871945079797,0.7177096931302696,0.17015714943408966,-0.04552243649959564,-0.3138096034526825,-0.05217447876930237,-0.020132045160397682,0.016059284253861383,0.12369566410779953,0.006565737538039684,0.06674622744321823,0.04496893286705017,-0.08487055558906986,0.0034018482860546095,0.026654228568077087,0.03478937968611717,0.1758747398853302,-1.0,0.9864497184753418,-0.03759278729557991,-1.0,-1.0,-0.057540617883205414,0.6324709840157658,0.5619363202334153,0.8595511737101563,0.6472765041091878,0.6095391496452247,1.375805981883267,0.5410508200258437,0.6561473514073017,-0.001211864022902659,0.7461265024215125,0.6632802533584211,-7.189935768875041e-05,0.49331890120929994,0.49298643580361284,-0.0007881359770972596,0.762944797478232,0.49411448698293925,-0.0003692845977732624,0.5038606834259418,0.5503713777787783,0.39651662910777075,0.7539903478741246,0.5725900959772752,0.39607588684654776,0.39273147425068694,0.8164152372427351,1.189495805146397,0.8613027659477082,0.8417453955622032,1.1771963364517144,0.3561169216283888,0.7003766499949132,1.0510978824381183,0.905651806669803,0.7329714750132708,1.0352070375605211,0.5392329421347344,0.5794822159399374,1.0777794754080903,0.739183015660603,0.5918138234752617,1.071448247044298,0.5426316257436297,0.576346444327927,0.7073391373540641,0.6715064177830761,0.5793209920935855,0.7075128733826371
2.4666666666666677,0,0-ACCAD_Male2General_c3d_A6- Box lift_poses,73,0.6322198953712359,0.5690304040908813,0.784901427464419,0.6950563294423219,0.030483731906856645,-0.030882142132610892,0.7176445737887932,0.17305873334407806,-0.044420454651117325,-0.31400325894355774,-0.052652757614851,-0.021105095058440826,0.016584997100075882,0.1277594268321991,0.008815418928861618,0.06943418830633163,0.04166587442159653,-0.08406362993105132,0.0025019919606438235,0.026831943541765213,0.035484958440065384,0.16735756397247314,-1.0,0.9922816157341003,-0.010740600526332855,-1.0,-1.0,-0.03159637749195099,0.6322816438366028,0.5625278572105824,0.8596189827723688,0.6471821054943508,0.6048769404162283,1.3763324832036892,0.5412157179180919,0.6561356091025673,-0.0012139112408507055,0.7455179056750689,0.6633197371485755,0.00014513120298827523,0.493442648760295,0.49298674814678706,-0.0007860887591493969,0.7628082339206581,0.49420151713740085,-0.000123586886647771,0.5039121662100556,0.5507591735693026,0.396506201182306,0.7539831555556791,0.5724717138982318,0.396332525191901,0.3881487728646912,0.8157374454135384,1.1914618305704312,0.8645895388390208,0.8420954968844092,1.1786113066465385,0.35541854257479066,0.6983597989749709,1.053220070071366,0.905552825589319,0.731594661410927,1.0369386603719548,0.5391059920570486,0.5777702122228021,1.0780349671217997,0.7390580510974779,0.5901222222355551,1.0718070594364277,0.5426117950643546,0.5772336515492834,0.7073208334610261,0.6714858980990248,0.5802143575186509,0.7076440557013247
2.500000000000001,0,0-ACCAD_Male2General_c3d_A6- Box lift_poses,74,0.6320201602065936,0.569970428943634,0.7849854644431845,0.694694948548343,0.030471869770699565,-0.03166062057787279,0.7179610008341097,0.1754978895187378,-0.043353524059057236,-0.31412938237190247,-0.052818864583969116,-0.022199503626960215,0.017108417153590016,0.13149677217006683,0.010748323984444141,0.071996308863163,0.03886036574840546,-0.0837344366720727,0.0019102856168917715,0.027003172785043716,0.03648536652326584,0.15845367312431335,-1.0,0.99576336145401,0.0177747942507267,-1.0,-1.0,-0.0033129516523331404,0.6320026313467692,0.563385467217687,0.8596958249817798,0.6471231943013884,0.6004304288848828,1.3768165422021872,0.5412000478795709,0.6562846137898889,-0.00121454955839519,0.7449340526346111,0.6636024826768224,0.0003882391840953521,0.49357257563877144,0.49309319317624317,-0.0007854504416048534,0.7628500945410455,0.49454936792623433,0.00014362616040566184,0.5039143714567864,0.5512991839315639,0.396493856534357,0.7539563036006538,0.5727508349368182,0.39659847570578133,0.38326426285731885,0.8153049031027712,1.1931121756144336,0.8679222177375084,0.8431262790276628,1.1797925693484843,0.3547962712518159,0.696491619921773,1.0551536985357521,0.9052460244536105,0.7307417734778371,1.038596887513988,0.538952676095771,0.5761893082407321,1.078306682782546,0.7388911652522403,0.5887813502504792,1.0721239704446481,0.5424911722319943,0.5782385059851712,0.7073064807763768,0.671360980700131,0.5813686759768,0.7077814370308763
2.533333333333334,0,0-ACCAD_Male2General_c3d_A6- Box lift_poses,75,0.6322985138976946,0.5712557435035706,0.7850701592430358,0.6946231580710767,0.030493551774710092,-0.032442864535713184,0.7179946184423979,0.17752525210380554,-0.04227147996425629,-0.314195841550827,-0.0525982603430748,-0.023288044937327168,0.017405777139270828,0.13491258025169373,0.012661595828831196,0.07435214519500732,0.03666341304779053,-0.08366364244487556,0.0012489796775541073,0.027045119553804398,0.0377468578517437,0.1495530754327774,-1.0,0.9967422485351562,0.04826648533344269,-1.0,-1.0,0.02784649282693863,0.6322023100553097,0.5645844440968629,0.8597727998191679,0.6477736963391891,0.5962919500124171,1.3772433365621244,0.5416221220656247,0.6570425237598622,-0.0012134218714093467,0.7448621157372466,0.6642006661354314,0.0006296474279073906,0.4940171596036922,0.49384452942960944,-0.0007865781285906273,0.7632307293050129,0.49519610138279013,0.00040353159848821596,0.5043515571281121,0.5524430192442966,0.3964819788428685,0.7543655235207696,0.5734178858854285,0.3968521717761442,0.3791538303454258,0.8157807603696705,1.194368020360796,0.8725207630916356,0.8445188018246538,1.1806398112413663,0.35510968419308453,0.6954524980753319,1.0568814663520576,0.9056461556050189,0.7299611108701636,1.0401449429429905,0.539379188974542,0.5750263091059609,1.0785879625945642,0.7393132744389899,0.5876763246106051,1.0723812342110184,0.5428495880482973,0.5796548386132379,0.7073012824194496,0.6717173445797637,0.5828325184141755,0.7079174169690916
2.5666666666666673,0,0-ACCAD_Male2General_c3d_A6- Box lift_poses,76,0.6324503269279376,0.5720333456993103,0.7851328520616386,0.6943101505216723,0.030710299270662288,-0.03320379121022515,0.7182532983916933,0.1792575567960739,-0.04118434339761734,-0.3141925036907196,-0.052020858973264694,-0.024322858235311662,0.017277200802383486,0.13815869390964508,0.014582072384655476,0.07648737728595734,0.035221632570028305,-0.08394578310103173,0.0003017220690503253,0.02673848159611225,0.03926393762230873,0.14057812094688416,-1.0,0.9950222373008728,0.0809113010764122,-1.0,-1.0,0.06200926750898361,0.6323009335988407,0.5652576649395554,0.8598260099268348,0.6486210051995058,0.5914743229846903,1.3775915444793088,0.5416079904832298,0.6574963730299167,-0.001210659638413946,0.7443998007351325,0.6644263968780891,0.0008260708145609447,0.4941456126621958,0.4942568398841729,-0.0007893403615860141,0.7632963677747268,0.49548003348287384,0.0006114789927319925,0.5045719526728388,0.5531863387423686,0.39647245481262444,0.7545164525574244,0.5738366794792199,0.3970468179010243,0.3750114882689146,0.8159485292355442,1.1952616888084744,0.8775467933671921,0.8456038163066596,1.181107034856533,0.3556740987905834,0.6940020278085196,1.058460079307562,0.9060040170856593,0.7286798228558873,1.041541529168598,0.5398377382053259,0.5732370684182706,1.078877245394644,0.7397593806600969,0.586016567707272,1.0725364113714946,0.5430542653909483,0.5805147345970568,0.7073019968853149,0.6719177160114437,0.5838294506418895,0.7080234654996784
2.6000000000000005,0,0-ACCAD_Male2General_c3d_A6- Box lift_poses,77,0.6327933516586199,0.5730701684951782,0.7852142325930409,0.694459786755314,0.030567665811410866,-0.03383920825911779,0.7180850439683324,0.18077898025512695,-0.040158770978450775,-0.31409764289855957,-0.0511019304394722,-0.026072149758060936,0.017614059330163134,0.1413111835718155,0.016483381390571594,0.07840623706579208,0.03452698513865471,-0.08562651671960375,-0.00044750566373930045,0.0260081198066473,0.04081980884075165,0.1316388100385666,-1.0,0.9902639985084534,0.11560332030057907,-1.0,-1.0,0.09878232330083847,0.63256088380311,0.5662410518904379,0.8599023114617266,0.6495634919472131,0.5873075815857451,1.3778937430885845,0.5421161998032632,0.6578586866096282,-0.0012063702002721027,0.7444886196633386,0.6641066112503969,0.0011172812028487113,0.4946032315717464,0.4946338493599233,-0.0007936297997278782,0.7636599359466381,0.4951911988325964,0.0009073295654072402,0.5050950490576935,0.5541629235321874,0.39645207290841955,0.7549568953817029,0.5741575244958538,0.3972913320666768,0.3714268426274793,0.817563189517024,1.1953079358292737,0.8835262193482742,0.8469677293630044,1.1811346992895562,0.3568860181852602,0.6937863694738338,1.059560274896555,0.9067634366699954,0.7273625063842835,1.0428806339912016,0.5404253664462036,0.572069984811746,1.07914081119273,0.7403572549464673,0.5846367941835106,1.0726987491834135,0.5434833867549665,0.5816896522568699,0.7072907748120467,0.6723462733376833,0.5849805548778247,0.708151633684083
2.6333333333333337,0,0-ACCAD_Male2General_c3d_A6- Box lift_poses,78,0.6325996365630999,0.573986828327179,0.7852540111275428,0.6946988694400353,0.030465591042556077,-0.03425079802847724,0.7178385691752547,0.18187184631824493,-0.039317745715379715,-0.3138993978500366,-0.05000471696257591,-0.02790696683943783,0.01771070332046476,0.14378732442855835,0.018186155706644058,0.08016736805438995,0.03415911644697189,-0.08720935265296426,-0.0013837183614320292,0.024976318702101707,0.042158838361501694,0.12334735691547394,-1.0,0.9825663566589355,0.1526385098695755,-1.0,-1.0,0.13803990185260773,0.6323109444053896,0.5671241850015851,0.8599388207170688,0.6500623048930435,0.5835051458632935,1.3780877966774554,0.5419090736639824,0.6581510741641872,-0.0012012852770546395,0.7438898672045258,0.6637834405727577,0.001312969888809943,0.4943237122890137,0.49494730178204344,-0.0007987147229453102,0.7632673702695806,0.4948915550066751,0.001104727489139569,0.5049815185046999,0.5550749187342303,0.3964311037248613,0.7547437611231417,0.5744384760726348,0.3974403910373833,0.36753615157578745,0.8200272110703145,1.1944341041307407,0.8895498576674359,0.8484980528220526,1.1804925339789007,0.35797702319075,0.6941129811373349,1.0602186282381627,0.9071109274908732,0.7259665067140326,1.0439744280764136,0.5405240854406622,0.5710579405867864,1.079352002588939,0.7404713056572786,0.5833025968585109,1.0727669877495292,0.5433485822153363,0.5827327800134477,0.7072706780492214,0.6722120572359859,0.5859653727144144,0.7082208231548832
2.666666666666667,0,0-ACCAD_Male2General_c3d_A6- Box lift_poses,79,0.6324543204391375,0.574918270111084,0.7852726021739904,0.694730912832981,0.030205145237365692,-0.03439025123984987,0.7178118963733484,0.18255779147148132,-0.03860429301857948,-0.31361162662506104,-0.04878639802336693,-0.030067300270681274,0.01786304490696833,0.14571596682071686,0.019497403874993324,0.08182168751955032,0.033999692648649216,-0.08908886937001381,-0.0021003244497123097,0.023957667872309685,0.04272009804844856,0.11552692204713821,-1.0,0.9725167155265808,0.19246895611286163,-1.0,-1.0,0.17981919646263123,0.6321227667311349,0.568067743173748,0.8599583461471179,0.65021679344714,0.5803157320883753,1.3782223698655025,0.541667032435356,0.658176399514121,-0.001195681553806529,0.7434288285160334,0.6633858506093872,0.0014783735838698984,0.4941222135940781,0.4949607843412214,-0.0008043184461934347,0.763088927781115,0.4945266279329564,0.0012700133219354821,0.5049162193788934,0.5558069226387113,0.3964048479726833,0.7546158150837549,0.5747400672543018,0.39754810103650673,0.3632515315359856,0.8232242377649694,1.1923912625739699,0.8955988102382453,0.8506396388743521,1.1793399644675975,0.3591414005188285,0.6948059439116939,1.060287466901765,0.9072692354802596,0.7249749179450544,1.0450576376609755,0.5404960800810112,0.5702884417412354,1.079462520460647,0.7404557436455516,0.5823173599739558,1.0728577514785873,0.5432476677216572,0.5836784325171318,0.7072359854398542,0.6721099425169387,0.5869281403297405,0.7082572487729778
2.7,0,0-ACCAD_Male2General_c3d_A6- Box lift_poses,80,0.632651373394765,0.5756245255470276,0.7853156782924301,0.6949905904885313,0.03008732641889616,-0.03466415820474337,0.7175522476149886,0.18278606235980988,-0.038239724934101105,-0.31319186091423035,-0.047464534640312195,-0.03143106676891816,0.018059478868125423,0.14728093147277832,0.02065368928015232,0.0833183228969574,0.03391982987523079,-0.09030331122031754,-0.0026593888869453908,0.02312188223004341,0.042466528713703156,0.10850629210472107,-1.0,0.9603808522224426,0.2349052131175995,-1.0,-1.0,0.22380758821964264,0.6322760681323303,0.5687569625391898,0.859999650631168,0.650245078282741,0.577062295068315,1.3783574010082562,0.5419825741620434,0.6585926941446169,-0.0011896203827712545,0.7434204535759088,0.6631914012716721,0.0016394997118857786,0.49438693080073065,0.4953918641544957,-0.0008103796172287091,0.763224076333157,0.49434895162972287,0.001430395445039194,0.5052568226739932,0.5566854715272598,0.3963861210830372,0.7548359012810031,0.574997680318398,0.39767074569580824,0.3591327562565615,0.8268492050445703,1.1893256622292319,0.9021638925742491,0.8525173162017632,1.1779456531242256,0.36074785585754254,0.6956868722997843,1.059890743731969,0.9076576778019646,0.7236603770647991,1.0463201549702106,0.5405905840048529,0.5694047803166025,1.0795031163440105,0.7405739189141778,0.5811126603853087,1.0730396650336333,0.5434915123400846,0.5844760746829581,0.7072345469338897,0.6723546284122576,0.5876611967960055,0.7083214372133346
2.7333333333333334,0,0-ACCAD_Male2General_c3d_A6- Box lift_poses,81,0.6323256340110675,0.5764186978340149,0.7853540896652851,0.6951232223138274,0.029613354573490635,-0.034573022435349494,0.717447880441939,0.1824032962322235,-0.038153983652591705,-0.3126705586910248,-0.046206071972846985,-0.033037060169985866,0.01864738504716612,0.14854349195957184,0.021595560014247894,0.08468133211135864,0.03393225371837616,-0.09234708163807248,-0.003098709391397114,0.022364536300301552,0.04182339459657669,0.10309065878391266,-1.0,0.9463484883308411,0.27925944328308105,-1.0,-1.0,0.269742876291275,0.6319076631677382,0.569610307015811,0.8600432529678735,0.6494551340217463,0.5753636206771532,1.378458632177559,0.5419268424571219,0.6587153345731613,-0.0011839111032458556,0.7429968605773183,0.6625454672229095,0.0018236966737374648,0.4943591827279348,0.49550631994862326,-0.00081608889675416,0.7629836451237528,0.4937246033159914,0.001613094640949813,0.5051617603798271,0.5573757025826209,0.3963612303064363,0.7545832363039872,0.5750869938622857,0.3977893043056503,0.3543254649230821,0.8317054210987627,1.1847303181707323,0.9081746610643151,0.8554817309327396,1.1755653437743858,0.36187827612002477,0.6973409154561494,1.0588387026015944,0.9073297696713768,0.7231574360657262,1.0473111767830168,0.5400291170553039,0.569244427570801,1.0794851694818255,0.7400331183935647,0.5807124741155579,1.0732347089282122,0.543211294973909,0.5852313273470893,0.7072188923529275,0.6720736968788106,0.5884116070462851,0.7083699344212445
2.7666666666666666,0,0-ACCAD_Male2General_c3d_A6- Box lift_poses,82,0.6322631087386981,0.5773119330406189,0.785356188130037,0.6947305907327901,0.029485303443541618,-0.03440465657468678,0.7178414468299309,0.18156835436820984,-0.03816951438784599,-0.31208595633506775,-0.04501895606517792,-0.033906325412274674,0.018577305837330083,0.1494583636522293,0.022358965128660202,0.08591560274362564,0.03398333117365837,-0.09367073126433079,-0.0038435018886235905,0.02152341604232788,0.041299156844615936,0.09968871623277664,-1.0,0.9308928847312927,0.32500773668289185,-1.0,-1.0,0.31712278723716736,0.6318526795634042,0.5705347184307398,0.8600482286030601,0.6492532308727166,0.5746594112489771,1.3784895937963657,0.5416642694739952,0.6593865777783033,-0.0011785206703483764,0.7424088361929119,0.6626430488156618,0.001880539928177806,0.494373079031634,0.4960972155160135,-0.0008214793296514207,0.7628029385033368,0.49387090803273104,0.001668204112717002,0.5051735373805104,0.5582453997958067,0.3963494678329871,0.7544204439984489,0.5756993061201838,0.39780178864224586,0.34983660887310497,0.8369709582315146,1.1791504344811303,0.9144584200393534,0.8593382324481673,1.1721459983290734,0.36343304772442314,0.6991739950778784,1.0575498670467394,0.9071926742165946,0.7234786223952756,1.0478522354200546,0.5399027295402544,0.5694252052897505,1.0794717012614783,0.7399068899439482,0.580936179287663,1.0733058113149314,0.5431397125414139,0.5859716206204145,0.707219186458787,0.6719971161440633,0.5893392326341313,0.7083656130515695
2.8,0,0-ACCAD_Male2General_c3d_A6- Box lift_poses,83,0.632192000397481,0.5782982707023621,0.7853626947631188,0.6943036692830954,0.029175877955674015,-0.034138052899673546,0.7182797340241229,0.18077772855758667,-0.03844278305768967,-0.3113829493522644,-0.04394172504544258,-0.03496707391639253,0.01900969128520169,0.1500760316848755,0.023122262209653854,0.08698960393667221,0.034042514860630035,-0.09511178923238917,-0.004503863830304322,0.020334865897893906,0.04135899618268013,0.09812000393867493,-1.0,0.9144162535667419,0.37149372696876526,-1.0,-0.9862719774246216,0.36469095945358276,0.6317801403676058,0.5715816321009531,0.860060198986579,0.6492512432742433,0.5752836914730175,1.3785055495831073,0.5416550465672751,0.6598554601587852,-0.0011736952571598756,0.7418922302640968,0.6627397727184374,0.001958726036633624,0.49467399112632154,0.49647657612083923,-0.0008263047428401192,0.7626843932641948,0.49401621140340835,0.0017446817632160473,0.5053006899248924,0.5590237762486866,0.3963316449225823,0.7542862688359854,0.5763484541361931,0.397831125663421,0.3457903202019145,0.843175132895733,1.1724997018163736,0.918590214990913,0.8656249976780468,1.1657687352449262,0.36523163486971805,0.7017330669407036,1.0559847179450763,0.9055044123403615,0.7256874042453054,1.0465806657186028,0.5398625617391347,0.5702751624383892,1.079497756877616,0.7398660539269533,0.5817887044017365,1.0733150095808641,0.543068903624764,0.5867659836655682,0.7072089942292246,0.6719208120810439,0.5903263473663035,0.7083664866000429
2.833333333333333,0,0-ACCAD_Male2General_c3d_A6- Box lift_poses,84,0.6318017091834918,0.5785419940948486,0.7853664224778694,0.6939212552187534,0.028841176257580953,-0.03383114599479387,0.7186772096486627,0.17992150783538818,-0.038677316159009933,-0.31064411997795105,-0.043014924973249435,-0.03591620731890299,0.019389137841508752,0.1505599021911621,0.023728810250759125,0.08794829249382019,0.03425585478544235,-0.09668362431175748,-0.005050355080960189,0.01883406564593315,0.04180620610713959,0.09837464988231659,-1.0,0.8975751399993896,0.41810092329978943,-1.0,-0.9657293558120728,0.4113716781139374,0.6313894109007299,0.5718929172698385,0.8600699684947831,0.649117930648514,0.5762072387896824,1.3785021441493237,0.5413048655836084,0.659608194541021,-0.0011695889759784535,0.7411474725122182,0.6620542480072227,0.0020353872453256067,0.4946211050626527,0.49614409615260135,-0.0008304110240215205,0.7622949548319106,0.4933748572883132,0.0018182738284987926,0.5050864429773645,0.559049393721776,0.3963154484692415,0.753853118639929,0.5762502660283866,0.39785323675690676,0.34193461991067103,0.8492269007560358,1.1649691820427244,0.9210678696769904,0.8723321507254744,1.1574680277049607,0.3669140053350557,0.7040693012950245,1.0542223273392848,0.9027620457911035,0.7280881504330818,1.0442508496988152,0.539589909922099,0.5708841332823927,1.0795507997248468,0.7395945600463777,0.5823201373176261,1.0732625058090868,0.542678268128378,0.5868195275065609,0.7071977875080856,0.6715249403684997,0.5905555846025127,0.7083626575621201
2.8666666666666663,0,0-ACCAD_Male2General_c3d_A6- Box lift_poses,84,0.6318017091834918,0.5785419940948486,0.7853664224778694,0.6939212552187534,0.028841176257580953,-0.03383114599479387,0.7186772096486627,0.17992150783538818,-0.038677316159009933,-0.31064411997795105,-0.043014924973249435,-0.03591620731890299,0.019389137841508752,0.1505599021911621,0.023728810250759125,0.08794829249382019,0.03425585478544235,-0.09668362431175748,-0.005050355080960189,0.01883406564593315,0.04180620610713959,0.09837464988231659,-1.0,0.8975751399993896,0.41810092329978943,-1.0,-0.9657293558120728,0.4113716781139374,0.6313894109007299,0.5718929172698385,0.8600699684947831,0.649117930648514,0.5762072387896824,1.3785021441493237,0.5413048655836084,0.659608194541021,-0.0011695889759784535,0.7411474725122182,0.6620542480072227,0.0020353872453256067,0.4946211050626527,0.49614409615260135,-0.0008304110240215205,0.7622949548319106,0.4933748572883132,0.0018182738284987926,0.5050864429773645,0.559049393721776,0.3963154484692415,0.753853118639929,0.5762502660283866,0.39785323675690676,0.34193461991067103,0.8492269007560358,1.1649691820427244,0.9210678696769904,0.8723321507254744,1.1574680277049607,0.3669140053350557,0.7040693012950245,1.0542223273392848,0.9027620457911035,0.7280881504330818,1.0442508496988152,0.539589909922099,0.5708841332823927,1.0795507997248468,0.7395945600463777,0.5823201373176261,1.0732625058090868,0.542678268128378,0.5868195275065609,0.7071977875080856,0.6715249403684997,0.5905555846025127,0.7083626575621201
2.8999999999999995,0,0-ACCAD_Male2General_c3d_A6- Box lift_poses,85,0.6317118253791705,0.5787696838378906,0.7854026727887478,0.6936212456334548,0.028467082817327644,-0.03368499952326849,0.7189885351025309,0.1792137622833252,-0.0387859083712101,-0.3098795711994171,-0.0421476736664772,-0.03673921001028457,0.019906829852033514,0.15112152695655823,0.024536022916436195,0.08871409296989441,0.034720443189144135,-0.09843727953254988,-0.005538412961385686,0.01695362851023674,0.04233990237116814,0.09995657950639725,-1.0,0.8809086680412292,0.4640194773674011,-1.0,-0.9454221129417419,0.4563460052013397,0.6312772566059176,0.5721750085520702,0.8601109146891961,0.6491511287320372,0.5777151543233506,1.3785243335599504,0.5414087569465982,0.6594181509232405,-0.001165781072502585,0.7408097364094538,0.6613270717829054,0.002184788798878304,0.4949870362303556,0.4958794279482607,-0.0008342189274970942,0.7622414704511311,0.49268356824320575,0.001962325718592655,0.5052429336512441,0.5591129648323606,0.3962996812340758,0.7537600966156602,0.5761606637642633,0.39793994160258217,0.3387904841877564,0.8554799204788052,1.156808604569282,0.9234254334358954,0.8788015984054486,1.1487409527493335,0.3689291062925165,0.7067222652825382,1.052298376924792,0.900325177682081,0.7304642511371258,1.0418673180508096,0.5395478462386812,0.5717975343059717,1.0796117521089488,0.7395615548659825,0.5830328270730112,1.0732501911690562,0.5426112201950162,0.5868968706697538,0.7071963898471286,0.6714531397060531,0.5907744663772422,0.7084040509576452
2.9333333333333327,0,0-ACCAD_Male2General_c3d_A6- Box lift_poses,86,0.6316511478507891,0.5788296461105347,0.785397668775139,0.6936289523347182,0.02786467152469136,-0.03329115555798601,0.7190230424162193,0.17872793972492218,-0.03870032727718353,-0.3091144263744354,-0.04127573221921921,-0.0384991774060397,0.020442133710245725,0.15166021883487701,0.02567218244075775,0.08927028626203537,0.03530995175242424,-0.10092994697333979,-0.006515358315254183,0.014691847376525402,0.042745184153318405,0.10214929282665253,-1.0,0.8646930456161499,0.5083475112915039,-1.0,-0.9258168935775757,0.499155193567276,0.6311926925823763,0.572339918479783,0.8601149576315041,0.6491761074559071,0.5797557782632099,1.3784977122226962,0.5414554129169724,0.6584931787200825,-0.0011619789237495778,0.7403245131431686,0.6598158014686573,0.002315304562828094,0.4951659481694232,0.49491695641164773,-0.0008380210762505245,0.7618707730676916,0.4911869002988598,0.0020864519211619206,0.5053454180081359,0.5587871490535012,0.39627038701689976,0.7535760505863223,0.5755496100158095,0.39797934369770577,0.33640439028971797,0.8619363179595577,1.1481234454945972,0.9257033196121428,0.8846651844527601,1.1396025385043758,0.3711022299039522,0.709736869079528,1.0501900401066078,0.8981291006908783,0.7325241099833839,1.0393412792146879,0.5395118944560258,0.5729953865949335,1.0796253538465856,0.739548033505438,0.5837817262911674,1.0731924034999942,0.5425759492018449,0.5868331955638236,0.70715254250752,0.6714165135207084,0.5907404298104441,0.7083941575959906
2.966666666666666,0,0-ACCAD_Male2General_c3d_A6- Box lift_poses,87,0.6316318955505267,0.5791859030723572,0.7854054300377514,0.6931281575537899,0.02747783332903395,-0.033016009535823974,0.7195333689245836,0.17804697155952454,-0.03836032375693321,-0.3084127604961395,-0.04053972288966179,-0.039581925017362574,0.020459394470715098,0.1514430195093155,0.026828870177268982,0.08971976488828659,0.03572344407439232,-0.10200805031536375,-0.007482183822901889,0.012227309867739677,0.042740531265735626,0.10325757414102554,-1.0,0.8492757678031921,0.5502549409866333,-1.0,-0.9071715474128723,0.5395866632461548,0.6311649293695233,0.572765635988555,0.8601286668062322,0.6491092033851997,0.5812387899375315,1.3784944948835394,0.5412139648690778,0.6582424330163076,-0.0011587777672820918,0.7396661371401647,0.6596249312413023,0.002387274251735263,0.4952775310092614,0.4945667072573387,-0.0008412222327178857,0.7615473557396162,0.4910391733898777,0.002153774222038593,0.5054119744911,0.5588104210024193,0.39625398418447344,0.7533862864042469,0.575792033527746,0.39800873711449924,0.33410564436825363,0.8673524566849564,1.1399403457954362,0.9272153048744836,0.8901173856143803,1.131167539749284,0.3730593846739231,0.7122747012150934,1.0483267000935217,0.8958331459041697,0.7347037425276156,1.0372456368457026,0.5394642486302768,0.5739818907602577,1.0796267140492517,0.7395116594644598,0.5845546386345853,1.0731896867131705,0.5425646023215247,0.5869727987307456,0.7071334129524164,0.6713987855705789,0.5910753885298924,0.7084005079822181
2.999999999999999,0,0-ACCAD_Male2General_c3d_A6- Box lift_poses,88,0.6317523565376177,0.5793561935424805,0.785452589166725,0.6931483991143446,0.027149570836753095,-0.03290634419705587,0.7195313545080481,0.1769857406616211,-0.03799556940793991,-0.3077612817287445,-0.03997776657342911,-0.039791050786510684,0.02032275322100585,0.1504676789045334,0.028138402849435806,0.09004517644643784,0.03598560765385628,-0.10184618561281167,-0.008420423360657403,0.00973130576312542,0.042586639523506165,0.10362537205219269,-1.0,0.8344892859458923,0.5894728899002075,-1.0,-0.8893683552742004,0.5777474641799927,0.6312612546892556,0.5729818193463576,0.8601796001639698,0.6490768623380814,0.5819134951752568,1.3785412057819726,0.5412784599482888,0.6584686516587724,-0.0011563720652700699,0.7392065457145264,0.6598481899845352,0.0024515398094496488,0.495445840159114,0.4947638161945451,-0.0008436279347300464,0.7611602146496975,0.4912718558827858,0.0022148942933892975,0.5056046237489425,0.5590599982259628,0.3962514042408355,0.7533094102451533,0.5760021233969871,0.3980743287916406,0.33280241593497706,0.8722686462921788,1.1322455583637014,0.9289256621045802,0.8941290612528479,1.123340595824348,0.37527350676446114,0.7146834080540962,1.0466729965382626,0.8939457375756241,0.7359491471967305,1.0355050456563437,0.5394966143744913,0.574648350211406,1.0796498943749957,0.7395719675657274,0.5847076561694419,1.0732586261874828,0.5427113521326529,0.5870728683672839,0.7071498605981485,0.6715452513114177,0.5911722046210252,0.7084546822984273
3.0333333333333323,0,0-ACCAD_Male2General_c3d_A6- Box lift_poses,89,0.6321095075691119,0.5794060826301575,0.785487989104008,0.6931948096022107,0.026678718683558506,-0.03262819197285009,0.7195169233579857,0.1756603717803955,-0.03726843744516373,-0.3072320222854614,-0.03945086523890495,-0.040252146450994175,0.0198398141686964,0.1493801772594452,0.029561659321188927,0.09025322645902634,0.03634478524327278,-0.1020973944738961,-0.0095623646627222,0.00744963763281703,0.04202067852020264,0.10384981334209442,-1.0,0.8203301429748535,0.6260829567909241,-1.0,-0.8721827864646912,0.6136782765388489,0.6315962220087183,0.5731105697869596,0.8602215361627059,0.6490640993220298,0.5826446816814097,1.378582804663535,0.5413307872139652,0.6584260961950863,-0.001154113869499724,0.7388917922873485,0.6596598258865538,0.0025153999040313547,0.49557952222091467,0.4946984969724856,-0.0008458861305002396,0.7608908615468039,0.4910894160565929,0.0022748142088841253,0.5059178286732368,0.5590971026320783,0.3962477195948971,0.753418741817627,0.5759489397488542,0.39812357030290424,0.33202235559323984,0.8767464394402926,1.1245789930824264,0.9303620936142017,0.8977514967783988,1.1157211563637925,0.37757927423079973,0.7169273935651483,1.044942293351854,0.8922454090198734,0.7370990163779879,1.0338831266899287,0.5396663753801506,0.575274289306641,1.079627215282322,0.7397696843303401,0.5848422203757976,1.0733578180034045,0.5430930439735884,0.5870163327460817,0.7071545713715996,0.6719267793438369,0.5911096946969824,0.7084909339851087
3.0666666666666655,0,0-ACCAD_Male2General_c3d_A6- Box lift_poses,90,0.6325604167068377,0.5793503522872925,0.7855366750986554,0.6933597125520263,0.02609818325001155,-0.032311739173851606,0.7193935955736478,0.17406058311462402,-0.03630353510379791,-0.3067948520183563,-0.03897909075021744,-0.040637815789122955,0.01918268028552028,0.14806048572063446,0.031149517744779587,0.09035134315490723,0.036796607077121735,-0.10241656877531091,-0.010794319384145656,0.005366125144064426,0.04117313027381897,0.10451559722423553,-1.0,0.8067816495895386,0.6602243185043335,-1.0,-0.8556272983551025,0.6474735140800476,0.6320160978619169,0.5731493092283115,0.8602779005500469,0.6489148834860965,0.5836235594672547,1.3786371554703307,0.5414205587932935,0.6583413077788105,-0.0011521016697767644,0.7386583192028251,0.6592947512027353,0.0026036906635240886,0.49568594846844355,0.49460904804126715,-0.0008478983302233484,0.7606328349813167,0.4907211456650661,0.002358390172000152,0.5062838837137293,0.5590646330818101,0.39624630832456986,0.7536041273421693,0.5757389695149793,0.39819361121616653,0.33164934337303287,0.8809941583724962,1.1168691415809366,0.9315060735551637,0.9010300835707274,1.1082503876400378,0.3798607707393008,0.719151494911947,1.0430980445342577,0.8906294021900927,0.7381589539187259,1.032344807685986,0.5398210426026457,0.5759719895484099,1.0795776020887953,0.7399547989055835,0.5850169978764357,1.0735069915410618,0.5435783427470804,0.5868602046219357,0.7071636280189203,0.6724130726343569,0.5909068734766089,0.7085422292730059
3.0999999999999988,0,0-ACCAD_Male2General_c3d_A6- Box lift_poses,91,0.6330799307907,0.5790374279022217,0.785616286881585,0.6941603411810169,0.025578722413384426,-0.032189252778868284,0.718645254417429,0.17240869998931885,-0.03536418825387955,-0.3063783049583435,-0.03864562138915062,-0.0404320613450202,0.018536633463705154,0.146232470870018,0.032902516424655914,0.090360127389431,0.03713234141469002,-0.10173793476280157,-0.011994986688819709,0.0033277557231485844,0.04039471596479416,0.10593036562204361,-1.0,0.7936055064201355,0.6919742822647095,-1.0,-0.8396649360656738,0.6792254447937012,0.6324855595084647,0.5729041696376878,0.8603627240263706,0.6488002422433083,0.5845056365483337,1.3787127636458578,0.5418278998543286,0.6585101775088377,-0.0011507301362688495,0.7385970765784967,0.6591095449385138,0.0026918996463570523,0.49581250023425155,0.4948566040082609,-0.0008492698637311592,0.7602365735616796,0.490492611525471,0.002443028803793986,0.5067278401194485,0.559154362610305,0.39625355715958155,0.7538416259137216,0.5753372456406826,0.3982988281630797,0.33225767459416056,0.885284079423673,1.1092925647416472,0.9329781849454796,0.9032642461336471,1.1009392291104538,0.38242106145497956,0.7215363578141842,1.0412493248825596,0.8893954116200676,0.7384983876598171,1.0308512989454413,0.5400187813349729,0.5766444395716576,1.079544876909276,0.7401961951219492,0.5848213513345766,1.073686035421479,0.5441541720442858,0.5866336034663718,0.7071969824027764,0.6729970338227643,0.5903914338535977,0.7086340342172124
3.133333333333332,0,0-ACCAD_Male2General_c3d_A6- Box lift_poses,92,0.6333462443435565,0.5787452459335327,0.7857074955223575,0.6947825146418815,0.024849546558812014,-0.032020809343693134,0.7180768936212195,0.17097267508506775,-0.0342898890376091,-0.30599501729011536,-0.038488294929265976,-0.04056047053313394,0.01817333758080031,0.14400282502174377,0.03458330035209656,0.09034311771392822,0.03730771690607071,-0.1008858878212886,-0.012874585568508512,0.0012925631599500775,0.03976496681571007,0.10771413147449493,-1.0,0.7809315919876099,0.7214959263801575,-1.0,-0.8244346976280212,0.7090097665786743,0.6326857023581817,0.572706480870943,0.860461070693077,0.6483583157164164,0.5858354429838359,1.3787902311080416,0.5420765549507209,0.6582997870304795,-0.0011502067416944602,0.7384688405513549,0.659039602478095,0.0028121307419112784,0.49585927568044186,0.49470310965409764,-0.0008497932583055069,0.7598525717991691,0.49039004552387894,0.002561178419930858,0.5069938203906569,0.5589919595793664,0.39625401437309754,0.7539424229611585,0.5749854381734313,0.39844369259013784,0.3327601396723202,0.8893560425258039,1.101738005903713,0.9337896277228056,0.9055319226994535,1.093710372539856,0.3845921713991602,0.7238933052050439,1.0393273717973592,0.8878748631795056,0.7390702298383336,1.029352751305758,0.5399284323067074,0.5774864030848075,1.0795079512680694,0.7401423991218964,0.5848954379247672,1.0738813541733172,0.5444931902238019,0.5863606791276935,0.7072157132548099,0.6733418696953437,0.5898786743370068,0.7087445378359145
3.166666666666665,0,0-ACCAD_Male2General_c3d_A6- Box lift_poses,93,0.6341932859504595,0.5788458585739136,0.7857532405662617,0.695520371511117,0.024166283049938373,-0.03172900123443786,0.7173985461772648,0.16976338624954224,-0.032905299216508865,-0.30567750334739685,-0.03845345228910446,-0.04104254378932004,0.017369427837480855,0.1417207568883896,0.03614143654704094,0.09031358361244202,0.03749831020832062,-0.10008758907816295,-0.013889401282672464,-0.0006026005721651018,0.03910236060619354,0.10942596197128296,-1.0,0.7690408825874329,0.7489004135131836,-1.0,-0.80999356508255,0.7369438409805298,0.6334835893905018,0.5729102863455868,0.8605146297528941,0.6486316708790255,0.587586207062433,1.378813796836014,0.5425644683781446,0.658317176690166,-0.0011502354223245671,0.7388361072009368,0.6592811127683917,0.002860712371178367,0.496089473748538,0.4947935252159845,-0.0008497645776753479,0.7599079685214832,0.4905923087617558,0.0026076050847463027,0.5076553867542949,0.5591463407258288,0.396252158021853,0.7545564381363291,0.5749634695204673,0.39851378784173896,0.33420770484935514,0.8935731044240228,1.0945230142923363,0.9351607094900365,0.9078186585122576,1.0866525240139115,0.3873563671372731,0.7265952380301142,1.0374863941635897,0.8871111814397513,0.7399195420158629,1.027824862679782,0.5404864063813717,0.578754469748353,1.0794424032586758,0.7407337672715937,0.5853606213996837,1.0740075052043587,0.5453955153367552,0.5865047290271703,0.7072098465315528,0.6742511144183464,0.5897362618815833,0.7087987007384084
3.1999999999999984,0,0-ACCAD_Male2General_c3d_A6- Box lift_poses,94,0.6347200121963397,0.5786993503570557,0.7858220545230323,0.6967287857879557,0.023405947874380394,-0.03157978585889444,0.7162568518231774,0.16889187693595886,-0.03152066096663475,-0.30535027384757996,-0.038494694977998734,-0.04159291060145387,0.01688978971807209,0.1396820992231369,0.0378023125231266,0.09022001922130585,0.03782764822244644,-0.09959681459523484,-0.014764070827865905,-0.0023047577124089003,0.03837282583117485,0.1109064519405365,-1.0,0.7579532265663147,0.7743295431137085,-1.0,-0.7962610125541687,0.7630761861801147,0.6339343308985692,0.5728603250105644,0.8605902863324135,0.6484097988479646,0.588890711594214,1.3788648202235276,0.5430473722624993,0.6580945406969102,-0.0011506402967843762,0.7391307480111597,0.6590190569001034,0.0029779520635682157,0.4960984108428563,0.4947063396185557,-0.0008493597032154659,0.7596569264442071,0.4902629898279816,0.002721387677438944,0.5080739539780956,0.5591634633947103,0.3962470160620785,0.7549163162508319,0.5745118218163563,0.3986415242392655,0.3357928049351133,0.8975053985650138,1.0876820723414702,0.9363605930572846,0.9091249726251674,1.0801266347718386,0.3898173990567246,0.7291581589214006,1.0357194479029452,0.8862225479024733,0.7400899387735022,1.0265272134784276,0.5406352079830123,0.5797988597408503,1.0793675666410303,0.7409208667545897,0.5853737988260365,1.0741945747957096,0.5460079519674104,0.5865361842386333,0.707204198061373,0.6748732409659512,0.5893072569781169,0.7088873148806463
3.2333333333333316,0,0-ACCAD_Male2General_c3d_A6- Box lift_poses,95,0.6355459537589923,0.5786327719688416,0.7858485117161346,0.6973904732886073,0.022951401432066008,-0.031435023214915245,0.7156337053647447,0.1683194786310196,-0.030160648748278618,-0.3050064444541931,-0.03860239312052727,-0.04204277425842262,0.01605089546266336,0.13811776041984558,0.03938784450292587,0.09010837227106094,0.038281891494989395,-0.09924826383623353,-0.015928081174740316,-0.0037528856191784143,0.037482306361198425,0.11207623779773712,-1.0,0.747738242149353,0.7979417443275452,-1.0,-0.7832137942314148,0.787453830242157,0.6347213003688605,0.5728574643415123,0.8606212725893019,0.6486014423929524,0.5898828149675795,1.3788769571100574,0.5434536758259252,0.6579599609998399,-0.001151336155401958,0.739383653145148,0.6589756179492217,0.003021511332534848,0.49628182679008387,0.4946359730249805,-0.0008486638445980368,0.7596162600477939,0.49018410913638466,0.0027604163135095255,0.508685757390595,0.5591454968113485,0.396245462266936,0.7554588034619331,0.574360495583164,0.39868813543182174,0.33731326807787926,0.9005180631343053,1.0814509703026929,0.9372309311372012,0.9105788004612525,1.0740521646369503,0.3922812829966191,0.7311019420750211,1.0341618651590416,0.8854897743588738,0.7405554294426465,1.0253236287788092,0.5411510954096944,0.5805599120238399,1.0792703224646125,0.741460140606496,0.585459721942842,1.0743242962714588,0.5468784935302323,0.5865529277556625,0.7071918378304739,0.6757486269461785,0.5890637690335946,0.7089226330133909
3.266666666666665,0,0-ACCAD_Male2General_c3d_A6- Box lift_poses,96,0.6362244930351153,0.5790860652923584,0.7858894682196514,0.6984828058395106,0.022271949219552983,-0.03127317446822029,0.7145961928132604,0.16784806549549103,-0.028994807973504066,-0.30462509393692017,-0.0385144017636776,-0.042983570493340784,0.01576674891566343,0.13681648671627045,0.04076431319117546,0.09002995491027832,0.03887306898832321,-0.09968391026806867,-0.016691993193983845,-0.004924782086163759,0.03675444424152374,0.1130111888051033,-1.0,0.7382413148880005,0.819746732711792,-1.0,-0.7708283066749573,0.8102196455001831,0.6353352443554281,0.5734004255431738,0.8606683605451477,0.6485931327458893,0.591460410469006,1.378902614259309,0.5441076269278009,0.6580933632841055,-0.0011511500598005014,0.7399175632733994,0.6588831736210372,0.0031411437984488477,0.49651959341381185,0.4948901535089631,-0.0008488499401995107,0.7596523113514895,0.49003274147895715,0.002874153672965594,0.5092802995691349,0.5596535173936147,0.39623252895128425,0.7560026229642591,0.5743903209393252,0.3987853060880683,0.33908282702213016,0.9041475690334011,1.0755161321053084,0.9381375806969378,0.9120854643514011,1.0682913868790713,0.39463345268059963,0.7337468154208312,1.0326526819246598,0.8848128231456266,0.7412849969098136,1.0242092503836933,0.5414886122819029,0.5819726864118768,1.079177350228922,0.7418228469972336,0.5860117156026259,1.0744799526282214,0.5476312830177823,0.5871728266717635,0.7071686820270184,0.6765078030701979,0.5892724753884115,0.708978950364084
3.299999999999998,0,0-ACCAD_Male2General_c3d_A6- Box lift_poses,97,0.6365091052139178,0.5791898965835571,0.7859351124292735,0.6993741904598583,0.02195566492730622,-0.0312950182401776,0.7137326616665126,0.16724397242069244,-0.028312398120760918,-0.30416759848594666,-0.0381937175989151,-0.04322719627854332,0.015462402764987782,0.13549207150936127,0.0418914332985878,0.09001167118549347,0.03938804566860199,-0.09924624785656344,-0.01734689923875332,-0.005796492099761963,0.03630053624510765,0.1139591634273529,-1.0,0.7292790412902832,0.8398629426956177,-1.0,-0.7589787244796753,0.8314830660820007,0.6355766372819288,0.5735361712760562,0.8607158980209155,0.6484674809726434,0.5922587780212734,1.3789336415121194,0.5444206214986539,0.658419754120786,-0.001149864230980107,0.7399872116100632,0.6591063877148507,0.0032031534527053353,0.49650929886436235,0.49531115432824935,-0.000850135769020096,0.7593238392952227,0.4902099084037374,0.002930929140422034,0.5095278570595193,0.5600935793748897,0.3962301849638158,0.7561290341890657,0.5744394545041687,0.3988555359679573,0.3404548007758434,0.906777389090277,1.0702850892808127,0.9383979883925195,0.9131017360389349,1.0629123400440323,0.39651809359446033,0.7355834666073688,1.0314377945562352,0.8837771860597448,0.741651675089268,1.0231504392211639,0.541568359906262,0.5827355918540162,1.0791361833004982,0.7419187619770194,0.5860908255568363,1.074592649776324,0.5479672135623066,0.5874519283120345,0.7071780828922225,0.6768482180063187,0.589211966058221,0.70903825444459
3.3333333333333313,0,0-ACCAD_Male2General_c3d_A6- Box lift_poses,98,0.6367400732124224,0.5793472528457642,0.7859678547303963,0.700253706780848,0.02150241037293774,-0.031166153049630548,0.7128892364118867,0.16657547652721405,-0.02791653946042061,-0.3036741316318512,-0.03769963979721069,-0.0438998061685516,0.015517708486943116,0.13426467776298523,0.042687177658081055,0.09007765352725983,0.03974412754178047,-0.09916954752083451,-0.01773075597894591,-0.0063630747608840466,0.03598998114466667,0.11485464870929718,-1.0,0.7207571864128113,0.8584936261177063,-1.0,-0.7476337552070618,0.8512952327728271,0.6357657666193238,0.5737559792030912,0.8607528023182325,0.6483621342956299,0.5933333482335984,1.3789442789279438,0.5448321693142064,0.6584879195538093,-0.0011477892999507099,0.7401962393800601,0.659080701312841,0.003265601463816433,0.4966074802372454,0.49547168724327617,-0.0008522107000496423,0.7591482452951043,0.49014063719104944,0.002989546539772847,0.5097953457180434,0.5604508551642045,0.3962187400111051,0.7562881006415175,0.5743574071336328,0.39891618657331035,0.3418131405898792,0.9093156384897729,1.0652374310432087,0.9384312057770329,0.9142150223841531,1.0576351621779392,0.3982773384309775,0.7374261965594915,1.0302320269000511,0.8827206413727785,0.7422014070263098,1.022037221936242,0.5416304453311894,0.5836274300926927,1.079093031084067,0.7419930086387736,0.586368807112614,1.0746756815564724,0.5482484606346841,0.5877468955785207,0.7071725017355474,0.6771329361326588,0.5891776769472713,0.7090799848535851
3.3666666666666645,0,0-ACCAD_Male2General_c3d_A6- Box lift_poses,99,0.6373871412361041,0.5796215534210205,0.7859824931755499,0.7014304973481414,0.02130543727016985,-0.031157051662853773,0.7117377142349167,0.16601717472076416,-0.02747832052409649,-0.3031941056251526,-0.03698768839240074,-0.04446997075457437,0.015193276009113021,0.1332913637161255,0.043522488325834274,0.09014078974723816,0.03993353247642517,-0.098607114747302,-0.018344818721822254,-0.006609257310628891,0.035549260675907135,0.11565510928630829,-1.0,0.7126206755638123,0.8758000135421753,-1.0,-0.7368228435516357,0.8697225451469421,0.6363835477830544,0.5740535635920024,0.8607687906467106,0.6487343119435509,0.5941526407666735,1.3789442582299019,0.5455093412439452,0.6590168855622641,-0.00114466773495785,0.7406901127595427,0.6593673132386975,0.0032690454358153924,0.49683135595943423,0.4961354254950522,-0.0008553322650422177,0.7591154232023655,0.4903689981903407,0.0029907543975887275,0.5103671328017545,0.5612205356804126,0.3962107494175062,0.7567624635526701,0.5744186287317256,0.3989335337274402,0.34389787952161366,0.9118346609564936,1.0606506139458367,0.9390257202173353,0.9149647106727675,1.0528066985391926,0.40052288646044437,0.7393181683701064,1.0291667676268665,0.8822595959951733,0.7425459966625788,1.021042592947583,0.5421408483190215,0.5845088795769395,1.0790418399463348,0.7425144110255497,0.5865316736462175,1.0747373571148722,0.5489353361661824,0.5882783794082722,0.7071732923503254,0.677823700023985,0.5892736429561451,0.7090993324545257
3.3999999999999977,0,0-ACCAD_Male2General_c3d_A6- Box lift_poses,100,0.6374493684852496,0.579925000667572,0.7860200370063043,0.7021837435622484,0.02104395845389509,-0.03124660336462277,0.7109984471626302,0.16573235392570496,-0.027084162458777428,-0.30269989371299744,-0.036127399653196335,-0.045324295853438334,0.015245725211859962,0.13272178173065186,0.04441095143556595,0.09020249545574188,0.03994230926036835,-0.0982386423742716,-0.018771048717617922,-0.006652554962784052,0.035190850496292114,0.11616251617670059,-1.0,0.704731822013855,0.891787052154541,-1.0,-0.7266489863395691,0.8868398070335388,0.6364025732140544,0.5743760488678903,0.860807157244919,0.6483800361333434,0.5948371315243792,1.378975877571103,0.5457351081681567,0.6592815332128095,-0.0011408692612502984,0.7406781587313006,0.6596339919055064,0.0033395254595580542,0.4967964626558569,0.4964781868134605,-0.0008591307387497242,0.7587737504158903,0.4906000551764697,0.0030606070689774764,0.5104992764885874,0.5618160199562848,0.3961957020993447,0.7567532976236641,0.5745415947823279,0.3990132453461836,0.34501118190014063,0.9138126637074503,1.0563710083368396,0.9385035358611943,0.9159393575763136,1.0484675317992114,0.40189023945450164,0.7408143193122223,1.0281591340211205,0.8810240048450555,0.7431423919306973,1.0202385328442254,0.5419988877862643,0.5852076334371523,1.0789976231048253,0.7423796834936016,0.586788832973913,1.0748477532611673,0.5490493145590254,0.5887452673892715,0.707172434240866,0.6779387690993881,0.5894593878179255,0.7091525240444851
3.433333333333331,0,0-ACCAD_Male2General_c3d_A6- Box lift_poses,101,0.6380536403739825,0.580609142780304,0.7860348237230306,0.7033992401544675,0.020829257031728343,-0.0313253398146607,0.7097988264903796,0.165706604719162,-0.026852168142795563,-0.3021736443042755,-0.035301316529512405,-0.04632099149758062,0.01539154796280584,0.1327066272497177,0.04539547115564346,0.09025625139474869,0.039841510355472565,-0.09822336299136292,-0.01946983356717713,-0.006558331195265055,0.03501672297716141,0.11630195379257202,-1.0,0.6970590353012085,0.9065093994140625,-1.0,-0.7172585129737854,0.9027252197265625,0.6369661946701687,0.5750762468289602,0.8608225534935809,0.6487613226668659,0.595658883273674,1.3789901617415479,0.5466149521583322,0.6599358383628309,-0.0011372317084078105,0.7411549692914523,0.6598720178708162,0.0033934300413478724,0.49720699691912695,0.49727429211137797,-0.0008627682915922537,0.7586985489460352,0.4907798971987086,0.003114970865317153,0.511143847953233,0.5629048864020871,0.39617754196244714,0.7572055783455872,0.5747496080574038,0.39906299165577486,0.3472505373959878,0.9163398132458899,1.0525265276825422,0.9390308068535711,0.9167074893947871,1.0444673039760195,0.4040350343544218,0.742850451126568,1.0272970540301536,0.8806924399265986,0.7436988373883459,1.019483199441813,0.5424896699933185,0.5862934410985827,1.0789647404176408,0.7428765645836841,0.5872029182265482,1.0749088523788206,0.5497071656259013,0.5897188069826811,0.7071602162303133,0.6785977317852786,0.5899914446076147,0.7091774921526737
3.466666666666664,0,0-ACCAD_Male2General_c3d_A6- Box lift_poses,102,0.6377881612861529,0.5808725357055664,0.7860774006151993,0.7038702753632384,0.020607196031157213,-0.03150140080205151,0.7093304171395168,0.16587765514850616,-0.026653723791241646,-0.301653116941452,-0.03469131141901016,-0.04709329433364329,0.015809554934900993,0.13285917043685913,0.04633834585547447,0.09035005420446396,0.03948410227894783,-0.09801795761734611,-0.019901663498781752,-0.006470414809882641,0.03500663489103317,0.1162736713886261,-1.0,0.6896443367004395,0.9200829267501831,-1.0,-0.7087625861167908,0.9174497723579407,0.6366548229811512,0.5753450815281195,0.8608648513980856,0.648200735466285,0.5959257190692427,1.3790381811723897,0.5466704568793439,0.6599974678191011,-0.0011346138691957636,0.7407853050603379,0.6599587970597376,0.003495646118664087,0.49712995141565774,0.4973762335511638,-0.0008653861308041792,0.7581339348337983,0.4908465591204686,0.003219921336520302,0.5110491708449231,0.5632865740478243,0.3961615103515991,0.7569010414928853,0.5747691569873795,0.39917039798860193,0.34798728764162823,0.9177060145745084,1.0490048699601653,0.9380588643180405,0.9174723611777245,1.0409280256153088,0.4049251339398635,0.74388924446822,1.026524294057748,0.8792571119460311,0.7442190638115863,1.0189004730070526,0.5420764653562469,0.5866866322909825,1.0789566794452667,0.7424664711924358,0.5873430107613278,1.0750070429713847,0.5494945728146214,0.5901014308004067,0.7071565290039371,0.6783843364504377,0.5901998673165777,0.7092401993138994
3.4999999999999973,0,0-ACCAD_Male2General_c3d_A6- Box lift_poses,103,0.6379144039237872,0.581244707107544,0.786108222910145,0.704198892879809,0.020277123723039907,-0.03154115427758466,0.7090119273377631,0.16600289940834045,-0.02627529576420784,-0.30120664834976196,-0.03432684391736984,-0.0479560077901755,0.01611494237264366,0.13306498527526855,0.04720766097307205,0.09049753844738007,0.03896413370966911,-0.09804424893662378,-0.020318760020572535,-0.006389436777681112,0.03501371666789055,0.1161779835820198,-1.0,0.6825200319290161,0.932513952255249,-1.0,-0.7010934948921204,0.9310877323150635,0.636739225421184,0.57574837970834,0.8608973219861987,0.6480497523993519,0.596476434516422,1.3790701277435835,0.5469761727250447,0.6599713687388276,-0.0011331325027581392,0.7407996550957989,0.6599558736112335,0.0035941502825489295,0.4973615465653015,0.4973727279881259,-0.0008668674972416718,0.7580289982255308,0.49083143416095293,0.0033226434754394032,0.5112901717763584,0.5635910989571127,0.3961445721585548,0.7570043415044541,0.5747891510294472,0.39926708141120243,0.3490575163656405,0.9190799723634661,1.0456137403340835,0.9374435789055543,0.9184141628439524,1.0375700607077352,0.4061154097606938,0.7449857102404797,1.0257353877529523,0.8782734874318094,0.7449547933100475,1.0183265786928546,0.5420643132802847,0.5872360677355221,1.0789396037607952,0.7424567153019715,0.5877193970717632,1.075087785393923,0.5496681857241071,0.5905277122078839,0.7071400567453108,0.6785569358269417,0.5905082501028028,0.7092869007596041
3.5333333333333306,0,0-ACCAD_Male2General_c3d_A6- Box lift_poses,104,0.6380666937911883,0.5811702013015747,0.7861570069593088,0.7044093509847623,0.02023753308105747,-0.031789967558096974,0.7087928515883003,0.16603903472423553,-0.025799082592129707,-0.30082330107688904,-0.03416807949542999,-0.047902457571772805,0.01598689155048172,0.13319692015647888,0.04807038977742195,0.09069014340639114,0.03830929845571518,-0.09714297652493697,-0.020749226220561967,-0.006370882038027048,0.03516862913966179,0.11609549820423126,-1.0,0.6756041049957275,0.9438298344612122,-1.0,-0.6942482590675354,0.943703293800354,0.6368593540461197,0.5756519999064902,0.860943982991926,0.6480685270091138,0.596172449916744,1.379127616590301,0.5471562949611414,0.6601072647932329,-0.0011325668958866927,0.7407352845523887,0.6601436253300731,0.003661543903645568,0.49750873923989936,0.4975186738190239,-0.0008674331041134027,0.7579093227361349,0.4910135522937279,0.0033954477109625902,0.5114894117679176,0.5637000900856255,0.3961461468388319,0.7570997660515816,0.5746877098815504,0.39936420591601196,0.3502046612762361,0.9197067715657571,1.042757729085069,0.9369294472843204,0.9186958028484917,1.0346773091013708,0.40732047583409714,0.7453861211037501,1.02516060562517,0.8774450365684392,0.7450882464215757,1.0178968014383807,0.5421470407979583,0.5871101096178393,1.0789690887140853,0.7425405787931767,0.5874764250167074,1.0751637447365272,0.5498566096952482,0.5905326499089617,0.70715766036575,0.6787444764981202,0.5904350690680786,0.7093539190480305
3.5666666666666638,0,0-ACCAD_Male2General_c3d_A6- Box lift_poses,105,0.6380147185409442,0.5811930894851685,0.7861836426353777,0.7042515125622847,0.020087380502611673,-0.03187714208184233,0.7089500349185206,0.16622573137283325,-0.025328094139695168,-0.3004671335220337,-0.03415209427475929,-0.048226186163144336,0.015990494039295866,0.13343968987464905,0.048974327743053436,0.0909164771437645,0.037612397223711014,-0.09669148700802688,-0.021300627989868093,-0.006412760820239782,0.03547084704041481,0.1158750057220459,-1.0,0.6689562201499939,0.9540984630584717,-1.0,-0.6882133483886719,0.9553229212760925,0.6367834320781613,0.575681209121008,0.8609706943789632,0.6479719191127636,0.596134508442317,1.3791582342551658,0.5470429384862304,0.6598981751742696,-0.001132670969876362,0.7403338758829048,0.6601890230101018,0.003723309421532199,0.4975299009261734,0.49726856930488506,-0.0008673290301237507,0.7576348558197024,0.49107187914651296,0.003463031399586293,0.5114878366251449,0.5635705864607593,0.39614052851878206,0.7569774644024835,0.5746228978511544,0.3994397236539229,0.3508997349759852,0.9201740331063648,1.0400574579551427,0.9360253151851256,0.9193361150288702,1.03190949434335,0.4081613432582858,0.7456990012433697,1.0245934456200676,0.8764027827184643,0.7455685617029751,1.0174334714930562,0.5420682836281967,0.587067747296681,1.0789935412228742,0.7424618343574584,0.5875163950118203,1.0751976959485636,0.5498283963457306,0.5905148383972184,0.7071519575044859,0.6787155023544904,0.5904745661948682,0.7093936681194902
3.599999999999997,0,0-ACCAD_Male2General_c3d_A6- Box lift_poses,106,0.6379355039680377,0.5811424851417542,0.7862428831678147,0.7037938498672762,0.020104839719488374,-0.03217064568348067,0.7093906271337108,0.1663626879453659,-0.024889420717954636,-0.3001581132411957,-0.03418082743883133,-0.04792106049643552,0.015933191321046314,0.13387826085090637,0.04976710304617882,0.09121128171682358,0.03700379282236099,-0.09602642731471644,-0.021614889063784504,-0.006435371935367584,0.03601137921214104,0.11574726551771164,-1.0,0.6626111268997192,0.9633960723876953,-1.0,-0.6829061508178711,0.966062605381012,0.6366786063098483,0.5755968025821776,0.8610270099142389,0.6479175579710438,0.5957723515225644,1.379225375721279,0.5469224244869973,0.6599711100313185,-0.0011329618011151274,0.7399770790786132,0.6604801258838731,0.003818421354861899,0.49766899092402417,0.49726269424745206,-0.0008670381988847772,0.7575546499058345,0.49139149893881695,0.003562996904888236,0.5115105293083777,0.5634800758842292,0.39614622581888553,0.7568981926693553,0.5747340241027641,0.39955687125569844,0.35132991173895645,0.9201661191373991,1.037783165902637,0.9349348186953031,0.9199562974944124,1.0295295369567798,0.40881967670703295,0.7456100169023502,1.0241942623195457,0.8753230698823591,0.7460265645955815,1.017101680288315,0.541993761087477,0.5867382827959643,1.0790668110163852,0.7423861746462381,0.5874442929932919,1.07525013213342,0.5497719041595219,0.590390720937678,0.7071764813590785,0.6786579218400178,0.5905192502597617,0.7094740035971453
3.63333333333333,0,0-ACCAD_Male2General_c3d_A6- Box lift_poses,107,0.6378821578109637,0.5811744928359985,0.7862770637424614,0.7034961206743772,0.020083496976308617,-0.0323495962286829,0.7096783531777942,0.16655698418617249,-0.024474358186125755,-0.29989030957221985,-0.03421959653496742,-0.04789292213154517,0.015856898961264965,0.13462680578231812,0.050524480640888214,0.0915481448173523,0.03645782172679901,-0.09593839548478034,-0.02206478977416171,-0.0063830409198999405,0.03673698008060455,0.11561354994773865,-1.0,0.6565914154052734,0.9718058109283447,-1.0,-0.6782097220420837,0.9759660959243774,0.6366064089521543,0.5756115222775064,0.861059587258418,0.6480669717933925,0.5956142689831906,1.3792611408429771,0.5467865124198399,0.6599751316205849,-0.0011332898133952427,0.7396161026415828,0.6604362627073035,0.0039001889254294993,0.49771478331275454,0.49721182390738006,-0.0008667101866047001,0.7573993100075541,0.4913691326378161,0.0036490597835541795,0.5115067480080097,0.563428598574778,0.39614723207060226,0.756806674050046,0.5747073946616207,0.39964013840639373,0.3519803583054412,0.9203574801698529,1.035695178960963,0.9341368664333843,0.9205308758136138,1.027195702671649,0.40958179531550454,0.7457121019344038,1.0238364050133415,0.8744786617353492,0.7464901600543385,1.016693699321115,0.5420292350804847,0.586586996067248,1.079142604517419,0.7424193403858684,0.587479142962864,1.0752445704470313,0.5497357199015035,0.5903725646923941,0.7071846345065391,0.6786207640339808,0.5906199702018309,0.7095218468481859
3.6666666666666634,0,0-ACCAD_Male2General_c3d_A6- Box lift_poses,108,0.6378511633956805,0.5812805891036987,0.7863399524957452,0.7030020438647842,0.020012726055861185,-0.03263676659162825,0.7101566436950321,0.16684715449810028,-0.02404649741947651,-0.29966825246810913,-0.03422866389155388,-0.04784482997039019,0.01600281161069783,0.13549764454364777,0.051198020577430725,0.09193956106901169,0.03580477088689804,-0.09581324052325679,-0.022186074334888284,-0.006255652755498886,0.03752126172184944,0.1156378984451294,-1.0,0.6509443521499634,0.9795480966567993,-1.0,-0.6740256547927856,0.9850546717643738,0.6365414319078754,0.5756936585120469,0.8611201023350836,0.6481149357783383,0.595576193416607,1.3793249816626756,0.5468044088216948,0.659992238228262,-0.0011334809765246139,0.7394688549157763,0.6605346498266964,0.004037210534508971,0.4979945299563178,0.49715021522294917,-0.0008665190234754643,0.7575556806603537,0.4914997237757637,0.0037912238662150995,0.5116241288288529,0.563389205683177,0.396147238031845,0.7568608335294864,0.5748100548940468,0.39978293611168625,0.35236196628623223,0.9204143422668272,1.033721650840983,0.9331621601021862,0.9213144851366478,1.0251318367256579,0.4101637811816691,0.745732574898365,1.023484730015254,0.8735820752105239,0.747149694999248,1.0163909234515278,0.5420261249277571,0.5864654337389906,1.0792270186904216,0.7424137633339898,0.5876680006996928,1.0752858124438534,0.5497362051959267,0.5903896843471366,0.7072005996359171,0.6786193510939288,0.5908259309841184,0.7096088776224541
3.6999999999999966,0,0-ACCAD_Male2General_c3d_A6- Box lift_poses,109,0.6376589980209246,0.5812194347381592,0.7863911953591459,0.70227588541736,0.020216218462411634,-0.032990967746866,0.7108526438858257,0.1670510470867157,-0.023820459842681885,-0.29946115612983704,-0.0341896191239357,-0.04732774919469662,0.015917849335863377,0.1364109069108963,0.05166691541671753,0.09241395443677902,0.03507388383150101,-0.09516441801988806,-0.022317035791682982,-0.006101313978433609,0.038404762744903564,0.1159406304359436,-1.0,0.6456227898597717,0.986753523349762,-1.0,-0.6702134013175964,0.993372917175293,0.6363392967096505,0.5755720728330053,0.8611666304428767,0.6482060092825335,0.5952477064134667,1.3793737353101503,0.546524427640493,0.6601775382311639,-0.001133416471069286,0.7390321157770636,0.6608787530705149,0.004110900271257375,0.4980764157780591,0.4972274877655121,-0.0008665835289306152,0.7575439326834811,0.4918898334508912,0.003870732380739546,0.5115368129502343,0.5633142407975977,0.3961566188009629,0.7567111576605292,0.5749921867331583,0.39987985354103606,0.3524030533398559,0.9200073897810562,1.0320451756165794,0.931902204716601,0.9220312968636886,1.0231970627299944,0.4105081393179541,0.745346923336464,1.0232653892294619,0.8725433977876745,0.7477181490681897,1.0160540416767476,0.5419627150046873,0.5860384386835248,1.0793334364858769,0.7423448311948898,0.5876907301726221,1.0752760550678653,0.5495483033678431,0.590217749501178,0.7072333249489212,0.6784294391391097,0.5909287651358495,0.7096777534180307
3.73333333333333,0,0-ACCAD_Male2General_c3d_A6- Box lift_poses,110,0.6372660842025653,0.580952525138855,0.7864495838803047,0.7017022195488196,0.020544225922844654,-0.03343577516566217,0.7113887676935605,0.16718585789203644,-0.02380380406975746,-0.2992681562900543,-0.03410480543971062,-0.046454319982930814,0.015860804731375633,0.13754485547542572,0.05192272365093231,0.09296438097953796,0.03440145403146744,-0.0945030260780424,-0.022280051030309833,-0.005934609100222588,0.03925827145576477,0.11629973351955414,-1.0,0.640645444393158,0.9933947324752808,-1.0,-0.6666624546051025,1.0,0.6359390302900237,0.5752222605657122,0.8612185814383501,0.6481242872588707,0.5945582755339522,1.379431933814068,0.5461529663353704,0.6604564140645384,-0.0011331254117234214,0.7385182882066869,0.6610440540781913,0.004183903642044316,0.4979898921215131,0.49742191651027995,-0.0008668745882766116,0.7573894220340369,0.49209487507483973,0.003948909676773964,0.511267438809093,0.5632321683249156,0.3961716975891285,0.7563918265861874,0.5749768083259491,0.39997740138509896,0.35235856514844843,0.919417364153357,1.0306176402673777,0.9305202775596516,0.9223490522095708,1.0216642559250766,0.4106812341365573,0.744769100227163,1.0231333638268576,0.8714200581675008,0.7479009901491311,1.0157819166518978,0.5417124959074857,0.5853702598400592,1.0794507008365897,0.7420887478611868,0.5873882658054187,1.0752709634153357,0.5491584994245516,0.5899012335652967,0.7072819017027308,0.6780375265947037,0.5908371623820503,0.709753882055082
3.766666666666663,0,0-ACCAD_Male2General_c3d_A6- Box lift_poses,111,0.6368920650565997,0.5808243751525879,0.7864948251023183,0.7013585156101733,0.02063273115403486,-0.033707861392975276,0.7117122333264558,0.1673775017261505,-0.023864932358264923,-0.29910901188850403,-0.03400477394461632,-0.04615996065275141,0.01612826736109474,0.13878554105758667,0.05207483842968941,0.09356221556663513,0.0336846187710762,-0.09449248203704563,-0.02213612180886826,-0.00577808590605855,0.03992689400911331,0.11670783162117004,-1.0,0.6360207796096802,0.9994862675666809,-1.0,-0.6632559895515442,1.0,0.6355485557873435,0.5750551893014133,0.8612605356751338,0.6479237168930221,0.5943691312058186,1.3794707078931894,0.5459565576976814,0.6604638728988766,-0.0011327791313993224,0.7381962507771495,0.6608066571405078,0.004278318243322365,0.49796969765130994,0.4973774211571731,-0.0008672208686005475,0.7573224298977825,0.4918861532705169,0.004048874233021058,0.5110523599787159,0.5631294360201737,0.3961749592373743,0.7561466032477473,0.574769785295309,0.4000761889349091,0.3524545777807263,0.9192696371456817,1.0290382874789923,0.9288335525413631,0.9228760321166143,1.0210972172695865,0.4108748837966154,0.7446029531743962,1.0228591645919618,0.8703920214867614,0.7481979069205031,1.0154665663184188,0.5414151650861687,0.5850844193628757,1.0795267937564124,0.7417874462387299,0.5873339209073261,1.07527548942475,0.5487991866469984,0.5897351340761595,0.7073054648200183,0.6776762156416308,0.590816842779819,0.7098141343129399
3.7999999999999963,0,0-ACCAD_Male2General_c3d_A6- Box lift_poses,112,0.6368499841773883,0.5806856751441956,0.7864872290493949,0.7008994406994952,0.02114925332993308,-0.033997314894821065,0.7121354265100588,0.16764244437217712,-0.023870615288615227,-0.29901111125946045,-0.03393342345952988,-0.0454850615536202,0.01563330284609432,0.1399596482515335,0.05217801779508591,0.09419260919094086,0.032735589891672134,-0.09349018620835237,-0.022432087550114166,-0.005628594197332859,0.04031193628907204,0.11719296872615814,-1.0,0.6317934989929199,1.0,-1.0,-0.6599356532096863,1.0,0.6355348492092007,0.5748305463182483,0.8612467627989242,0.6482327256166496,0.5938439494194658,1.3794601507790663,0.5455985572618823,0.6608564592900384,-0.0011325081884929304,0.7377707948114224,0.6611600580217843,0.004218401187578248,0.497832047587142,0.4977053320496395,-0.0008674918115071373,0.7572155595543348,0.4922759201981001,0.003996780693076043,0.5109330797786957,0.563196398146045,0.3961890120533666,0.7560298967025653,0.5748407877434825,0.400050322586247,0.3532187767597214,0.918964959872406,1.0286467303164943,0.9274730686472474,0.923334373989116,1.0205965652505902,0.41137041397379215,0.7441998039298203,1.0227229171986687,0.8697319918505523,0.7484182215407069,1.015131049065342,0.5415435693878762,0.5845942455875409,1.079579347739085,0.7419095595031332,0.5871388662321659,1.0751998716394033,0.5487234836885935,0.5895803590112206,0.7073320461914089,0.6775994146984602,0.5908456258590556,0.7098046262827619
3.8333333333333295,0,0-ACCAD_Male2General_c3d_A6- Box lift_poses,113,0.6364704217994586,0.5802833437919617,0.7864600151459546,0.7000871089785724,0.021402711125081228,-0.03401800071933573,0.7129254795738331,0.16791632771492004,-0.02395421266555786,-0.2989443838596344,-0.03397934138774872,-0.04539085445497748,0.015463890626143395,0.14113448560237885,0.05220485106110573,0.09485667943954468,0.03161308541893959,-0.09307252155206513,-0.022699073402432934,-0.0054831067100167274,0.040511611849069595,0.11766814440488815,-1.0,0.6279855966567993,1.0,-1.0,-0.6568025350570679,1.0,0.6351868679468883,0.5743979345470361,0.861217720083488,0.6480657460128378,0.5935122254902729,1.379422542950228,0.5449114114740227,0.6603563939774435,-0.0011328046739153101,0.7369977043988652,0.6608433540382795,0.004166803351942534,0.49752591701529664,0.4970941988232181,-0.0008671953260848651,0.7569330409007344,0.4920164090866685,0.003954631574929365,0.5105248488008269,0.562568066639501,0.3961916063032794,0.7556192209152083,0.574466263527327,0.40001481966653873,0.3531880636626774,0.9182644459772837,1.02807260979284,0.9254386439973707,0.9239670044665237,1.0199163943632101,0.4112582072110479,0.7434628239177082,1.022432081645488,0.8685494008683665,0.748763779339651,1.0147194601208398,0.5412723749609483,0.5839664474622627,1.0795881167565315,0.7416296474603761,0.5870018337138964,1.0751232890002334,0.5483044638076621,0.5890127183108872,0.7073288885737604,0.6771774028337704,0.5905935204705758,0.7097694074585335
3.8666666666666627,0,0-ACCAD_Male2General_c3d_A6- Box lift_poses,114,0.6365147080505267,0.5799209475517273,0.7864662467488809,0.6997828972578429,0.021790157395929394,-0.034247495237161946,0.7132013704530161,0.16795146465301514,-0.024096589535474777,-0.2989232540130615,-0.034026168286800385,-0.04455787836474023,0.015179645435666744,0.1423521488904953,0.05223773419857025,0.09553345292806625,0.030467411503195763,-0.09218193312572942,-0.022870434508410087,-0.005279429256916046,0.0405789390206337,0.11822455376386642,-1.0,0.6245750188827515,1.0,-1.0,-0.6539068222045898,1.0,0.6352509518519684,0.5739698865499341,0.861219091465477,0.6482370129398155,0.5929524768190803,1.3794253459593244,0.5448291943429635,0.660549892072654,-0.0011330824624845408,0.736794321549227,0.6607668509487965,0.004136212231488651,0.49757974861871535,0.497248272255262,-0.000866917537515409,0.756980171636891,0.49196966370629974,0.003933640614898596,0.5105432712980933,0.5624255812797158,0.39620684857730315,0.7556415700478942,0.5741390484431595,0.4000162013620353,0.35390161544478005,0.9178518143385505,1.027687047544009,0.9243340279145768,0.9241038932473433,1.0195046532052967,0.41170005146369226,0.7429541327758151,1.0222367281115448,0.868022554950609,0.7487092485317576,1.0144746609697302,0.541381513871163,0.5833847052451322,1.079613756497563,0.74173438278396,0.5866333012811087,1.075101612638314,0.5483257217762121,0.5886457842907483,0.7073600940029531,0.677197270973325,0.5903618047738546,0.7097746028506463
3.899999999999996,0,0-ACCAD_Male2General_c3d_A6- Box lift_poses,115,0.636260673054494,0.5794156193733215,0.7864578133271044,0.6992219509582748,0.022137635118855574,-0.03436575183583994,0.7137349532636088,0.1679648905992508,-0.02434590831398964,-0.2989162802696228,-0.034065596759319305,-0.04391142001755366,0.014984701900242259,0.1435864120721817,0.05210396274924278,0.09626118093729019,0.029297513887286186,-0.0915084320102093,-0.022968321302575867,-0.005097448360174894,0.04066629335284233,0.11865727603435516,-1.0,0.6215139627456665,1.0,-1.0,-0.6513073444366455,1.0,0.6350263404428118,0.5734145455686469,0.8612071513589197,0.6481551912496973,0.5923226482047347,1.3794120256610403,0.5444031502479636,0.6603824753238127,-0.0011333240610861967,0.7362857881084633,0.660457177079019,0.00409081461858854,0.4974055584143522,0.4970081956448491,-0.0008666759389137843,0.756849622044312,0.4917056094530493,0.003898051456557281,0.5102748007010752,0.5619696029730561,0.39621835447739706,0.7553890796737148,0.573665878232927,0.3999964081187515,0.3540016056688367,0.9170901824679687,1.027339303432739,0.9227920264157126,0.9242957921630451,1.019066682646403,0.41169763445817686,0.7421533272468988,1.0220639691807545,0.8671425814429059,0.7486852643271522,1.0142039682207213,0.5412166576849833,0.5826280970052937,1.0796341164920022,0.7415619682070022,0.5862309841094507,1.0750558355536457,0.5480368567830414,0.5880535451713191,0.707380892016703,0.6769056374714446,0.5900002347498121,0.7097600525951567
3.933333333333329,0,0-ACCAD_Male2General_c3d_A6- Box lift_poses,116,0.6360381093109027,0.5790026187896729,0.7864457411279628,0.6989746415099901,0.02225441477053381,-0.03434825399325546,0.7139743615822748,0.1679842472076416,-0.024678301066160202,-0.29892393946647644,-0.034110117703676224,-0.043701144581597795,0.01511199254049067,0.14472347497940063,0.051896218210458755,0.09701549261808395,0.028127018362283707,-0.09126325543535652,-0.02293867034627839,-0.004937902092933655,0.040758855640888214,0.1188822016119957,-1.0,0.6188445091247559,1.0,-1.0,-0.6490507125854492,1.0,0.6348201877694151,0.5729907621442906,0.8611944818985883,0.6480599983487789,0.5919649578737914,1.379393938612291,0.5442120805486745,0.6600071554543002,-0.0011336028435836414,0.7360036419166829,0.659841345979788,0.004068423067740065,0.49732186356272146,0.496602026550306,-0.0008663971564163604,0.7568005676071293,0.4911183350881692,0.0038854545110986287,0.5100835123977852,0.5615153644275943,0.39622104022977866,0.7552241284346493,0.5730130600965834,0.3999870956414829,0.3543016992045974,0.9167168473912457,1.026925483947659,0.9216653347356907,0.9243664720887689,1.0186039723326352,0.4117912352102566,0.7417060085549376,1.0218536259218542,0.8664753134591496,0.7486058621762343,1.0139313115449344,0.5410583182680422,0.5821487170166318,1.0796425232944917,0.7413993259314008,0.5859250980665937,1.07501602412173,0.5477953508054787,0.5875900633568101,0.7073843536603155,0.6766625916399478,0.5896540920844541,0.7097409169584741
3.9666666666666623,0,0-ACCAD_Male2General_c3d_A6- Box lift_poses,117,0.636112853535451,0.5787160396575928,0.7864453749942718,0.6985678847832846,0.022422468669494763,-0.034383022165554604,0.714365418420388,0.1678323596715927,-0.024936290457844734,-0.2989995777606964,-0.03406360745429993,-0.043302060067844206,0.015088706429277288,0.1455443799495697,0.05179837346076965,0.09775398671627045,0.027013005688786507,-0.09061253033050831,-0.02295253290009691,-0.004733494017273188,0.04070304334163666,0.11907799541950226,-1.0,0.6166148781776428,1.0,-1.0,-0.647081196308136,1.0,0.634912697707419,0.5726821908787044,0.8611926310971011,0.6481611044831043,0.5916379509885427,1.3793921502427176,0.5442380563120205,0.6599064394506664,-0.0011334358996541172,0.7359241485948598,0.6596828715168925,0.004041623475146659,0.497517123883084,0.4964528275223476,-0.0008665641003459262,0.7570306709300507,0.49099830035911873,0.003867933429309866,0.5101809870706886,0.5612421376464336,0.3962274252648842,0.7553354391252929,0.5726871136324659,0.3999854453469438,0.35457916533013584,0.9162510302455142,1.0266071130978145,0.9207205561390307,0.9246284985582889,1.0183065674977574,0.41200449312289106,0.7412148464183362,1.021684686533495,0.8660353404114585,0.7487067818099791,1.013763335022473,0.5411516410821197,0.581701506016342,1.0796474740370545,0.7414870780174325,0.5857469580510302,1.0750072234218089,0.5478489040063718,0.5872211183762661,0.7073995646920382,0.6767135612528401,0.5894553421703342,0.709736235659715
3.9999999999999956,0,0-ACCAD_Male2General_c3d_A6- Box lift_poses,118,0.6360146250808612,0.578199565410614,0.7864585222043181,0.6986316942889206,0.02251670524511179,-0.03442966897498236,0.7142978031704773,0.16742374002933502,-0.02503086067736149,-0.2991742789745331,-0.0339629091322422,-0.04281572610688644,0.01491166026278612,0.14606840908527374,0.05187864601612091,0.09845387190580368,0.025971952825784683,-0.08980974638064176,-0.02305770081459968,-0.00441854540258646,0.04037032648921013,0.1192631945014,-1.0,0.6147996783256531,1.0,-1.0,-0.6452578902244568,1.0,0.6348191213490745,0.572150977283427,0.8612046615861948,0.6479049706771438,0.5911035723711023,1.3794075707365914,0.5441388626547133,0.6597876382134318,-0.0011329974101423682,0.7357158537911692,0.6592706246384595,0.004028285712589123,0.4973583297397593,0.4963510725772545,-0.0008670025898575955,0.7569080571778621,0.49059678767628,0.003863240042888523,0.510060672746029,0.5609524981442848,0.3962359070435749,0.7552429657135271,0.5720319662824497,0.40000075152872816,0.3549062294223713,0.9158747613345218,1.0262500060904272,0.9199978693458384,0.9243088549193166,1.0181251765444994,0.41210887253966144,0.7407615459501324,1.0214767868094228,0.8655829092891277,0.7483005417233071,1.013692343128933,0.5409816798739784,0.581160151765907,1.0796323759986346,0.7413179786947546,0.5852277545152305,1.0750490494047311,0.5477463453005561,0.5867262832264651,0.7074220935015494,0.6766111166493711,0.5889599288007256,0.7097475545706322
4.033333333333329,0,0-ACCAD_Male2General_c3d_A6- Box lift_poses,119,0.6362327184760943,0.5776374340057373,0.7864621913565284,0.6981433169462841,0.022777819084861525,-0.03447950909245545,0.7147644670894888,0.1668693870306015,-0.025068333372473717,-0.2994156777858734,-0.03383588418364525,-0.04206430685400542,0.014402879844366945,0.14631877839565277,0.05210050940513611,0.09912294894456863,0.02504550851881504,-0.08859544682609188,-0.023420333444968522,-0.004037993494421244,0.039929769933223724,0.11943679302930832,-1.0,0.61324143409729,1.0,-1.0,-0.6434770226478577,1.0,0.6350640890073691,0.5715553974891348,0.8612060415181004,0.6479833899415206,0.5904015566032735,1.3794159933660823,0.5440577958804521,0.6597340032728637,-0.0011324081177166469,0.7354789332643824,0.6592691612371626,0.003968751331113778,0.49746027965964024,0.4962451615911984,-0.00086759188228323,0.7570179337860018,0.49063925081073106,0.003811378832514766,0.510196675553753,0.560554373278379,0.39625011837151836,0.7553697376027976,0.5716856064228795,0.3999795771303197,0.3549536002572191,0.9149191564125193,1.026023012488355,0.919065445735119,0.9243376919863011,1.0180070641478123,0.41224820944753254,0.7398337252619833,1.021334328160288,0.8651972182003895,0.7481595695935083,1.0136427249555837,0.5411446027242156,0.580351436748684,1.079614229284325,0.7414746628660964,0.584763412091621,1.0750770079844882,0.5479334926322498,0.586063454248718,0.7074525305234421,0.6767952395663825,0.5884921252598398,0.7097453226227884
4.066666666666662,0,0-ACCAD_Male2General_c3d_A6- Box lift_poses,120,0.6362688388908282,0.5771560668945312,0.786489240427952,0.697999533609282,0.022866806461068197,-0.03455148506149218,0.7148985628210077,0.1662893444299698,-0.02512330189347267,-0.29969385266304016,-0.03367592394351959,-0.041445735581195464,0.014183917780282718,0.1464727371931076,0.052442461252212524,0.09975796937942505,0.0242613535374403,-0.0876533572498086,-0.023684446324438557,-0.00362460408359766,0.03959262743592262,0.11951455473899841,-1.0,0.6118497252464294,1.0,-1.0,-0.6417699456214905,1.0,0.6351034178833623,0.5710567928057185,0.8612317360342996,0.6478076186691301,0.5898380763862154,1.379448670455214,0.544062041918278,0.6597071616580253,-0.001131671589740653,0.7352455633912781,0.6591210142406972,0.003968542223648449,0.4974830459798611,0.49621304008865896,-0.0008683284102592725,0.7569640741088416,0.49051412385529564,0.003817523098214346,0.510228941572985,0.5602904259258036,0.39626048580689266,0.7553666126830573,0.5712600573913763,0.40000912768020364,0.35504986377454484,0.9143200915139976,1.0257729368881725,0.9182590524380512,0.9242041060592967,1.0179255845402975,0.41229624053393304,0.7392162733826827,1.0211827922362344,0.8647644454893746,0.7479103401803749,1.0136361389114714,0.5410848204850182,0.5797485814486155,1.0796069196109603,0.7414129914986979,0.5843178941447231,1.0751425966164747,0.547965752128853,0.5855504404431242,0.7074836513886875,0.6768261542851318,0.5880478635698669,0.7097741268890674
4.099999999999995,0,0-ACCAD_Male2General_c3d_A6- Box lift_poses,121,0.6361712064826861,0.5767480134963989,0.7865400280097458,0.6980323109870724,0.022794968487578567,-0.034673238970770265,0.7148629580059197,0.165851429104805,-0.025024566799402237,-0.3000291585922241,-0.03358941152691841,-0.04099758716265045,0.014165017673661517,0.14658935368061066,0.05293300747871399,0.10034380108118057,0.02355784922838211,-0.08692899942049936,-0.02383894327513192,-0.0032264890614897013,0.03934326767921448,0.11950235813856125,-1.0,0.6105649471282959,1.0,-1.0,-0.6402085423469543,1.0,0.6349850421035623,0.570643277690416,0.8612817513963847,0.6473895262776337,0.5893829361479648,1.379507050232897,0.5440981975993749,0.6596171709835394,-0.001131281371465797,0.7350381895689384,0.6588838071981031,0.004031563098708214,0.4974486226601047,0.49614317238195327,-0.0008687186285341389,0.7568455100927339,0.49028837538389813,0.0038861569289821464,0.510185156672648,0.5600607501698375,0.3962671985976695,0.7552932155043763,0.5708033010022668,0.40009562938925575,0.35510687214434106,0.9139469705539602,1.0254913070042841,0.9174921767860682,0.9240027507934498,1.017922668740773,0.4122302423306867,0.738800090025147,1.02101302343271,0.8642617883528803,0.7476274486298404,1.013698602203007,0.5408341889005983,0.5792905153266892,1.079605846120405,0.7411635449609777,0.583914130000664,1.075251975683615,0.5478904940182291,0.5851468446652047,0.7075122642005768,0.6767502432425319,0.5876441084290784,0.7098364424622877
4.133333333333328,0,0-ACCAD_Male2General_c3d_A6- Box lift_poses,122,0.6365138735854998,0.5762209296226501,0.786563362681687,0.6972271159718062,0.02292596061483315,-0.03477734755839567,0.7156390746600741,0.1655893325805664,-0.024654684588313103,-0.30045121908187866,-0.03364633396267891,-0.04047537333573503,0.013654578277750296,0.14666219055652618,0.053568363189697266,0.10087782889604568,0.02285955473780632,-0.08588561329161082,-0.024324782487741836,-0.00286503741517663,0.039018671959638596,0.1194840744137764,-1.0,0.6093830466270447,1.0,-1.0,-0.6388137936592102,1.0,0.6353377241106203,0.5700900350887224,0.8613031031456905,0.6474730106683875,0.5886872443204013,1.3795393896699455,0.5440580622468273,0.6592972610545955,-0.001131531522431034,0.7348197902304323,0.6589573568470253,0.004032455156792913,0.49771123651527505,0.49573717257808625,-0.0008684684775688602,0.7571067722273406,0.4904246569918447,0.003892766241406914,0.5104599187188333,0.5594526523120976,0.3962776331388942,0.7555485737180956,0.5706107735808413,0.4001264367731403,0.3548370998055531,0.912737420490079,1.0253244127680567,0.9164499159782521,0.9242542635315845,1.017962443066218,0.41225381109034476,0.737685158538067,1.0208982344061714,0.8638669191469179,0.7476844478526846,1.0137561573503722,0.5410643569597986,0.5784212240537404,1.0795920003605863,0.741382886752416,0.5835616159449949,1.0753202451091046,0.5482185992630964,0.5844404146091212,0.7075344148719108,0.677072120571418,0.5872338073179342,0.709865103799467
4.166666666666662,0,0-ACCAD_Male2General_c3d_A6- Box lift_poses,123,0.6366571631515399,0.576012372970581,0.7866209577402414,0.6971128374162341,0.02273911757892406,-0.034924884523660514,0.7157491717649612,0.16554465889930725,-0.024189265444874763,-0.3009234368801117,-0.03375677764415741,-0.040365490776586466,0.01363395596853767,0.14689496159553528,0.05434197932481766,0.10135410726070404,0.022283749654889107,-0.08553796561782212,-0.024585913084268052,-0.002514466643333435,0.03876902163028717,0.11940477043390274,-1.0,0.6082320213317871,1.0,-1.0,-0.6376211047172546,1.0,0.6354465010355985,0.5698849947784438,0.8613604354861526,0.6471655996583828,0.5884732748845898,1.3796063235712979,0.5442601499337353,0.6590772322993877,-0.0011320492112174042,0.7348107380473753,0.6587485270962061,0.004143542673441386,0.49789214044144436,0.4955231496608121,-0.0008679507887826045,0.7572401244628568,0.49023471647633543,0.004008430144907895,0.5106464903073771,0.559200284211474,0.39627947480340003,0.7557237006027457,0.5703225181667205,0.40024791942366245,0.35492720847663367,0.9124677705729851,1.0249928590962516,0.9158580481581521,0.9243310101858659,1.0180614102587526,0.4123017948327555,0.7373986060490327,1.020690687840094,0.8635526647311731,0.7476778342020444,1.0138940989488405,0.5409918169854532,0.5781492285736767,1.079577706518888,0.7413102911332207,0.5834148805936958,1.0754586381880364,0.5483979070846201,0.5842004035223852,0.7075487625035217,0.6772492751634761,0.5870391478342618,0.7099414736528963
4.199999999999995,0,0-ACCAD_Male2General_c3d_A6- Box lift_poses,124,0.6367431726539508,0.5757839679718018,0.7866667578836214,0.69681423898085,0.02267600802035789,-0.03509751961059313,0.7160334343667086,0.16557009518146515,-0.02362297847867012,-0.3014635443687439,-0.033906787633895874,-0.04014667581776066,0.013358865543895093,0.14718295633792877,0.05509967356920242,0.10181119292974472,0.021871207281947136,-0.08520008664031731,-0.024933106669941085,-0.0021815455984324217,0.03858477622270584,0.11949256807565689,-1.0,0.6070952415466309,1.0,-1.0,-0.6366452574729919,1.0,0.6355102219263967,0.5696441735553485,0.8614048523002381,0.6469013679307801,0.5882138678708374,1.3796582821883074,0.5442111608578738,0.6589076827629621,-0.0011327312934376749,0.7346273941015623,0.6586372842693282,0.004229461479679442,0.4978962207713168,0.4953385663185867,-0.0008672687065624136,0.7572826973199921,0.4901536951049227,0.0040974828419852866,0.5107069656678236,0.5589218027302142,0.396284225582079,0.7557996573465595,0.5701467932795738,0.4003423291628646,0.3548282234505377,0.9120166471678152,1.0247146406353376,0.91513643224587,0.9244898968975843,1.018141156959149,0.4122500883973688,0.7369604145315191,1.0205183273268474,0.8631674617104291,0.7477368231299439,1.0140009613906158,0.5409127366288485,0.5777892419755927,1.079567685335661,0.7412274793871794,0.5832815251192578,1.0755647414772525,0.5485061329424965,0.5839131072240958,0.7075635618103137,0.6773541081088476,0.5868625936984521,0.7100033034795423
4.233333333333328,0,0-ACCAD_Male2General_c3d_A6- Box lift_poses,125,0.6367934789741412,0.5756668448448181,0.7867287054506248,0.6966809290135819,0.022582024823978954,-0.03536421069208696,0.7161529919687185,0.1657385379076004,-0.022974494844675064,-0.30205708742141724,-0.03404557332396507,-0.039965824016675144,0.013167403117031795,0.14742539823055267,0.05580252408981323,0.10225177556276321,0.021576983854174614,-0.08487395427163724,-0.02505464949793501,-0.0018879222916439176,0.03852575272321701,0.11979082226753235,-1.0,0.6059508919715881,1.0,-1.0,-0.6358584761619568,1.0,0.6355236709966826,0.569508047145449,0.861464619164171,0.6465832412402905,0.588118500073328,1.3797232263392993,0.5442343350455968,0.6588681046544206,-0.0011333559273501194,0.7346027415444083,0.658656608752448,0.0043473185322341415,0.49788727931197696,0.49530808726138126,-0.0008666440726499067,0.7574011138942071,0.490192317804539,0.004217343079942364,0.5107615861612447,0.5588116332439504,0.3962879576207483,0.7559092155892649,0.5700820531427675,0.4004697357017189,0.3548513535094307,0.91183422572526,1.0244007946889666,0.9145957050606104,0.9246185206409758,1.0182323019681299,0.41223233897343625,0.7367615512452459,1.0203331956720079,0.8628494216810166,0.7477993566126878,1.0141250409703049,0.5407849606665289,0.5776110371436358,1.0795683560471336,0.7410986027566033,0.5832298071021842,1.0756877482645117,0.5485948082217109,0.5837899578399435,0.7075812111589102,0.6774404390896606,0.5867843383879074,0.7100887813860671
4.266666666666661,0,0-ACCAD_Male2General_c3d_A6- Box lift_poses,126,0.6367575373733416,0.5753825902938843,0.7867922413597409,0.6963323742128682,0.022486916369341435,-0.03566323989784715,0.7164800740671418,0.1661183089017868,-0.0222063809633255,-0.3026960790157318,-0.034234605729579926,-0.03991166595594553,0.012978943378683327,0.14770443737506866,0.05657535791397095,0.10263516008853912,0.02137800306081772,-0.0846487972468204,-0.025179850470741894,-0.0015830590855330229,0.03851817175745964,0.1201232373714447,-1.0,0.6048012971878052,1.0,-1.0,-0.635187029838562,1.0,0.63544923122269,0.5692010349997333,0.861525612146569,0.6461562792264847,0.5878573981920562,1.379789465278913,0.5441094550257409,0.6585137188814325,-0.0011342092456792137,0.7344555442214976,0.6585431330374534,0.004478886665167901,0.497821820221476,0.4949368781742576,-0.0008657907543208367,0.7574888894694942,0.4901108071083045,0.004350089213408247,0.5107355063974994,0.5584118873742963,0.39628987012075934,0.7559414222041486,0.5699295359351547,0.40060738230446485,0.35457769391336447,0.9113096880408502,1.0240827452051644,0.9137818187937944,0.9247354034861048,1.018349406597787,0.41202409340183693,0.7362555055066485,1.0201446533751846,0.8623506961039932,0.7478237759232168,1.0142653086453932,0.540561622133921,0.5772037545131679,1.0795680513531951,0.7408705400416099,0.583071574112383,1.0758142533029809,0.5485979493125479,0.5834555681940511,0.707594056412793,0.6774392796862281,0.586567151618352,0.710179160919633
4.2999999999999945,0,0-ACCAD_Male2General_c3d_A6- Box lift_poses,127,0.6370061483466998,0.5756295919418335,0.7868338073291669,0.695978113096847,0.022337696407581695,-0.035846813696450396,0.7168197118921654,0.1665640026330948,-0.02132440358400345,-0.30338573455810547,-0.03442923724651337,-0.0402035511784562,0.012684361666167043,0.14804674685001373,0.05752783268690109,0.10293499380350113,0.021295318379998207,-0.08481978800401602,-0.025615039123076278,-0.0012060898588970304,0.03847265988588333,0.12036961317062378,-1.0,0.6037029027938843,1.0,-1.0,-0.6345916986465454,1.0,0.6356656738486339,0.5694432543724104,0.861566212319219,0.6460379270582827,0.5882249584683087,1.3798319074337542,0.5441364379321479,0.6584673947618658,-0.0011350789971874345,0.7344210345965726,0.658706512771674,0.004595832230001602,0.49790655695228314,0.494874225224609,-0.000864921002812654,0.757681678058552,0.4903054262255687,0.004467318317128984,0.5109308238202016,0.5584265044753146,0.39628724031758744,0.7561752162139731,0.5702034113045229,0.4007154039154588,0.35455390939568177,0.9113259762411057,1.0237110060555135,0.913252024680337,0.9254418556946055,1.0183906425280451,0.41208871275698805,0.7362975066627149,1.0199234681494005,0.8621421629272044,0.7484360545100064,1.0143542353704447,0.5406359592945305,0.577368694306432,1.0795500467933445,0.7409390402869585,0.5835038041055189,1.0759139674908633,0.5488789404086812,0.5836326165408963,0.7075901060158468,0.6777159493132876,0.5868654246445572,0.7102414459849689
4.333333333333328,0,0-ACCAD_Male2General_c3d_A6- Box lift_poses,128,0.6370054926956072,0.5753328204154968,0.7869380369942878,0.6959442215461263,0.02220984807140491,-0.03633177857698296,0.7168321735320161,0.16685886681079865,-0.020351674407720566,-0.3041350543498993,-0.03454786166548729,-0.039910104816428094,0.012462635913101816,0.14821672439575195,0.05858656018972397,0.10317195951938629,0.021283555775880814,-0.0844666805929295,-0.02572887709065297,-0.0007365495548583567,0.03838136047124863,0.12070927768945694,-1.0,0.6026661396026611,1.0,-1.0,-0.6340082287788391,1.0,0.6356008690417617,0.5691077299306467,0.8616660456713995,0.6454407316967901,0.5878121732289143,1.3799442658888428,0.5441890914292107,0.6583837222199245,-0.001135583389962773,0.7344098997083248,0.6586678993364646,0.00479377981588423,0.4978560572836543,0.4948197395848585,-0.0008644166100371421,0.7577363547451796,0.49027591657246666,0.00466479833284782,0.5109712453638326,0.5582451826766421,0.3962926797562026,0.7562574139660495,0.5700560126120772,0.4009223732643767,0.35444991171444834,0.9109340401578099,1.0234227164683132,0.9126759882051683,0.9252790713278296,1.0187395602876845,0.4119363084757279,0.735887461584629,1.0197384633016437,0.861739386140047,0.7482242622935749,1.014662628589555,0.540345026978466,0.5769549587570023,1.0795551135325039,0.7406485471621094,0.5831911189471493,1.076120727397605,0.548946091009865,0.5833811565454736,0.7076219938847369,0.6777807360675195,0.5866139805981083,0.7103863196874649
4.366666666666661,0,0-ACCAD_Male2General_c3d_A6- Box lift_poses,129,0.6373339142883196,0.5753405690193176,0.7869766838571663,0.6958154137894782,0.022106615231171974,-0.03651349661391562,0.7169511643487468,0.16706043481826782,-0.019345993176102638,-0.3049291670322418,-0.03470783680677414,-0.04000453457114461,0.011858489542928452,0.14827969670295715,0.05960812419652939,0.10337591171264648,0.021328967064619064,-0.08440996031935821,-0.02629713193938099,-0.00019069619884248823,0.03819648176431656,0.12094384431838989,-1.0,0.6017143726348877,1.0,-1.0,-0.6333745718002319,1.0,0.6359003207544925,0.5691064913888646,0.8617033931763733,0.6453782031147283,0.5878890073661562,1.379984888895131,0.5441903440150432,0.6583501577100245,-0.00113626306045694,0.7343906171222827,0.6587165602055328,0.004886418262836541,0.4977976385106542,0.4948030922961306,-0.0008637369395427634,0.7578264400695968,0.4903397643858426,0.004756678999300882,0.511159151711398,0.5581980673708713,0.39629422096751343,0.7565040539466419,0.5701261326273511,0.4010108352764846,0.3546140683477656,0.910810616707968,1.0230822485349726,0.9123699743288521,0.9256003585442708,1.0188150910948697,0.4121260887504398,0.7357697887270147,1.019526935171448,0.8616769612077545,0.7484748797354248,1.0147719015606818,0.5404879907786131,0.5769030978940993,1.0795285987981413,0.7407882258048786,0.583312554007192,1.0762241138523216,0.5493046549372254,0.5833734916481059,0.7076245427611193,0.6781371439630163,0.5866456712582212,0.7104431007464432
4.399999999999994,0,0-ACCAD_Male2General_c3d_A6- Box lift_poses,130,0.6372762169921771,0.5752536058425903,0.7870667483929683,0.6957656511242922,0.02191574131392725,-0.03686660468624602,0.7169872470673092,0.16720977425575256,-0.018367301672697067,-0.305745393037796,-0.03490982577204704,-0.0397787488662078,0.01156924849547103,0.1481744349002838,0.060589052736759186,0.10354911535978317,0.02136669121682644,-0.08410739424168256,-0.026439355585209157,0.00041225060704164207,0.03801187127828598,0.12114816904067993,-1.0,0.6008842587471008,1.0,-1.0,-0.632750391960144,1.0,0.6357856354648537,0.5690014400284104,0.8617908314542037,0.6447192162838692,0.5877787839713978,1.3800815826151451,0.544112984616933,0.658381864349957,-0.0011371447609205554,0.7342930407757671,0.6588500830876128,0.0050581933081550075,0.49761646023150163,0.4948642873579615,-0.0008628552390793354,0.7577932302576696,0.49048225939967,0.004927652508208622,0.5110997621714999,0.5581497754540182,0.3962989803161209,0.7565070686847465,0.570168989011855,0.40118962685281706,0.35433554633252734,0.9105976275154428,1.0227636118179722,0.9116624418015358,0.925739637065374,1.0190960987174686,0.4118580681481853,0.7355579843489204,1.019321663493001,0.8611801827639463,0.7485542591645417,1.0150405365161195,0.5401403204989778,0.5767305952263856,1.0795190746545589,0.7404393840967384,0.5832765055478327,1.0764172880848812,0.5493072686109062,0.5833012230515657,0.7076484369317418,0.6781374201651384,0.5865782244195752,0.7105675098667212
4.433333333333327,0,0-ACCAD_Male2General_c3d_A6- Box lift_poses,131,0.6375261988723651,0.575299084186554,0.7871538207023658,0.6959376919893527,0.021644749864850477,-0.03718228130090316,0.7168121871376639,0.1674509197473526,-0.017430080100893974,-0.3065611720085144,-0.03514320030808449,-0.0397380751211216,0.011426725410852767,0.14799095690250397,0.06172775849699974,0.1036447063088417,0.021402332931756973,-0.08387229502041338,-0.026723383188843264,0.0010799320880323648,0.037738099694252014,0.12124516814947128,-1.0,0.600239634513855,1.0,-1.0,-0.6321346759796143,1.0,0.6359719992912484,0.5690416677395491,0.8618761681164481,0.6443019424280785,0.5878326402607674,1.3801758929696126,0.544454118616301,0.6584361777743114,-0.0011381747886285466,0.7344806927614438,0.6589854863628936,0.005234515895878686,0.49775252941323006,0.49497705384169405,-0.000861825211371639,0.7579314782951412,0.490610774954388,0.0051033063116716175,0.5113628890489265,0.5582221681162508,0.39630043121661396,0.7567832364470641,0.5702294654205621,0.40136965144636627,0.35447276080279955,0.9106746468246292,1.0224190535720292,0.9114346154448115,0.925873919744552,1.019392926172375,0.41193292130079845,0.7356122804211973,1.0190930907125144,0.8610631084135092,0.7486572576930155,1.0153271943962867,0.540066800108954,0.5767656351506159,1.0794946903424882,0.7403684807489705,0.5833354970366105,1.07662092146107,0.5496254817821095,0.5834052263637572,0.707664646294624,0.6784552176764181,0.5866038841995451,0.7106888201205517
4.466666666666661,0,0-ACCAD_Male2General_c3d_A6- Box lift_poses,132,0.6374808993423358,0.5753942728042603,0.787200374226095,0.6960469725110665,0.02146464350594714,-0.037384109752279765,0.7167009902849102,0.1678285300731659,-0.01647893898189068,-0.30738863348960876,-0.03548755496740341,-0.039829239626684165,0.011051476582478736,0.14786526560783386,0.06271801143884659,0.1037340834736824,0.021498965099453926,-0.08377351385344034,-0.027152420302020253,0.0017656481359153986,0.03740502521395683,0.12107452005147934,-1.0,0.5997442007064819,1.0,-1.0,-0.6315349340438843,1.0,0.6358852945688951,0.5691342285129519,0.8619216288386738,0.6437246347090835,0.5878154981877726,1.380232684792189,0.5442749838708782,0.6584399229641441,-0.0011397138004264236,0.7342421637874953,0.6591091003254194,0.005343421682134159,0.49739775110017936,0.4950310891515941,-0.0008602861995735782,0.7576713344720151,0.4907313807514593,0.005211088358664153,0.5112192373365865,0.5582611208473731,0.3963010621129074,0.7566936115520801,0.5703350943719385,0.4014765763725117,0.3542607874816495,0.9106899312167928,1.022201903777913,0.9109008854508471,0.9260719118212529,1.0196711010692725,0.41171283735687336,0.7356239303246368,1.0189275334673658,0.8606724194282496,0.7488155833046626,1.0155650803674847,0.5397665542563513,0.5767780365840134,1.0794544923319995,0.7400686547540909,0.5834125096484346,1.0767642872560046,0.5496244829244529,0.583542487110302,0.707664503766673,0.6784540000118549,0.5866855045361227,0.7107576023216298
4.499999999999994,0,0-ACCAD_Male2General_c3d_A6- Box lift_poses,133,0.6379685249412432,0.5758800506591797,0.7872105081913104,0.6960545935223226,0.021259321517990207,-0.037416133760811224,0.7166980375440288,0.16827793419361115,-0.015463653020560741,-0.3082369267940521,-0.03585593029856682,-0.04030652172734217,0.010533226976779164,0.14776739478111267,0.06361767649650574,0.10380219668149948,0.021579859778285027,-0.08394880471750588,-0.02772359859325091,0.0025101639330387115,0.03688729181885719,0.12074993550777435,-1.0,0.5993845462799072,1.0,-1.0,-0.6308959126472473,1.0,0.6363474512765537,0.5696379929536862,0.8619327193187586,0.6436848465534188,0.5882726823796658,1.3802524522113293,0.5444260400682385,0.6585582169727972,-0.0011413592844929758,0.7344264208590517,0.659433890035906,0.005404851825332867,0.49742040758538103,0.49518627756734945,-0.0008586407155069704,0.7578781262176095,0.49105930828967953,0.005271669398955098,0.511522760426372,0.5585205956266874,0.3962965889548171,0.7570876666324321,0.5707501951958686,0.4015267126482138,0.3544350379952289,0.9110222458768399,1.0219307870199632,0.9107750764735006,0.9267946436303167,1.0198630460523532,0.41195736501556346,0.7359781539361354,1.018719560620596,0.8607559566309447,0.7494794780427136,1.0157418924535382,0.5400063716561426,0.5771919823292667,1.0793793543128,0.7403063819642783,0.5839594763558384,1.0768710092087388,0.5501389779434117,0.5840231504519643,0.7076420182989315,0.6789678995122077,0.587149192652376,0.710779048862519
4.533333333333327,0,0-ACCAD_Male2General_c3d_A6- Box lift_poses,134,0.6377827372634783,0.5757578611373901,0.7872680685121349,0.6962517964609618,0.020951667060568342,-0.037601248358247435,0.7165058336776945,0.16878269612789154,-0.01474891696125269,-0.30901479721069336,-0.03623535484075546,-0.04056084509885238,0.01062660308438812,0.14752672612667084,0.06435242295265198,0.10387097299098969,0.02160601317882538,-0.08390702281505069,-0.027767805847446536,0.003200645325705409,0.036602411419153214,0.12052543461322784,-1.0,0.5989653468132019,1.0,-1.0,-0.6302446126937866,1.0,0.6361075455068131,0.569528488692587,0.8619901445775277,0.6429090560128147,0.5881267307614096,1.3803183771455985,0.544395125471242,0.6581511862445737,-0.0011430746902541776,0.7343348199984073,0.6592700884808644,0.005539480360825869,0.49717754278499665,0.49484038438566536,-0.0008569253097455952,0.757715032482832,0.49088556487088075,0.005405791086613453,0.5113561576187563,0.558258980508195,0.3962928788695421,0.7569766211332735,0.5705634031737264,0.40166183271128314,0.35411622061135206,0.9109176114357799,1.021659199654954,0.9101441158300028,0.9267511104463907,1.020119069112391,0.4115990422653555,0.7358591376673901,1.018525482893001,0.8602332303892875,0.7494058001295688,1.015982811465427,0.5395352100848283,0.5770562069133303,1.0793401045253375,0.7398371036675251,0.5838399974655882,1.0770343480488016,0.5500114026309155,0.5839520599452404,0.7076378816214218,0.6788404472381797,0.5869851645346016,0.710862960327509
4.56666666666666,0,0-ACCAD_Male2General_c3d_A6- Box lift_poses,135,0.6378743496024981,0.5759474039077759,0.7873090489292394,0.6966391257258873,0.020758471740043475,-0.0377898311721715,0.7161249493062424,0.16933029890060425,-0.014210102148354053,-0.30974259972572327,-0.03662162274122238,-0.040681549953528684,0.010683660476054735,0.14732089638710022,0.06498736888170242,0.10391972959041595,0.021671082824468613,-0.08375736004864431,-0.027875534863087026,0.003857824020087719,0.03636743500828743,0.12025555223226547,-1.0,0.5985257625579834,1.0,-1.0,-0.6295678019523621,1.0,0.6361553172885086,0.569718893227248,0.8620302011058889,0.6425552885962262,0.5881648570366094,1.3803690195372837,0.5446587062055306,0.6582091023916072,-0.001144819355961394,0.734492539762494,0.6594609109988034,0.005633154018587595,0.4971483686753189,0.4949832345361049,-0.0008551806440385244,0.757707932144101,0.4910535849490806,0.0054986573630537924,0.5114346866295726,0.5584304999051607,0.39629127653566243,0.7570940818462266,0.5706839327911429,0.40175831371789134,0.3543207992518128,0.9112365367337582,1.021507019889007,0.9100310495118219,0.9268224923885018,1.0203656994248707,0.41166316124903624,0.7361315093992992,1.0184010374444552,0.8601323305935223,0.7494746838992777,1.0161899505638692,0.5394091783930013,0.5772265490747884,1.0793077924113608,0.7397159986753415,0.5839157182687452,1.0771589173864093,0.550151192369954,0.5842535347257316,0.707634412230144,0.6789823680653041,0.5871251011431519,0.7109247370875177
4.599999999999993,0,0-ACCAD_Male2General_c3d_A6- Box lift_poses,136,0.6381675448501483,0.5762931704521179,0.7873234007457524,0.6967555468160828,0.020593203750491163,-0.03786447776704026,0.7160125063598691,0.16989758610725403,-0.013743731193244457,-0.31043750047683716,-0.0369281992316246,-0.04105761099280003,0.010696157336342549,0.1472034454345703,0.06561359018087387,0.10392532497644424,0.021837962791323662,-0.08391324437391812,-0.02817434682122777,0.004510863684117794,0.03600434958934784,0.11987034231424332,-1.0,0.5982004404067993,1.0,-1.0,-0.6289410591125488,1.0,0.6364219508281316,0.5700741901669397,0.8620447309381604,0.6424241019586853,0.5883774431598736,1.380393375782468,0.5449736256810467,0.6582189940005463,-0.0011461894672367343,0.7346727867613271,0.6596983092495448,0.005693424381607408,0.49730058303528074,0.4950405777824274,-0.0008538105327631947,0.7578441192907157,0.4912849166095682,0.005557305662905437,0.5116845380382612,0.558607193869048,0.3962859469404854,0.7573519254303872,0.5709803654630625,0.40181012179554615,0.35445612735952686,0.9114960962308831,1.0213549190234559,0.9098842952518155,0.9272600428972896,1.0205773485531273,0.4118052309790911,0.7363929342940604,1.018268303088897,0.8601242722237439,0.7498741747058992,1.0163633150458316,0.5395008823303713,0.5774894093962171,1.079254054716963,0.7398073517526387,0.5842347627097373,1.077253200833738,0.5504729457954133,0.5846336208270189,0.7076178315273778,0.6793044146558384,0.5874448565745143,0.7109513997410963
4.633333333333327,0,0-ACCAD_Male2General_c3d_A6- Box lift_poses,137,0.6378970589721575,0.5762671232223511,0.7873766896408655,0.6971566301526664,0.020299611080433815,-0.03802070926317599,0.7156220961452257,0.17034123837947845,-0.013509848155081272,-0.3110671043395996,-0.03718631714582443,-0.04127200485715976,0.011167169617473549,0.14704297482967377,0.06611005961894989,0.10392411798238754,0.022084787487983704,-0.08421330333403176,-0.02808497678876909,0.0051003387197852135,0.035740647464990616,0.11955185234546661,-1.0,0.5979342460632324,1.0,-1.0,-0.6284565329551697,1.0,0.636100128075115,0.570063053005238,0.8620980423594318,0.6416399852647018,0.588282980954742,1.3804548390327398,0.5451301108371326,0.6579590364953303,-0.0011473492672012461,0.7346389694482898,0.659454692552561,0.005823992132595438,0.4971698550582483,0.49486480907327285,-0.000852650732798832,0.7576265432667313,0.49101612143235385,0.005685395867764537,0.5115226490681688,0.5585318593942977,0.3962810693262905,0.7571751043844983,0.5708055561865485,0.40193156418606923,0.3542586057283429,0.9116471971322595,1.021163615098856,0.9094768554255889,0.9271032615407011,1.0208504596029473,0.41147193429756823,0.736498827367591,1.0181225943858547,0.8596836937086835,0.7497275246692864,1.016601551540296,0.5389792578885721,0.5774973676447627,1.0792222466563144,0.7392913412034187,0.5841259178310862,1.07740112049557,0.5502590020232931,0.5847054366107709,0.7076168306059695,0.6790919613123388,0.5873544261316062,0.7110273894572062
4.66666666666666,0,0-ACCAD_Male2General_c3d_A6- Box lift_poses,138,0.6381165828788653,0.5767328143119812,0.7873795379999093,0.6975481906635808,0.020252335526490625,-0.03807615532443959,0.7152388209566063,0.1706065982580185,-0.013271775096654892,-0.3116829991340637,-0.037346143275499344,-0.04136931699035551,0.011052620899342003,0.14686369895935059,0.06651456654071808,0.10390882194042206,0.02242620475590229,-0.08433946255291858,-0.028365628901774076,0.005677815992385149,0.03535568714141846,0.11920765787363052,-1.0,0.5978304743766785,1.0,-1.0,-0.6281366944313049,1.0,0.6363053783783048,0.570528735645377,0.862100545395124,0.6415709067765514,0.5885465500355378,1.3804671952311653,0.5453844168633589,0.6584218611630797,-0.001148027073870423,0.7347819156062378,0.6598384459323728,0.005842792569065433,0.49714744795120375,0.49540926293180976,-0.0008519729261298979,0.7575907798859576,0.49137558472214904,0.005701007047288167,0.5116591565390947,0.5590755963383651,0.39628023917671273,0.7573203099402069,0.5712154004174546,0.401942076563587,0.3545874416026408,0.9122146690543674,1.0211300338949274,0.9096902948111543,0.9273782457245453,1.0210776425573322,0.4116901741874238,0.7370306910233915,1.0180614875352585,0.859844098873166,0.7500190610533546,1.0167601702122786,0.5390607190638502,0.5779295707986523,1.0791773509338838,0.7393774011708852,0.5844466138497766,1.0774627315887073,0.5504956723881348,0.5852763141720357,0.7076105898121015,0.6793313713813798,0.5877723304380301,0.7110349285019415
4.699999999999993,0,0-ACCAD_Male2General_c3d_A6- Box lift_poses,139,0.6380646672332659,0.5766111016273499,0.787415313746523,0.6978468097015337,0.02011223496036541,-0.038188970815578094,0.7149454040011289,0.170726478099823,-0.013108491897583008,-0.31226223707199097,-0.03748029097914696,-0.041317334230202896,0.011196794020583045,0.14654342830181122,0.06684979051351547,0.10387983918190002,0.022819798439741135,-0.08446874185668674,-0.028347990703078807,0.0061781322583556175,0.034938324242830276,0.11892373114824295,-1.0,0.5978265404701233,1.0,-1.0,-0.6279913783073425,1.0,0.6362240320082161,0.5704103584016714,0.8621358788234649,0.6410803460050777,0.5882844260368235,1.3805112991376496,0.5455580287064987,0.6583215126094352,-0.0011485955572785866,0.734843375467644,0.6596979559899041,0.0059161716619552905,0.49709015508969867,0.49537742126363854,-0.0008514044427216996,0.7575127969896436,0.49121627703798126,0.0057706196125713385,0.5116369052762456,0.5590233390776191,0.3962805538047669,0.7572969630766855,0.5710913882364489,0.4020098550075529,0.35450137579313196,0.9121585103431077,1.021036864656798,0.9095661547356817,0.9271183662068931,1.0213945573010907,0.41153764839023266,0.7369529080046799,1.0179668937080595,0.8596741915914846,0.7497738767468514,1.0170027153249495,0.5387984063056307,0.5777859873625679,1.079139739918118,0.7391188756275437,0.5842253722653977,1.0775812814741046,0.5504767865366235,0.585230302442095,0.7076175849404606,0.6793136843706523,0.5876056914645048,0.7110842828100904
4.733333333333326,0,0-ACCAD_Male2General_c3d_A6- Box lift_poses,140,0.6378281560027972,0.5766317248344421,0.7874393372691961,0.697885216864665,0.020010315516537553,-0.038246895520851906,0.7149076767930983,0.17083792388439178,-0.0130774499848485,-0.3127756416797638,-0.037615980952978134,-0.041276921044678616,0.011382896833417866,0.1461210995912552,0.0670434758067131,0.103855200111866,0.023280711844563484,-0.08460292524809887,-0.02828324812391969,0.006541453767567873,0.034747228026390076,0.1187000647187233,-1.0,0.5976836085319519,1.0,-1.0,-0.6279306411743164,1.0,0.6359701937832254,0.5704355394436696,0.862159851607588,0.6405893288263994,0.588221463971554,1.380540523849402,0.5454934829000277,0.6582773917976028,-0.001149175611281892,0.7346729386011872,0.6597933153875528,0.005963856418772142,0.49692323743375183,0.4953637881854622,-0.0008508243887179745,0.7573254713944177,0.4913093687466232,0.005813915270422604,0.5114412616995504,0.5590091191479761,0.3962805100206749,0.7570891297633585,0.5712175669955843,0.40205194850173737,0.3541348217202908,0.9121033762652883,1.0209718502339427,0.9091366786625891,0.92718016763807,1.0215863353433468,0.4111927460572945,0.7369047090292871,1.0179084414708488,0.8592952467787724,0.7498226200268086,1.017148297797523,0.5384409668575608,0.5777488111501818,1.0791227659125873,0.738760628784702,0.5842339043020489,1.0776525576934828,0.5502589603107699,0.5852593715261158,0.7076214074008812,0.6790956449853364,0.5876064915008057,0.7111175098492231
4.7666666666666595,0,0-ACCAD_Male2General_c3d_A6- Box lift_poses,141,0.6380500044906512,0.5768077373504639,0.7874517802625046,0.6982312494801522,0.01983502868961048,-0.03822234463144481,0.7145759205690763,0.17088650166988373,-0.013009170070290565,-0.3132627308368683,-0.03770596534013748,-0.04145078760027565,0.011533642386950538,0.14567969739437103,0.06722155213356018,0.10380639880895615,0.02381790243089199,-0.08500282634016076,-0.028277557611348092,0.006866869516670704,0.03466821834445,0.11857099086046219,-1.0,0.5973660945892334,1.0,-1.0,-0.6278582811355591,1.0,0.6361728442559489,0.5706334067554522,0.8621736238636682,0.6406564336379496,0.5884886177119056,1.3805531822101238,0.5458946936467738,0.6583382443557675,-0.001149543482011111,0.7350098027033245,0.659797054803356,0.006003864229787683,0.49708862840641393,0.49549513414614993,-0.00085045651798887,0.7574966589006648,0.4912909205560372,0.00584888234468553,0.5116638111905554,0.5591951243844502,0.3962773255326909,0.7573192289675702,0.5713255493331775,0.40207760989341984,0.35460575489115365,0.9125374735188964,1.0208088229396,0.9095037444943884,0.9272262765626376,1.0216133944571808,0.41150681426966507,0.7372866920206499,1.0178092846376035,0.8595576222812926,0.7498977583253492,1.017192342567604,0.5385850411817942,0.5780390209760907,1.0791085506775477,0.7389092989096213,0.5843930106220698,1.0776931067987838,0.5505032853354791,0.5855001337229504,0.7076159557568684,0.6793418150463855,0.5877109710444063,0.7111350138137016
4.799999999999993,0,0-ACCAD_Male2General_c3d_A6- Box lift_poses,142,0.6377590146148577,0.5766187310218811,0.7875057158998229,0.6983261469525232,0.019550409290928234,-0.03829053391640847,0.7144873749699127,0.17086203396320343,-0.012925427407026291,-0.31372249126434326,-0.037802960723638535,-0.041489472659371085,0.011959921461323075,0.14505928754806519,0.0674394965171814,0.10372886061668396,0.024255886673927307,-0.08518736835949059,-0.02798502412320447,0.007175779901444912,0.03469684347510338,0.11859359592199326,-1.0,0.5969184637069702,1.0,-1.0,-0.6277703642845154,1.0,0.6358434005547471,0.5704671312635397,0.8622284583761659,0.6400742568047452,0.588493151860109,1.3806042377756107,0.5459549655736416,0.6579960746345,-0.0011499576318868485,0.7349806545940187,0.6596236046531905,0.006110971123787005,0.49702958802870767,0.49518877294652214,-0.0008500423681131984,0.7574148805896835,0.4911104592978094,0.005951765559662921,0.5115061220449074,0.5589378788395741,0.3962749608122266,0.75714916777222,0.571185055319269,0.40218006153744906,0.35432089151470586,0.9124612831274752,1.0205444989581474,0.9090622318475936,0.9271280326202956,1.0216710676650944,0.4111670828146464,0.7371907292410189,1.017662194464607,0.8591350582113153,0.7497931834618711,1.017290107631059,0.5381505019637272,0.5779418800173319,1.0791131964969387,0.7384752596125821,0.5843007321150413,1.0777935855970864,0.5502540019633745,0.5853116342476081,0.7076243695554403,0.6790917078082979,0.5874721036004197,0.7112069986574977
4.833333333333326,0,0-ACCAD_Male2General_c3d_A6- Box lift_poses,143,0.6376339044654742,0.5765659213066101,0.7875300207755864,0.6985027506377133,0.01948288024409539,-0.0383198549949015,0.7143149959521446,0.1705913543701172,-0.012769504450261593,-0.31418976187705994,-0.03794889897108078,-0.041132020783129164,0.011810098389505086,0.14436596632003784,0.06771323084831238,0.10361555963754654,0.02454637736082077,-0.08483978704908979,-0.028081449386388457,0.007560876198112965,0.03464177995920181,0.11865655332803726,-1.0,0.5965119004249573,1.0,-1.0,-0.6276630759239197,1.0,0.6357064628761822,0.5704187274306478,0.8622528216891711,0.6398306569384582,0.588506274208827,1.3806271404226864,0.5458686914049102,0.6581680399465843,-0.0011505799777573773,0.7348112859928049,0.6598368523500078,0.006129654200476901,0.49678930702560214,0.4954071007393244,-0.0008494200222425863,0.7571537251662027,0.4913115153892063,0.005967746722776057,0.5113434042027295,0.5590097615377517,0.3962811599060503,0.7569838611592057,0.5712645296322933,0.40220651480012765,0.3543082697622343,0.9125072383345355,1.020407853740616,0.9089015162594872,0.9270765227318742,1.0216929412041824,0.4110786597203029,0.7372111225494785,1.0175867158764103,0.8589687513444926,0.749742799360029,1.0173301729098703,0.5379676272799566,0.5779318751091224,1.079116387078529,0.7382934125831693,0.5842665713174171,1.077837220709476,0.5501427314652142,0.5852921008021585,0.7076386220572878,0.6789812905066579,0.5873778334415765,0.7112367426370406
4.866666666666659,0,0-ACCAD_Male2General_c3d_A6- Box lift_poses,144,0.6378056254470721,0.5766164660453796,0.7875542910345792,0.6985436079277719,0.01928643176096462,-0.038250801531899394,0.7142840734297162,0.170290008187294,-0.012689921073615551,-0.31461337208747864,-0.038141023367643356,-0.04096755690750831,0.011881576894466894,0.14376294612884521,0.0679560974240303,0.10348530858755112,0.02476801909506321,-0.08484468561388536,-0.028140785348182207,0.007993103936314583,0.03465723618865013,0.1186288371682167,-1.0,0.5961374044418335,1.0,-1.0,-0.6275622248649597,1.0,0.6358640461668607,0.5704973132519026,0.8622790274943937,0.6398799877243475,0.5887702490245977,1.380647759141726,0.5461477826263321,0.6581987583721726,-0.0011514333128245686,0.7349720027241542,0.6599152772993375,0.006168969278414326,0.49698371998157637,0.4954633804850346,-0.000848566687175329,0.7572818429510109,0.49138562367503785,0.006005023172240099,0.5115302658134037,0.5590148243563486,0.3962835067804971,0.757149290088517,0.5713384920784959,0.4022439863774639,0.35443517135423763,0.9125896814268503,1.0201984393875727,0.9088850698188402,0.9273071915662855,1.0216308027759646,0.4112107867032046,0.73729367118328,1.0174776860727008,0.8590233958234219,0.7499519889677317,1.0173285031852004,0.5380803173373611,0.5780560763021612,1.0791205419263235,0.7384043302719887,0.5844539825549526,1.0778789553012247,0.5503299556675723,0.5853153623589346,0.7076445852204306,0.6791682543593865,0.5873802192389139,0.7112653792787598
4.899999999999992,0,0-ACCAD_Male2General_c3d_A6- Box lift_poses,145,0.6373389210784808,0.5763939023017883,0.7876093749537352,0.6988682063170519,0.018968314231634555,-0.038270228493333794,0.7139739651174016,0.17004525661468506,-0.012610320933163166,-0.3149949610233307,-0.03838226571679115,-0.04076006591564485,0.01223809405802423,0.1431553214788437,0.06794767826795578,0.10339709371328354,0.02489173412322998,-0.08483592702501741,-0.02768610638001079,0.008383636362850666,0.03492171689867973,0.11858399212360382,-1.0,0.5957207083702087,1.0,-1.0,-0.6275027990341187,1.0,0.6353584765656417,0.5703068575227,0.8623357138536769,0.6392847026367171,0.5887736211892501,1.3806987259498305,0.5460607540900676,0.6579821190376509,-0.00115253296095243,0.7349150640666817,0.6596549582288418,0.006264967721175577,0.49668704657973706,0.49531022859106016,-0.0008474670390478389,0.7570581344049964,0.49110331296131493,0.0060996994477070104,0.5111706386103216,0.558816374040721,0.39628525124483494,0.7568410833365256,0.5710285855285745,0.40234419356887663,0.35420312171770424,0.9126441018928377,1.0200019180604252,0.9085215782135578,0.9270420314455804,1.0216012126655476,0.4108327509535252,0.7372992322544725,1.0173892588238922,0.8585781976245043,0.7497083526116122,1.017359834267423,0.5375433565588736,0.5779972368119388,1.0791540407907134,0.7378708768509797,0.5842921311195081,1.077952450481015,0.5499069555641103,0.5851349311027749,0.7076577791620178,0.6787456530995245,0.5870734079899371,0.7113354729214636
4.933333333333326,0,0-ACCAD_Male2General_c3d_A6- Box lift_poses,146,0.6374438848579302,0.5765002965927124,0.7876082210971576,0.698795168145508,0.018800954425523514,-0.03810377740082224,0.7140587785588587,0.16977296769618988,-0.012493717484176159,-0.3153586983680725,-0.03860989958047867,-0.040743900999853366,0.012161768109706816,0.14250271022319794,0.06806223094463348,0.10326598584651947,0.024907933548092842,-0.08466888779034654,-0.027789546102769624,0.008793273009359837,0.03504504635930061,0.11850259453058243,-1.0,0.5954310297966003,1.0,-1.0,-0.6274724006652832,1.0,0.6354636225104867,0.570448343663954,0.8623374150362293,0.6394230624794032,0.5891278398838711,1.3806928603449897,0.5461025390123518,0.6579540472778191,-0.0011535580605525897,0.7349294621523675,0.6598397548419731,0.0062541621410348094,0.49670842755968814,0.4952883550329884,-0.0008464419394473809,0.7570931553182466,0.4912908202232901,0.006088801457375649,0.5112265264192949,0.5587837223491792,0.3962860820013582,0.7569116456121083,0.5711630470642253,0.4023371721752809,0.3541926681553843,0.9126990972769627,1.0198410562151825,0.908408868548468,0.9274227965330325,1.0214316213713845,0.4108937441768192,0.7373760308855074,1.0173162644857596,0.8585817645253022,0.7500545515365822,1.0172687406726488,0.5376653369493953,0.5781637403604555,1.0791604691723493,0.7379887335035715,0.5845851228086102,1.0779408214966615,0.5500113661230634,0.5851776263113806,0.7076517702106956,0.6788497684216321,0.5871362235889329,0.7113308963151084
4.966666666666659,0,0-ACCAD_Male2General_c3d_A6- Box lift_poses,147,0.6374462094390765,0.5764347314834595,0.7876499140762924,0.6991208862135817,0.01850208639097776,-0.03805898296420831,0.7137500774604841,0.16941852867603302,-0.012447023764252663,-0.3156869113445282,-0.03877736255526543,-0.040595766251861676,0.012427620877576318,0.14180226624011993,0.06820458918809891,0.1031179130077362,0.024897119030356407,-0.08445973296776965,-0.02760527757227449,0.009195995517075062,0.03513664752244949,0.11846940964460373,-1.0,0.5952188968658447,1.0,-1.0,-0.6274798512458801,1.0,0.6354359147935389,0.5704197619224748,0.862381292068529,0.639269764769067,0.5893303456868537,1.3807294904598593,0.5464080813931863,0.657895128814716,-0.0011543200401142872,0.7351511707609785,0.6597839860440139,0.00631877225386826,0.4968138190835867,0.49529035063379195,-0.0008456799598857458,0.7571423880621556,0.491212461067572,0.0061534582217352,0.5113026181144218,0.5587501311076084,0.3962872395963761,0.7569857418454258,0.5710039525448198,0.402409785533565,0.35436255848462433,0.9129052483043699,1.019622718634804,0.9085262256429913,0.9273255924425498,1.0213890636760246,0.41094606166015996,0.7375426618025747,1.0172072211803231,0.8586088711813181,0.7499811874675202,1.0172922415211698,0.537587205476121,0.5782821206444433,1.0791748138774213,0.7379141663713736,0.5846009342297303,1.0780059540285436,0.5500480373274884,0.585145839403731,0.7076615128053684,0.6788871317008411,0.5869792923756657,0.7113822732357085
4.999999999999992,0,0-ACCAD_Male2General_c3d_A6- Box lift_poses,148,0.6370811309898272,0.5762162208557129,0.7876606437565643,0.6991102537506021,0.018361708858043013,-0.037948952879801476,0.7137699753589443,0.16905279457569122,-0.012482572346925735,-0.3159656524658203,-0.03887094929814339,-0.04046027931999907,0.012471060378583365,0.14115504920482635,0.068229079246521,0.10298770666122437,0.024943068623542786,-0.08422370923396794,-0.027571000657796718,0.009555501863360405,0.03525054082274437,0.11847633123397827,-1.0,0.5950590968132019,1.0,-1.0,-0.6275027990341187,1.0,0.635067461150095,0.5702276685405697,0.8623940524500352,0.6389170558159295,0.5893342445368616,1.380735107979449,0.5461011875344643,0.6576703299373247,-0.0011547329655866821,0.7347931010416509,0.6597046873039472,0.006319923775454966,0.49646882560611943,0.49507717854326616,-0.0008452670344132641,0.7567735442045452,0.4911317575405104,0.00615418502256667,0.5109439311028796,0.5584947604909372,0.39628914188709424,0.756620776901447,0.5708390803323903,0.4024179279941489,0.353912612297616,0.9126747644016838,1.019492885756628,0.9080307332330696,0.9273014651344366,1.0212618502491235,0.4105450186908607,0.7373269479518907,1.0171523694528715,0.8581816673462651,0.7499363271129078,1.0172316332592835,0.5372280092426893,0.578132016510827,1.0791883006609697,0.7375523604704783,0.5845312555910319,1.0780097658249135,0.549686644247114,0.5848866887240031,0.7076657777693528,0.6785256256787913,0.586719108023556,0.7113922660940514
5.033333333333325,0,0-ACCAD_Male2General_c3d_A6- Box lift_poses,149,0.6372492160880938,0.5763551592826843,0.7876693108729222,0.6993093550785062,0.018202632358150974,-0.037827274234574146,0.7135854450581934,0.16869856417179108,-0.012664229609072208,-0.3161885440349579,-0.038910992443561554,-0.04038433127198515,0.012659541076134873,0.1407221257686615,0.06813272088766098,0.10287373512983322,0.02507995069026947,-0.08434201873536873,-0.027456883984791625,0.009886317886412144,0.03529859706759453,0.11838390678167343,-1.0,0.5949671268463135,1.0,-1.0,-0.6275079846382141,1.0,0.6352296411025684,0.5703968197704153,0.8624049750978047,0.6390798927862759,0.5896600202738632,1.3807404416645566,0.5464525743715603,0.6578086238984245,-0.0011549083972052857,0.7350904077260357,0.6597396218562203,0.006330546412120979,0.4966937483746629,0.4952541307308581,-0.0008450916027947543,0.7569594343794449,0.49115220306077806,0.006163522094494396,0.5111444893729346,0.5586560711816739,0.3962894196010568,0.756812939841886,0.5708921783828915,0.40242557417702446,0.35417617427871717,0.9129604453178721,1.0193815999020261,0.9082722049925198,0.9274578450473968,1.0211669586683543,0.41075801608874213,0.7375955017956957,1.017102133952004,0.8583839889626195,0.7501025043863889,1.0171903716216564,0.5373916017193289,0.5783871432495507,1.0791960124121351,0.7377173490262855,0.5847425583142587,1.0780176384202915,0.5498624522575255,0.5850337058180265,0.7076687950913252,0.6787023327985956,0.5867947535714682,0.7113989764219117
5.066666666666658,0,0-ACCAD_Male2General_c3d_A6- Box lift_poses,150,0.6367139663780108,0.5761829614639282,0.787686171917772,0.6993196713627821,0.018008755764557627,-0.03770250646191179,0.7135868573392817,0.16837860643863678,-0.013044528663158417,-0.31634438037872314,-0.03898981958627701,-0.04027666640696781,0.013134351754368279,0.1403026133775711,0.0676993802189827,0.10283768177032471,0.025198275223374367,-0.0845567971760357,-0.026942839013505693,0.01009933091700077,0.035527151077985764,0.11834161728620529,-1.0,0.5948412418365479,1.0,-1.0,-0.6275267004966736,1.0,0.6346866724283294,0.5702582779244944,0.8624243027761173,0.6385994796725766,0.5897395198486471,1.3807515627661142,0.5462366717598057,0.6575330043994112,-0.001155285978751159,0.7349025088447604,0.6594742836896706,0.006356415888649537,0.496444941146199,0.4949885886000328,-0.0008447140212489122,0.7567550638555447,0.4908847302776853,0.006188130868618098,0.5107313828359423,0.5584043267321652,0.39628880667837346,0.7564207918832981,0.5706719412861985,0.4024496431846698,0.35362543446812283,0.9128415666096105,1.0192689908800983,0.9076875211138477,0.9274402186573135,1.0210092211843427,0.4102261663608407,0.7374817427631488,1.0170659171376297,0.8578330180450681,0.7500736506524693,1.0171113650920656,0.5368801440284382,0.5783188404629452,1.079223166179368,0.7372044393088739,0.5847152328764386,1.0780199270138608,0.5493356497831112,0.5848195615643438,0.7076736134106097,0.6781752411697404,0.5865768419645996,0.7114160062182059
5.099999999999992,0,0-ACCAD_Male2General_c3d_A6- Box lift_poses,151,0.6366102542961016,0.576328456401825,0.7876661677085791,0.6992320857190796,0.018007478250301284,-0.03751077962816242,0.7136828164105523,0.1679525077342987,-0.013357451185584068,-0.31649908423423767,-0.03901985287666321,-0.040082787725667535,0.013120095810848498,0.14000248908996582,0.06738151609897614,0.10277042537927628,0.025294870138168335,-0.08463996550828301,-0.02689385787394738,0.010340209119021893,0.03542686626315117,0.11825736612081528,-1.0,0.5949763059616089,1.0,-1.0,-0.6275467276573181,1.0,0.6346036873637684,0.5704241255878827,0.862406468529392,0.6385754188191807,0.5900083639138127,1.380729374765204,0.5461087537046808,0.6577304363044553,-0.0011554206552751196,0.7347811521891988,0.6596075452866277,0.0063044297345489254,0.4963325347050914,0.49518127020451935,-0.0008445793447249134,0.7566627592955555,0.4910217610312742,0.006135262803777186,0.5105981858200512,0.5585326357047239,0.3962917576993415,0.756293411061898,0.5708333231175781,0.40239524182554476,0.353350703040117,0.9128832623560459,1.0192434496910523,0.9074508480412684,0.9277696952666642,1.0208854042764173,0.41005682023905593,0.7375572722988135,1.0170576576516408,0.8576813333936659,0.7503783694152978,1.0170283161772753,0.5368195648325882,0.5784771652682322,1.0792175064300664,0.7371404811218876,0.5849730218849055,1.077984930334583,0.5492093218627252,0.5849088406307938,0.7076745532099304,0.6780493494530015,0.5867045568599695,0.7113829396771774
5.133333333333325,0,0-ACCAD_Male2General_c3d_A6- Box lift_poses,152,0.6366012539947405,0.576326847076416,0.7876790402856704,0.6994266314935798,0.01792923270474169,-0.037446885921816185,0.7134974845834581,0.1675594598054886,-0.013690843246877193,-0.31661882996559143,-0.038967233151197433,-0.03984393963603794,0.013359827258652923,0.1396782398223877,0.0671728327870369,0.10267762839794159,0.02538321353495121,-0.08462798527445159,-0.026686048973550758,0.010501114651560783,0.03531075641512871,0.11826248466968536,-1.0,0.5951531529426575,1.0,-1.0,-0.6275936365127563,1.0,0.6345914209680092,0.5704380808144198,0.862420481288077,0.6384989854932985,0.5901241506377398,1.3807398339218535,0.5463421750775322,0.6578715115221725,-0.0011551849656453277,0.7349453658695991,0.6595936167111266,0.006311087785760894,0.49645524069417457,0.4953562893171855,-0.0008448150343543688,0.7567183886415187,0.49099377517538123,0.006141048099135588,0.5106550238857405,0.5586428606591537,0.3962940066377747,0.7563260833774058,0.5707896890902522,0.40240382766058763,0.35339531701563826,0.9130202638529238,1.01917987331761,0.9075661938018054,0.9277048498825804,1.0208706610384848,0.4100576111969473,0.7376797378687278,1.0170238190825833,0.8577217082205433,0.7503340211150376,1.017039138674919,0.5367777107171982,0.5785723915269277,1.0792170848148237,0.7371012973541802,0.5849900622876546,1.0780091779879144,0.5492052113703665,0.5849291826397635,0.7076865473001293,0.678046165739354,0.5866576829424687,0.7113943498888062
5.166666666666658,0,0-ACCAD_Male2General_c3d_A6- Box lift_poses,153,0.6361293640220538,0.5761115550994873,0.7876867481817243,0.6991947375949772,0.01787780182106942,-0.03737027956102515,0.713730036727521,0.16724619269371033,-0.013993610627949238,-0.31670641899108887,-0.03887851908802986,-0.039728291325155984,0.013588710493019684,0.13939113914966583,0.06693068891763687,0.10259512066841125,0.025485549122095108,-0.08466643970856214,-0.026456733957944123,0.010549044236540794,0.0353146493434906,0.11828617006540298,-1.0,0.59530109167099,1.0,-1.0,-0.6277020573616028,1.0,0.6341239872228793,0.5702357017059875,0.862429325142861,0.6380216487273656,0.590036690471093,1.3807443447370016,0.5459874688139194,0.6576322045395381,-0.0011547870518220926,0.7345625222971035,0.6594590147926381,0.006313331174237512,0.49618956658599833,0.49508967749638927,-0.0008452129481778259,0.7564292625025733,0.4908713034537406,0.006142280599831254,0.5102619403024146,0.5583681851686616,0.39629444217107096,0.7559081637746672,0.5706671814499147,0.4024066452291623,0.3526452853073054,0.9126395371826117,1.0191398266205534,0.9068805427956025,0.9277193269887083,1.0208173200128998,0.4094510393666045,0.7373451080530758,1.0170105952867718,0.8571458751107432,0.7503170112999862,1.017016606563585,0.5363063103533688,0.5783484303117514,1.0792248534539322,0.7366253248747533,0.58490673101215,1.078014063172932,0.548727196667412,0.5846336074470064,0.7076940290728775,0.6775670156047546,0.5864478549099292,0.711400197847535
5.199999999999991,0,0-ACCAD_Male2General_c3d_A6- Box lift_poses,154,0.6363128867233172,0.576400101184845,0.7876812396192664,0.6992514902411388,0.017901615231211476,-0.03731274414625649,0.7136768489252935,0.16699577867984772,-0.014201495796442032,-0.31678223609924316,-0.03878146782517433,-0.039606780853281176,0.013598616521509399,0.13922269642353058,0.06679428368806839,0.10249008238315582,0.025536762550473213,-0.08460105270889495,-0.026441227419105262,0.010540632531046867,0.03526267409324646,0.11826727539300919,-1.0,0.5953890085220337,1.0,-1.0,-0.6277622580528259,1.0,0.6343156331832613,0.5705280552655644,0.8624243333137248,0.6382508022938564,0.5903414704319957,1.380738544808475,0.5462091732991695,0.6580335817284668,-0.0011543467580225932,0.7347507567267251,0.6597917143121008,0.0062890391143524856,0.496372147550002,0.4955030443738208,-0.0008456532419772907,0.7565730861035419,0.49119824906007636,0.006117531434805645,0.5104431697809942,0.5587366497555456,0.39629604959951104,0.756070570432868,0.5709698751866081,0.4023841691458098,0.3528764744332211,0.9129729260101148,1.0191591912928633,0.9071575424943745,0.9279652150937243,1.020793237452868,0.4096653022013294,0.7376730815193039,1.0170242986984332,0.8573852207268242,0.7505733786564909,1.0169963235137138,0.5365124177729965,0.5786620293857786,1.0792264872027741,0.7368324203075872,0.5851874307275847,1.0780014884803635,0.5489024703721995,0.5849254155484576,0.7076992192939079,0.6777429779844356,0.5867223424540812,0.7113894668453768
5.2333333333333245,0,0-ACCAD_Male2General_c3d_A6- Box lift_poses,155,0.6359972205245867,0.5762141346931458,0.7876942994479427,0.6991440483648484,0.017831676056875037,-0.037283489824348016,0.7137853825566414,0.16685709357261658,-0.014471224509179592,-0.31681621074676514,-0.038780782371759415,-0.039507275117768303,0.01391741296311022,0.13913823664188385,0.06660842150449753,0.10240238904953003,0.025498349219560623,-0.08465052511580251,-0.026206118045476456,0.01042130496352911,0.0353524386882782,0.11821672320365906,-1.0,0.5953479409217834,1.0,-1.0,-0.6277840733528137,1.0,0.6339964394800245,0.5703522366579178,0.8624380953552707,0.6379468385826915,0.59021363105914,1.3807505674345268,0.5460893329138558,0.6578032822733358,-0.0011543792215567457,0.7345751340119474,0.6595978771663412,0.006309239661192085,0.4962922951185557,0.4952604888463824,-0.000845620778443263,0.7564300323137345,0.49100863044573384,0.006138036867097331,0.5102257211943959,0.5584987031333554,0.39629585905700637,0.7558246666248458,0.5707869369060469,0.40240536067358407,0.352512872748158,0.9127617076219905,1.0191433185031227,0.9067856150426039,0.927852684995349,1.0207692969556175,0.4093291150320881,0.7374705337241871,1.0170259686425902,0.857043652184336,0.7504519829367555,1.0169887884854614,0.5362017330588398,0.5784869542449478,1.0792426112169076,0.7365204644149961,0.5850500387121268,1.0780110714746558,0.5485899675668965,0.584698185272309,0.7077051743237694,0.6774296454471516,0.58653576626097,0.7114041058545872
5.266666666666658,0,0-ACCAD_Male2General_c3d_A6- Box lift_poses,156,0.6359373178565875,0.5764592289924622,0.7876751383746828,0.6988675195742724,0.017821801972458067,-0.037155480362551625,0.7140630530545511,0.16683192551136017,-0.014691850170493126,-0.3168320655822754,-0.03882499411702156,-0.039604716914099836,0.01404910899403733,0.13918118178844452,0.06643225252628326,0.10231712460517883,0.025386229157447815,-0.08478382677309337,-0.02620695410913576,0.010238921269774437,0.03543348237872124,0.1180863082408905,-1.0,0.5952866673469543,1.0,-1.0,-0.6277862191200256,1.0,0.6339511876457604,0.570611263849828,0.8624204164227052,0.6380139016219637,0.5905112248996137,1.380730862738809,0.5460056741651196,0.6578544383914767,-0.0011546218704292233,0.7344537678822188,0.6597766475332625,0.006279614554191883,0.49633131511700834,0.4952741123324234,-0.0008453781295706987,0.7564224025033983,0.4912021828167281,0.006109501606317451,0.5101811242062368,0.5585706049013178,0.39629381940385333,0.7557569608242323,0.5710286964256316,0.4023724124648822,0.3523163809076839,0.9128640149622415,1.0191567401148227,0.9065629945723548,0.928287191564638,1.0206618648447903,0.40923078909800126,0.7376046388772932,1.0170435816189354,0.8569281743208866,0.750855957043608,1.016906090741374,0.5362055271612288,0.5786998475308394,1.079247570724135,0.7365199209122834,0.5853851380325156,1.077968724738206,0.548512686053613,0.5848572810366942,0.7076960652667874,0.6773513424627992,0.5867987033033057,0.7113771700033071
5.299999999999991,0,0-ACCAD_Male2General_c3d_A6- Box lift_poses,157,0.6357084956252947,0.5765807628631592,0.7876889980169945,0.698718168306949,0.01785586254772397,-0.037228645461295486,0.7142045347150744,0.16690672934055328,-0.014900474809110165,-0.31682369112968445,-0.038856569677591324,-0.03941589659929612,0.014294471142094256,0.1392006129026413,0.06628862023353577,0.10223350673913956,0.02516523376107216,-0.08445092662921061,-0.02598717192521538,0.00999552384018898,0.03550133481621742,0.11802949756383896,-1.0,0.5952163338661194,1.0,-1.0,-0.6277731657028198,1.0,0.6337195566809299,0.5707210004157627,0.8624332774364636,0.6377913014287853,0.5905127848476257,1.3807479847377335,0.5459305275659523,0.6580104304666585,-0.0011548139127041633,0.7343228501142168,0.6601016447065982,0.006289435332798618,0.4963206674534545,0.49541041229252625,-0.0008451860872959009,0.756344466401184,0.4915340910230915,0.006121324453745289,0.5100401658745836,0.5586763890088425,0.3962952972188164,0.755589419757037,0.5712395697297052,0.40239513105568314,0.35205158421582694,0.9128982673334396,1.019235363427073,0.90627127400525,0.9284112946909849,1.0207421594397934,0.40898673518876116,0.7376460235265574,1.0170897100276552,0.8566689242102107,0.7509717248336931,1.016951361655959,0.535979317815055,0.5787464465019745,1.0792641503713398,0.7362925261550323,0.5854667122268834,1.0779829426865986,0.5482859631934022,0.584956498633033,0.7077048912636549,0.6771235786655422,0.5869489504043784,0.7113954100289986
5.333333333333324,0,0-ACCAD_Male2General_c3d_A6- Box lift_poses,158,0.6355565037811175,0.5765502452850342,0.7876530387483863,0.6983625646317796,0.01781922784341109,-0.037033415819150386,0.714563313886708,0.16704867780208588,-0.015117391012609005,-0.31679418683052063,-0.03892041742801666,-0.03979728695278273,0.01447392529707714,0.13935330510139465,0.06598856300115585,0.1021902859210968,0.02490970864892006,-0.08468323207584882,-0.0259370594597651,0.009717629291117191,0.035657934844493866,0.11789131164550781,-1.0,0.595066487789154,1.0,-1.0,-0.6277140974998474,1.0,0.6335870360686404,0.5707141949867203,0.8623996889331609,0.6378387604467362,0.5906120163895006,1.3807093412078861,0.5457041507386893,0.6575637147347424,-0.001155165861716205,0.7341299642648501,0.659902061914294,0.0062420330074259185,0.4962612290847941,0.4949128580122885,-0.0008448341382838453,0.7563066428837762,0.4913548356729371,0.006076347227318497,0.5098921978269162,0.5583411711244687,0.3962888910285518,0.7554484653952116,0.571143089020004,0.4023427210511688,0.35177016767067365,0.9127250130174552,1.0192118033281823,0.90591773416823,0.9286429860111275,1.0205278831346143,0.4088151628654289,0.7375081804411299,1.017091824715445,0.8564548468320461,0.7511632510219165,1.016795504711202,0.5359260139894171,0.5787080533931398,1.0792649568113653,0.7362336618493039,0.5855778371575633,1.0779095307272162,0.5481109804827925,0.584813376538608,0.7076815955781045,0.676947167909719,0.5869379537215145,0.7113481419761333
5.366666666666657,0,0-ACCAD_Male2General_c3d_A6- Box lift_poses,159,0.6352295723045245,0.5767121911048889,0.78765020917551,0.6984245847809676,0.017876355472904976,-0.03706039054029257,0.7144998689583787,0.1671411246061325,-0.015366525389254093,-0.3167511820793152,-0.038913827389478683,-0.03971327122706514,0.014658787892752545,0.13971640169620514,0.06561921536922455,0.10216366499662399,0.024756522849202156,-0.08479586225325808,-0.025648503165096703,0.009483462199568748,0.0358382984995842,0.11770083755254745,-1.0,0.5949960947036743,1.0,-1.0,-0.6276724934577942,1.0,0.6332628871697125,0.570867451554917,0.862396253680711,0.6376620946977912,0.5905984009135458,1.380711622608124,0.5455096183997279,0.6577722223491164,-0.0011551895312247283,0.7340101215866801,0.6599574356727457,0.006238621656046019,0.4960412261964578,0.49512911048248653,-0.0008448104687752665,0.7561432021492837,0.49140447738954063,0.006074308572553793,0.5096086772984082,0.5585470321529884,0.3962891138195902,0.7551955910641834,0.5712213414172479,0.4023394812019624,0.3516489011994065,0.9129438794526802,1.0193765200743687,0.9057703563620148,0.9286393506153922,1.0205604892842453,0.408614580360496,0.7377020309398009,1.0171924569633348,0.8562421771987614,0.7511786631107786,1.0167884787685253,0.5356677270216001,0.578828523958455,1.0792895795049595,0.7359777191631294,0.5856196589769362,1.077885146017306,0.5477813806082477,0.5850025004951053,0.7076840031959036,0.6766179854027405,0.5871109767333041,0.7113439009623211
5.399999999999991,0,0-ACCAD_Male2General_c3d_A6- Box lift_poses,160,0.635333999642171,0.5769644379615784,0.7876467678222461,0.6982775957166816,0.017946941386646962,-0.03709183405402341,0.7146401209430546,0.16722224652767181,-0.015549399890005589,-0.3167141377925873,-0.038767192512750626,-0.039767224345893304,0.014781181604904825,0.14025478065013885,0.06549689173698425,0.10208235681056976,0.02471074089407921,-0.08515469394382413,-0.02561879880120943,0.00937724020332098,0.03568090870976448,0.11743306368589401,-1.0,0.5953067541122437,1.0,-1.0,-0.6277345418930054,1.0,0.6333727807910429,0.5711085489831329,0.8623920832934521,0.6377091996572242,0.5906202859123922,1.3807164503812206,0.5456526357404078,0.6579985384249194,-0.0011545596890665324,0.7341318738389829,0.6600259594954501,0.006248417079777316,0.49625378195316244,0.4953342900796964,-0.0008454403109335942,0.7563138759126375,0.4914794319637087,0.006084584859670453,0.5097557957240306,0.5587862865930175,0.39628750628399967,0.7553153029926665,0.5714197207198272,0.4023392848165436,0.3515477632373498,0.9130011859474024,1.0195347473196792,0.9057729849506984,0.9288825958911991,1.0207413491213921,0.4086068289437535,0.7377908550860222,1.017261603169807,0.8562881395896093,0.7514115988712186,1.0168865468578117,0.5357478942369369,0.5789456182452815,1.0792795192637088,0.7360560441202834,0.5857954609168707,1.0778976199601065,0.5478790925394876,0.5852319722112251,0.7076851146500913,0.676714738532128,0.5874041846236313,0.7113393629974172
5.433333333333324,0,0-ACCAD_Male2General_c3d_A6- Box lift_poses,161,0.6351612057769671,0.5768826603889465,0.7876277641432423,0.6981950108051431,0.01802454584892698,-0.037076115282984955,0.7147196683380617,0.16739076375961304,-0.015775293111801147,-0.3166487514972687,-0.03858860582113266,-0.04000187591148108,0.01491113748550199,0.140674889087677,0.06529617309570312,0.10202975571155548,0.024711351841688156,-0.08549649876238896,-0.025584695811700975,0.009207328781485558,0.03568721562623978,0.11731896549463272,-1.0,0.5955588817596436,1.0,-1.0,-0.6278702616691589,1.0,0.633210626585038,0.5710201088686363,0.8623728357566117,0.6376224773267968,0.5904254227114472,1.3807007470807002,0.5454959495480292,0.657801369934843,-0.0011537871292607131,0.7339782985740428,0.6597653883277538,0.006230622104949825,0.4961421905784886,0.4951234308230753,-0.0008462128707391985,0.7561839639106237,0.4912219767015452,0.006066840670672494,0.5096038566266571,0.5586680510088117,0.3962831792497884,0.755145698170395,0.5712787325077595,0.4023117672160379,0.35131339551370433,0.9128348413788797,1.0196651192376212,0.9056508299308246,0.9287657252592963,1.0207753158245085,0.4084179865640786,0.7376401534404033,1.0173303380321255,0.8561584062332888,0.7512976739287166,1.0168823789333599,0.5356175224322537,0.5788046985907798,1.0792764994535995,0.7359250153962802,0.5856680041731338,1.0778664643654845,0.5476943649671931,0.58514043152496,0.7076772547426011,0.6765298153477264,0.5873489603864187,0.7113154412697313
5.466666666666657,0,0-ACCAD_Male2General_c3d_A6- Box lift_poses,162,0.6348288502776995,0.5771125555038452,0.7876376185679219,0.6980672658776519,0.018095439186692916,-0.037204465438903954,0.7148359777894128,0.1676284372806549,-0.015958907082676888,-0.31657999753952026,-0.038319870829582214,-0.04016089165105963,0.015172498551312863,0.1410045623779297,0.06492138653993607,0.10202189534902573,0.024718357250094414,-0.08560749419200708,-0.02512233375344397,0.008993716910481453,0.03585498034954071,0.11729247868061066,-1.0,0.5956636667251587,1.0,-1.0,-0.6280217170715332,1.0,0.6328734580022755,0.571228516875636,0.8623808759927288,0.6373375531727755,0.5904761245354355,1.3807145182101987,0.5453005979214861,0.6579799833199126,-0.0011526010821728654,0.7339263728915333,0.6600305482992166,0.006254221884946204,0.4960102413711254,0.49528281800109947,-0.000847398917827133,0.7561800138824105,0.49149346459913373,0.0060902690856733145,0.5093699453396043,0.5589083782814552,0.39627910069457795,0.754946586434824,0.571565800960839,0.40233630230854206,0.35091745249181244,0.9129433609019156,1.019820104406444,0.9053275807189448,0.9289516547235602,1.0208907845123554,0.40806159072378057,0.7377624630831713,1.0174191235001169,0.8558397707211783,0.7514836502590783,1.01693752545334,0.5353061772279121,0.5789324320872545,1.0792962530085861,0.7356125367288308,0.5858253275768907,1.0778696362914226,0.5473663574984171,0.5853682741252123,0.7076808682047881,0.6762006506991923,0.587622626535333,0.7113314845494924
5.49999999999999,0,0-ACCAD_Male2General_c3d_A6- Box lift_poses,163,0.6349017467582598,0.5772646069526672,0.7875954035752746,0.6981845149648298,0.01831019470357025,-0.03719388625396984,0.7147165414754085,0.16778434813022614,-0.015995223075151443,-0.3165462911128998,-0.037998300045728683,-0.040457094721958464,0.014854130277561106,0.14138326048851013,0.06465183943510056,0.10198681056499481,0.024807371199131012,-0.08577559738535556,-0.02519579762569446,0.008863086812198162,0.035861700773239136,0.11733198910951614,-1.0,0.5957622528076172,1.0,-1.0,-0.6281585693359375,1.0,0.6329695072980186,0.5713595599293436,0.8623376063145611,0.6376240789302922,0.59047482450449,1.380674419897594,0.5451426116170202,0.658186439540233,-0.0011511423115511156,0.7339519762230425,0.6601017373815647,0.006182006990220687,0.49580479781260006,0.4955036538712907,-0.0008488576884488411,0.7561389627200025,0.4915558667421568,0.006017323695258675,0.509323061014415,0.5591839779424644,0.3962761754586918,0.7549560695283257,0.5716885841045112,0.402258045840498,0.35119322748263965,0.9131515825266375,1.0199772720489402,0.9056796276300373,0.9289092840592518,1.0208636451295792,0.4082715549011435,0.7379502234913458,1.0175049178144135,0.8560921925544378,0.7514699262595856,1.0168730573992575,0.5354819365300827,0.579053065182638,1.079289026639097,0.735790847883725,0.5858567154459351,1.077793942891141,0.5474150425265786,0.5855751557895182,0.7076699917210109,0.6762511438369133,0.5877930518757938,0.711277866814932
5.5333333333333234,0,0-ACCAD_Male2General_c3d_A6- Box lift_poses,164,0.6347278204048052,0.5771452784538269,0.7876212665681801,0.698218160678968,0.018424644129020545,-0.03742925013670515,0.7146684432805199,0.16799132525920868,-0.016127660870552063,-0.3164843022823334,-0.037690382450819016,-0.04041343009377174,0.015059037569637779,0.14176656305789948,0.06452872604131699,0.10191304236650467,0.025040315464138985,-0.08594375441559832,-0.024898916209178723,0.008726855739951134,0.03598843514919281,0.11743886023759842,-1.0,0.5957902669906616,1.0,-1.0,-0.6283462047576904,1.0,0.6327828798375514,0.571203189694334,0.8623602041266185,0.6374328219848816,0.590117031061372,1.380704478470029,0.5451586599039668,0.65822813018501,-0.0011497711378963583,0.7339994601799659,0.6600280486457674,0.006233176607094697,0.49580843079571163,0.49554910522669604,-0.0008502288621037406,0.7561508732122987,0.491477501190903,0.006066283418195172,0.5092532956504,0.5592294845511502,0.3962753519953887,0.7548703056949432,0.5716493582327552,0.4023057868673704,0.35108131421047817,0.9130008788847842,1.0201300736919021,0.9056347082117789,0.9286109507891761,1.0210625504651079,0.4081213992510991,0.7377880522554012,1.0175887576413707,0.8559788922701587,0.7511926301769057,1.0169877917652925,0.5352961998923658,0.5788377052585827,1.079311850247879,0.7356067821269401,0.5855937785485178,1.0778249008382241,0.5472548284436456,0.58551092506266,0.7076854840155461,0.6760905088489714,0.5877165627569281,0.7113150355814675
5.566666666666657,0,0-ACCAD_Male2General_c3d_A6- Box lift_poses,165,0.6345977034652606,0.5773497223854065,0.7876217059335743,0.6978065758962269,0.018514242654298234,-0.037526060765062264,0.7150629344458975,0.16832739114761353,-0.016336077824234962,-0.3164041340351105,-0.0374264121055603,-0.040692676122424,0.015346888850128138,0.14215734601020813,0.06435340642929077,0.10184658318758011,0.025318846106529236,-0.08640568771351642,-0.02469115772150099,0.008584506809711456,0.03622055426239967,0.11739781498908997,-1.0,0.5957573652267456,1.0,-1.0,-0.6285631656646729,1.0,0.6326556409720732,0.5713867940752912,0.8623590585709334,0.6373949674581327,0.5901565607413131,1.3807081827317957,0.5450895092649634,0.6582273140089852,-0.0011486135383385818,0.7339402393154443,0.6602026712827914,0.00625702889079658,0.4959336651598351,0.4954894430435051,-0.0008513864616614547,0.7562671985160218,0.49167529021056944,0.006087553837072386,0.5092281327838291,0.5593046411654854,0.39626931384291236,0.7548069218152492,0.5719894548301845,0.40231641740764235,0.3506552503705034,0.9128550344267217,1.0202758931366878,0.9052468266163813,0.9290069124556134,1.0211454843158432,0.4078687673975809,0.7376996246896879,1.017675871326728,0.8557410523003137,0.7515479793589922,1.0170139497651396,0.5352121247212466,0.5788594112799171,1.0793318894140471,0.7355154344304343,0.5858199021511633,1.0778085423175159,0.5471192209896372,0.5856437253502209,0.7076826595087833,0.6759520717414538,0.5879970087357529,0.7113196720984671
5.59999999999999,0,0-ACCAD_Male2General_c3d_A6- Box lift_poses,166,0.6344226446235552,0.5774242281913757,0.7875934838090554,0.697702805029688,0.018649717575935882,-0.03753918179342338,0.7151599777101089,0.1686321496963501,-0.016421368345618248,-0.31636252999305725,-0.037163905799388885,-0.041084153145583,0.015310476125875327,0.14248718321323395,0.0642281249165535,0.10176414996385574,0.025477685034275055,-0.08669127062171245,-0.024749029737134776,0.008543729782104492,0.036360979080200195,0.11731254309415817,-1.0,0.5957218408584595,1.0,-1.0,-0.628765881061554,1.0,0.6324945954990725,0.5714454560893184,0.8623299334887481,0.6373954577598274,0.5900666823470242,1.3806832628281027,0.5448028498187352,0.6581599235258255,-0.0011474455497586834,0.7337064847434609,0.6602024681460201,0.006222570791227542,0.49569928443887,0.49540626640493396,-0.000852554450241242,0.7560646837381271,0.49167923012794357,0.006051732804745212,0.509024183270122,0.5593476574395437,0.39626340973355506,0.7545973084187795,0.5720914161541517,0.40227217871565923,0.3504693129795658,0.9127962334568072,1.0204266932965695,0.9051061227302816,0.9290722220038852,1.0211658466200537,0.4077232927911121,0.7376550272116256,1.0177613837667183,0.8556178654954667,0.7516095710324743,1.0169844461096835,0.5351221054695203,0.5788287684295434,1.079335457440746,0.7354230937812205,0.5858424390180547,1.0777519782864677,0.5469284557568548,0.585716476394802,0.7076698047561832,0.6757611857599243,0.5881074743892787,0.7112863258409179
5.633333333333323,0,0-ACCAD_Male2General_c3d_A6- Box lift_poses,167,0.634228452690877,0.5774093270301819,0.7876460379309188,0.6978214102371724,0.01865190847218913,-0.03781966207434757,0.7150294112031554,0.16875052452087402,-0.016465693712234497,-0.3163534104824066,-0.0369090661406517,-0.04095052675909017,0.015630423427123175,0.14266337454319,0.06420425325632095,0.10165634006261826,0.025542767718434334,-0.08658354012188774,-0.024329994874956462,0.00859849713742733,0.036486778408288956,0.11735944449901581,-1.0,0.5956788063049316,1.0,-1.0,-0.628987193107605,1.0,0.6322702466722675,0.5714006462633918,0.8623793048515579,0.6370493475714997,0.5898365205697168,1.3807405203941618,0.5449286124905576,0.6583319240676663,-0.001146322945287246,0.7338418760032407,0.6603222765564425,0.00631407672452472,0.4957653676855237,0.4955962804040146,-0.0008536770547127766,0.7561205081258956,0.49178850209078073,0.006142568413124657,0.508986250184193,0.5595169921448946,0.3962632990397122,0.7545449091507825,0.572142571957777,0.40237032819395,0.35032357193777147,0.9127842907242514,1.0205193632725846,0.9050175097066365,0.928870981715918,1.0214468216467347,0.40752031738324446,0.7376250732077045,1.0178091910262312,0.8554471095444496,0.7514334453559001,1.017173611797445,0.5348495691795022,0.5787365924211404,1.0793626413097586,0.7351530307717323,0.58569127777865,1.0778327636191964,0.5467671522232276,0.5857689446368841,0.7076927471467047,0.6755993425886059,0.5881132446053727,0.711358468401368
5.666666666666656,0,0-ACCAD_Male2General_c3d_A6- Box lift_poses,168,0.6345045414054766,0.5773389339447021,0.7876238275873362,0.697812904540513,0.018691835857247305,-0.037732541171372765,0.7150412721415241,0.16859260201454163,-0.016394788399338722,-0.3164023160934448,-0.03668981418013573,-0.041170628796448616,0.015359515260658707,0.1426972597837448,0.06424577534198761,0.10153152048587799,0.025625739246606827,-0.0867478848294636,-0.024575428435126834,0.008741104044020176,0.03647546097636223,0.11746545881032944,-1.0,0.5956482291221619,1.0,-1.0,-0.6291864514350891,1.0,0.6325598183964071,0.5713353746680445,0.8623578581786916,0.6374135008142802,0.5898669742280108,1.380714786286282,0.5450009177279403,0.6582454888669167,-0.0011453353343311296,0.733957055135857,0.6601567207874429,0.006278673881559477,0.4958372284725911,0.49550997593453355,-0.0008546646656688028,0.7562209368669267,0.49162099770020884,0.006106587484413607,0.5091744578043003,0.559471140866245,0.39626133864618635,0.7547335121108949,0.5720423765906215,0.4023274980251972,0.35058496967573305,0.912702688453698,1.0204745543302676,0.9053258458828749,0.9288668191526479,1.0213509051485747,0.40780815030288053,0.7375517228465801,1.0177892145053706,0.8557587770829409,0.7514277527416454,1.0171026577519908,0.5351701208456516,0.5786950925784864,1.0793543552030196,0.7354721145500449,0.5856849571335614,1.0777929418858956,0.5470288317763496,0.585686008004045,0.7076858426286978,0.6758614891113867,0.5880398460217414,0.7113281150825697
5.6999999999999895,0,0-ACCAD_Male2General_c3d_A6- Box lift_poses,169,0.6344048228347674,0.5768439173698425,0.7876804201654894,0.6981938948891796,0.0187559326781694,-0.03801996728430343,0.7146523505989116,0.1683283895254135,-0.01629115268588066,-0.3164795935153961,-0.03649110719561577,-0.040589410202307,0.015276792695702368,0.14249858260154724,0.06442797929048538,0.10137396305799484,0.025600703433156013,-0.0860320796938554,-0.024418941666709104,0.008925648406147957,0.036444321274757385,0.11772213876247406,-1.0,0.5956164598464966,1.0,-1.0,-0.6294118165969849,1.0,0.6324336221849186,0.5708039668681018,0.8624108247270503,0.6371363541808162,0.5892042759713191,1.3807733781839555,0.5451025748323161,0.6583405475686777,-0.0011444394806024473,0.7340260151785091,0.6600607361567488,0.006338824072428528,0.4957491790504464,0.4956624639994891,-0.0008555605193975961,0.756086447033104,0.4914982616271132,0.006166990330933795,0.5091295369424181,0.5594008040033185,0.3962702574780084,0.7546729478220938,0.5716671851067506,0.4024105350103145,0.35072663175356933,0.9123960427407319,1.0205187335547257,0.9055386221038707,0.9280315755951559,1.021617054656785,0.40778691201257533,0.7371923115703474,1.0178092677572965,0.8557804349058863,0.7506478777978972,1.0172914602803713,0.53497958361334,0.5782023611859005,1.0793773244474003,0.7352883469243074,0.5850103031729049,1.0778819426458441,0.5469597261728448,0.585321276474831,0.7077240768523579,0.6757938769473578,0.5875339643210928,0.711401546954268
5.733333333333323,0,0-ACCAD_Male2General_c3d_A6- Box lift_poses,170,0.6343585100257769,0.5769084692001343,0.7876942458673853,0.6981493598777377,0.01871658671010612,-0.03805407996361243,0.714695073218188,0.1682765632867813,-0.01614999584853649,-0.3165651857852936,-0.036500293761491776,-0.04054870459442883,0.015225275680747385,0.14240160584449768,0.06443218886852264,0.10124927759170532,0.025527365505695343,-0.08588224909193132,-0.024319416943840655,0.009077079594135284,0.036500632762908936,0.1177063062787056,-1.0,0.595561146736145,1.0,-1.0,-0.6297129392623901,1.0,0.6323798931370531,0.570868863725644,0.8624244823243923,0.6370464500307825,0.5892690563109914,1.380787479120176,0.5450403514477662,0.6584228410526598,-0.0011445200422608472,0.7340418669158724,0.6602140606093901,0.006358974288027772,0.4956946223202198,0.49574243205175905,-0.0008554799577390783,0.7561023639659779,0.491651593835864,0.006187903758163915,0.5090860241704992,0.5594626602149294,0.39627117132863376,0.7546596253456452,0.5717657886395432,0.40243642731703144,0.3505873525585733,0.9123886156478421,1.0205065321944318,0.9054673028061749,0.9281437197494826,1.0216959595165012,0.40768833242546587,0.7371980329929567,1.0178043013659146,0.8557166184799582,0.7507585322822113,1.0173452261941425,0.5349121155172718,0.5782397841528703,1.079384821569128,0.7352190998271031,0.585102672541747,1.0779023575180309,0.5469211350577478,0.5853735082169823,0.7077284320595216,0.6757546445422764,0.58760043220861,0.711419946921851
5.766666666666656,0,0-ACCAD_Male2General_c3d_A6- Box lift_poses,171,0.6343077864730731,0.5769850015640259,0.7876743316654616,0.6977632500380543,0.018610578241420168,-0.03788702101809105,0.715083678258864,0.16834372282028198,-0.016009796410799026,-0.31665897369384766,-0.036663033068180084,-0.040878485035773515,0.015185043552605637,0.14237461984157562,0.06431236118078232,0.10114187747240067,0.025476545095443726,-0.08620971464962657,-0.024300912159856303,0.009203242138028145,0.03660137578845024,0.117512047290802,-1.0,0.5954957008361816,1.0,-1.0,-0.6300389170646667,1.0,0.6323385789466064,0.5709732763780196,0.8624070646678459,0.6370565772279982,0.5894864450833601,1.380766029465422,0.5448009415706826,0.6581061489386212,-0.001145318773507261,0.7339424330929198,0.6601384082231887,0.00634574603468064,0.4956207004995005,0.4953756373005246,-0.0008546812264927546,0.7561654539033575,0.49159729071638436,0.006175288953789878,0.5089960038549483,0.5592191022863552,0.3962666950237397,0.7546231551644165,0.5718237477430372,0.40241396388868705,0.35017235515894035,0.9121841401647881,1.0204443150013784,0.905109476339375,0.9285834048537881,1.0216162644154572,0.4074786259644829,0.737060072916193,1.0177766192092264,0.8555306710118231,0.7511495766377679,1.0172869606528763,0.5348952401932245,0.5782673789266972,1.079379528640435,0.7351934659080681,0.5853753084451299,1.0778685642310173,0.5468581736088055,0.5853240224294319,0.7077082981500417,0.6756893609448394,0.5876908583698666,0.7113942099741225
5.799999999999989,0,0-ACCAD_Male2General_c3d_A6- Box lift_poses,172,0.6340840306365862,0.5766618251800537,0.7877177213471245,0.6980029675248669,0.018571404956904614,-0.03806040902774202,0.7148414967732688,0.1682758629322052,-0.015876268967986107,-0.31677648425102234,-0.03678453713655472,-0.04045299960964832,0.015226612843614817,0.14225812256336212,0.06430982053279877,0.100997194647789,0.025464599952101707,-0.08591915274908879,-0.024005910709803624,0.009398957714438438,0.03665989637374878,0.11747453361749649,-1.0,0.5954710841178894,1.0,-1.0,-0.6303545236587524,1.0,0.6320904305070866,0.5706363168508208,0.8624486975745096,0.6367022382991757,0.589025680085568,1.3808131744902192,0.5447632146430631,0.6580706475658489,-0.0011459132540722998,0.733975573698109,0.6599725171655179,0.006407745948084319,0.4954530577418212,0.4953794576886338,-0.0008540867459278616,0.7560597271397252,0.49141314734127445,0.006237419141220193,0.508822195497181,0.5590769677911036,0.39627290700216766,0.7544904225519642,0.5715267553013536,0.40248728347023244,0.35006536728763604,0.9119505837174474,1.0204978116089651,0.9050956806400897,0.928046361124796,1.021852334346168,0.40728292954456863,0.7367979119729214,1.0178040495005929,0.8553873578134292,0.7506506251177523,1.0174478261502513,0.5346038104620525,0.5779269805498692,1.079400900334879,0.7349058385472195,0.5849369394474544,1.077937028338023,0.5466618929519949,0.5850757214499448,0.7077298573007387,0.6754937067236977,0.5873516667364758,0.7114511611366757
5.833333333333322,0,0-ACCAD_Male2General_c3d_A6- Box lift_poses,173,0.6344457116210833,0.576622486114502,0.7877192856631381,0.6979217745284654,0.018512003038833724,-0.03801801175413452,0.7149245646673436,0.16818170249462128,-0.01569943316280842,-0.31692078709602356,-0.03681261092424393,-0.040517351856885986,0.015092206313175316,0.14206403493881226,0.06449200958013535,0.10079985857009888,0.025458697229623795,-0.08585482205603623,-0.024172742963824545,0.009670824743807316,0.036574818193912506,0.11748063564300537,-1.0,0.5955004692077637,1.0,-1.0,-0.6306489109992981,1.0,0.6324508747440087,0.5706074950374347,0.862451076142001,0.6369766813329841,0.5890806369153186,1.380813189325266,0.5450228816509765,0.6579684938613584,-0.0011460579402252195,0.7342228537245042,0.6599685317415623,0.006410893674088106,0.495729814399842,0.49527212577255464,-0.0008539420597748378,0.7563171776475285,0.4914104944725526,0.006240827793849865,0.5091462078562992,0.558978917068825,0.39627275111669225,0.7548063031537211,0.5715102877965096,0.40249100045050146,0.35022313674625155,0.9118044892292668,1.0204109584142342,0.9053401731874849,0.9281508485643767,1.0218828790491676,0.40753147101109394,0.7366809831606594,1.0177507610163543,0.8556794903247511,0.7507417761977184,1.0174781289113128,0.5349264940955277,0.5778841918149071,1.079388193660335,0.735225245608665,0.5849927277381692,1.0779516146314516,0.547024497851543,0.5850022637347293,0.7077273363509397,0.6758557110016441,0.5873057733043432,0.7114529083272811
5.866666666666656,0,0-ACCAD_Male2General_c3d_A6- Box lift_poses,174,0.6344662752235308,0.5763657093048096,0.7877475939229414,0.698331296301958,0.018473282207211963,-0.03811558074857906,0.7145203572704687,0.16795383393764496,-0.015531971119344234,-0.31709712743759155,-0.03680343180894852,-0.040221412711081816,0.014955409204510217,0.1418144553899765,0.06463773548603058,0.10060449689626694,0.025471720844507217,-0.08552784737009556,-0.024154539012570808,0.009990704245865345,0.03641528636217117,0.11754713952541351,-1.0,0.5956016778945923,1.0,-1.0,-0.6309605836868286,1.0,0.6324536102169106,0.5703454848820955,0.862478484975245,0.6368163859754256,0.5887997220046574,1.3808423175580538,0.5451371739048537,0.6580308771885216,-0.001146017673006667,0.734350050077994,0.6598213559381583,0.006442579428311869,0.4956301722556606,0.495399479533999,-0.0008539823269933522,0.7562220932063274,0.49123433148706697,0.006272532024748926,0.5091480376453863,0.5589748094116469,0.3962778647732318,0.7548254214629176,0.5712222141049803,0.40253252963468034,0.35042761083674684,0.9117682353585985,1.0203706583978465,0.9056786217868801,0.927624974204594,1.0220604784937979,0.4076017716211141,0.7366007829850993,1.0177167609338675,0.8558258185162981,0.7502709028788788,1.0176112544686577,0.534856919398817,0.5776994562045354,1.0793830659430634,0.7351621056452611,0.5846378251380601,1.078013285187008,0.5470665592853632,0.5848489705194093,0.7077442849580382,0.6758998217374519,0.5870025785464787,0.711488706414885
5.899999999999989,0,0-ACCAD_Male2General_c3d_A6- Box lift_poses,175,0.6344297971809283,0.5763666033744812,0.7877528426056233,0.6982287201353699,0.01850690155598343,-0.0381228231466098,0.7146193387589318,0.16779081523418427,-0.015441587194800377,-0.31727176904678345,-0.03689689561724663,-0.039950222993313966,0.014761090101280794,0.1416378915309906,0.06462932378053665,0.10043664276599884,0.02551821619272232,-0.08534871862198345,-0.024165773193632667,0.01027780119329691,0.036319054663181305,0.11752909421920776,-1.0,0.5957493782043457,1.0,-1.0,-0.6313239932060242,1.0,0.6324208381417497,0.5703417998461172,0.8624834643481427,0.6367217479712377,0.5887631558116833,1.3808488613211884,0.5450050845710929,0.6581760671343528,-0.001146450810577966,0.7342703380912479,0.6599877979856275,0.006436558921250109,0.4955181702813174,0.49553855755333176,-0.0008535491894219767,0.7561642934054781,0.49140361807834354,0.00626624836071572,0.5090692637325491,0.559006044754568,0.3962830109440353,0.754769686169224,0.5713293202234829,0.4025315520682012,0.3501406265275264,0.911578988576672,1.0203954150928027,0.9055318881472333,0.9277318092851649,1.0221710804602198,0.4074341736176915,0.7364508074070331,1.0177244927410134,0.8557298250539643,0.7503645559906462,1.0176792907745567,0.5347962560685146,0.5776255014782783,1.0793794999160407,0.7350976120415446,0.5846772194433428,1.0780285857415892,0.547025611565034,0.5848249944395368,0.7077526575892281,0.6758583594575629,0.5870150473334534,0.711493702236535
5.933333333333322,0,0-ACCAD_Male2General_c3d_A6- Box lift_poses,176,0.6342563476646319,0.5764973163604736,0.7877522750567147,0.6983697282950245,0.018381375422975913,-0.0380379057511095,0.714489303884084,0.16775904595851898,-0.015435284934937954,-0.31743499636650085,-0.03703722357749939,-0.040037615715207364,0.014858021078994588,0.1415158212184906,0.0645446851849556,0.10027609765529633,0.025605570524930954,-0.08562648580177235,-0.0240805748636872,0.01050672959536314,0.03634202852845192,0.11743013560771942,-1.0,0.5958648324012756,1.0,-1.0,-0.6317092776298523,1.0,0.6322416637985439,0.5704951154163009,0.8624845614712592,0.6365272172198158,0.5890173873409504,1.3808466776137802,0.544906156505812,0.6581851122660122,-0.0011471152018431782,0.7342146840343173,0.6599180872065458,0.006448621309193919,0.4953302313470696,0.4955747156945619,-0.0008528847981570629,0.7560143128819138,0.4913216846435009,0.006277668372087715,0.5088918949724419,0.5590773387654207,0.3962813588600634,0.7546209530693848,0.5713387040971766,0.4025358313315169,0.34997775059620595,0.9117953917613734,1.0203358447661584,0.9055180149168315,0.9278365161557199,1.0221711716246196,0.4072590417379248,0.7366627625258825,1.0176938632427837,0.8556347377325331,0.7504919358420323,1.0176853389388605,0.5346111671904047,0.5778357752287644,1.0793757513096582,0.734913701076898,0.584855117907563,1.0780308918345476,0.5468590951072159,0.584965605302679,0.7077457332537329,0.6756925625901352,0.5871043099647416,0.7114920957255929
5.966666666666655,0,0-ACCAD_Male2General_c3d_A6- Box lift_poses,177,0.634271725662984,0.5762994885444641,0.7877831974256084,0.6983900610540459,0.018282740670515572,-0.038101381842207446,0.7144685778368528,0.167702779173851,-0.015425757504999638,-0.31761226058006287,-0.037167321890592575,-0.03982514222582734,0.015045350269602853,0.14129407703876495,0.06462780386209488,0.1000671535730362,0.025776317343115807,-0.08565666706663855,-0.023943318043836426,0.010724209249019623,0.03628618270158768,0.11747227609157562,-1.0,0.5960049033164978,1.0,-1.0,-0.6320821046829224,1.0,0.632239648263204,0.5703008798737335,0.8625153013399017,0.6363638050190555,0.5888724206179067,1.3808768120891288,0.5451035295234105,0.6580309868611895,-0.0011477270067100746,0.7343531004920911,0.6597678818789953,0.006503638811456516,0.49548803059511826,0.49543266284454246,-0.0008522729932898439,0.7561095559635447,0.4911659040546915,0.006331246666417871,0.5089784620138514,0.5588837363342457,0.3962835571697001,0.7546860734165924,0.5711839760594062,0.4025904020071103,0.3498357921381339,0.9115615287533625,1.0202713652613185,0.9055230969705074,0.9276637976019636,1.022309388162819,0.40716228926495424,0.7364433389132892,1.0176528698015541,0.8556156163229901,0.7503266732604806,1.0177980790535617,0.5345403689009061,0.5776482421017882,1.0793761739746772,0.7348422817093072,0.5846964517983676,1.0780911193576594,0.5468932619816307,0.5847686057293195,0.7077565249551292,0.6757261023561955,0.5868946131175357,0.7115322913001939
5.9999999999999885,0,0-ACCAD_Male2General_c3d_A6- Box lift_poses,178,0.6344145979965106,0.5764275789260864,0.7878027550286842,0.6984692387327102,0.01816106215646807,-0.03810449863130442,0.7143941108026816,0.16759102046489716,-0.015286519192159176,-0.3178282380104065,-0.0372338742017746,-0.03979552834374278,0.015067646413755909,0.14093783497810364,0.06484340131282806,0.09981885552406311,0.02601948380470276,-0.08572450820587219,-0.024000327026484913,0.010949402116239071,0.03614058718085289,0.1176450178027153,-1.0,0.5961982011795044,1.0,-1.0,-0.6324209570884705,1.0,0.6323684983513911,0.5704415930246417,0.8625354884794951,0.6363114302618834,0.5891909591865524,1.3808915163388693,0.5453100802593279,0.658147172957704,-0.001148027937229231,0.734505663758568,0.6599033101245139,0.006541704378701968,0.49562536855916894,0.495569985830508,-0.0008519720627707603,0.7561888924706083,0.4912919013506536,0.00636727985186997,0.5091323570831772,0.559009146063229,0.3962839345149632,0.7548182684933227,0.5713319914897403,0.4026248777338883,0.34985348276880635,0.9117427766892298,1.0201103920282615,0.9056956764224846,0.9278277687225189,1.0223542014281177,0.4072049696295669,0.7366318157189439,1.017556472082159,0.8557409491808461,0.7505034808032571,1.017861279849859,0.5345899420010216,0.5778666150476802,1.079360212548517,0.7348923673755097,0.584911886588418,1.0781406068684118,0.5470516693587253,0.5849006828480076,0.707760143762376,0.6758844681892993,0.5869920158357574,0.7115577030729023
6.033333333333322,0,0-ACCAD_Male2General_c3d_A6- Box lift_poses,179,0.6345193233573809,0.5762791037559509,0.7877997966348429,0.6984708790976305,0.018072766901565118,-0.038020549939683214,0.7143992188765249,0.16741696000099182,-0.015039323829114437,-0.3180794417858124,-0.0372309647500515,-0.039938038223403804,0.01483512776402085,0.14043071866035461,0.0651366338133812,0.09954552352428436,0.02631022408604622,-0.08574458676920682,-0.02429132896181041,0.01119229570031166,0.03597225248813629,0.11790203303098679,-1.0,0.5964159369468689,1.0,-1.0,-0.6327371001243591,1.0,0.6324725618999714,0.5703113308714067,0.8625339685666638,0.6362979000607748,0.5893267174158636,1.3808805330350813,0.54526360897005,0.6579264451155538,-0.0011479860043620976,0.7344306959999533,0.6598051698358667,0.006536688148745345,0.49554313292178664,0.4953601919690162,-0.0008520139956378139,0.7560774746382388,0.4911890801113162,0.006359881510262254,0.5091602450599205,0.5588188795700179,0.3962831471029868,0.7548292075203404,0.5712444160231879,0.40261541831216513,0.3497761340940079,0.9116092883848279,1.0199126496914293,0.90576994183409,0.9278176025361515,1.0222781267114611,0.40719830029274956,0.7365202857227358,1.0174427954434906,0.8558137571653719,0.7504923176103163,1.017841107049073,0.5346408910103402,0.5778276548911776,1.0793340968404825,0.7349419268692708,0.5849186800910212,1.0781520243154077,0.5471571828282359,0.5847282670868323,0.7077547253704306,0.6759901118260078,0.5868123513715137,0.7115533234922117
6.066666666666655,0,0-ACCAD_Male2General_c3d_A6- Box lift_poses,180,0.634344145306386,0.5762282013893127,0.7878701030854628,0.6988561840017558,0.017841948482350326,-0.03819737455691425,0.7140186688972607,0.16717948019504547,-0.014732581563293934,-0.31835702061653137,-0.037234507501125336,-0.03969725091261189,0.014970536847630944,0.1398288756608963,0.06550433486700058,0.0992456004023552,0.026634298264980316,-0.08557878127690177,-0.02410235095243285,0.01147432066500187,0.035800982266664505,0.11808686703443527,-1.0,0.5967467427253723,1.0,-1.0,-0.6331304907798767,1.0,0.6322508972390116,0.5702668122041084,0.8626034969031595,0.6357051360582978,0.5894079736947744,1.3809474921764908,0.545386986843301,0.6580814412940544,-0.001147982704241688,0.7345150789867838,0.6598824906813704,0.006656138061464471,0.49544666686883193,0.49558258946634276,-0.0008520172957583345,0.7559371623422966,0.4912377099591064,0.006476472124371024,0.5090772641345632,0.5589569220265399,0.3962858938536695,0.7547355731350044,0.5712220065008698,0.4027399268757588,0.3496220528406641,0.9118097389075334,1.019742956162606,0.9058385870356037,0.9275508495542449,1.022522823074942,0.40694440211787475,0.7366871847500223,1.0173339101150611,0.8556831910376824,0.7502823661737605,1.018063534292771,0.5342596468357029,0.5779211594176246,1.0793293645318802,0.7345673644981376,0.5848441656879221,1.0782924802337255,0.5470342424878173,0.5847636654156356,0.7077784739768093,0.675867525122894,0.5866963585542498,0.7116461223951888
6.099999999999988,0,0-ACCAD_Male2General_c3d_A6- Box lift_poses,181,0.6346628513420001,0.5764252543449402,0.7878592129172131,0.6987840027604286,0.01761503234608393,-0.03798173118106219,0.7141064459995087,0.16694174706935883,-0.01432729046791792,-0.31866374611854553,-0.03733203560113907,-0.04008439878253167,0.01469834245076218,0.13908332586288452,0.06593424826860428,0.09892216324806213,0.026903372257947922,-0.08571130858169607,-0.024536334037567276,0.01178041473031044,0.035534556955099106,0.11806832253932953,-1.0,0.5971571803092957,1.0,-1.0,-0.6335601210594177,1.0,0.6325685486417534,0.570510439063215,0.8625962777270034,0.6358364636817397,0.5899687946159885,1.3809292920334313,0.5454638157735328,0.6579690902894701,-0.0011484012967512315,0.7345619515812601,0.6600234326224098,0.006648887596896101,0.49551708508711756,0.4954722103133943,-0.0008515987032490374,0.7559787827372246,0.4913779870645275,0.006467130010388955,0.5092861681537159,0.5589478953267218,0.3962818622129298,0.754931293926783,0.5714232551196206,0.4027237700478436,0.3495887656564811,0.9119655192084798,1.0194998862788867,0.9060413484129588,0.9279892900924843,1.0224522369721052,0.40705534903813073,0.7368889474892125,1.0171868723065325,0.8559171131292075,0.7507104675355296,1.0180540198097732,0.5344933991067281,0.5782472319887649,1.0792857650983898,0.7347979514577706,0.5852698188845363,1.0783087897968515,0.5473537228978003,0.5848855301805704,0.7077600296555911,0.6761867057496774,0.5868358201443981,0.7116310941661721
6.133333333333321,0,0-ACCAD_Male2General_c3d_A6- Box lift_poses,182,0.6349109258735552,0.576228678226471,0.787889474715051,0.6990840806500838,0.017391395565885828,-0.03793381570822333,0.7138207150032231,0.16647475957870483,-0.013865705579519272,-0.3190051317214966,-0.03750668466091156,-0.03988664029968825,0.014401416236493825,0.13811326026916504,0.06640058010816574,0.09858760982751846,0.027110105380415916,-0.08531834160636032,-0.024762677643310305,0.012154418043792248,0.03522493690252304,0.11812099069356918,-1.0,0.597602903842926,1.0,-1.0,-0.633968710899353,1.0,0.632795237634227,0.5703432795416644,0.8626282594629638,0.6357704958294331,0.5900197298121538,1.3809542533562122,0.5456656186707849,0.6579168362357183,-0.0011491700793655711,0.7347390946136443,0.6600156126477946,0.006683486651134159,0.49553544111636477,0.495476458584372,-0.0008508299206343786,0.755973981193933,0.49134716279781027,0.006500136915438746,0.509460878690899,0.5588418063470773,0.3962865452341328,0.75511294599781,0.5712642443176592,0.4027670607803331,0.3497547437020374,0.9119601655798244,1.0192976397547018,0.9064623896646846,0.9277182131386962,1.0225499118863692,0.407196749582683,0.7368745615594215,1.017059017547475,0.8561969665759361,0.7504789441126158,1.0181689347147806,0.5345903507133234,0.5782208121411292,1.079259054710683,0.7348988658426385,0.5851439939308957,1.0783911718875188,0.5476267380495179,0.5847213072794357,0.707769020212638,0.676460701929531,0.5865518251162978,0.7116681062422558
6.1666666666666545,0,0-ACCAD_Male2General_c3d_A6- Box lift_poses,183,0.6349100914085284,0.576217532157898,0.7879305123104804,0.6993043717561825,0.017015502185006557,-0.03781072941744154,0.7136204993335071,0.16587457060813904,-0.01343000028282404,-0.31935596466064453,-0.037743136286735535,-0.039762490470689915,0.014298232206967576,0.1370203197002411,0.06665420532226562,0.09830116480588913,0.02724422886967659,-0.08508401273707289,-0.02467942211225438,0.012556142173707485,0.03505095839500427,0.11817264556884766,-1.0,0.5980584621429443,1.0,-1.0,-0.6343470215797424,1.0,0.6327653018262436,0.5703853031570019,0.8626726355244274,0.6354544490413105,0.5904511653844218,1.380984922984513,0.5457127409045781,0.6578916199532373,-0.0011502341469026185,0.7348698561697159,0.6600817772435629,0.006745093168129282,0.4954346833349027,0.4954969567224992,-0.0008497658530974457,0.7559644029455647,0.49139571939806187,0.006560743321881942,0.5094425569396339,0.5588016932055815,0.3962891588404652,0.7551505216582864,0.5712263572230255,0.40283577477872773,0.34957895942270467,0.9121401395068285,1.0190004643273554,0.9065312776581204,0.9277835485170882,1.022534917003028,0.40704365989013486,0.7370603623620504,1.0168923753132206,0.8561753577913707,0.7505680553223494,1.0182320679135208,0.5344367053664499,0.5784491038559054,1.0792433198012663,0.7347472645627031,0.5853252924446786,1.078479903154874,0.5476587190610087,0.5846936110709239,0.7077757511283225,0.6764926812114854,0.586434816916009,0.7117178233733732
6.199999999999988,0,0-ACCAD_Male2General_c3d_A6- Box lift_poses,184,0.6351222839439288,0.5761930346488953,0.787933428754214,0.6995884553903451,0.016722898705036432,-0.03755971938676531,0.7133621837629464,0.16528119146823883,-0.013060616329312325,-0.3196897804737091,-0.03807971626520157,-0.03966960802375907,0.01398982873839949,0.13594110310077667,0.06690715253353119,0.09800593554973602,0.02725312113761902,-0.08475631212656021,-0.024908745223252926,0.013007420115172863,0.03485000878572464,0.1180998906493187,-1.0,0.5986825823783875,1.0,-1.0,-0.6347366571426392,1.0,0.6329702545641872,0.5704191101011995,0.8626798705749873,0.6355190305450081,0.5908404481973515,1.3809787934635704,0.5458062904977432,0.6578462125194344,-0.001151755573845177,0.7349946432502126,0.6600990759482603,0.006732629395572395,0.495356304454831,0.4955048844810906,-0.0008482444261547414,0.7559198739307939,0.491391930733943,0.006548578859806493,0.5095317044789117,0.5587369530568912,0.39629250072241695,0.7552836215548546,0.5711209728966026,0.4028309770327393,0.34967099554144543,0.9123151957298505,1.0187915799463887,0.9069228386288416,0.9277958856080657,1.0224301174595891,0.4071606405538092,0.7372425233735804,1.0167755654239674,0.8564533556703948,0.7506107611944768,1.0182078928544527,0.534578260258225,0.5786648193441783,1.079218385083626,0.7348913866454024,0.5854711485472284,1.0785041163846227,0.5478806676648481,0.5846616894545418,0.7077703968051308,0.6767160213464369,0.5862931962262091,0.7117161578584322
6.233333333333321,0,0-ACCAD_Male2General_c3d_A6- Box lift_poses,185,0.6351560201728716,0.576141357421875,0.7879438576934356,0.6999099739375885,0.016309996092294086,-0.037281270619177916,0.7130709076039866,0.16478437185287476,-0.012801791541278362,-0.3199842572212219,-0.038452595472335815,-0.03975394041072744,0.014005892903699135,0.1348823606967926,0.06715543568134308,0.0976991355419159,0.027136171236634254,-0.08453776965933879,-0.02503327669020672,0.013464060612022877,0.03465929627418518,0.11794283241033554,-1.0,0.5994816422462463,1.0,-1.0,-0.6351818442344666,1.0,0.6329865177582398,0.5704413996593359,0.8626954713267089,0.635337327847587,0.591279800788272,1.380978685242101,0.5459034287676918,0.657578877270905,-0.0011534611360611222,0.7350461537985014,0.6599516352128986,0.006746952254449639,0.4952688159113617,0.49529504634616855,-0.0008465388639389386,0.7557808196443998,0.49122096136979515,0.0065643688182703865,0.5095216962439459,0.5585484551767432,0.3962916014354907,0.7552889284815132,0.5708839934749742,0.40285131988037837,0.34954073987522755,0.9125071427691857,1.0185433049278385,0.9071600858098053,0.9277814453964844,1.0223308799954833,0.4070615640286699,0.7374435040995619,1.0166350573997789,0.8565519395648351,0.7506336998109906,1.0182009923707431,0.5345073337066705,0.5789037969236773,1.0791893946442133,0.7348237491008989,0.5856198748327343,1.0785468052524472,0.5479353837249475,0.5845978240226359,0.7077593264618971,0.6767717131981569,0.5861046928800804,0.7117253773817437
6.266666666666654,0,0-ACCAD_Male2General_c3d_A6- Box lift_poses,186,0.6354204263770953,0.5763228535652161,0.7879389116951385,0.6999015883394444,0.01607448513894717,-0.0370101534369217,0.7130986089665413,0.16429093480110168,-0.012749247252941132,-0.3202240467071533,-0.03882800415158272,-0.03960157039350909,0.013952001822471582,0.13389047980308533,0.06728614866733551,0.09740360826253891,0.027003291994333267,-0.08411095622293785,-0.025222960655154947,0.013880309648811817,0.0345616415143013,0.11771830171346664,-1.0,0.6003595590591431,1.0,-1.0,-0.6356629133224487,1.0,0.6332543105496825,0.5706764865731168,0.8626946906156525,0.6355509598185114,0.5917714755412106,1.3809679663355514,0.5461267941046741,0.6576447118284995,-0.0011551725239763201,0.7351686344369059,0.660274529543523,0.006715280820676427,0.49546394424626994,0.4953697004121511,-0.0008448274760236574,0.7558697172960043,0.4915397304299513,0.006534348337719556,0.5097331505013918,0.5585715229456657,0.3962945049941674,0.755480690396244,0.5710674250890657,0.402831191059991,0.3493840869493227,0.9125996693097093,1.0184843750254646,0.9073914900725598,0.9281712678190825,1.0222485716373368,0.40710314561239797,0.7376009644718502,1.0166061374769924,0.8567973649827981,0.7510183583693095,1.018168696142893,0.534750444659829,0.5791985712258617,1.0791769669162325,0.7350638754682943,0.5860042501448179,1.0785468302689787,0.5481962410026546,0.584705787405669,0.7077531076038858,0.6770328813675613,0.5862084506398774,0.7117130181450595
6.299999999999987,0,0-ACCAD_Male2General_c3d_A6- Box lift_poses,187,0.6354589309776202,0.5762748718261719,0.7879366629124621,0.7001719031001997,0.015800640837730234,-0.03674110024615481,0.7128532369365125,0.16375619173049927,-0.012749905698001385,-0.32043543457984924,-0.03908310830593109,-0.03954970130671365,0.013977166863240464,0.13304215669631958,0.06737197190523148,0.09709581732749939,0.026938889175653458,-0.08394656377216325,-0.02536180718719827,0.014309844933450222,0.034450337290763855,0.1174352616071701,-1.0,0.6013602614402771,1.0,-1.0,-0.6361708641052246,1.0,0.6332896987604455,0.5706867452754764,0.862696727607735,0.6355269532733843,0.592025392146921,1.3809605588614704,0.5462314623436986,0.6575138680313086,-0.0011563232586052456,0.7351847526761122,0.6601506013105025,0.00669938786315212,0.49541737619867227,0.4952861549197655,-0.0008436767413947284,0.7557157125420664,0.49139501674609487,0.006519484256680315,0.5097328403229336,0.5584652366298732,0.39629540156349286,0.7554640388538325,0.5708746729414024,0.40281932238839574,0.34921621684474013,0.9126691755043951,1.0184425696002615,0.9076667329578693,0.9281182060232993,1.0221914314464855,0.40701538944703414,0.7376966991947301,1.0165845102034479,0.856946648508706,0.751000342795339,1.018154134925365,0.5347584653680519,0.5793390126041934,1.0791636126723798,0.7350741483825267,0.586079976956565,1.0785541555003533,0.5482400236142859,0.5846483410407258,0.7077469247470999,0.677077928360215,0.5860507292741931,0.7117039909003119
6.333333333333321,0,0-ACCAD_Male2General_c3d_A6- Box lift_poses,188,0.6357165422523394,0.5763526558876038,0.7879330951738555,0.7004580509327111,0.015512907468188179,-0.0364522688242839,0.7125932224509248,0.16317158937454224,-0.012843568809330463,-0.3206152021884918,-0.0392213873565197,-0.039592347725667,0.014083233763050207,0.13222743570804596,0.06734418123960495,0.0967961996793747,0.02691228874027729,-0.08391233070505599,-0.025405435690429412,0.014707769267261028,0.034401457756757736,0.11718069761991501,-1.0,0.6024537682533264,1.0,-1.0,-0.6367603540420532,1.0,0.6335447083847804,0.5708263887921122,0.8626976824437723,0.6357646581154518,0.5924489964274005,1.3809501393579549,0.5465989744754067,0.6574766626247494,-0.0011569311337562768,0.7354900552931418,0.6600830771390563,0.006684775370957203,0.4956306367084749,0.495297348173883,-0.0008430688662438394,0.7558421354811694,0.49130582538584977,0.006505547429990922,0.5099743853877401,0.5584913876440151,0.39629437407426854,0.7556918012674761,0.5707773249707123,0.40280565581393457,0.34927911736799966,0.9128912082576879,1.0184088044939674,0.9082245584997516,0.9281805508595551,1.0220986982794145,0.40715855509056686,0.7379450274868973,1.0165733953293752,0.8573546766338911,0.7511044323962895,1.0181152835250775,0.535005121041172,0.5796330492238662,1.0791556790119388,0.7353234575616788,0.586295195516699,1.07855172501544,0.5485025128391247,0.5847154295611905,0.7077399816284112,0.6773416677750952,0.5860142037365312,0.7116928251843115
6.366666666666654,0,0-ACCAD_Male2General_c3d_A6- Box lift_poses,189,0.635674461373128,0.5765116810798645,0.7879123678929895,0.7003843994195924,0.015337601206103198,-0.03613979405953929,0.7126853206880533,0.16262446343898773,-0.013031290844082832,-0.3207615315914154,-0.03929292410612106,-0.03965414505193654,0.01411155375610662,0.13145828247070312,0.06707676500082016,0.0965319275856018,0.026873229071497917,-0.08380602412754756,-0.02535407865980055,0.015030439011752605,0.03448181971907616,0.11684347689151764,-1.0,0.6036173701286316,1.0,-1.0,-0.6375031471252441,1.0,0.6335173316646209,0.571036903480635,0.862681168884176,0.6358568598489349,0.5928456432913187,1.3809259417435957,0.5465193233679498,0.6574696800771883,-0.0011572246090107464,0.7354443485588641,0.6602567322485057,0.006631254816590479,0.4955651974220409,0.495285901077013,-0.0008427753909893074,0.7557901122719602,0.49147871810545013,0.00645281474995274,0.5099004074200014,0.5585062296121085,0.39629339895070753,0.7556285358649268,0.5709130096591184,0.4027561108827445,0.34876594378479764,0.9128757009904165,1.0185175577191912,0.9082574557159727,0.9285285313994811,1.0220003702235005,0.40690054406759485,0.7380144918195849,1.0166494085168534,0.8573837458076334,0.7514529748781106,1.0180409350393822,0.5350298445025914,0.579861771163364,1.0791611970324164,0.7353442811213781,0.5866353256009572,1.0785051921703657,0.5484442867878894,0.5847849345521655,0.7077303708508607,0.6772839399514503,0.5861106265193807,0.7116590553808014
6.399999999999987,0,0-ACCAD_Male2General_c3d_A6- Box lift_poses,190,0.6355761733138934,0.5767220258712769,0.7878969661541925,0.7008258186271856,0.015111712472121884,-0.03586503461954357,0.7122699680482352,0.16218508780002594,-0.013303136453032494,-0.32086965441703796,-0.0393182672560215,-0.03981535180086215,0.014325155184145677,0.1308497041463852,0.06675074249505997,0.09625079482793808,0.0268547423183918,-0.08389221061513674,-0.025191028337406163,0.015315319411456585,0.034572672098875046,0.11644522100687027,-1.0,0.6048569083213806,1.0,-1.0,-0.6383789777755737,1.0,0.6334204448207441,0.5713015860722802,0.8626697664698773,0.6358830598817496,0.5932576877660565,1.3809085017627718,0.546605902876976,0.6575640549448932,-0.0011573130645208436,0.7355574213024638,0.6602328056242991,0.006598731037633972,0.4954354521753115,0.4954483987441813,-0.0008426869354792449,0.7556466371008077,0.49142406241998793,0.006420892941445773,0.5097974056901233,0.5587272709993023,0.3962899412892917,0.7555428709015487,0.5708827062948569,0.40272293141733134,0.34866165175842256,0.9133182505823916,1.0186500525632667,0.9087823786556536,0.9284978117016518,1.0219674346023244,0.40680165882941843,0.7384593425021784,1.0167353601732982,0.8576236465401216,0.7515043957241736,1.0180077587162577,0.534986430705688,0.5802756361584551,1.0791669473380359,0.7353069492251145,0.5868627454929758,1.0784707069175303,0.5483476266512848,0.5850352142063561,0.7077196035782922,0.677189290344445,0.5862023266548447,0.7116334766619753
6.43333333333332,0,0-ACCAD_Male2General_c3d_A6- Box lift_poses,191,0.6356693949783221,0.5770061016082764,0.7878496790653544,0.7005043382077397,0.01497017420036962,-0.03545485303879806,0.7126096543217362,0.16176284849643707,-0.013674904592335224,-0.3209474980831146,-0.039360664784908295,-0.04011432329006426,0.0144516670404784,0.13030537962913513,0.06634227186441422,0.09596041589975357,0.026858186349272728,-0.08415063631628428,-0.02519832197347227,0.015530652366578579,0.034728340804576874,0.11605782806873322,-1.0,0.6061322689056396,1.0,-1.0,-0.6394144892692566,1.0,0.6335441368230019,0.5716432802274128,0.8626275061574156,0.6362429503134621,0.593812786092508,1.3808568181329817,0.5465984782206716,0.6574571591599897,-0.0011574818951408453,0.7355605808420689,0.660373826614146,0.006514607633690984,0.49556498972530844,0.4952983362430592,-0.0008425181048590663,0.7557528813165868,0.49157738246996113,0.00633727792416065,0.5098609493664662,0.5587036954361387,0.3962849289635923,0.7555919814819582,0.5711268949089102,0.40263152344210446,0.34810305266086716,0.9132567336384685,1.0188040040528736,0.9088780207648859,0.9291235403254239,1.0218041480291393,0.4066180163490389,0.7385234605588593,1.0168427525068398,0.8577813242412095,0.7521116657582189,1.0178686594013393,0.5352128920280159,0.5805863882427964,1.0791705260472282,0.7355252627128537,0.5874056729852595,1.0783727753208847,0.548406018687216,0.5851631667189967,0.7076963652742806,0.6772479084663583,0.5864509490820866,0.7115653060131307
6.4666666666666535,0,0-ACCAD_Male2General_c3d_A6- Box lift_poses,192,0.635659858235158,0.5772002339363098,0.7878268455709161,0.7006450459448834,0.014897373709834074,-0.03520936346931818,0.7124850093675846,0.16127899289131165,-0.014106846414506435,-0.3210102915763855,-0.03931746259331703,-0.04006644120363401,0.01459355791646788,0.12978991866111755,0.06596188247203827,0.09563148021697998,0.026912197470664978,-0.08415163636047485,-0.02511317412442815,0.01572895422577858,0.035003695636987686,0.11575528979301453,-1.0,0.6074568629264832,1.0,-1.0,-0.6406295299530029,1.0,0.633551591639391,0.5718716467240125,0.8626076009180114,0.6365369506889168,0.5941174141438763,1.3808329612124064,0.5466867794613482,0.6576516046129648,-0.0011572489650691978,0.7356182323529687,0.6605174083361972,0.006455469303734085,0.4955788371197857,0.49551623117254784,-0.000842751034930863,0.7556878430237323,0.4917063325953292,0.006278170869100742,0.509848872636562,0.5589136686811015,0.3962848070035844,0.7555538645771909,0.5712526915810827,0.4025731598717133,0.3478746809041279,0.9134132017826037,1.0190872509716473,0.9093903523840291,0.9292167713685551,1.0217762691139456,0.4065406358001685,0.7387316942685421,1.0170279129909714,0.8580978192026965,0.752262295630598,1.0178071684204921,0.5353465791817201,0.580858727613604,1.079201820486822,0.7356595729674527,0.587646390599169,1.078297911314712,0.5483793335365709,0.5853419602654581,0.70769313859673,0.6772226956324856,0.5865825927353534,0.7115284698486205
6.499999999999987,0,0-ACCAD_Male2General_c3d_A6- Box lift_poses,193,0.6356164064491168,0.5772997736930847,0.78780783392279,0.7008534562885518,0.014726740817885341,-0.034938811119682715,0.712296873073873,0.1608160138130188,-0.014504102990031242,-0.32107314467430115,-0.03918478265404701,-0.04027676882023279,0.0148540959574881,0.12947431206703186,0.0655127540230751,0.09527835249900818,0.027020366862416267,-0.08459651236185906,-0.02490673843778446,0.015966465696692467,0.03530579060316086,0.11528819054365158,-1.0,0.6089547872543335,1.0,-1.0,-0.6420379281044006,1.0,0.6335168301846128,0.5720185597263523,0.8625921943101539,0.6367579980761819,0.5943406432478122,1.3808139308787348,0.5468018588007806,0.6576025899348247,-0.001156605970426959,0.7357786181137538,0.6602806046687806,0.0064278038826401755,0.4955891308829016,0.4955002815074324,-0.0008433940295729837,0.755685173100406,0.4914502238888644,0.006250056106650165,0.5098303237988743,0.5589845212394413,0.39628013160871756,0.7555344946961009,0.5711408361074813,0.40253420359686376,0.3475969207337701,0.9135112521077651,1.0193810594527541,0.9099610917498443,0.9291661106849709,1.0217998408358293,0.4064107586799109,0.7388807565097941,1.0172161859182738,0.8584198371520668,0.7522850440085314,1.0177809442136028,0.5354258766792801,0.5810627177269171,1.0792312275007805,0.735740523768667,0.5877883495297481,1.0782347646027686,0.5483281017187936,0.5854297645942944,0.7076837889866543,0.6771727035954708,0.5866036685176161,0.7114976612292158
6.53333333333332,0,0-ACCAD_Male2General_c3d_A6- Box lift_poses,194,0.6354617323959246,0.5779410004615784,0.7877558529968615,0.7007252763337065,0.0144913656925507,-0.034487417254682594,0.7124497915492128,0.16044096648693085,-0.014871429651975632,-0.3211328685283661,-0.03901207074522972,-0.04100614054653473,0.015102103968596348,0.12921838462352753,0.06493666768074036,0.09491731226444244,0.027035066857933998,-0.08535903403150757,-0.02475148731204113,0.016214141622185707,0.03561566025018692,0.11464386433362961,-1.0,0.610658586025238,1.0,-1.0,-0.6436269879341125,1.0,0.6333854572180893,0.5727322475420482,0.8625459457525814,0.6369343099949218,0.5952263410520383,1.3807597278399661,0.5466123681534022,0.6576743931230961,-0.0011557811301779602,0.7357294653239167,0.6604068564533441,0.006364866344657039,0.4954518948868459,0.495555582048934,-0.0008442188698221283,0.7556289840661785,0.49157564564605805,0.006187634372091855,0.509661759116422,0.5593112497665956,0.3962677141717571,0.7553929261407059,0.571524810037109,0.4024506044265948,0.34685614362116113,0.91390283843792,1.0196546121039542,0.9101648458968934,0.9299584657270517,1.021716262891838,0.406014031738222,0.7393898199550311,1.017393006990704,0.858520883535971,0.7531078804327622,1.0176745012834547,0.5354308415500937,0.5817750989393301,1.0792423335009578,0.7357403830142506,0.5886323130936087,1.078123802114892,0.5481476206167051,0.5859487715600344,0.7076495427759406,0.6769927946552362,0.5871800833435966,0.7114251812370318
6.566666666666653,0,0-ACCAD_Male2General_c3d_A6- Box lift_poses,195,0.6354423608863726,0.5780550241470337,0.7877339254309562,0.7010285269339754,0.014468290486869347,-0.0343116855492141,0.7121603620182324,0.16005446016788483,-0.015259545296430588,-0.32118839025497437,-0.038832295686006546,-0.04103780153361969,0.015192119940959259,0.12875491380691528,0.06440544128417969,0.09450747817754745,0.026938531547784805,-0.08509573406184767,-0.02449867729970756,0.01647299714386463,0.03585033491253853,0.11408179998397827,-1.0,0.612586259841919,1.0,-1.0,-0.645357072353363,1.0,0.6333799017784316,0.5728683081316166,0.8625259319517301,0.637198792334369,0.5952061159283133,1.380745818541576,0.5466972920926696,0.657858914535077,-0.0011549091559392537,0.7359115831092612,0.6605658886977797,0.006298383027508986,0.495388793196399,0.49578688748035976,-0.0008450908440607585,0.7555942576650463,0.4917092588272473,0.0061226812997654916,0.5096275122735502,0.5595461861800557,0.3962665268845563,0.7553799141922162,0.5715603587563071,0.40239496635135896,0.34657280569483356,0.9139457294253055,1.0201704677013095,0.9109495186134561,0.9297226953576211,1.0219383619510212,0.4058915609104567,0.739490260109141,1.0176928257752251,0.85896808575008,0.752974511779163,1.0177461735780895,0.5355437225518229,0.5818950578599834,1.079273279775112,0.7358565381773643,0.5886397552960027,1.0780609049715149,0.5481156277042665,0.5861042668022314,0.7076475087948547,0.6769627310576505,0.5872271702236576,0.7113913704196174
6.599999999999986,0,0-ACCAD_Male2General_c3d_A6- Box lift_poses,196,0.6354067173087969,0.5784854292869568,0.7876799930365287,0.7009794341344263,0.014266512618864361,-0.03385169099505698,0.7122347664605053,0.15961235761642456,-0.015734348446130753,-0.3212357461452484,-0.03876270726323128,-0.04154499740332529,0.015445790999897957,0.1284046322107315,0.0638028085231781,0.09406876564025879,0.02703743800520897,-0.08581111749989256,-0.02437857647122532,0.016749093309044838,0.03603220358490944,0.11336051672697067,-1.0,0.614721417427063,1.0,-1.0,-0.6472163796424866,1.0,0.633371482371561,0.5733687968110367,0.8624775724816993,0.6374671780081189,0.5958148984890455,1.380692117041609,0.5466684217004083,0.6578402902938739,-0.0011545677983513837,0.7359653636464025,0.6605219486568787,0.006223119150916147,0.49537707330848674,0.49576283345510996,-0.0008454322016486285,0.755591351912058,0.49165872097956004,0.006047269799529045,0.5095735718792642,0.559719216909281,0.39625735029406967,0.7553304342467001,0.5717521913778981,0.40229960929392283,0.3458877577818597,0.9141146850755878,1.0205358362326342,0.9114121813160797,0.9301992854671189,1.0219539817763938,0.4055726904127605,0.739786294871814,1.017911833569956,0.859255852663877,0.7535042246712808,1.0176952171613256,0.5356557855664359,0.5823866709415734,1.0792775318210048,0.7359648165109345,0.5892225757489362,1.0779556288213272,0.548050541932858,0.586433083048635,0.7076177992226841,0.6768987374683323,0.5875841371239505,0.7113147506282769
6.6333333333333195,0,0-ACCAD_Male2General_c3d_A6- Box lift_poses,197,0.6352730240905657,0.5786449909210205,0.7876473459085421,0.7007754644423652,0.014238760720094465,-0.033559253582667065,0.7124498456928162,0.1590886414051056,-0.01630534790456295,-0.3212769031524658,-0.03870049864053726,-0.04148081589269137,0.01562185618659273,0.12792155146598816,0.0631013959646225,0.09361636638641357,0.027187854051589966,-0.0859840656400388,-0.024090549312780984,0.01706347055733204,0.036298252642154694,0.11265253275632858,-1.0,0.6170244812965393,1.0,-1.0,-0.6492716670036316,1.0,0.6332670592948891,0.5735618720420337,0.8624480010373616,0.6376739380143985,0.5958802384379157,1.38066708278681,0.5465668757420642,0.6579220554060375,-0.0011542505583436308,0.7359484948643115,0.6606709933632856,0.00614672493877148,0.4953602281079926,0.49581781713590145,-0.0008457494416564577,0.755588442246045,0.49180938933868645,0.0059702225812375866,0.5094544728911439,0.5597782607706299,0.3962572299730883,0.7552095032577406,0.571949068461485,0.4022203065590063,0.3449168194070353,0.9137494184640091,1.0211279832400184,0.9116846074502533,0.9304069845541901,1.0221615785910847,0.4050711847314376,0.7395863080824061,1.0182596180624217,0.8594091275509457,0.7537510204899541,1.0177447057153277,0.5356884523737,0.5824258045956165,1.0793125274233573,0.7359902179879912,0.5894473120975287,1.077868219908259,0.5478842304446874,0.5864901516628381,0.7076133098630093,0.6767329989733374,0.5877210160245283,0.711264077674593
6.666666666666653,0,0-ACCAD_Male2General_c3d_A6- Box lift_poses,198,0.6352360096061602,0.5789323449134827,0.78759063344244,0.7010120534624869,0.014157665783753869,-0.03313289519138208,0.7122386346275382,0.15843388438224792,-0.016827253624796867,-0.3213456869125366,-0.03858734667301178,-0.04164553033057161,0.01563655509595363,0.12736016511917114,0.06240829452872276,0.09312127530574799,0.027375206351280212,-0.08634750446393502,-0.023990017483192627,0.017479073256254196,0.036457378417253494,0.11183425039052963,-1.0,0.6196011900901794,1.0,-1.0,-0.6515603065490723,1.0,0.6332645712539701,0.5739038615541319,0.8623958992058088,0.6380267128862386,0.5961587920542706,1.3806161696011234,0.5465064318949414,0.6581248752557293,-0.001153686028165686,0.7360077710806892,0.6606794302312169,0.0060357705572320515,0.495183176729434,0.4960575157978939,-0.0008463139718342672,0.7554474953837821,0.4917946598598292,0.005858413224753785,0.5093349596449601,0.5600618026612749,0.3962545143608249,0.7551123288346377,0.5720544099369368,0.40209898046241077,0.34435952232954187,0.9138480089793217,1.0217085177749068,0.9125333831655282,0.9304449863658569,1.0223220738439716,0.404821882898491,0.7397957700299719,1.0185964002776142,0.8599068294200265,0.7538970660045503,1.017756785119513,0.5358386188356915,0.5827519191597726,1.0793281374737298,0.7361408355937723,0.5897319929841893,1.0777516124328508,0.547812012789409,0.5867588525872983,0.7075965477740738,0.6766633344453021,0.5879138733326879,0.7111808869136768
6.699999999999986,0,0-ACCAD_Male2General_c3d_A6- Box lift_poses,199,0.6351072635734454,0.5791666507720947,0.787543061605792,0.700896040892309,0.013976835429731615,-0.03264437766529145,0.712378924828425,0.15765497088432312,-0.01735478639602661,-0.3214271366596222,-0.038584571331739426,-0.04177782813363673,0.015773407787104565,0.12664783000946045,0.06158176064491272,0.09261713176965714,0.02763396129012108,-0.086899163211837,-0.023682894856101644,0.01788056269288063,0.03671684116125107,0.11090172827243805,-1.0,0.6223946213722229,1.0,-1.0,-0.6541237235069275,1.0,0.6331687367633864,0.5742089294801254,0.8623539105075244,0.6382774007647303,0.5964705317347752,1.380572563744132,0.5463551521340632,0.6581173413491068,-0.0011536437282845188,0.7360447310586046,0.660633920203665,0.005947868785751188,0.49507433902894243,0.49603654735519553,-0.0008463562717155107,0.755447611546787,0.4917449145448641,0.005768993569910785,0.509175448712223,0.5601035805488721,0.3962516898939178,0.7549962945399745,0.5721794612245028,0.40199647514348563,0.3433224627847281,0.9136193293659607,1.0222967765883233,0.913025068405455,0.9307115196250174,1.022485312475698,0.4042916490777606,0.7397484212833854,1.0189456798314003,0.8601833857956207,0.7542316685772522,1.0177754337842397,0.5358947061771845,0.5829715870766846,1.0793547165773327,0.7361903436034453,0.5901065499547269,1.0776415812245888,0.547647444074142,0.5868655445560798,0.7075796907033907,0.676499809059535,0.5880724547573417,0.7111086388519322
6.733333333333319,0,0-ACCAD_Male2General_c3d_A6- Box lift_poses,200,0.6349903788650408,0.5791993141174316,0.7875100444562734,0.7008946305106352,0.013897162276158455,-0.03227110297486882,0.7123988782380385,0.15687723457813263,-0.01789090409874916,-0.32150962948799133,-0.038770731538534164,-0.04141102869833224,0.015830598049430544,0.1258140653371811,0.06076182425022125,0.09206915646791458,0.027933243662118912,-0.08706446700101234,-0.02333255486641228,0.01825813204050064,0.03702854365110397,0.10981729626655579,-1.0,0.6254067420959473,1.0,-1.0,-0.6569281816482544,1.0,0.6330826308681138,0.5742897625208073,0.8623248611752917,0.6385755899656086,0.5963143003343683,1.3805520472751516,0.5462679674833805,0.6582206590389597,-0.00115447697986883,0.736119628773085,0.6606464685964584,0.005859537891821778,0.4949752325028152,0.4961436406629287,-0.0008455230201311406,0.7554251545174373,0.49174630870365194,0.0056788062715657055,0.509023354094691,0.5600974471706258,0.3962571154428309,0.7548869746693588,0.5722195357748623,0.4019052265214259,0.34236554849759626,0.9131644682810859,1.0231076648827702,0.9137318864414393,0.930554454716586,1.022849706930252,0.40380836114089397,0.7394672508643308,1.0194169142375402,0.860580227339662,0.7541743095689233,1.017898976015932,0.5359775297616439,0.5828980420353543,1.0794037928134532,0.7362688251779733,0.5901183553923008,1.077546656449004,0.5474978344805432,0.586824219897058,0.7075793014137024,0.6763516254979987,0.5880364815718164,0.7110542409631193
6.766666666666652,0,0-ACCAD_Male2General_c3d_A6- Box lift_poses,201,0.6348326053703204,0.579632043838501,0.7874511675739343,0.7004056367900471,0.013588291360951478,-0.0316770129236026,0.7129122450504385,0.15633583068847656,-0.018291154876351357,-0.32160359621047974,-0.03902451694011688,-0.04184477832906719,0.016089579531587295,0.12497147172689438,0.0600089430809021,0.09145616739988327,0.028109604492783546,-0.08774208870529576,-0.023069778895672632,0.018669739365577698,0.0372222438454628,0.10833782702684402,-1.0,0.6287872195243835,1.0,-1.0,-0.6599797010421753,1.0,0.6329576805041464,0.574817006898989,0.8622729563524535,0.6387139094083948,0.5967367801549001,1.380504589588858,0.5460052070833926,0.6579844510937876,-0.001155645147864589,0.7360407796142436,0.6607590373867867,0.005773491680359351,0.4949250068536433,0.4958403292674306,-0.0008443548521354094,0.7554695198359482,0.4918730072259395,0.005592191082182625,0.5088460652932795,0.5599908499075795,0.3962492543563355,0.7547495776277704,0.572568176152314,0.401800685268663,0.3407637265753955,0.9127365457017557,1.0238230847645238,0.9139412013311315,0.9312445017381764,1.0231869840329093,0.40297137598832444,0.7393187286466135,1.019818926111886,0.8606938276498707,0.7548996219655264,1.0180135153526242,0.5359693751295379,0.5831822631468666,1.07941246937614,0.7362460971457871,0.590767762015008,1.0774427675338625,0.5473019198327619,0.5870160119297481,0.7075422776230538,0.6761551897500777,0.5884072708822239,0.7109708666368727
6.799999999999986,0,0-ACCAD_Male2General_c3d_A6- Box lift_poses,202,0.6347487416351214,0.5798311233520508,0.7874428981726979,0.7005126716789059,0.01344598892998455,-0.031403173003724465,0.7128218872371095,0.15563514828681946,-0.018686918541789055,-0.3217219412326813,-0.03923330456018448,-0.041449832339120585,0.016225982117026416,0.12408173084259033,0.05934503674507141,0.09077087789773941,0.028250791132450104,-0.08763857283127963,-0.022660024930803768,0.019189173355698586,0.03739933297038078,0.10678844153881073,-1.0,0.6324881911277771,0.9995095729827881,-1.0,-0.6632443070411682,1.0,0.6328866828228424,0.5750605301508822,0.8622678550887468,0.6388494721577275,0.5964611116168014,1.3805218630657756,0.5460564169869966,0.6582812435581586,-0.001156585419452398,0.7362313935760194,0.6610283131542388,0.005726484614105284,0.4949087410885123,0.49615839762270986,-0.0008434145805475343,0.7554899732091548,0.49212279473299064,0.005544942983622701,0.5087683534118594,0.5601907172908419,0.39625465814286387,0.7547072014846682,0.5727653157206397,0.4017601259882805,0.3396767499253825,0.9123323610170961,1.02493168785558,0.9148025531563658,0.9310550751157829,1.0239329103735764,0.402375626373402,0.739104939178123,1.020384664725379,0.8611516313808587,0.7548442897143637,1.0183739621797578,0.5359899893264959,0.5831661512864925,1.0794574182517171,0.7362641510510108,0.5908002220186168,1.0774163377536068,0.5472051970638828,0.5871753278193955,0.7075479290567719,0.6760595873488154,0.5885276555437938,0.7109509776522502
6.833333333333319,0,0-ACCAD_Male2General_c3d_A6- Box lift_poses,203,0.6346772160613909,0.5800520777702332,0.7874207633341427,0.7010459261442317,0.013018834937551781,-0.030902585253722425,0.7123272770279696,0.1548251509666443,-0.01913715898990631,-0.32185134291648865,-0.039456821978092194,-0.04157807611639042,0.01664140126977387,0.12323438376188278,0.05880448594689369,0.09000128507614136,0.028435470536351204,-0.08832197078087689,-0.022417011117204066,0.019829463213682175,0.03751569986343384,0.10507850348949432,-1.0,0.6365475058555603,0.9912852644920349,-1.0,-0.6668108105659485,0.9932865500450134,0.6328186470226453,0.5753811444297796,0.8622520943583685,0.6389501011678255,0.5965369298140066,1.3805174431648775,0.5462878001890231,0.6582527983029673,-0.00115761657010581,0.7364923217919666,0.6606364973924825,0.005703003058810056,0.4948797534205213,0.49621233003804643,-0.000842383429894164,0.7553655506826584,0.49168748703009557,0.005520989845969552,0.5087120185107065,0.5603157028332197,0.3962504105735486,0.7546513529036258,0.5725573614494129,0.40171766264839354,0.3394664838491982,0.9125485209165591,1.0271357072425416,0.9155622015403884,0.9308208089262897,1.0256539256397283,0.401886281946787,0.7392744512459088,1.0208563928376875,0.8618303162086494,0.7546851308486332,1.0186774214299466,0.5359954655780276,0.5834465540979862,1.0794765585929054,0.7362753783180237,0.5909135733216719,1.0773825011026215,0.5471335996193818,0.5874010165891927,0.7075303328723004,0.6759903398546641,0.5885677844897919,0.7109132381458647
6.866666666666652,0,0-ACCAD_Male2General_c3d_A6- Box lift_poses,204,0.6344709839904681,0.5799665451049805,0.7874012379729913,0.7007256760406224,0.012868496934060322,-0.03054052449076326,0.7126606521254698,0.15407469868659973,-0.019522294402122498,-0.3220013380050659,-0.039783015847206116,-0.04118229873158974,0.016724021947727707,0.12223389744758606,0.0582541897892952,0.0891822949051857,0.028520584106445312,-0.08818186407910833,-0.022216389302769812,0.02053634636104107,0.037619467824697495,0.10335051268339157,-1.0,0.6410622596740723,0.9819784164428711,-1.0,-0.6708576083183289,0.9835168123245239,0.6326365352524396,0.5753491976579423,0.8622364896955644,0.6389421814064523,0.595977713880417,1.380524339802316,0.5460698424620263,0.6581107830261703,-0.0011591067994350113,0.7363301439188145,0.6607159024262508,0.005636006909797278,0.49478509988161984,0.49603125341626875,-0.0008408932005648274,0.7552167148654847,0.4917683824568915,0.005454529419917805,0.5084998432662469,0.5600290256528637,0.39625623019792455,0.754428935392713,0.5725827862437867,0.4016568609434778,0.3383087324868112,0.9115517022957529,1.0298150786242986,0.9152298221787143,0.9308258968743872,1.0281236547404873,0.4008322513709536,0.7384013346032762,1.0214889775876475,0.862043960300343,0.7546174709915172,1.019100409852751,0.5358910620023619,0.5830117154640474,1.0795110862995496,0.7361578048578085,0.5908046517952334,1.0773461961386985,0.5468997317805687,0.5871568981415837,0.7075303775166576,0.6757563363634495,0.5884389067420899,0.7108780214159217
6.899999999999985,0,0-ACCAD_Male2General_c3d_A6- Box lift_poses,205,0.634488507756032,0.5802037119865417,0.7873976339528352,0.701155748534724,0.012654987215966753,-0.03030944112124028,0.712251223497856,0.15366072952747345,-0.0198347307741642,-0.32215416431427,-0.04011021926999092,-0.04094586087256569,0.017006068187735757,0.121275894343853,0.05781957879662514,0.08827590942382812,0.028574364259839058,-0.08794102881905075,-0.021923148124130765,0.021311406046152115,0.0376652255654335,0.10147669166326523,-1.0,0.6461620926856995,0.9714395999908447,-1.0,-0.6754689812660217,0.9725682735443115,0.6326527914436655,0.5756345539531045,0.8622358123144576,0.6390365515784485,0.5955795977487084,1.3805530433189634,0.5463586466814935,0.6583552683190947,-0.0011606174829940745,0.7366446566718208,0.6609738840629461,0.005606052909690514,0.4948535157265216,0.4963456442425979,-0.0008393825170059897,0.7551743402756471,0.4919868484210827,0.005425469085120198,0.5085336430910233,0.5602840219388482,0.3962583643083194,0.754460254014721,0.5727097128939451,0.4016370757675703,0.3379520600843824,0.911362806552399,1.032816342730282,0.9158297183854582,0.9304561815064882,1.0310595918381533,0.4001835336075796,0.738234209974178,1.0221722385333416,0.8628656749124134,0.754316280435891,1.0196969533244191,0.5359416233392521,0.5830310938924989,1.0795370970104403,0.7362114854748072,0.5907389878756567,1.0773563653556566,0.5469215025636773,0.5874392160437494,0.7075282341131695,0.6757799258127437,0.588555839793571,0.7108683769017679
6.9333333333333185,0,0-ACCAD_Male2General_c3d_A6- Box lift_poses,206,0.6342840638244525,0.5803402662277222,0.7873597481243577,0.7009119738873825,0.012366340994497162,-0.02991191685103215,0.712512986339195,0.15354283154010773,-0.020094577223062515,-0.3223121166229248,-0.0404602512717247,-0.041352081190465295,0.017378117270624105,0.12041395157575607,0.05739254131913185,0.08730540424585342,0.028778856620192528,-0.08831053187611881,-0.021763760398697873,0.022135963663458824,0.03760607913136482,0.09957236796617508,-1.0,0.6519446969032288,0.9595023393630981,-1.0,-0.6807045936584473,0.9603049755096436,0.6324608975048424,0.5758432143758908,0.8622026007504634,0.6388613013618331,0.5952888566106121,1.380542155350744,0.5462001437909405,0.6578779842041358,-0.0011622532173356862,0.7365326698799962,0.6609505843984305,0.005557641552028342,0.4947831201297805,0.49584038247724793,-0.0008377467826642254,0.755013855072632,0.491958238248985,0.0053767084663713625,0.508343850050185,0.5599700849150692,0.39625024999167774,0.754250725953109,0.5728021952741782,0.4015785231654705,0.33667619988795383,0.9104979202785647,1.035997330586586,0.9155695395113925,0.9305393589089231,1.0341658412925863,0.3989030267419829,0.7375418801889727,1.022821807053374,0.8632152350284019,0.7543991970574284,1.0202649640109287,0.5357578693864155,0.5828573155464376,1.0795242684879363,0.7360157012494485,0.5908686653541197,1.0773324765780778,0.5467020591246919,0.5874326005946451,0.7074945331190949,0.6755603402263866,0.5886250090352746,0.7108184853708842
6.966666666666652,0,0-ACCAD_Male2General_c3d_A6- Box lift_poses,207,0.6343545761192217,0.5803899168968201,0.7873681770381386,0.7013638654324893,0.012327957363516743,-0.029894625676465,0.7120695619730592,0.15343892574310303,-0.020292911678552628,-0.32249701023101807,-0.04077998548746109,-0.04091253288054175,0.017527385302789078,0.11969280242919922,0.05701989307999611,0.08625900000333786,0.029302654787898064,-0.08825331990553198,-0.02146314073308364,0.023090358823537827,0.03737318888306618,0.09790471941232681,-1.0,0.658569872379303,0.9459531307220459,-1.0,-0.6866315007209778,0.9466129541397095,0.6325262790661856,0.5758999013707973,0.8622113269615747,0.638813686266496,0.5944840472771111,1.3805867525156605,0.5465150116744255,0.6581499547108224,-0.001163728998636801,0.7369188773451056,0.6611279049853046,0.005551127063009153,0.49486028520472686,0.4961879776773205,-0.000836271001363173,0.7550082987631528,0.49209317811122255,0.005366889811723997,0.5084180912075361,0.560174554910575,0.39625624334104464,0.7543266101224948,0.5728995383288278,0.401574399655037,0.3361518505347261,0.9098044353259652,1.0397508103853041,0.916211940929452,0.9297392234856385,1.0379807075426433,0.39800278821057794,0.7369632877460756,1.0236274293486607,0.864199441099175,0.7537554921839594,1.021128693339231,0.5357709255338258,0.582566600553148,1.0795273015199125,0.7360319904278638,0.5905119465860941,1.0773913558458261,0.5467810562844352,0.5875856246440289,0.7075034153420504,0.6756409707967425,0.5885995149037876,0.7108271718619521
6.999999999999985,0,0-ACCAD_Male2General_c3d_A6- Box lift_poses,208,0.6341364231193438,0.5807124972343445,0.7873269129130488,0.7012648009007098,0.012243511113989318,-0.02966681166901185,0.7121781067532791,0.15367713570594788,-0.020595485344529152,-0.32264113426208496,-0.041100822389125824,-0.041184712215456276,0.01783022748665386,0.11919694393873215,0.05644278973340988,0.08519523590803146,0.030156945809721947,-0.08914822637248965,-0.02120861993793488,0.02405264973640442,0.03721782565116882,0.09622419625520706,-1.0,0.6661073565483093,0.9306001663208008,-1.0,-0.6934620141983032,0.9312872886657715,0.6323237135873556,0.5762553976616165,0.8621724094211983,0.6386078302934868,0.5941816798176193,1.3805741408014753,0.5463528957106043,0.6580563851927318,-0.0011652354845147865,0.7368938336202877,0.66121842004222,0.005508974608096153,0.49471921362291327,0.49608770407503583,-0.0008347645154851806,0.7548452301371135,0.4921689862109283,0.005318489922539697,0.5081940331395788,0.5602071265556162,0.39625051226821245,0.7541045906813194,0.5732617450991608,0.40150357386796737,0.3348287887843055,0.9088780714516554,1.0438412085970563,0.9161582404676082,0.9296215081954293,1.0419436128790842,0.39649769163161225,0.736305658420337,1.024469247252741,0.864813559933161,0.7537764391692496,1.0218986712687468,0.5355657028143656,0.582503548394462,1.0795050950316885,0.735816766729137,0.5906972397181295,1.0773697441250207,0.5465454955625914,0.5878527002666409,0.7074750891797539,0.6754059739541659,0.5888876424151575,0.7107751191940065
7.033333333333318,0,0-ACCAD_Male2General_c3d_A6- Box lift_poses,209,0.634021743782796,0.580734372138977,0.787289562779022,0.7014900730636578,0.01223842998185423,-0.029551305546176965,0.7119611074807666,0.15408068895339966,-0.02087671495974064,-0.32277804613113403,-0.0413273349404335,-0.04144540165356969,0.018096820058341012,0.11891201138496399,0.05571726709604263,0.08409849554300308,0.031282052397727966,-0.09027209157657867,-0.020783074227023635,0.02508183754980564,0.037030454725027084,0.09471595287322998,-1.0,0.6747773289680481,0.9133612513542175,-1.0,-0.7013798952102661,0.9142113924026489,0.6322192445843449,0.5762906945340299,0.8621361039548363,0.6384840811712755,0.5935000690573915,1.3805651219362114,0.5463577554438858,0.6578200303192356,-0.0011663049841386247,0.7371614589938713,0.6609098718892426,0.005480130971924752,0.49459721057407163,0.4958918506673016,-0.0008336950158613424,0.7548107045951257,0.4918286356656674,0.005280915475176104,0.5080585065065315,0.5601220190443272,0.39624503554771284,0.7540205951981696,0.5732757871521508,0.4014386712060751,0.3337855470608108,0.9076930911853374,1.0484297578315915,0.9165987823243325,0.9287633159284112,1.0464109030093791,0.3950578313197449,0.735426259718423,1.0254208429895078,0.8658253459843194,0.7531949388451871,1.0228022746130145,0.5354500789449835,0.5821820828066676,1.079479541607045,0.7356980622197803,0.590454177039786,1.0773576199838222,0.5464213090974962,0.5879260450817972,0.7074507993594346,0.6752831846046927,0.5888641345620328,0.7107296997313852
7.066666666666651,0,0-ACCAD_Male2General_c3d_A6- Box lift_poses,210,0.6339175548637286,0.5808649063110352,0.7872952618291041,0.7019282303825338,0.01245434087675197,-0.02980090593547783,0.7115149715858374,0.1546449065208435,-0.021034447476267815,-0.322926789522171,-0.04141240939497948,-0.041193792052688805,0.01821161069547117,0.11892242729663849,0.05501757934689522,0.08292493224143982,0.032646819949150085,-0.0911255017774728,-0.020152913169843023,0.02624943107366562,0.036668725311756134,0.09351697564125061,-1.0,0.6847314238548279,0.894142746925354,-1.0,-0.7105768918991089,0.8953453898429871,0.632109057787922,0.5763730296822182,0.8621387811389167,0.6381618182653448,0.5925922967334216,1.38060413280626,0.5464661296339269,0.6582246076122712,-0.0011667023722155279,0.7376153656846467,0.6610023510566819,0.005504732372374668,0.4944755118049103,0.496370152934516,-0.0008332976277844323,0.7548455832703431,0.49187791334531983,0.005294563951397661,0.5079615053666686,0.5605120464483678,0.3962481613896821,0.7540000970091483,0.5735739546230458,0.4014356164818072,0.3327188438915443,0.9063919516225007,1.0536307820967632,0.9172657431574562,0.9275133828993228,1.0516881481821567,0.3934435913947751,0.7345276929874822,1.026524586335048,0.8670351710879095,0.7523786967592063,1.0240422525674895,0.5352430757069727,0.5818454035889585,1.079458211652353,0.7354927839671388,0.5900990093676293,1.0774291149644895,0.5463264882647557,0.588233324799055,0.7074595469082052,0.6751895534194082,0.5889952244725797,0.7107411073185189
7.0999999999999845,0,0-ACCAD_Male2General_c3d_A6- Box lift_poses,211,0.6340662684524432,0.5813238024711609,0.7872515149493395,0.7018973363118611,0.012506019589827076,-0.029808833442997718,0.71154420959003,0.15565966069698334,-0.021092547103762627,-0.3230680823326111,-0.041535526514053345,-0.041943702904948754,0.018494942431919625,0.11939450353384018,0.05427950993180275,0.08168797940015793,0.034210994839668274,-0.0932324999773424,-0.019661792358446895,0.02748696506023407,0.03618058189749718,0.09245502203702927,-1.0,0.6959449648857117,0.8728185296058655,-1.0,-0.7212323546409607,0.874652624130249,0.6322626452072367,0.5768255657708166,0.8620947698877575,0.6380396031601724,0.5924411697663783,1.3805832481066818,0.5466236312817384,0.6581265721943392,-0.0011673124435498707,0.7381988526295249,0.6607750996794519,0.005524575330534402,0.4946221341025925,0.4962756150846818,-0.000832687556450315,0.7552181332654563,0.4916293210094438,0.005301764307474123,0.5080949693002048,0.5607006343363227,0.396234952288056,0.7542230690465604,0.5740095730271119,0.4013855823709758,0.33137748404322154,0.904946643217314,1.0590418044940548,0.9178450899618882,0.9269214378374591,1.0571897001637087,0.39168594408198504,0.7336813604996848,1.0275671037397747,0.8684544015709078,0.7522772327060664,1.025259687347282,0.5352720954533837,0.5819038387214365,1.079378279482533,0.7355119467796831,0.5904167230122972,1.0774501607434743,0.5464695111194255,0.5887163889599245,0.7074192350892672,0.6753328361787899,0.5894758713208544,0.7106948637497061
7.133333333333318,0,0-ACCAD_Male2General_c3d_A6- Box lift_poses,212,0.633802815922536,0.5818240642547607,0.7872224991848654,0.7019260865766025,0.012556371445845102,-0.029922187869825333,0.7115102031541449,0.1568603217601776,-0.021016346290707588,-0.3232370913028717,-0.041718658059835434,-0.04266107060460955,0.018800168750392143,0.12003472447395325,0.053225405514240265,0.08046372979879379,0.03594791516661644,-0.09557853569009178,-0.01870889752194027,0.02871362864971161,0.035710155963897705,0.09195312112569809,-1.0,0.7082218527793884,0.8493408560752869,-1.0,-0.7333237528800964,0.8521378040313721,0.6319924392472913,0.5773085262586617,0.8620645492162449,0.6374197410512777,0.5925429562298427,1.3805684725281344,0.5464155907925297,0.6580945819270975,-0.0011682159631774824,0.7386966038736528,0.6605281266042781,0.005584196413353344,0.4943712775863114,0.4962573912802874,-0.000831784036822554,0.7554703731613757,0.4913578442397013,0.005347070768174995,0.5078330509010816,0.560955802596403,0.39622193569817615,0.7541690232987434,0.574485299917053,0.4013682985140926,0.32966830258610796,0.9034422846114367,1.0647693474752318,0.9181585982446513,0.9261326824578089,1.0630975877639306,0.3893721034822374,0.732888718624831,1.02862378769293,0.8696575019608078,0.7521370711632194,1.026590942976227,0.5348464129242306,0.5821107961232459,1.079293661928009,0.7350778807000049,0.5908459251367211,1.0774931804710142,0.5462131816434531,0.5892729032578903,0.7073816237456901,0.6750764247048322,0.5900063176532103,0.710670299639209
7.166666666666651,0,0-ACCAD_Male2General_c3d_A6- Box lift_poses,213,0.6337612714851275,0.5817604660987854,0.787204625948746,0.7024715976673364,0.012981974708604604,-0.030320796646558533,0.7109470951442751,0.15809381008148193,-0.02086186222732067,-0.32343170046806335,-0.0418940894305706,-0.04259149609288104,0.018577384478304038,0.12047874182462692,0.05235722288489342,0.07914284616708755,0.03786339983344078,-0.09693636327122856,-0.018017829894829807,0.02987833507359028,0.03506223484873772,0.0925079956650734,-1.0,0.7212230563163757,0.8237661123275757,-1.0,-0.7465445399284363,0.8277329206466675,0.6319507712969472,0.5771590734768712,0.8620414435922534,0.6370219511684585,0.5920752981644966,1.3805560750130057,0.546353795787522,0.6583100283967983,-0.001169047869966175,0.7392794483951864,0.6603299076898385,0.0055943146718336195,0.49402449869713316,0.4965647646105085,-0.0008309521300339205,0.7555519626004159,0.4911106969610529,0.0053413289657402024,0.5076716368552419,0.5611947743947684,0.3962247571930735,0.7542029356411719,0.5746515545481699,0.4013300021110139,0.3288010943821772,0.9015930317934737,1.070864481057224,0.9192190863651664,0.9240561637287749,1.069434171650578,0.3874232080092139,0.7317955419739132,1.0297326874050732,0.8714895595961413,0.7509450748749601,1.0280335992581617,0.5346395654054412,0.5818763090079778,1.0792083409658622,0.7348758337672587,0.5905278284522875,1.0775431251123124,0.5461756889021859,0.5894704539982062,0.7073778774682844,0.6750403792780689,0.5899804553500844,0.7106576477402645
7.199999999999984,0,0-ACCAD_Male2General_c3d_A6- Box lift_poses,214,0.6340731825912371,0.5817450881004333,0.7871517653143693,0.7024820872372562,0.013285786393946805,-0.030523336535569427,0.7109224507057142,0.15953519940376282,-0.02057277411222458,-0.32363927364349365,-0.04209064319729805,-0.04320280280160005,0.018383461850818072,0.12106310576200485,0.051534853875637054,0.0777544155716896,0.04012205824255943,-0.09925211834900183,-0.01749668647469982,0.03095216117799282,0.03426459804177284,0.0937194675207138,-1.0,0.7347782850265503,0.7961028814315796,-1.0,-0.7606930136680603,0.8014013767242432,0.6322736425908049,0.5770901752749048,0.8619855373853639,0.6368996923393513,0.5922873728747744,1.3804924668375054,0.5464085901640542,0.6579676246574583,-0.0011700008575598678,0.7400333679023969,0.6598035935683105,0.005602343805406636,0.49404028831528013,0.4962349892361885,-0.0008299991424401548,0.7560478747520494,0.4905598001024949,0.005330417964837464,0.5078382486599426,0.561047272743789,0.39621670732750275,0.7545625743329424,0.5748437198515888,0.40125371764911805,0.32800668516449727,0.8994298000902062,1.0768919855227879,0.920036276672087,0.9224561056156684,1.0757897964938792,0.38553382675686726,0.7305710259423005,1.0306652986671836,0.8735275933462658,0.7502870065682495,1.02937527384561,0.5347584155722398,0.5818401154147739,1.0790714265937313,0.7349871832903381,0.5906903629312256,1.0775553141343905,0.546475697528811,0.5895512795376654,0.7073400964647503,0.675341065526609,0.5900329707120248,0.7106036941811442
7.233333333333317,0,0-ACCAD_Male2General_c3d_A6- Box lift_poses,215,0.634010597714223,0.581701934337616,0.7871551936115857,0.7029319099264775,0.013795697186621521,-0.0311343704243528,0.7104414541146432,0.16106930375099182,-0.020133167505264282,-0.323858380317688,-0.0422130785882473,-0.04311046234579763,0.018031400062199276,0.12169401347637177,0.050859175622463226,0.07628052681684494,0.042613573372364044,-0.10098769545682251,-0.01681082516730026,0.031934503465890884,0.03331823647022247,0.09548334777355194,-1.0,0.7487929463386536,0.7663459777832031,-1.0,-0.7755988836288452,0.7732128500938416,0.632197951619679,0.5769294468622089,0.8619812430691979,0.636180247729514,0.5922344582467369,1.3804853640045727,0.5462654120349065,0.6582845931100526,-0.0011705952982203754,0.7406029959472844,0.6596657864067602,0.0056709195632788575,0.4936510843202297,0.4966318291123112,-0.000829404701779491,0.7561361381756814,0.49037717011721155,0.005377854242317064,0.5076612607436684,0.5613550345537698,0.39622068206726047,0.7545891321972586,0.575194940320947,0.40125627900632677,0.32740495255524427,0.897308420016435,1.083288236736549,0.9206773465270595,0.9200531962085047,1.0827857361350604,0.3833355208254104,0.729484297922739,1.0316510429647663,0.8754125619690347,0.749084555623537,1.031013278016753,0.534389738399765,0.5817817465628032,1.078945877140028,0.7346233816553475,0.5905584120155638,1.077664022184711,0.5464305784972814,0.5897881075775601,0.7073443551588907,0.675296306873644,0.5900745465249692,0.7106233949567685
7.266666666666651,0,0-ACCAD_Male2General_c3d_A6- Box lift_poses,216,0.6342321481788531,0.5817561745643616,0.7871444360371144,0.7029315621752298,0.014277484688939886,-0.031699580783928843,0.7104072838217323,0.16286230087280273,-0.019747376441955566,-0.32402071356773376,-0.04229028895497322,-0.04340431195414607,0.017869350038865472,0.12215349823236465,0.05037109553813934,0.07472193241119385,0.045089155435562134,-0.10264060909969142,-0.01630648493867637,0.0327647365629673,0.03236711397767067,0.09751053899526596,-1.0,0.7629849314689636,0.7343345880508423,-1.0,-0.7910942435264587,0.7431539297103882,0.6324111771703924,0.5768728184094624,0.8619631295384764,0.6357195977364781,0.5924920788273023,1.3804572144862304,0.5463537278133943,0.6583211440898534,-0.0011710043587326684,0.7412453454555528,0.6597824525404936,0.005725009645171763,0.493706619686583,0.4966790547816506,-0.0008289956412673993,0.756501748679646,0.4904687094901006,0.005411043199011149,0.5078190137236581,0.5614804693060933,0.39621720343221767,0.7548613681749374,0.57579709263913,0.40124522364709714,0.3270826622210829,0.8948335995948133,1.0898309113115876,0.9209903967602099,0.9179033396066321,1.0899526172153793,0.38124804836789,0.7282550975544159,1.032583397778573,0.8774461744423974,0.748256217155298,1.0326523663355875,0.5342990175739522,0.5818063159202497,1.0788012689120037,0.7345274487570589,0.5907318913906421,1.0777551577925693,0.5466607807426446,0.5900081856588664,0.7073317770749332,0.6755263915087646,0.5902523371174093,0.7106289848394839
7.299999999999984,0,0-ACCAD_Male2General_c3d_A6- Box lift_poses,217,0.6339324560249224,0.581529974937439,0.7871384316614743,0.7031459589519815,0.01472924017009778,-0.032255800514748426,0.7101608080052453,0.16457538306713104,-0.019520064815878868,-0.32412511110305786,-0.042388394474983215,-0.04359277742891687,0.01786074712159602,0.12233056128025055,0.049684103578329086,0.07318412512540817,0.04739377275109291,-0.10389292410335615,-0.015576003826100804,0.0334908664226532,0.03165292739868164,0.0997278243303299,-1.0,0.7772907018661499,0.6999508738517761,-1.0,-0.8071462512016296,0.7113369107246399,0.6320993950222914,0.5765404332783719,0.861949823584049,0.6348692587446463,0.5926028982203488,1.380428205115526,0.5460748613040151,0.6581517145853115,-0.0011715292271025114,0.7415368550583928,0.6597500621713732,0.005767507877713036,0.4933044893908348,0.4965498267280169,-0.0008284707728974036,0.7564152447308694,0.4904027196348545,0.005434196352345086,0.507490621360553,0.5614044178521138,0.3962143779526064,0.7546650616691511,0.576100698114807,0.4012380323966344,0.32692303848298915,0.8921318768510972,1.0966406926349315,0.9208256959446025,0.915063718654219,1.0972405891580326,0.37879492723959,0.7269362148894611,1.0335592799205044,0.8791698591695045,0.7469582259300291,1.0342731469145054,0.5337443024540603,0.581680844138714,1.078681488381847,0.7339732152953145,0.5906157592507553,1.077824368582661,0.5463756634444858,0.5899950295386325,0.707323111750595,0.6752412565428593,0.5901139707042303,0.7106399188204797
7.333333333333317,0,0-ACCAD_Male2General_c3d_A6- Box lift_poses,218,0.6338111009681597,0.5815542936325073,0.7871549345218355,0.7034393760969807,0.015135384832690179,-0.03283906218320875,0.7098348824037771,0.16607122123241425,-0.019448745995759964,-0.32417958974838257,-0.042526789009571075,-0.043476049183436505,0.018031138646629863,0.12243536859750748,0.048911385238170624,0.0716397613286972,0.049363117665052414,-0.10475429940650405,-0.014665921943797677,0.03429717198014259,0.030916115269064903,0.10161510854959488,-1.0,0.7917832732200623,0.6631847023963928,-1.0,-0.8236523866653442,0.6777400970458984,0.631957601173022,0.5764607230064928,0.8619588119399695,0.6341340340240981,0.5928005062335057,1.380426762821438,0.5461622689642623,0.6583847333535042,-0.0011722597023827441,0.7421377495136983,0.660071409413252,0.005829646177409276,0.49323798774792876,0.496833188129962,-0.000827740297617334,0.7565969078739546,0.49068778991435913,0.005480096513833799,0.5074147875424432,0.5616581703579038,0.3962152638150598,0.7547059704233716,0.5766227649407714,0.40126639473200565,0.3273691664279715,0.8893871057499143,1.1037916758838124,0.920551960519888,0.9120698204328181,1.1049112464086528,0.3765126083929895,0.7258097228367758,1.0346040605521107,0.8811003768225862,0.7457484250454176,1.0360611906038033,0.5333361669725716,0.5817498589808174,1.078575305473872,0.7335668192023705,0.5906637108953243,1.0779318370010795,0.546278657812021,0.5902450867122043,0.7073292496054663,0.6751437827801253,0.5902131167450763,0.7106773276854006
7.36666666666665,0,0-ACCAD_Male2General_c3d_A6- Box lift_poses,219,0.6338897194946185,0.5810652375221252,0.7871362109973475,0.7036051507894868,0.01559008281019705,-0.033220097690677346,0.7096429850353603,0.16724291443824768,-0.019532181322574615,-0.3241821825504303,-0.04268195107579231,-0.04330497742181261,0.017993214975686067,0.12206601351499557,0.048128362745046616,0.07008400559425354,0.050812579691410065,-0.10478601651602637,-0.014075042173518182,0.03521285206079483,0.030018728226423264,0.10267658531665802,-1.0,0.8063926696777344,0.624014675617218,-1.0,-0.8405379056930542,0.6423333883285522,0.6320431536532414,0.5758836867438951,0.8619342171614565,0.633721263962734,0.592169928477825,1.3804025382643754,0.5462575148673552,0.6581178332194794,-0.0011730639001675466,0.7426403231783983,0.6602087220276057,0.00578357155981904,0.4932483023317533,0.4965941396575093,-0.0008269360998324135,0.7567446511662297,0.490795210954765,0.005422741982158159,0.5074548255006215,0.561354089638065,0.39621841508973565,0.7548209391815783,0.576700965374909,0.40121672043418355,0.32839757613518183,0.8855448012587723,1.1113727792238404,0.9200432904954824,0.9082465644400657,1.1128767594742446,0.3744255885086928,0.723906611811838,1.0357812321208142,0.8832262768750808,0.7439712728694752,1.0379254399952602,0.5331926698876172,0.5811259525777255,1.0784610514175221,0.7334205089620169,0.5901137188574126,1.0779947715680487,0.5463513220449399,0.5899226508890147,0.7073291201904672,0.6752170465895931,0.5897855830042359,0.7106642130339242
7.3999999999999835,0,0-ACCAD_Male2General_c3d_A6- Box lift_poses,220,0.6336142268264666,0.5805820226669312,0.7871849226296496,0.704080164962123,0.016372331068392476,-0.03396879487430116,0.7091186001347618,0.16779708862304688,-0.019906463101506233,-0.3241204023361206,-0.04280921816825867,-0.04153478973281177,0.017745697525446413,0.12129721790552139,0.047056037932634354,0.06858670711517334,0.051790378987789154,-0.10294964426166198,-0.013060290068650282,0.0362464115023613,0.02934199385344982,0.10205503553152084,-1.0,0.8212766647338867,0.5822858214378357,-1.0,-0.8580924868583679,0.6052577495574951,0.6317682022948915,0.5752397219925846,0.8619716327921757,0.6331074121745268,0.5900546132669047,1.3804853713112604,0.546254398226865,0.6590576451120936,-0.0011737115357226685,0.7430440157028435,0.6613790700397302,0.005732340622759159,0.4930201297557166,0.4976079874551289,-0.000826288464277361,0.7566499735763358,0.4919248206907421,0.005364525566355076,0.507209293865209,0.5617349923176232,0.3962477315326144,0.7546656512715051,0.5771528940734874,0.4012323422391581,0.32984901234881014,0.8807906089591766,1.12012541203812,0.9192144601032939,0.9030489540312677,1.121881560144739,0.3721367410717557,0.7215816190944557,1.0375190578643771,0.8852306524944726,0.741332904183005,1.0403181845031624,0.5327601861199839,0.5798991559810383,1.078452376391561,0.7329918517792133,0.5888077920248849,1.078134302235363,0.546079891224634,0.5897485523293795,0.7074053146467898,0.674945793634208,0.5893929502706199,0.7107287337583554
7.433333333333317,0,0-ACCAD_Male2General_c3d_A6- Box lift_poses,221,0.6334072198951617,0.5801120400428772,0.7872019210562343,0.7042902093010855,0.016892390623864665,-0.03441025330139271,0.7088764932549095,0.16830678284168243,-0.02060306817293167,-0.32393699884414673,-0.04278024658560753,-0.040571578880617576,0.01802195588945965,0.12118517607450485,0.045775797218084335,0.06710820645093918,0.05269452556967735,-0.102511383127736,-0.011995204158134598,0.037345994263887405,0.02888861671090126,0.10015475004911423,-1.0,0.836449921131134,0.5383781790733337,-1.0,-0.8763814568519592,0.5666354298591614,0.631568192014421,0.57466857528982,0.8619815082972461,0.6327252759522162,0.5877527913774458,1.3805452892310222,0.5464244520568271,0.6593218431821442,-0.001173676007616059,0.743563041253631,0.6616533958143386,0.005707829291622661,0.49310606173312277,0.49789994689831696,-0.0008263239923838941,0.7567922978220496,0.492169335153624,0.005333726896321309,0.5071262058444777,0.5617315167310848,0.3962604037038674,0.7546247634296697,0.5772047381642473,0.40122501073400896,0.3316584471706207,0.8752853076376531,1.1291706109341468,0.9179860519860148,0.8975922550315637,1.1310270072751825,0.36985269668612636,0.7189415278730664,1.0394076673714612,0.8872921606519893,0.7387611489947083,1.0427652998701453,0.5324753377245387,0.578537408257961,1.0784498478403945,0.7327031138139092,0.5875357936573629,1.0782225979586326,0.545867541105399,0.5894544675321615,0.7074458398913978,0.6747337082015469,0.5889992179931502,0.7107522675215626
7.46666666666665,0,0-ACCAD_Male2General_c3d_A6- Box lift_poses,222,0.6329687681281939,0.5792576670646667,0.7871930102061604,0.7044045676769507,0.01742858661963577,-0.03471010916901964,0.708735252210418,0.16871163249015808,-0.02167082019150257,-0.32362329959869385,-0.04270677641034126,-0.03967906372966379,0.0184821964660975,0.12149210274219513,0.04420360177755356,0.0656757578253746,0.053445469588041306,-0.1025099324346801,-0.010896029341914804,0.038332872092723846,0.02862688899040222,0.09844819456338882,-1.0,0.8516268730163574,0.49317336082458496,-1.0,-0.8951262831687927,0.5266254544258118,0.6311541122717412,0.5737261089647896,0.8619667281096479,0.6323437086953854,0.5852815430186192,1.3805697432108595,0.5464077281050577,0.6590957327621152,-0.0011734503379760737,0.7438503079709281,0.6612218848140078,0.005653576404961724,0.4930674980561871,0.49768105090741355,-0.0008265496620240009,0.7567490143377424,0.4917123577550332,0.00527461690123817,0.5068372151623334,0.5612665033911716,0.39627038875057746,0.7543496773533255,0.5767097069991357,0.40117303457587705,0.33374168059674497,0.8690912564849327,1.1380736854626,0.9162580282379975,0.8915206074197793,1.1399082958979685,0.3674370038344976,0.7159128447103051,1.0413236799728114,0.8892090257755204,0.7358462879948535,1.0450746418423578,0.5320707238147975,0.576872805669507,1.0784584214286048,0.7322927800878007,0.5859977513214523,1.078238310866899,0.5454042599929081,0.5887340260413545,0.7074778109584342,0.674271415792062,0.5882293885022833,0.7107391000857132
7.499999999999983,0,0-ACCAD_Male2General_c3d_A6- Box lift_poses,223,0.6323819604003802,0.5785597562789917,0.787166004077797,0.7046182365702436,0.01802574945474434,-0.03490201644452788,0.7084984561008875,0.1688014566898346,-0.02307874709367752,-0.3232078552246094,-0.04260434955358505,-0.03855118130461377,0.018956348341366835,0.121611587703228,0.042395900934934616,0.06428448110818863,0.053992919623851776,-0.10216381243500017,-0.009801151943863107,0.03913906216621399,0.028375227004289627,0.09764669835567474,-1.0,0.866479754447937,0.4474421739578247,-1.0,-0.9137618541717529,0.4853007197380066,0.630608753157209,0.5729453617950795,0.8619345423185021,0.631955667406007,0.5834903992138989,1.38055997128304,0.5462837585371814,0.6591936192806064,-0.001173092208899381,0.7439668034218402,0.661049749173072,0.005538552742987365,0.4928907059597599,0.4977964009253522,-0.0008269077911003259,0.7564921022096944,0.4915122281515364,0.0051566415656656185,0.5063910578280596,0.5610561096787324,0.39628323589972664,0.7538925866229458,0.5763582650948985,0.4010728405744046,0.33628706726871066,0.8631995792463169,1.1464412604500356,0.9141478668607269,0.8854480279971528,1.148266828537085,0.36506613723196246,0.713348507491214,1.0431165991630733,0.8910540244093492,0.7331304277282548,1.0471451825194134,0.5315859479061081,0.5756418989293126,1.0784656986453673,0.7318062549452814,0.5848038795167205,1.0781980031930605,0.5447754464043713,0.5881804806076958,0.7075137894572643,0.673644199805482,0.5875954343420102,0.7106973217379934
7.533333333333316,0,0-ACCAD_Male2General_c3d_A6- Box lift_poses,224,0.6322744336212054,0.5775237083435059,0.7871274389676095,0.7049246871141699,0.018599229548393416,-0.0350181726024217,0.7081729885732602,0.16874882578849792,-0.0244767926633358,-0.3227556049823761,-0.04243019223213196,-0.03752583386718311,0.01934404379832866,0.1214754581451416,0.04052777960896492,0.06288853287696838,0.054418712854385376,-0.10156679425721005,-0.008726158494600789,0.03991076350212097,0.027984222397208214,0.09797515720129013,-1.0,0.8808432221412659,0.4018879532814026,-1.0,-0.9318476319313049,0.44310900568962097,0.6305473782626114,0.5718372113410763,0.8618916084047785,0.6319933459016887,0.5820481118314572,1.3805223358962633,0.546584124019815,0.6589429192471317,-0.0011723983981980664,0.744555165029255,0.660606597508774,0.005392081035845986,0.49310343915213456,0.4975747146303204,-0.0008276016018019042,0.7566623738065004,0.49103871064103277,0.005008363909461463,0.5063887324264394,0.5605285463969167,0.3962946748861405,0.7538976404584256,0.5756514834282499,0.40094994651446153,0.3396863204949097,0.8572604846957034,1.1539811598364644,0.9120930477314572,0.879126447463099,1.1559732403094691,0.363284737706079,0.7108040591824806,1.0446504947182753,0.8932943293920954,0.7302670451572509,1.04898234939762,0.5315564490284016,0.5744094789336782,1.078445011120623,0.7317777574776558,0.5835483595709737,1.0781393911509487,0.5446219294930122,0.5872966042137436,0.7075446609651493,0.6734922809421559,0.5865959294469623,0.7106396989625369
7.5666666666666496,0,0-ACCAD_Male2General_c3d_A6- Box lift_poses,225,0.6317484226310626,0.5764217376708984,0.7870943886378726,0.70548640182219,0.019095260963830917,-0.035127332962442075,0.7075947839912673,0.16869956254959106,-0.02585219405591488,-0.32226482033729553,-0.04238903149962425,-0.03645515777388586,0.01981881018995857,0.12103840708732605,0.03852441906929016,0.06150178611278534,0.05471843108534813,-0.10065806460919657,-0.00743500343820469,0.040537312626838684,0.02784881368279457,0.09954116493463516,-1.0,0.8943794369697571,0.3570401668548584,-1.0,-0.9491279721260071,0.4006069004535675,0.6300579003290139,0.5706726329915518,0.8618546048610229,0.6316917076475723,0.5812775754931767,1.38047364711733,0.5465797200283152,0.658639197988572,-0.001172337922243298,0.7449214591302028,0.6601613909221021,0.0052472773150643755,0.4929011862582167,0.49733669890422855,-0.0008276620777567245,0.7564873993792923,0.49055572682541776,0.004862917487393478,0.5059794725666906,0.5599738097753995,0.3963058149570715,0.7535463580112545,0.5748276967990942,0.400840105262411,0.3432250913465387,0.8518556082192349,1.160658885736494,0.9094707435833488,0.8728113031850981,1.1628421626241685,0.36135290780429236,0.7087612962570067,1.0459637927346634,0.895134996676102,0.7274361293016557,1.050502902420363,0.5311398082677096,0.5735245598040407,1.0784374979753508,0.7313697018862974,0.5824703807654342,1.0780542372081494,0.5440630379525236,0.5864014231105921,0.707573786017315,0.6729339935139891,0.5854847637141837,0.7105899485756578
7.599999999999983,0,0-ACCAD_Male2General_c3d_A6- Box lift_poses,226,0.6313811984146014,0.5757188200950623,0.7870062244409768,0.7054111752394947,0.019521710588971543,-0.034921837927098714,0.7076683134765247,0.16875341534614563,-0.027087658643722534,-0.32175585627555847,-0.04256046935915947,-0.035927020701322476,0.020112852715570395,0.120616115629673,0.03647793084383011,0.06008785590529442,0.055095646530389786,-0.10038999810984683,-0.00642519622982507,0.040895551443099976,0.02811270020902157,0.10172006487846375,-1.0,0.9066241383552551,0.3130248785018921,-1.0,-0.9652932286262512,0.3578731119632721,0.6297582946058509,0.5699462334512689,0.8617661296486978,0.631923960668289,0.5815780371184937,1.380357361496368,0.5463105442232397,0.6581553137599794,-0.0011732789097615229,0.7451142419077916,0.6598730076890166,0.005038883347201147,0.49273578732040585,0.49681832072837495,-0.0008267210902383366,0.7564419446858822,0.49025126849681167,0.0046532109695709666,0.5056142612965981,0.5593267933192231,0.39631093188880007,0.753259292023669,0.5744065944657072,0.40064288178447116,0.3470281357595487,0.8468321394558701,1.1665604657898567,0.9063159828390123,0.8676976260050143,1.1686755589250175,0.35970748214247966,0.7070702705830567,1.0471225388627359,0.8968863270295877,0.7257751290576144,1.0515062342034882,0.5310682938954938,0.573191463532913,1.0784394438879583,0.7312920024772204,0.5822625897700267,1.0778343897001494,0.5436229690474461,0.5857026175055094,0.7075662442420618,0.6724967830004126,0.5848051195807757,0.7104686158276599
7.633333333333316,0,0-ACCAD_Male2General_c3d_A6- Box lift_poses,227,0.6312164511764422,0.5746774077415466,0.7869495246400019,0.7059099575899113,0.019930315973240978,-0.03488758840285458,0.7071610640130362,0.16879068315029144,-0.028144720941781998,-0.32124239206314087,-0.0427694246172905,-0.03511346856699715,0.02035306418528171,0.1201789453625679,0.03468731418251991,0.05856514722108841,0.055581580847501755,-0.09998265799302586,-0.005465907967744599,0.041047822684049606,0.028614740818738937,0.1046033576130867,-1.0,0.9170598387718201,0.2698744833469391,-1.0,-0.9798359274864197,0.31503984332084656,0.6296364182864241,0.5688663848456613,0.8617073704420979,0.6323737562270932,0.5817820832153382,1.380260773934267,0.5464249806273356,0.6576672295424522,-0.001174392728102023,0.7456396054073365,0.6592071891173954,0.004881872426140483,0.4926917864166107,0.49638293958023033,-0.0008256072718979129,0.7564381332823368,0.4895509447144691,0.004493889401507006,0.505459296055168,0.5586417084587866,0.3963200991292851,0.7531792406301313,0.5735466510465506,0.40050079544610084,0.3518691579047902,0.8422538394469735,1.1717290828407494,0.903411506140643,0.8619272991585606,1.1738719594859999,0.35873515145870116,0.7057882660408055,1.0480780836065677,0.8988884463732075,0.723507541556476,1.052302732952767,0.5311935630465666,0.572802895181269,1.078468507963301,0.731427185780581,0.5816337879536905,1.0776339064689051,0.5434181340177623,0.5848274883070201,0.7075747364523226,0.6722925197573013,0.5837372334308378,0.7103893248582746
7.666666666666649,0,0-ACCAD_Male2General_c3d_A6- Box lift_poses,228,0.6310139741981402,0.573915958404541,0.7868994821545878,0.7060558933908325,0.020464460212566336,-0.03495197870322192,0.7069969168681085,0.16880862414836884,-0.02902148850262165,-0.3207229673862457,-0.042885199189186096,-0.0341471528347872,0.02032048339727066,0.11964914202690125,0.03302562236785889,0.05695851519703865,0.05608132481575012,-0.09918118707189061,-0.0046250548520154755,0.04113243520259857,0.029305800795555115,0.1083674281835556,-1.0,0.9255996346473694,0.22777342796325684,-1.0,-0.9926586747169495,0.2727716267108917,0.6294825131571262,0.5680419593165766,0.8616534169125285,0.6328683405713484,0.5825630348792368,1.3801546705987109,0.5462975606838597,0.6575891248035819,-0.0011750557902786701,0.7459608506290205,0.659212120891113,0.004717750828843667,0.49256796677110615,0.49630363829022034,-0.0008249442097213594,0.7563867032814171,0.48953257235231373,0.00432736110078507,0.5052391044721848,0.5582413458106551,0.3963329149839692,0.7530246956858586,0.5732322181091664,0.4003643191481927,0.3567476634801472,0.8380249593984354,1.176148088746257,0.8998882630952565,0.8569879598604502,1.1782753879932004,0.35787234943237795,0.704816083034274,1.0488150822496125,0.9005226093514129,0.7220237468576286,1.0528009961137241,0.5313244530543584,0.5727215056886918,1.0785114835037286,0.7315590985514846,0.581499942130989,1.0774111670634496,0.5431657210292259,0.584169421920807,0.7075931645652764,0.6720415383069543,0.5830111359502949,0.7103195936641151
7.699999999999982,0,0-ACCAD_Male2General_c3d_A6- Box lift_poses,229,0.630976602085866,0.5732765197753906,0.786845977845656,0.705900891734621,0.020807717278695268,-0.03485361045235973,0.7071465164931182,0.16870428621768951,-0.029831333085894585,-0.32018518447875977,-0.042940884828567505,-0.03360962010472801,0.020419769650537045,0.1189890131354332,0.03137801215052605,0.055289868265390396,0.05654684454202652,-0.0987225137284411,-0.0037603108776733674,0.04130992293357849,0.029816193506121635,0.11317349970340729,-1.0,0.9321268796920776,0.18710771203041077,-1.0,-1.0,0.23127754032611847,0.6294932385995627,0.5673763004653025,0.8615988175566688,0.6333450466531908,0.5843282845039334,1.380015573422052,0.5462726486245355,0.6572433265982456,-0.0011754577962787872,0.7464171823762457,0.6591563763463962,0.004570907337084894,0.49269101397189685,0.49590862702559313,-0.0008245422037215372,0.7566061138469945,0.48946244109651676,0.004178460023273798,0.5052118154775699,0.5576928492273514,0.39633902538797194,0.7530568496062225,0.5729835547208156,0.4002333170145811,0.36161802799760623,0.8344290385917995,1.1794158010249376,0.8953135015977066,0.8535894470772757,1.1812291169874427,0.3572197281885545,0.7042526478398428,1.049053511793152,0.901458747076028,0.7217963024788432,1.052573113633398,0.5315402991228005,0.5730624463776175,1.0785101781448279,0.7317676417401174,0.5819764077266767,1.0771920501256123,0.5430755027509436,0.5835141741163441,0.7075967615037903,0.6719534745417218,0.5824001615538323,0.7102449715028336
7.733333333333316,0,0-ACCAD_Male2General_c3d_A6- Box lift_poses,230,0.6306983676040545,0.5723021626472473,0.7868195562335657,0.7062154405853828,0.021139885388707355,-0.034828737288799774,0.7068237515699468,0.1681835949420929,-0.030724305659532547,-0.3196258246898651,-0.042992640286684036,-0.032537972972201734,0.020499971065310763,0.11804822832345963,0.029742589220404625,0.053556472063064575,0.0569637306034565,-0.097830854259908,-0.002830844555497869,0.041613802313804626,0.03010796196758747,0.11920736730098724,-1.0,0.9365185499191284,0.14822952449321747,-1.0,-1.0,0.19063140451908112,0.629250204761369,0.5663700988132537,0.8615705658792587,0.6333973159872879,0.5863529951198417,1.3798679799635727,0.5462194075995417,0.6570139413386982,-0.001175837871702723,0.7467868502450471,0.6588781773139044,0.00444320590294511,0.49257216603405696,0.49570104725832387,-0.0008241621282972858,0.7565023800772425,0.4891564838529668,0.004049189620007266,0.5049719086727978,0.5571356168826819,0.39635168659754483,0.7528665466698069,0.5723540534730541,0.4001359166279337,0.36654163183082156,0.8314809237070176,1.1816725811886084,0.889724100659916,0.8507299010916108,1.1827121986683238,0.35665307282874786,0.7041260317868138,1.048847462671726,0.9014033143742792,0.721847354944541,1.0515159736089466,0.531423584800468,0.573449907009577,1.0784853368423288,0.7316546791552908,0.5822541891915171,1.0770094070571363,0.542763467041718,0.5826390095496172,0.7076235605612079,0.6716418298778071,0.5814003599055823,0.7102013888297607
7.766666666666649,0,0-ACCAD_Male2General_c3d_A6- Box lift_poses,231,0.6306432333076373,0.5712605714797974,0.786818009106568,0.7062146214249068,0.02150758179036767,-0.03486208309974473,0.7068118332152856,0.16727042198181152,-0.031665410846471786,-0.3190538287162781,-0.042987123131752014,-0.03100075636314048,0.02052837392626483,0.11678960174322128,0.028020227327942848,0.05177765339612961,0.05737336352467537,-0.0964948351935957,-0.0017348544393156473,0.04196508228778839,0.030361304059624672,0.12646204233169556,-1.0,0.9385415315628052,0.11118700355291367,-1.0,-1.0,0.15097466111183167,0.6292304883818735,0.5652860862402048,0.8615663179696895,0.6335669648973765,0.5888959787091915,1.3796996543375426,0.5463883186513369,0.6569673746340019,-0.0011759452219300658,0.7474065707674432,0.6589300532504496,0.004332985110539745,0.49281884115591906,0.4956286401218475,-0.000824054778069825,0.7567897572507741,0.4891896649859159,0.003937506635359661,0.5050090729143002,0.5565628393953477,0.3963696911000393,0.7529445524366929,0.5719039707783187,0.4000702403528261,0.3714649163107979,0.828901751647188,1.1829934826225417,0.8841951670286189,0.8483243195936617,1.1836981549279382,0.3564174654887016,0.7041292169519142,1.048216062356232,0.901390413179268,0.7223041380898908,1.0503459837129805,0.5314855349341348,0.5739304242106573,1.0784488569196748,0.7317122055886562,0.5828113453161596,1.076838112084629,0.542670748900383,0.581618845736599,0.707671510766356,0.67155034369448,0.5803711477090884,0.7101868375649626
7.799999999999982,0,0-ACCAD_Male2General_c3d_A6- Box lift_poses,232,0.6304296102607623,0.5700989365577698,0.7867709252719726,0.7065291718848674,0.02173236623330908,-0.03464087404320325,0.7065014107410598,0.16652405261993408,-0.03268876671791077,-0.3184167742729187,-0.04298858717083931,-0.030176865439870637,0.020687463996298172,0.11518240720033646,0.026059314608573914,0.04998420551419258,0.057772379368543625,-0.09535042701958729,-0.0006152265808678781,0.04189034551382065,0.03139674663543701,0.1344369798898697,-1.0,0.9377524256706238,0.07574412971735,-1.0,-1.0,0.11273383349180222,0.6290614841634815,0.564124679992958,0.8615200823874862,0.6341525717874783,0.5920444713073488,1.3794235766427956,0.5463826964778552,0.6563584584740024,-0.0011761122037416555,0.7479478964063089,0.6585770244948089,0.00415982247671675,0.4927620433071505,0.4950367256184639,-0.0008238877962581138,0.7568437478484975,0.48881040118696345,0.003763038189496609,0.5048251458311366,0.5557128344742276,0.39637792943138056,0.7528499996491931,0.5711127806806636,0.3999344227126679,0.3770351486565239,0.8273337795478138,1.183561099063269,0.8794312250042186,0.8459372463859907,1.1837657992513284,0.3567326329150438,0.7049182977697195,1.0473193217709418,0.9016324746558332,0.7226042807619018,1.0486523346800944,0.5316512331328961,0.5747505805371408,1.0784401451623622,0.7318823541653385,0.58346109117517,1.0764882039449666,0.5424133498690328,0.5805151348692262,0.7076847438542463,0.6712934587042934,0.5791352715914992,0.7101141174223387
7.833333333333315,0,0-ACCAD_Male2General_c3d_A6- Box lift_poses,233,0.6302820887649432,0.5692825317382812,0.7867267451210902,0.706696823867136,0.021947212298844818,-0.03445148502259828,0.7063363322016993,0.1659567654132843,-0.03365936130285263,-0.3177359998226166,-0.04302046075463295,-0.029459234171677062,0.020921538379874982,0.11362864822149277,0.02421930618584156,0.048071712255477905,0.05826517194509506,-0.09432448552621353,0.0004352091415161796,0.04151633754372597,0.032833535224199295,0.14275026321411133,-1.0,0.9341580867767334,0.04181826859712601,-1.0,-1.0,0.07619129121303558,0.6289553925240794,0.563305877619167,0.8614764573788972,0.6349909862097974,0.5957080373773441,1.3791017625226,0.5464360728229678,0.6559742065450429,-0.0011764347814535066,0.748498674049059,0.6585738547439115,0.004004402156502388,0.4928379911437154,0.4946449744654977,-0.0008235652185464883,0.7569586276832238,0.4887849562381303,0.0036054927667099577,0.5047320523027324,0.5551131520887207,0.3963842140424472,0.7528121347518405,0.570716220839279,0.39981120554792277,0.3828548122391234,0.8264902868668965,1.183554611199138,0.87507648236719,0.8440692509191335,1.1834092243350682,0.35748533207351274,0.7063368163128869,1.046153384151773,0.9019894347642424,0.7233449883713388,1.0468042843448424,0.5319690984704,0.5759750950410595,1.0784462607551224,0.7322018991764486,0.5845441133477106,1.0760835617323823,0.5422238112711241,0.5797271300848229,0.7076941476193764,0.6711046690923587,0.5782648644138302,0.7100475466070051
7.8666666666666485,0,0-ACCAD_Male2General_c3d_A6- Box lift_poses,234,0.6303531375015154,0.5682767629623413,0.7866536260191496,0.7062348145848025,0.02226904029023191,-0.034133883643012106,0.706803618058345,0.1652536243200302,-0.03459169715642929,-0.317033588886261,-0.04305295646190643,-0.02875011168582553,0.020846094292729767,0.11232126504182816,0.02243165671825409,0.04604606702923775,0.05892600491642952,-0.09374725921607485,0.0011344338514216457,0.04107842221856117,0.03423213213682175,0.15136626362800598,-1.0,0.9279253482818604,0.0094231516122818,-1.0,-1.0,0.04128793627023697,0.6290981326908366,0.5622987943626988,0.8614044711939491,0.6361284714081459,0.5993767785410847,1.3786976923162855,0.5463301196461552,0.6553044949380875,-0.0011767531403638724,0.7488759797204847,0.6583534147452833,0.003805089412046804,0.4930488550376841,0.49387035395473916,-0.0008232468596360773,0.7571856102536842,0.4885571015065884,0.00340253388951969,0.5047728981341022,0.5541190180060135,0.39639262263032654,0.7528674688247569,0.5702701196706054,0.3996283669151348,0.3885833597287509,0.82543207468571,1.1829613643663388,0.8708099458262982,0.8425910382342516,1.18264819654498,0.35857363204614606,0.7073991743789974,1.0446601897734613,0.9023485837854786,0.724430123934706,1.0447972739809896,0.5325577321614079,0.5769233026023625,1.0784218649511055,0.732775755331993,0.5856970351494429,1.075602341080784,0.5422135854930282,0.5785845291885648,0.7076974644154729,0.671098264575546,0.577281018080564,0.7099407455880021
7.899999999999982,0,0-ACCAD_Male2General_c3d_A6- Box lift_poses,235,0.6304785456741229,0.5672440528869629,0.7865885761133312,0.7065344500327917,0.022826564059697147,-0.03400098020254999,0.7064927120893428,0.16424091160297394,-0.03571426123380661,-0.31627506017684937,-0.04308321326971054,-0.027158146491775836,0.02051655916687045,0.11120554059743881,0.020795652642846107,0.043877337127923965,0.05981387197971344,-0.09297032200098987,0.001516673295087978,0.040601834654808044,0.03553732484579086,0.1603500097990036,-1.0,0.9190013408660889,-0.02180747501552105,-1.0,-1.0,0.007902318611741066,0.6292941362694576,0.561221673096805,0.8613370083111054,0.6374231995238493,0.6028351024502137,1.3782647920961528,0.5464631583503264,0.6554403286929363,-0.0011770425411138097,0.7492862617928269,0.658110588274729,0.0035908187700426815,0.49315274869024456,0.4940158112068097,-0.0008229574588862164,0.7570555864981153,0.4882887083608804,0.003182534371401327,0.5048276868942173,0.5536970580065217,0.3964119616161845,0.752871267392159,0.5697248178603278,0.39943567710073963,0.3950401590050613,0.8249884995531052,1.1819822761271856,0.8674693976011555,0.8404773377464287,1.1817490938254025,0.3603500476880858,0.7091740639422671,1.042902526037077,0.9031173617370898,0.7247923499492546,1.0428038871592533,0.5332393119761129,0.5779663050894421,1.0783916695877167,0.7334604703194929,0.58650343256214,1.0751068398889227,0.5422677219859369,0.5776467194450162,0.7077299153387364,0.6711535079926851,0.5762337112839103,0.709840921366275
7.933333333333315,0,0-ACCAD_Male2General_c3d_A6- Box lift_poses,236,0.6304568495834246,0.5666826367378235,0.7864493617437673,0.7066018872486057,0.023327558102916347,-0.03346910325262022,0.7064342977921791,0.163227841258049,-0.036746375262737274,-0.3154968321323395,-0.04312631115317345,-0.02634154323812332,0.019875591198692866,0.10960517078638077,0.018871786072850227,0.041678931564092636,0.060643188655376434,-0.0922870686153403,0.0017069893846857198,0.039908844977617264,0.03706137463450432,0.16973988711833954,-1.0,0.9073202610015869,-0.05221050605177879,-1.0,-1.0,-0.024083487689495087,0.6293813579241476,0.5606635838826604,0.8611997083678304,0.638951448172818,0.6073692569153774,1.3776654133770005,0.5459895320611159,0.6555135985174175,-0.0011774038865589968,0.7493198973558132,0.6582682552392118,0.0032472822638476805,0.4927697069319572,0.49405919528026243,-0.0008225961134409633,0.7566560795460945,0.4884271249930068,0.0028338725849262163,0.5045454813141389,0.5534036732274606,0.3964251159643806,0.7526209070729781,0.5696207588242264,0.3991109209611111,0.40159110702797746,0.8254539926019957,1.1803830821922563,0.8643241167298278,0.8394028629203393,1.1801484236737878,0.36240051804711504,0.7117420931755924,1.0407647958958661,0.9038189886232773,0.7260013876965721,1.040363500612102,0.5339618404190891,0.5797162989986377,1.0783175800929377,0.7341779183070267,0.5881151714825855,1.0744232256959074,0.5421316488450177,0.5770672462509396,0.7077218309701364,0.6710202237895374,0.575624172235348,0.7096429480467945
7.966666666666648,0,0-ACCAD_Male2General_c3d_A6- Box lift_poses,237,0.6310105171287432,0.5661250948905945,0.7863053052806719,0.7064715807801234,0.02386006515587655,-0.03289185843312731,0.7065739370296685,0.1619749516248703,-0.0377664677798748,-0.3147059977054596,-0.0431162565946579,-0.025405313401070106,0.01907627721347782,0.10794887691736221,0.01683472841978073,0.03939621523022652,0.06169005483388901,-0.09179994425864701,0.0019045703482228893,0.039342962205410004,0.038735613226890564,0.1792047917842865,-1.0,0.8930833339691162,-0.08199077844619751,-1.0,-0.9963675737380981,-0.05511942133307457,0.6300537776716819,0.5601105467119686,0.8610576287216077,0.6411525093842383,0.611967100306451,1.3770010890301783,0.5459628428556099,0.6556639376672814,-0.0011775200887834576,0.7498819020715543,0.6584503740629274,0.0028958244882080486,0.4929265175242498,0.4941491639101465,-0.0008224799112164921,0.7568628777805384,0.4885942904498008,0.00247530366694753,0.5048113898959964,0.5531048292470271,0.3964400982035452,0.7529331688638308,0.5696069924418122,0.3987708922790149,0.40871203466161815,0.8258949975586625,1.1784321951799268,0.861385575356369,0.8388716757044049,1.1779283154305724,0.36528409609672174,0.7143188812820005,1.0383452627672691,0.9046009718491115,0.7277428015223179,1.0374207817067003,0.5353110392576024,0.5814266468688212,1.078234469383762,0.7355132173628849,0.5898276562601126,1.0736852031673083,0.542558521733365,0.5764340268935553,0.7077169204726617,0.6714505667281617,0.5750381292828098,0.7094365831450998
7.999999999999981,0,0-ACCAD_Male2General_c3d_A6- Box lift_poses,238,0.6307919468963519,0.5654981136322021,0.786259014560235,0.7062050138371145,0.023954672575170335,-0.03246386414949295,0.7068569513116643,0.16054584085941315,-0.038958754390478134,-0.3138645887374878,-0.042934298515319824,-0.02455533739122795,0.019323065998699263,0.10648368299007416,0.014834422618150711,0.036984097212553024,0.06310206651687622,-0.0923278254454305,0.0028635405180066353,0.03906410560011864,0.04024646058678627,0.18815599381923676,-1.0,0.8766103386878967,-0.11099442094564438,-1.0,-0.9835744500160217,-0.08497733622789383,0.6298929043756402,0.5595184809445144,0.8610148552381799,0.641954142241418,0.6164630542769812,1.3764018533738425,0.5458634824010642,0.6554679528699283,-0.0011768814992802815,0.750249669653255,0.6580746939702482,0.002777758634898632,0.4930736505830857,0.4938724439336636,-0.0008231185007196266,0.7569149491320666,0.4882059554960635,0.0023467845540958085,0.5046888345943041,0.5525888843031697,0.3964461905256811,0.7527804495215009,0.5693716575160457,0.3986301004748165,0.41453137667437207,0.8261837649512197,1.1760765046747488,0.8562904426274812,0.8392023261013316,1.1749733565371823,0.3673334004942469,0.7167881585940392,1.0354901733391124,0.9031626418585132,0.7303674882166039,1.0338438443647822,0.535585944944605,0.5830030322191988,1.0781354244258146,0.7357719910336941,0.5915306668928747,1.0731342947444886,0.5422761234935413,0.575662887288931,0.7077312367059864,0.671170455651769,0.5743703124480486,0.7093584604058355
8.033333333333315,0,0-ACCAD_Male2General_c3d_A6- Box lift_poses,239,0.6312336173141375,0.5648869872093201,0.7861572660077625,0.7062648851576987,0.02431430538077077,-0.03199087150755028,0.7068064166992408,0.15921512246131897,-0.0402456633746624,-0.31297770142555237,-0.04258930683135986,-0.02378892531383725,0.019145806083710637,0.10480819642543793,0.012879217974841595,0.03444422408938408,0.06470120698213577,-0.09250111753424162,0.0032954239061387947,0.039001695811748505,0.0412956103682518,0.1968206912279129,-1.0,0.8579970598220825,-0.13853487372398376,-1.0,-0.9687288403511047,-0.11292850226163864,0.6304223389945384,0.5589194332061036,0.8609150758118682,0.6434694810756076,0.6206126971490081,1.37573410861856,0.5461906662009638,0.6554932272254407,-0.0011754726131886217,0.7509714302907254,0.6579167017844852,0.002535617368610441,0.4935049545773434,0.49386373539872974,-0.0008245273868115952,0.757144743802678,0.4880294043701445,0.00209247231957135,0.5050588056744508,0.5523063379684449,0.39645406873227684,0.7530869212665777,0.5692330438152132,0.3983757234432743,0.42114454738911394,0.8265539202189904,1.1735300902391899,0.8521910135789865,0.83935915126709,1.171825948825969,0.37045683443641314,0.7194307215299343,1.0324097860217678,0.9022398219114578,0.732783046921609,1.0300648294341948,0.5365503902096672,0.5844989271838033,1.0779745869622557,0.736725528843709,0.5930076519418447,1.0725247818433532,0.5426260734007039,0.5750157613176354,0.7077352744839356,0.6715221172826114,0.5737005438860602,0.7092086737435298
8.066666666666649,0,0-ACCAD_Male2General_c3d_A6- Box lift_poses,240,0.6309837546432391,0.564538836479187,0.7860781912434649,0.7063320665987872,0.024275689085207025,-0.03134447181838027,0.7067695711475923,0.15775829553604126,-0.041461359709501266,-0.31210505962371826,-0.04222407937049866,-0.023616142013613395,0.019415582895328964,0.10290855169296265,0.010785482823848724,0.031823836266994476,0.06644150614738464,-0.09341905988675547,0.004144264450034574,0.03880929946899414,0.04225320369005203,0.2053474336862564,-1.0,0.8369989395141602,-0.1648697704076767,-1.0,-0.95154869556427,-0.13992194831371307,0.6302364115644601,0.5586438339974987,0.8608424234943447,0.644071009063465,0.6254180075860278,1.375010963716997,0.5460237979296092,0.6552563614845236,-0.0011740028580828378,0.7513244606458275,0.6575252934958952,0.002375873223692919,0.4934411739567975,0.4935932965990793,-0.0008259971419171362,0.7569875412761816,0.48762025804521564,0.0019193140518099887,0.5048426426644507,0.5520098946847852,0.39645324218905775,0.7528551249591903,0.5691139766014025,0.39817894860912867,0.42693654638144607,0.8275841779623122,1.170467995049971,0.8472558999858175,0.8401114454902069,1.168344891248699,0.373149553061002,0.7226436232627356,1.0288558362038471,0.9002287365719679,0.7357120229289132,1.0260276282162275,0.5367139633029996,0.5864710613644333,1.0777665706407142,0.7368807542545706,0.5949271657545809,1.0719411952285154,0.5423096100061866,0.5745657946012654,0.7077259533019393,0.6712067436481645,0.5732255641195824,0.7090874872812727
8.099999999999982,0,0-ACCAD_Male2General_c3d_A6- Box lift_poses,241,0.6309643831336871,0.5640015006065369,0.7859683148976703,0.7063511611000312,0.024327575955383172,-0.03057385762324958,0.7067824598069806,0.15606461465358734,-0.04252107813954353,-0.31127384305000305,-0.041930340230464935,-0.02332863340712965,0.01919241600761512,0.10077965259552002,0.008631888777017593,0.02910476364195347,0.06832615286111832,-0.09429511004255442,0.004738741743018582,0.03835481032729149,0.043279364705085754,0.2136291265487671,-1.0,0.8135960102081299,-0.19022507965564728,-1.0,-0.9319717884063721,-0.16645467281341553,0.6303041467551967,0.5581825689335994,0.8607393261393955,0.6451402211274623,0.6299237384346864,1.3742164993312993,0.5457568488071215,0.6549555674974656,-0.0011728570311085526,0.7517020443497804,0.6570290305518244,0.0021474659906177765,0.49329736741733227,0.49325249611630256,-0.0008271429688915116,0.756861611334173,0.48710799961522794,0.0016761762943574114,0.5046995205759113,0.5515517173864113,0.39645706093839184,0.7527462946380011,0.5688779382133924,0.39791408722679344,0.433147900057695,0.8284399130336795,1.1672637894189555,0.8426337178291399,0.8406089842347554,1.16458680438849,0.37653614603453034,0.7257332898160714,1.0251158979192039,0.8982077092853675,0.7384899012253847,1.0216085243487703,0.5372234620856731,0.5882176036331929,1.0775496819291401,0.7373796908372674,0.5965989735908531,1.071271017296252,0.5421988685447241,0.5739037267835689,0.7077124060505652,0.671097562560934,0.5725579183711216,0.7089233878945074
8.133333333333315,0,0-ACCAD_Male2General_c3d_A6- Box lift_poses,242,0.6314994540298358,0.5636679530143738,0.7858563090106935,0.7063700666020122,0.024280982967661804,-0.029725437270008686,0.7068013591200147,0.15438376367092133,-0.04356779158115387,-0.3104405403137207,-0.041734352707862854,-0.023182019886312633,0.019066996052327756,0.09849891066551208,0.006541773211210966,0.026258977130055428,0.07048828154802322,-0.09555553185752164,0.005271480898707326,0.03763822093605995,0.044266052544116974,0.22140204906463623,-1.0,0.7879756093025208,-0.21446017920970917,-1.0,-0.9102365374565125,-0.19259297847747803,0.6309241549285542,0.5579437521615375,0.8606353338474781,0.6467665992028904,0.6344955530126559,1.3733944621082974,0.5460681876459051,0.6546926986251473,-0.001172182576500768,0.7526101325234603,0.656567111052499,0.0019317825069817586,0.4937337641719314,0.4929491066893671,-0.000827817423499317,0.757247063491481,0.486631063799615,0.001443197546714181,0.5051178522472761,0.5511911551124159,0.3964590438822,0.7531788650817698,0.5688068266138622,0.39764796683252956,0.43994888700338236,0.8295254590214475,1.1639144043427723,0.838559735190677,0.841155876946614,1.160747636012831,0.38086118188884366,0.7290921816976661,1.0211510893263793,0.8964427608222587,0.7414267585950785,1.017000557779125,0.5382869844230878,0.5901414201593886,1.0773175917084796,0.7384340921098975,0.598394154317375,1.070593562892198,0.5426449394526891,0.5734257679065743,0.7076918424782356,0.6715449953192808,0.5720712407426356,0.7087565066451239
8.166666666666648,0,0-ACCAD_Male2General_c3d_A6- Box lift_poses,243,0.6313747015083209,0.5633697509765625,0.7857487136926589,0.7066865002831828,0.023854763790702258,-0.028665356359568666,0.7065433022163439,0.1527550369501114,-0.044590096920728683,-0.3096039295196533,-0.04160675033926964,-0.02374986139122326,0.019389161867111038,0.09602378308773041,0.004399700090289116,0.02332191914319992,0.07292327284812927,-0.09774425645684315,0.006028819445949352,0.03662968799471855,0.045163679867982864,0.22886985540390015,-1.0,0.760180652141571,-0.23752988874912262,-1.0,-0.8865754008293152,-0.2181616574525833,0.6308642519908948,0.5578030777145878,0.8605401008310491,0.6476692710243879,0.6394011300059483,1.3724978752156676,0.5459450739699258,0.6539035859000533,-0.0011718617506689573,0.7531169759601672,0.6554681086035203,0.0017731664812403736,0.4936052832319276,0.49216172935185737,-0.0008281382493310792,0.7570747838280181,0.48551494650322224,0.001264787694349432,0.50493961320718,0.5506273757778386,0.39645157759222466,0.7530435470435106,0.5684163067773866,0.3974060098851109,0.44626546600370615,0.8311054329272749,1.1601977668310182,0.8340263644415273,0.8416882443753293,1.1566980878338717,0.38501892529546156,0.732904208809803,1.0167929376331437,0.8938403030121272,0.7442616921121435,1.0121646181081736,0.5386505973604643,0.592371621431398,1.0770325079972993,0.7387984927210923,0.600264554522357,1.0699116590357827,0.542455389141193,0.5729926827289373,0.7076494225547222,0.6713552767262978,0.571517716466456,0.7085958123325934
8.199999999999982,0,0-ACCAD_Male2General_c3d_A6- Box lift_poses,244,0.6313769068801776,0.5630927681922913,0.7856631090917611,0.706964961704089,0.023692978681208704,-0.02790283099851161,0.7063006567363621,0.15118764340877533,-0.04553135111927986,-0.30877676606178284,-0.04148424044251442,-0.023624104526971612,0.019455942928317538,0.09322735667228699,0.0024895984679460526,0.020229214802384377,0.07546556740999222,-0.09892029906372324,0.006603056404823837,0.03548532351851463,0.045754920691251755,0.23623137176036835,-0.9549572467803955,0.7304378747940063,-0.2591097950935364,-0.9720173478126526,-0.8613250851631165,-0.2423420250415802,0.6309281132633195,0.5576240841485309,0.8604621203092832,0.6485274643727855,0.6437880176647638,1.3716532407729285,0.5459277904262254,0.6536800726904356,-0.001171550106241457,0.7536276329496704,0.6551557382554701,0.0016126699857272088,0.4935923882736191,0.4919367947350004,-0.0008284498937584511,0.75689754493322,0.48518801291036023,0.0010835040106746685,0.5048877591512393,0.5503670616801744,0.3964521307552599,0.7529865041817247,0.5684622594326142,0.3971944754852391,0.44925881914246446,0.8344146069959824,1.1463179065973244,0.8310442661039136,0.8435338473284133,1.14655707769043,0.3876444897838315,0.7315287077265527,1.0063974636542905,0.8921222524607232,0.7441500600970546,1.0038969689623152,0.5390605189261514,0.594367269010336,1.076744430177671,0.7392110566537264,0.6018888781775698,1.0693031572423517,0.5423959055194632,0.572637812759024,0.7076323505654458,0.6712954695401596,0.5710417449703195,0.7084661448685792
8.233333333333315,0,0-ACCAD_Male2General_c3d_A6- Box lift_poses,245,0.6317200508201495,0.5631701350212097,0.785554174935319,0.706932692932168,0.023496229364020776,-0.026990744028279775,0.7063749674260452,0.14964410662651062,-0.04643940553069115,-0.3079569339752197,-0.04136235639452934,-0.023821345091179724,0.019456200288279546,0.09039773792028427,0.0008569093770347536,0.016975050792098045,0.07814691960811615,-0.10046130674442777,0.006733445596115328,0.03447342291474342,0.0464155450463295,0.2427118718624115,-0.908132016658783,0.6995444297790527,-0.27869895100593567,-0.924140453338623,-0.8348513841629028,-0.2643480598926544,0.631347527153873,0.5578187592264338,0.86036208897669,0.6497794923976312,0.6482271958857458,1.3707992205826816,0.5460532426506601,0.6535253967369963,-0.0011712491222775727,0.7541149198828572,0.6550914604668252,0.0014229262913005927,0.49386666283001823,0.4917340385574685,-0.0008287508777225401,0.7568279234804633,0.4851140040300006,0.0008716416581121648,0.5051290029831268,0.5502390226143096,0.3964502614247876,0.7531353244283548,0.5688851344909401,0.3969412129707533,0.4520568033410064,0.8372350958321153,1.1321427565009958,0.829426178960603,0.8464891794970038,1.1319001869489418,0.3906610509710262,0.7293095959199337,0.9959729644625344,0.891139788087591,0.7421125976065615,0.9931323095220775,0.5398444450224652,0.596490862277365,1.0764622262155576,0.739987530925218,0.6038444965608067,1.0686613206175706,0.5426587735802682,0.5725380410926493,0.7076011809418936,0.6715593790838332,0.5709344992117342,0.7083061357158829
8.266666666666648,0,0-ACCAD_Male2General_c3d_A6- Box lift_poses,246,0.6315124478423968,0.5630345344543457,0.7854854017518278,0.7071290391613907,0.02311822223448342,-0.026172317428187687,0.7062216929377373,0.1481040120124817,-0.04725205898284912,-0.307161808013916,-0.04117714241147041,-0.024121633225026695,0.019750146787735012,0.0876547247171402,-0.0009418699773959816,0.013682431541383266,0.08094066381454468,-0.10233351574801564,0.007379082710296081,0.03380659222602844,0.04740374535322189,0.2479248344898224,-0.8619453310966492,0.6681520342826843,-0.2960233688354492,-0.8778117895126343,-0.8074226975440979,-0.284075528383255,0.6311853554976757,0.5578098807646414,0.860302485392001,0.6504894471705678,0.6518470147719813,1.3700601506186207,0.5458986853701678,0.653102347779248,-0.0011706676895648672,0.7544849715946865,0.6545545746215036,0.0013318249016074368,0.4937516945805849,0.49129822285732244,-0.0008293323104350651,0.7565179714325857,0.48456770158675255,0.0007574491304320821,0.5049284575972576,0.54993645784993,0.3964452119473665,0.7529195381777921,0.5689484468195839,0.3967726903094398,0.45413708059955515,0.8390336694861483,1.1184473894589222,0.8274931230745097,0.8482797769541572,1.1178705835615277,0.3933664171826454,0.7261774398955622,0.9860466261883364,0.8893655375442535,0.7391417082850522,0.9828881754520631,0.5400721911613426,0.5981689090878746,1.0762518463533242,0.7402096932550046,0.6052943209220674,1.0681036157538255,0.542405592641358,0.5722746334142793,0.7075767760513844,0.6713058107838414,0.5705806736396067,0.7082001591194793
8.299999999999981,0,0-ACCAD_Male2General_c3d_A6- Box lift_poses,247,0.6317737546050921,0.5632888674736023,0.7853867788138381,0.7066688484641399,0.023012138410710987,-0.02538193457852205,0.7067144667354591,0.14672128856182098,-0.04802125692367554,-0.3063737154006958,-0.040986429899930954,-0.0242761124743911,0.019653686913844504,0.08517201244831085,-0.002832528669387102,0.010342884808778763,0.08394961804151535,-0.10426411892849696,0.007820185718542594,0.033138588070869446,0.0491117462515831,0.25205498933792114,-0.8158682584762573,0.6364756226539612,-0.31158092617988586,-0.8331235647201538,-0.7792303562164307,-0.30183008313179016,0.6315227129018379,0.558158906216837,0.8602107086462608,0.6520805501818359,0.6550815022380124,1.3693879469551258,0.5458056267270169,0.6531218669665758,-0.001170047999024943,0.7549931649925746,0.6547168525741597,0.0011830763095913785,0.4939972200269007,0.4912090097565707,-0.0008299520009750865,0.7566497930236559,0.48472598169122205,0.0005835764954985195,0.5051006806800439,0.5499084054353353,0.3964443155073041,0.7530729660401454,0.5697267524388615,0.396542816582076,0.4562494028134346,0.8399096766337818,1.1053915505928344,0.8259183648144955,0.8498662762298936,1.1043722610870546,0.3965741253820114,0.7221196281439007,0.9768461113722914,0.8876334748323718,0.7363988676837474,0.9729342277881972,0.5409777717360675,0.5996930881120077,1.0761560842390718,0.7410868180945828,0.6069732708140608,1.0674639380535582,0.5425825806291223,0.5722726974082369,0.707551392063566,0.6714855344802994,0.5707294711918988,0.7080564720426077
8.333333333333314,0,0-ACCAD_Male2General_c3d_A6- Box lift_poses,248,0.6316741552436724,0.5634669065475464,0.7853338992366984,0.7071943250062874,0.022636539565284993,-0.02479610367031659,0.7062215849138157,0.14603157341480255,-0.04884490370750427,-0.3055399954319,-0.0407453291118145,-0.02503568517122301,0.02039894047061286,0.08302536606788635,-0.004713272675871849,0.00694394251331687,0.08724288642406464,-0.10691533224174976,0.00880944140165163,0.03225483000278473,0.05166156217455864,0.25456365942955017,-0.7696293592453003,0.6049503684043884,-0.3254799246788025,-0.7901485562324524,-0.7506402730941772,-0.3177751898765564,0.6314417676012991,0.5584389101547331,0.8601648102845905,0.6537539316374142,0.6573804997115777,1.368888898508176,0.5460699839409267,0.6527823074908339,-0.0011692382374061117,0.7558148608711509,0.6540943475674829,0.001178211399520044,0.4941529780836323,0.49090423628756774,-0.0008307617625939075,0.7566079875030866,0.48409735473555054,0.0005510126705472428,0.5051154517617843,0.5499291261009335,0.39643144031114075,0.7531011965570624,0.569972149871587,0.3964268363761447,0.4586262494151451,0.8403253822679798,1.0929307565332465,0.8250087488863179,0.8499334824018738,1.0917064246757957,0.40001122791179994,0.7178585284736176,0.9683285367294211,0.8858453822314313,0.7322641836747042,0.9635955180969391,0.5416998166752491,0.6010636148843311,1.0761963756909874,0.7417974584131088,0.6079024845953864,1.0669039846089061,0.5424688641104292,0.5724555383268071,0.7075185658607733,0.6713695924598904,0.570691984632108,0.7079807546917218
8.366666666666648,0,0-ACCAD_Male2General_c3d_A6- Box lift_poses,249,0.6315302100265399,0.5641172528266907,0.785236948793922,0.7075727785036867,0.02251050186622319,-0.024257608534226472,0.7058651491995506,0.1459364891052246,-0.049561407417058945,-0.3047029972076416,-0.04041464999318123,-0.02617326451137103,0.02083717092951709,0.08093865215778351,-0.006692624185234308,0.003532183589413762,0.09070485830307007,-0.10937650001850918,0.009617164278538093,0.03168310597538948,0.054100167006254196,0.2556723952293396,-0.7228277921676636,0.5739898681640625,-0.33690324425697327,-0.7485401630401611,-0.7221152186393738,-0.33187323808670044,0.631339013319731,0.5591596900039558,0.8600726756540117,0.6554366480699081,0.6591724364001972,1.3685129807267409,0.5459720280252106,0.6527878826647822,-0.001168007330485197,0.7564038323205488,0.6542141020542204,0.0010945830586467295,0.4940160374496368,0.49092231456131397,-0.0008319926695147563,0.7563973158748714,0.4842153698063272,0.00043808351938725773,0.5049597982918257,0.5503670964648435,0.3964167390859931,0.7530029852463808,0.5708942506493185,0.3962364334741755,0.46042210459511085,0.8402354347635327,1.0808992555444026,0.8240506711706732,0.8497560386755189,1.0798577488860288,0.4033313308600059,0.7129993858303547,0.9604368314845777,0.883750212957652,0.7281935513297638,0.9548853896024414,0.5424122354043999,0.6023912154280844,1.076283611572607,0.7424897721479233,0.6089344667129296,1.0663664520363572,0.5422859787973561,0.5731215802020462,0.707468550123857,0.6711849764029391,0.5711770826267107,0.7078533633836608
8.39999999999998,0,0-ACCAD_Male2General_c3d_A6- Box lift_poses,250,0.6315504160011187,0.5648782849311829,0.7851751546148585,0.708136758835083,0.022509380098160097,-0.02398721574321666,0.7053086360417179,0.14588047564029694,-0.05030632019042969,-0.3038753867149353,-0.040080223232507706,-0.026757733493221636,0.02131923168028671,0.07854116708040237,-0.008769595064222813,0.00012784857244696468,0.09417402744293213,-0.11096999158910958,0.010698370063368268,0.031238431110978127,0.05652383342385292,0.25539904832839966,-0.6763367652893066,0.5439494252204895,-0.34566745162010193,-0.707920491695404,-0.6941674947738647,-0.34406617283821106,0.6313838906459135,0.5599495684485252,0.8600128458081313,0.6572343884005909,0.6600022677820236,1.3683644682905145,0.5462423484394996,0.653334977478693,-0.0011667536797687929,0.7574017621187716,0.6549783495265261,0.0010443252567219168,0.4941544470038768,0.49151180454949234,-0.0008332463202311638,0.7564986114587929,0.48498213200707596,0.0003585060639454442,0.5050392339335981,0.5511908804159198,0.39640678246503497,0.753172899640588,0.572166131782615,0.3961088589517303,0.4620938916514828,0.8395452368716817,1.0695254717285676,0.8235267582401314,0.8488243468973558,1.068939944578871,0.40683482342453103,0.7076282208680953,0.9533191875974297,0.8817733655257142,0.7235386053316742,0.9469957774193694,0.5432602289355757,0.6033817288819152,1.0764729907537516,0.743320162311914,0.6095491046040618,1.0659767326511265,0.5422867138760818,0.5739918119671199,0.7074420996125338,0.6711824118326213,0.5717863383937368,0.7077725445603404
8.433333333333314,0,0-ACCAD_Male2General_c3d_A6- Box lift_poses,251,0.6312427964294329,0.5653859972953796,0.7850786156521355,0.708791235923143,0.02216530258300219,-0.023269772273283598,0.7046858881361943,0.14544551074504852,-0.051222119480371475,-0.3030576705932617,-0.039772000163793564,-0.0280142347855612,0.022042391821644025,0.07599080353975296,-0.011154476553201675,-0.0031950436532497406,0.09765836596488953,-0.11353579367327704,0.011938618610293661,0.0305090993642807,0.059611327946186066,0.253607839345932,-0.6310937404632568,0.5154122710227966,-0.3522532880306244,-0.6678304672241211,-0.66737300157547,-0.35415196418762207,0.6311117212225249,0.5605697294423483,0.8599236982110986,0.65924490933072,0.6604158961484544,1.3681996260494695,0.5461977335110126,0.6530677158178745,-0.0011656498833896856,0.758161553248815,0.6547261054017461,0.000973683821641428,0.4939411146003757,0.4912989425008558,-0.0008343501166103752,0.7563310177715631,0.4847374658450692,0.0002584485200483634,0.5047695105616579,0.5514614856178718,0.3963877448308479,0.753042263961802,0.5727674426902322,0.39592210731142774,0.46350397079245076,0.8383826903405466,1.0587530539630283,0.8233027056446167,0.8473059442811596,1.0581345098745676,0.41011912905887765,0.7018818144413178,0.9470519628493208,0.8796708350164771,0.7181799967996918,0.9393545120538126,0.5440347004785453,0.6041332183220929,1.0767283632076203,0.7440679464301694,0.6098199620866734,1.065479080589913,0.541949512094391,0.5745319544195155,0.707385441064377,0.6708409215553452,0.5720433636842917,0.7076432398785595
8.466666666666647,0,0-ACCAD_Male2General_c3d_A6- Box lift_poses,252,0.6308671083534136,0.5658222436904907,0.7849576377290285,0.7092013534153415,0.022099282204931944,-0.022554929497143373,0.7042984716689746,0.14473004639148712,-0.052285537123680115,-0.30225086212158203,-0.03948032483458519,-0.02867683267644283,0.02234976683960732,0.07344330102205276,-0.013715453445911407,-0.006454388611018658,0.10114388167858124,-0.11570366610842187,0.012983853817697066,0.029723305255174637,0.06304045766592026,0.2503620386123657,-0.5871005654335022,0.48868486285209656,-0.3567037582397461,-0.6277005672454834,-0.6420945525169373,-0.36212846636772156,0.6308023839768666,0.561088507207088,0.8598080722612393,0.66155523537759,0.6597690099709989,1.3681641001793494,0.545840597779614,0.6531468419863004,-0.0011645925108757886,0.7586212711926363,0.6547767799998935,0.0008249269740371844,0.4935213032642263,0.49139832403749956,-0.0008354074891242826,0.7559847762136304,0.48479885706334863,8.020662136769274e-05,0.5043357421656257,0.5518071575416724,0.39637789070124685,0.7527473545904347,0.573534763053877,0.39567106618641146,0.46455066045244414,0.836406841892896,1.0489515942294911,0.8233206179120706,0.8452208856754314,1.047752659944893,0.41320984594808957,0.6955378565993681,0.9418086338794555,0.8775851778752686,0.7123111537802417,0.9322107848358339,0.5449257503600042,0.6043004753306224,1.0771015055384852,0.7449163892305555,0.609640451530492,1.0649600921803308,0.5415094716894959,0.5749629905526356,0.7073412935609092,0.6703979401198539,0.5722871648942287,0.7074778913466293
8.49999999999998,0,0-ACCAD_Male2General_c3d_A6- Box lift_poses,253,0.6306153979385272,0.5665705800056458,0.7848708284693042,0.7097154423482157,0.021802975473865827,-0.021883811341959027,0.7038108552403209,0.1441277116537094,-0.05346168950200081,-0.30143818259239197,-0.03911552205681801,-0.029627894257915788,0.02324104324076426,0.07089105993509293,-0.01598787121474743,-0.009756946936249733,0.10458635538816452,-0.11807437832675682,0.014111971284391345,0.029339661821722984,0.06597783416509628,0.24578791856765747,-0.5436244606971741,0.4639067053794861,-0.35889768600463867,-0.5872198939323425,-0.6184998750686646,-0.3682251274585724,0.6305874817337604,0.5619391841517292,0.8597276878285496,0.6635023384090402,0.6588725667366446,1.368286228012027,0.5459830849230641,0.6532703629660022,-0.0011632274658209402,0.7593260714271279,0.6549201591045282,0.0007638651194589244,0.493552374351288,0.4915579205995712,-0.0008367725341788187,0.7558330115662444,0.4849578110171622,-9.934232653063119e-06,0.5041982367529099,0.5523704877631166,0.3963596261300504,0.752652339579535,0.5744739880767625,0.3954976967198619,0.4651240392215943,0.8343526917223087,1.0394897513672883,0.8235369437129799,0.8430463861165082,1.0378724354100264,0.4161028031086832,0.6891876265961149,0.9371003648028681,0.8756342900925502,0.7062891992398235,0.9258773348834821,0.5457068496644948,0.6045364698873046,1.0774796934907016,0.7456615856324833,0.6095387970529971,1.0646241426701655,0.5412254914602085,0.5757153738186704,0.7072949974016843,0.6701097400731865,0.5728105176483125,0.7073601317960021
8.533333333333314,0,0-ACCAD_Male2General_c3d_A6- Box lift_poses,254,0.6300989236915484,0.5668455362319946,0.7847752333027135,0.7105595408808519,0.021487777944800446,-0.021170167764378942,0.7029902120648736,0.14344079792499542,-0.05461544916033745,-0.3006669580936432,-0.03867723047733307,-0.03068475729632869,0.02405055928551847,0.0680278018116951,-0.018162213265895844,-0.013033177703619003,0.10784579813480377,-0.12002300192176074,0.015074748956143802,0.029306301847100258,0.06863650679588318,0.2400374561548233,-0.5004349946975708,0.44113922119140625,-0.3589807450771332,-0.5464093685150146,-0.5965948104858398,-0.3719924986362457,0.630108378624627,0.5623229212784241,0.859638748212087,0.6651280069488323,0.6568969239689242,1.3685012723096206,0.5458737490338971,0.6529676100734165,-0.0011615155038904625,0.7597377069535894,0.654654148600445,0.0006714940644365688,0.4931742963007178,0.49134253982566245,-0.0008384844961095046,0.7552347290689334,0.4847156856538144,-0.00012975590088484465,0.5037513442933407,0.5525731712880488,0.39634019681289073,0.7522561592729011,0.5748718815173643,0.3953095589034168,0.4651899960405688,0.831538900491829,1.0303677571471535,0.8239390765769825,0.839933896315731,1.028245090970431,0.4185645235852353,0.6821982574634118,0.9329870513459327,0.8736229450580917,0.6992060419305401,0.9201398255248454,0.5461956665860386,0.6040968211234191,1.0778745759016293,0.7461174460972717,0.6086380729037107,1.0643525934534124,0.5406805162059174,0.576069365957324,0.7072448770343631,0.6695570625073223,0.5728090591287592,0.7072309283656445
8.566666666666647,0,0-ACCAD_Male2General_c3d_A6- Box lift_poses,255,0.6300784196937457,0.5673952698707581,0.78464647632088,0.7111982637888352,0.021143767271154405,-0.020204340529018747,0.7023829121733508,0.142320454120636,-0.055659811943769455,-0.2999817728996277,-0.03824153542518616,-0.03182685595145229,0.024457537910862248,0.06511273980140686,-0.02032327465713024,-0.016245538368821144,0.11096063256263733,-0.12216721660177221,0.01573777441741986,0.029543785378336906,0.07148216664791107,0.23324814438819885,-0.457877516746521,0.42032474279403687,-0.3572617173194885,-0.5051709413528442,-0.5763380527496338,-0.37313470244407654,0.6301506790324946,0.5630109807538809,0.8595181851802857,0.6674501330490927,0.6548986637152728,1.3687117428576498,0.5459163676561668,0.6528748135787112,-0.001159790844738929,0.7603559331116819,0.6545211473125959,0.0005154551730379743,0.4930337973551199,0.49130955857040637,-0.0008402091552608196,0.7549562627527202,0.4846089381741447,-0.00031203845578017114,0.5036606253208085,0.5529464767010773,0.39632282676480063,0.752238237373447,0.5754711853720302,0.39505056117084697,0.4653348248783338,0.8285918934973695,1.021626948184424,0.8250379994936563,0.8370604013328033,1.0184801546185653,0.4212819945061704,0.6751765762945573,0.929525630126917,0.8721921645125295,0.6922530358578465,0.914716597288724,0.5472863049900578,0.6037291069945636,1.078300035103133,0.7471615346073204,0.6079784706562396,1.0640164643339811,0.5406026711499848,0.5766030492576342,0.7071856810555149,0.6694727407802795,0.5730741639213569,0.7070547922494486
8.59999999999998,0,0-ACCAD_Male2General_c3d_A6- Box lift_poses,256,0.6296787109458819,0.5680497288703918,0.784595149206498,0.7120361389983904,0.020621124196900827,-0.019441238237916842,0.7015706267033259,0.1407996118068695,-0.05653893202543259,-0.2993931174278259,-0.037777870893478394,-0.03247221057858107,0.025068139686287627,0.062197934836149216,-0.022387180477380753,-0.019404001533985138,0.1138174757361412,-0.12398827180164163,0.016834416894565996,0.030374843627214432,0.07423586398363113,0.2256356179714203,-0.41587674617767334,0.4013424813747406,-0.35370972752571106,-0.46379396319389343,-0.5577713847160339,-0.371817946434021,0.6297723575679628,0.5638013707679771,0.8594746703303928,0.6690261394053856,0.6525398805105338,1.369081080370716,0.545921124836212,0.6532040369288461,-0.0011579278791742816,0.7609789235639098,0.6545116525424193,0.0004925735104286538,0.49274536338701824,0.4917350348589802,-0.0008420721208255121,0.7545942224411527,0.4846337228675453,-0.00035866144633859773,0.5033394265217579,0.5536286934314073,0.39630904054357713,0.7520308595047674,0.5761023632980432,0.3949352385078565,0.4646693393498365,0.8254437708181618,1.0131868653154665,0.8259059747159075,0.8340151256027656,1.0090077357611238,0.42334318163521517,0.6681281239921776,0.9265641191315885,0.8704539957452616,0.6850907885321244,0.9100300622452934,0.5478162361306171,0.603261532993048,1.0787770450495426,0.7476513795290789,0.6072172921139135,1.0638622090566834,0.5401913751750121,0.5772865331507464,0.707158310833519,0.6690523194208107,0.5734232551634312,0.7069773428714102
8.633333333333313,0,0-ACCAD_Male2General_c3d_A6- Box lift_poses,257,0.6295193281257525,0.5685595870018005,0.78452344116926,0.7121292267715764,0.019961240552194667,-0.018379199588294093,0.7015238543883078,0.13871660828590393,-0.05721482262015343,-0.2989272475242615,-0.03722044453024864,-0.03337510718958425,0.025335382970329556,0.059035323560237885,-0.024267397820949554,-0.022521289065480232,0.11633829027414322,-0.12582563943608815,0.017595629566625526,0.031889740377664566,0.07672151923179626,0.21743647754192352,-0.37447211146354675,0.38403353095054626,-0.3484560251235962,-0.4230634570121765,-0.5408492684364319,-0.3684593439102173,0.6296565663086108,0.5644933225414623,0.8594130042539766,0.6705502847137476,0.6501868426797358,1.3694131859405818,0.5457236615370051,0.6530906006290876,-0.0011555989550989902,0.7614148153949134,0.6544425035804554,0.00042483815921532525,0.49258444595653283,0.49160955863544453,-0.0008444010449011052,0.7544213485352786,0.484588651597169,-0.0004471639755513346,0.5031671780748945,0.553825764861389,0.3962949458233783,0.751937896350209,0.5766668212902377,0.3947764433434586,0.4632676085976137,0.8215682285439974,1.0047943500390522,0.8264728447536307,0.8312965929035449,0.9995800550444581,0.42521110134944556,0.6603822982146629,0.9239836927956839,0.868774613606067,0.6784163589500399,0.9057836871913012,0.5484653253402506,0.6024608231451105,1.0792164959804065,0.7482489626172892,0.6066729774290038,1.0636942238321239,0.5399870300275095,0.577572257615452,0.7071217932697085,0.6688467371378648,0.573658206116141,0.7068700132893262
8.666666666666647,0,0-ACCAD_Male2General_c3d_A6- Box lift_poses,258,0.6291773762786761,0.5686742067337036,0.7845428863851752,0.712625064878837,0.019146957229640094,-0.01754523227068939,0.7010642451015792,0.13587257266044617,-0.0577143169939518,-0.2985970079898834,-0.036613624542951584,-0.03339889783715799,0.02564875117065024,0.055501002818346024,-0.025703519582748413,-0.02566014789044857,0.11857736110687256,-0.12687859955038783,0.01840543591486965,0.03370365500450134,0.07928115874528885,0.20874018967151642,-0.33416762948036194,0.3681933879852295,-0.34196096658706665,-0.3838045299053192,-0.5253248810768127,-0.36366042494773865,0.6293153875033224,0.5647824662354555,0.8594417202131873,0.6717152014478812,0.6470797139730534,1.3698816468294905,0.5457188743661845,0.6532234248946178,-0.0011530031692572815,0.7618784404236464,0.6542202645689922,0.00048015341691715063,0.49240419697239246,0.49180021858735645,-0.000846996830742703,0.7540850837921736,0.4844013282094224,-0.00041004101076684216,0.5029441429689194,0.5540373337350203,0.39629100231248576,0.7517594252129952,0.5768267536513496,0.3947737366317692,0.4616771239770063,0.8171941488223546,0.9967990447499431,0.8271096649503381,0.8278116384372841,0.9907495888462111,0.4268219864915638,0.6524798925757359,0.9218730987488268,0.8670704383905469,0.671196250635752,0.9022378885235751,0.5488353093343348,0.6011904817113458,1.0797242075206144,0.7485762885742243,0.6054851011285417,1.063684183943591,0.5396497015186295,0.577556059854155,0.707133680886322,0.6685036984896223,0.573450346284132,0.706875093999484
8.69999999999998,0,0-ACCAD_Male2General_c3d_A6- Box lift_poses,259,0.6291974034393206,0.5689183473587036,0.7845417903269885,0.7129119760553251,0.01823899867006347,-0.01652698364888474,0.7008214552479645,0.13287296891212463,-0.05806157365441322,-0.2983650863170624,-0.03600883111357689,-0.033722521940032335,0.02577673447849771,0.05163760110735893,-0.026824211701750755,-0.028776926919817924,0.12064529955387115,-0.1278238481693612,0.018792005065346395,0.035635754466056824,0.082206130027771,0.20008666813373566,-0.2952014207839966,0.3535962402820587,-0.3341440260410309,-0.34605905413627625,-0.5109351277351379,-0.3577187955379486,0.6293474029921495,0.5652305575614812,0.8594509199878358,0.6734589025210522,0.6443881723494367,1.3702490835227132,0.5458462819943313,0.653248642315354,-0.001150395151576982,0.7623719808726468,0.6541818709007063,0.0004921258748837067,0.49244155254981414,0.49185519635749775,-0.000849604848423044,0.7538939444761614,0.484395828511361,-0.00041490699294983654,0.5030035554272666,0.5541970120056486,0.39628509212587343,0.7518174972149365,0.5771256630780971,0.3947352131713226,0.46025629528705664,0.8128146007331774,0.9889833624239988,0.8280605519962816,0.8246008467763286,0.9819643946515543,0.42872332533165164,0.6447943700679605,0.9201761091932025,0.8657749482005604,0.6644839232729595,0.898899604692565,0.549675981643975,0.6001181405301477,1.0802239434200862,0.7493616923819304,0.6046343096578053,1.0635684325156431,0.5396597109058392,0.5775809625913199,0.7071326554884404,0.6685101872452534,0.5733571583266831,0.7068539736568449
8.733333333333313,0,0-ACCAD_Male2General_c3d_A6- Box lift_poses,260,0.6289369907462969,0.5689358711242676,0.7845555350125923,0.7137730433827799,0.01709958334387492,-0.01541796142633863,0.699998523752019,0.12967637181282043,-0.05852718651294708,-0.29818272590637207,-0.03558739647269249,-0.0340140956121564,0.026249513996237206,0.04733007773756981,-0.02800401672720909,-0.03176124021410942,0.12264930456876755,-0.12870404215501008,0.019421683887092756,0.03721516206860542,0.0860685408115387,0.19213876128196716,-0.2581656873226166,0.3399946391582489,-0.3248029947280884,-0.30967116355895996,-0.49771514534950256,-0.3504631221294403,0.6290817044234146,0.5654862053420219,0.8594760186198306,0.6754978177128573,0.6420366699960618,1.3704797517338638,0.5460450196614296,0.6530174678747442,-0.0011486521158449135,0.7628895666075965,0.6536584348281623,0.0005382230649691143,0.49227699647534645,0.4917446825299916,-0.0008513478841553103,0.7534694298211558,0.4839221434219611,-0.0003850334507651994,0.5028446070329884,0.5542063960578204,0.3962764433066962,0.7516968560175659,0.5769422502832127,0.3947319316966536,0.4590940260977816,0.8087195518416731,0.9813126072166032,0.8294022907402442,0.8208993631647734,0.9729381537945869,0.4305300911583662,0.6376930900254936,0.9189137676153428,0.8645230247026497,0.6573413354399653,0.8956408717150669,0.5504990268276545,0.5992802464589185,1.0807491533614453,0.7501222698709369,0.6036180405369048,1.0633155857569772,0.5394150207144738,0.5774852777616711,0.7071295100327237,0.6682545150266943,0.5729262158104625,0.7068528309799654
8.766666666666646,0,0-ACCAD_Male2General_c3d_A6- Box lift_poses,261,0.6286005821311846,0.5689974427223206,0.7845605150802794,0.7146027015720621,0.01598251650813289,-0.014200033275727032,0.6992037593770116,0.1261344850063324,-0.058928582817316055,-0.2980918884277344,-0.03553872928023338,-0.033770588475839025,0.026418386849474396,0.04247254878282547,-0.02934960648417473,-0.03457969054579735,0.12457790225744247,-0.12907797701297619,0.02004333590364593,0.03842165693640709,0.09031715989112854,0.1851893812417984,-0.2233407348394394,0.32730162143707275,-0.3134494721889496,-0.2753905951976776,-0.4859691858291626,-0.34208202362060547,0.6287547301540163,0.5657949628036757,0.8594919528134347,0.6777926001448266,0.6403179796652798,1.3705664859323419,0.5460241751074328,0.6530597031533969,-0.0011486002209791756,0.763306382849736,0.6534675391259628,0.0005376021561757684,0.4918928711661567,0.4919084896751408,-0.0008513997790209095,0.7529802988936551,0.4837840381499718,-0.0004012730553681655,0.5025151024356689,0.5542850429704231,0.39627781592337935,0.751486489145208,0.5769193186238812,0.39470377787438476,0.4579271750242731,0.8049305493609278,0.9737025612838256,0.8308447913186974,0.8173425194994013,0.963898117167689,0.4322943623854099,0.6311478642662729,0.9180060489901366,0.8633752890319776,0.6505782770398509,0.8925467446540033,0.5514085624654992,0.5987786449802116,1.0812600950532563,0.750956583219268,0.6028774692121219,1.0629305573294237,0.5390786118491762,0.5774077469303535,0.7071342373445694,0.667906524978593,0.5725196585332102,0.7068365289602998
8.79999999999998,0,0-ACCAD_Male2General_c3d_A6- Box lift_poses,262,0.6286527361953631,0.5684877634048462,0.784535599585891,0.7153022568622489,0.01495161469335452,-0.012843099866341167,0.6985371753397653,0.1224406287074089,-0.05923919379711151,-0.2980876863002777,-0.03586706519126892,-0.03317424360938448,0.026180476265462826,0.037075016647577286,-0.030669856816530228,-0.03728426247835159,0.1263422667980194,-0.1288295216238775,0.02032409745421404,0.03952182084321976,0.09403076767921448,0.1781901866197586,-0.1913626343011856,0.3157147765159607,-0.2999417781829834,-0.24453330039978027,-0.47603580355644226,-0.33332863450050354,0.6288413702516376,0.5655378174392764,0.8594773251864738,0.6803497598924768,0.6380432759348159,1.3706147571044915,0.5461115744541923,0.6526535397197383,-0.0011502568063126856,0.7638496279941107,0.6530920375424528,0.0004460467427905672,0.4916645864743673,0.49160871617208923,-0.0008497431936873752,0.752697990014247,0.48346087183665387,-0.0005071540009388316,0.5024270476542119,0.5537462211780442,0.3962879188388849,0.7515478434134039,0.5764896770346987,0.3946144082396311,0.4570112737431482,0.8007055687007144,0.9663574723384784,0.8325752530991414,0.8133786525417098,0.9556567482205058,0.4343428326964094,0.6245106959709691,0.9173567294009725,0.8627539889019263,0.6438854843114468,0.8899233926635163,0.5526559611169986,0.5976936876028054,1.0817154085669516,0.7521277979289023,0.6015954332875929,1.0625334483048587,0.5391029338123373,0.5767164753705033,0.7071371846000886,0.6679200231395434,0.5715374459944622,0.7067791935048047
8.833333333333313,0,0-ACCAD_Male2General_c3d_A6- Box lift_poses,263,0.6286306228721514,0.5682585835456848,0.7845380323361171,0.7161453301144382,0.013672215760628468,-0.011472700879593357,0.6977229491753906,0.11884228140115738,-0.05965938791632652,-0.2981165051460266,-0.036459870636463165,-0.03260747319869517,0.026502587942386246,0.03158425912261009,-0.03202373534440994,-0.03985466808080673,0.1280718594789505,-0.12880129371989524,0.02100198025244293,0.040698274970054626,0.09688977152109146,0.1710360199213028,-0.16257750988006592,0.3052174150943756,-0.28444990515708923,-0.2172897756099701,-0.46801528334617615,-0.32465463876724243,0.6288291175036835,0.5655891745213836,0.8594902494837254,0.6822002491301397,0.6361529268949209,1.3707222233069436,0.5465002692171782,0.6522935589141148,-0.001153174733144316,0.764628349841141,0.6527295224503802,0.00043515518199585546,0.4916646505475794,0.491380659881356,-0.0008468252668556477,0.7526024953141949,0.4831581699192946,-0.0005319144509698774,0.5024052832812591,0.5533554953652463,0.3962924273921653,0.7516845282176791,0.5761670919610066,0.394593466166696,0.45591493710115566,0.7971139885921812,0.9591831821724572,0.8341393805506467,0.8098413078414204,0.9485166604581093,0.43612434670472344,0.6188710404950916,0.9167880387054632,0.8621919312255737,0.6380587375787227,0.887990904298107,0.553522784984916,0.5969887708107607,1.0820963266707266,0.7529394843869119,0.6006068922943202,1.0622954656656036,0.5390806755768303,0.5763165486399072,0.7071361858581865,0.667883976170737,0.5707878259984566,0.7067621457918433
8.866666666666646,0,0-ACCAD_Male2General_c3d_A6- Box lift_poses,264,0.6281906213844195,0.567517876625061,0.7845691017390386,0.7170029004197872,0.01255497495962262,-0.010348345573100066,0.6968802803475469,0.11536943167448044,-0.060087937861680984,-0.29819193482398987,-0.037178587168455124,-0.03143647491887114,0.026805123432243283,0.0262864138931036,-0.03355245664715767,-0.04224657267332077,0.12985065579414368,-0.12842431415823774,0.021975020968246772,0.041779011487960815,0.09919077903032303,0.1640227884054184,-0.13766197860240936,0.2955670654773712,-0.2674984037876129,-0.19324620068073273,-0.4619286358356476,-0.3159503638744354,0.6283900494862934,0.5650858499113317,0.859529394391188,0.6832598939740603,0.6334691392017158,1.3709119655450275,0.5465909123908363,0.6518053775147421,-0.0011566452463827454,0.7652079672697935,0.6521264663838885,0.00046391094975066147,0.4913471095032285,0.49103217050691317,-0.0008433547536171662,0.7523202244919472,0.4826185223117002,-0.000517405773821273,0.5020114148486869,0.5526438133282698,0.39630423596011793,0.7515113023966414,0.5754940708783322,0.39462449098308483,0.45444929981666143,0.793315906172301,0.9525737423950182,0.8352725219191697,0.8058927369317633,0.9424189869509277,0.43736553163316977,0.6134343601225488,0.91637514491429,0.8613986392973382,0.6322189555403305,0.8866121069798073,0.5537927210472677,0.5956446600719952,1.082460602187876,0.7531664811657854,0.5989513307460949,1.0621787234470685,0.5386502514289007,0.5754584933799689,0.7071575078624189,0.6674385518546904,0.5695737539580895,0.7067815860068901
8.899999999999979,0,0-ACCAD_Male2General_c3d_A6- Box lift_poses,265,0.6279153671348467,0.5669053196907043,0.7845363886597122,0.717846364337888,0.011491022301330714,-0.008997056207563534,0.6960485662602462,0.11211634427309036,-0.060267750173807144,-0.29834967851638794,-0.037909623235464096,-0.030888897376046165,0.026636476574945833,0.020992914214730263,-0.035062264651060104,-0.044516365975141525,0.13141562044620514,-0.12809541752391662,0.022566087358610765,0.042771462351083755,0.10068411380052567,0.1582435518503189,-0.11626749485731125,0.2865912914276123,-0.24883821606636047,-0.17209723591804504,-0.45777371525764465,-0.30707573890686035,0.6281463379612512,0.5647286431923983,0.8595044400676224,0.6842552060712789,0.6316998350573617,1.3709493843175917,0.5463897823177108,0.6511359801666481,-0.0011601448431049488,0.7656518335659414,0.6515373320306241,0.00038124681473294605,0.49073832072863083,0.49050344225008513,-0.0008398551568949732,0.751930413381086,0.4820949080491495,-0.0006125254896073365,0.5015597033179348,0.5519021354572488,0.3963131891383687,0.7513532221742303,0.5748478956701499,0.3945455303342593,0.4531842906054204,0.7901759582823424,0.9459019849511152,0.836600661540163,0.8024835188434902,0.9366626790633303,0.4386899089443189,0.6089285270745954,0.9159212280389981,0.8609970178885972,0.627148763558502,0.8854561795711595,0.5541267782072599,0.5947919344573478,1.0826768947445693,0.7534646312368734,0.5977655308406941,1.0619944632121516,0.5383530040664192,0.5747117707332633,0.7071488404256026,0.6671252741871907,0.568470944352642,0.7067224196416519
8.933333333333312,0,0-ACCAD_Male2General_c3d_A6- Box lift_poses,266,0.628338023670949,0.5666460990905762,0.7845190525120244,0.718926864294074,0.010478138400566977,-0.007804638824804509,0.6949629198919631,0.10914801806211472,-0.06047091260552406,-0.2985266149044037,-0.03858467936515808,-0.030337442209167786,0.026624477065838814,0.0161227285861969,-0.036126717925071716,-0.046784110367298126,0.13278964161872864,-0.1277034312198846,0.022860974003859336,0.04409429803490639,0.10104623436927795,0.1535392552614212,-0.09843914955854416,0.2783896028995514,-0.22872070968151093,-0.15391285717487335,-0.4555915594100952,-0.2979426980018616,0.6285886666420429,0.5647025566250241,0.8594934469462954,0.6852387436462356,0.6306535289757993,1.3710162853106782,0.5470656182782413,0.6508942346255254,-0.0011633803744821175,0.7666865966654961,0.6512166256956653,0.00032640523756697487,0.49089127818028233,0.4904438162964609,-0.0008366196255178565,0.7520276059277498,0.4818528021467245,-0.0006782158024001526,0.501857667552584,0.5516377867923488,0.3963204717140699,0.7518428347650261,0.5744560440757407,0.3945000425877817,0.45261431806995206,0.7878918342830787,0.939291099169583,0.838646861025225,0.7997142129790955,0.9316746474791741,0.44051185105797136,0.6055727016734569,0.9153572657769317,0.861482130912626,0.6229541874811458,0.8848344079483833,0.5548171951078281,0.5944828268985792,1.0827828224758176,0.7541458706168532,0.5970485655059838,1.0619578133469774,0.5387702739090552,0.5744107497656876,0.707144407285889,0.6675210846002126,0.5677275787222882,0.7066863098543493
8.966666666666645,0,0-ACCAD_Male2General_c3d_A6- Box lift_poses,267,0.6280103769386187,0.5662570595741272,0.7845803935861787,0.7198815382614971,0.009431879820390267,-0.0070467534932931696,0.6939970848487184,0.10664628446102142,-0.060628265142440796,-0.2987162470817566,-0.03905673325061798,-0.029706916474289802,0.02716858762148766,0.011947729624807835,-0.03714394196867943,-0.04893557354807854,0.13409523665905,-0.12731942724154766,0.023797655591250133,0.04616082087159157,0.100457563996315,0.1495611071586609,-0.08451591432094574,0.27113649249076843,-0.20787005126476288,-0.1388155072927475,-0.45542386174201965,-0.287833571434021,0.6282313073419427,0.5645050201937583,0.8595596010224175,0.6844603098569949,0.629592584554701,1.371240175011965,0.5474190186831277,0.6505482396020319,-0.0011656866684412667,0.7674200850142872,0.6507989249145499,0.0004401268827551076,0.49077410373012215,0.49026335634201157,-0.0008343133315586865,0.7519030595712108,0.48151161692650707,-0.0005744053052171225,0.5016614146680801,0.5512937436920798,0.39632273673801793,0.7518352902037746,0.5739898314189611,0.39461775918923514,0.45098600094213964,0.7857324866133364,0.9330536534212479,0.8396497991770552,0.7974198841269796,0.9276379307040845,0.4412411830472504,0.6026268133332832,0.914698405097622,0.861303030275218,0.6194733969243399,0.8849091408848253,0.5542652775537467,0.5939675248975385,1.0828363993819121,0.753615680309206,0.5963478799824137,1.0621981889239758,0.5384870111617528,0.574004292447068,0.7071615891377692,0.6672177732124217,0.5669283259703959,0.7067572204010099
8.999999999999979,0,0-ACCAD_Male2General_c3d_A6- Box lift_poses,268,0.6282265629852191,0.5654579401016235,0.7846179148510251,0.7218689548423002,0.008894903782572766,-0.006510317749892421,0.6919419834670963,0.10416973382234573,-0.06056306138634682,-0.29897454380989075,-0.039415787905454636,-0.028445582882785425,0.02676343202028164,0.007981617003679276,-0.03799954056739807,-0.05100932717323303,0.1351504772901535,-0.12589452179593752,0.024075268079465695,0.04863140732049942,0.09949524700641632,0.14728106558322906,-0.07509858161211014,0.26466038823127747,-0.18689823150634766,-0.12612886726856232,-0.4570472836494446,-0.27561506628990173,0.6284448371496575,0.563819082540552,0.8595996893184492,0.6844023594673841,0.6282752443911221,1.3713878185251178,0.5481058003273377,0.6507589459465278,-0.0011673756090480845,0.7685467245462482,0.6502575129643886,0.00043708363154872434,0.4905004246758598,0.4908167418924568,-0.0008326243909518305,0.7516788122560804,0.4810995159147265,-0.000585447110137808,0.5017460306902494,0.5513228436276227,0.39634094785920304,0.7521952619563458,0.5730744463793254,0.3946686332932664,0.4507230657398422,0.7842215262774949,0.9274532690702668,0.8420387742622282,0.794557356776421,0.9236374062095984,0.4425263689904425,0.6006077680314501,0.9140978900292384,0.8620680865876672,0.6154652303152588,0.8851094800837718,0.5543436907236143,0.5933239214530317,1.0828401156765841,0.7537197428428416,0.5950219664852442,1.0623830537071877,0.5387387451845829,0.5735368733278959,0.7072005574882576,0.6674253201676583,0.5656873187408681,0.7067891368211867
9.033333333333312,0,0-ACCAD_Male2General_c3d_A6- Box lift_poses,269,0.6282810416305438,0.5650610327720642,0.7846836356316983,0.7218418202385325,0.00808944678580337,-0.005845587048168287,0.6919861100610937,0.10130701959133148,-0.06035975366830826,-0.2993076741695404,-0.03982826694846153,-0.027236377080520846,0.026531338831912166,0.004669345449656248,-0.038530703634023666,-0.0530504435300827,0.13604691624641418,-0.12550068700961803,0.024381501551420603,0.0501510314643383,0.09909597784280777,0.14745965600013733,-0.07112149149179459,0.2585221230983734,-0.1666465848684311,-0.11434371024370193,-0.4600026607513428,-0.2605579197406769,0.6284877709733401,0.5635783778668033,0.8596686941261126,0.6840218590964963,0.6292822484793408,1.3713423970133036,0.548260959439697,0.6507568147018225,-0.0011693245093235757,0.7689964568382023,0.6501628322460037,0.0005258396747475635,0.4906170255031377,0.49082851139949973,-0.000830675490676485,0.7517831176659509,0.4810396757466491,-0.0005031842490963515,0.5018163941749579,0.5509138216810423,0.39635640781293324,0.7523609701222111,0.5728735013447062,0.3947681960852444,0.4496534402805645,0.7833378245914016,0.9223477661117115,0.843442428354398,0.7936163150783132,0.9186771621799188,0.44347563905811416,0.5993714770208769,0.9135283592277487,0.862630803612902,0.6134126206300949,0.8852406706426758,0.554190744863719,0.5934686803713932,1.082797947705848,0.7535758046467805,0.5954460938321819,1.0624540869289438,0.5388015039809042,0.572898244852515,0.7072416007630571,0.6674884356296379,0.5650496067910256,0.7068595621852352
9.066666666666645,0,0-ACCAD_Male2General_c3d_A6- Box lift_poses,270,0.6283413615310565,0.564765989780426,0.7847219848907786,0.722205245929065,0.007339039898759216,-0.005158731842194336,0.6916206393187551,0.09881178289651871,-0.059961576014757156,-0.2996706962585449,-0.04019627720117569,-0.026477896711776916,0.02609333702550165,0.0018419312546029687,-0.03910285606980324,-0.054958127439022064,0.13666972517967224,-0.12526629074058082,0.02465527718213323,0.05186757072806358,0.09893075376749039,0.14935514330863953,-0.07157464325428009,0.25349339842796326,-0.14682546257972717,-0.10378610342741013,-0.46417754888534546,-0.24278073012828827,0.6285438867712552,0.5634357630009652,0.8597099137876503,0.6838821551082198,0.631230530514029,1.3711296116756708,0.548293787981582,0.6507436100350876,-0.0011710646649998255,0.7694854497952663,0.6498174680379903,0.000575843473739044,0.49043078500351184,0.49089444415086614,-0.0008289353350001832,0.751758443373374,0.4807474051656114,-0.00045715393574952135,0.5017757584348149,0.5506678843728889,0.3963688408580138,0.7525068074749138,0.5724992433920789,0.3948237339004089,0.44902473380465635,0.7835406678813032,0.9178055520599624,0.8453746679358488,0.7928879640656564,0.9130871567218424,0.4443369303029612,0.5993811038899253,0.9130260444490079,0.8634543723187695,0.6116107044260266,0.8853158832339274,0.5541560740476182,0.594173664380953,1.0826949367928762,0.753544505604504,0.596246387857312,1.0623936541073997,0.5388700285717412,0.5724754361055202,0.7072659108549129,0.6675484460472908,0.5644852223882884,0.7068985648413438
9.099999999999978,0,0-ACCAD_Male2General_c3d_A6- Box lift_poses,271,0.628396674641408,0.5642908811569214,0.7847901199189536,0.7222090399757889,0.006715507096815221,-0.004762465713822137,0.6916258551138806,0.09677936881780624,-0.05920923873782158,-0.30008140206336975,-0.04061614349484444,-0.02557274235426865,0.0254915682693313,-0.0006693949108012021,-0.039166200906038284,-0.056892555207014084,0.13707928359508514,-0.12454204481129882,0.024628717313184056,0.05299406498670578,0.09865301847457886,0.15282587707042694,-0.07513368129730225,0.2494833618402481,-0.12668998539447784,-0.093776173889637,-0.46893563866615295,-0.22352369129657745,0.6285774430234972,0.5630693045036542,0.8597799530516672,0.6834813461199157,0.6335208879802028,1.3708832074300026,0.5481951168105882,0.6506329936337842,-0.0011730358579900603,0.7697515892044792,0.6497484532561847,0.0006624805446476291,0.49027554207528623,0.4908043256894848,-0.0008269641420098478,0.7516958689025244,0.48071319269562823,-0.0003727255229403169,0.50174423333364,0.5502095481809586,0.39638405487932415,0.7526032690204179,0.572207167199049,0.3949396002819277,0.4483022570741755,0.7840091250269166,0.9135394834274785,0.8473147561583634,0.7921040956997898,0.9072810706824078,0.4449767447090447,0.5997607384138613,0.9125210522007232,0.8643032577198629,0.6099001291175427,0.8855401051896253,0.5539911821881593,0.5948610095350958,1.0825529447914335,0.7533890597759609,0.597128482650544,1.0623655754940042,0.5389456334641842,0.5718373324732272,0.7073011421088008,0.6676236234292969,0.5638347143686238,0.7069775897253952
9.133333333333312,0,0-ACCAD_Male2General_c3d_A6- Box lift_poses,272,0.6284833993995562,0.5636174082756042,0.7849329510000157,0.7217809601637949,0.005907860519149783,-0.0047234322978705594,0.6920802207233234,0.09546242654323578,-0.057914555072784424,-0.30055585503578186,-0.04103756323456764,-0.025027625835744693,0.025237868706985744,-0.002475177403539419,-0.038562845438718796,-0.05889453366398811,0.13761070370674133,-0.12437832411990302,0.024731172220627484,0.05287468433380127,0.09804073721170425,0.15780360996723175,-0.07985203713178635,0.24625368416309357,-0.10558336228132248,-0.08345140516757965,-0.4735194444656372,-0.20392203330993652,0.6285853138864868,0.5624874319798081,0.8599243689557278,0.6824565812211164,0.6362802589030047,1.3706596240863442,0.548250971374627,0.6499540303620558,-0.0011750436136485909,0.7700850856777949,0.6493638065977578,0.0009338510474471325,0.49047297850501387,0.49007413488144136,-0.0008249563863513866,0.751923140906059,0.48033994664970664,-0.0001046721203186024,0.5019147888996426,0.5492873750818377,0.3963922523425075,0.7528439197142516,0.5717730906142212,0.39521529156846036,0.44738506815950446,0.7844753234944561,0.9089284910234642,0.8491963664195429,0.7909727235709827,0.901397850984633,0.4453877373919996,0.6002286730560067,0.9118859690343977,0.8650500784534334,0.6080160886573404,0.8860650834591409,0.5535319305064006,0.595634752796145,1.082349016613959,0.752960837362206,0.5980997446755681,1.0624940468246875,0.5391047914885795,0.5709255514086449,0.7073418055505661,0.6677923593309746,0.5630700469698378,0.7071623132342111
9.166666666666645,0,0-ACCAD_Male2General_c3d_A6- Box lift_poses,273,0.6284689154708758,0.5634936690330505,0.7850313527164858,0.722118097453005,0.005000178486117739,-0.004529160541549685,0.6917368995873707,0.09476517885923386,-0.056264691054821014,-0.30105912685394287,-0.0414210669696331,-0.025593666047000196,0.024857207178972107,-0.003997001331299543,-0.03784658759832382,-0.0608118437230587,0.1381445974111557,-0.12487964921746575,0.024694445915448004,0.05316592752933502,0.0963636040687561,0.16387571394443512,-0.08233042061328888,0.24398209154605865,-0.08259183913469315,-0.07504329830408096,-0.4777005612850189,-0.184600830078125,0.6284971483463829,0.5624821130061407,0.8600245254544702,0.6809163004462592,0.6402774219383025,1.370305947509725,0.5480782079297939,0.6493434237043995,-0.0011768988748051892,0.7703536276720067,0.6487733690660078,0.0011677833536895138,0.49009395763352087,0.4895382249631459,-0.0008231011251949062,0.7517327593702032,0.4797994728503706,0.0001258325899957738,0.5018143294627881,0.5488832082169526,0.3963909227398487,0.7529343766297648,0.5713934641365664,0.39542722949369136,0.4462639406375036,0.7853487941168859,0.9031044631422096,0.8511954296482324,0.7902311990369613,0.8957699309815166,0.44549754800340075,0.6012394359091222,0.9110241264446372,0.8656176732451153,0.6067377141525083,0.886730899022325,0.5527719277115102,0.5974531303031605,1.0819628725242902,0.7522544183389392,0.5997476431628962,1.0626326877394994,0.5391718329641976,0.570748314910696,0.707343570535319,0.6678509498322459,0.5627473521779981,0.7072991862531256
9.199999999999978,0,0-ACCAD_Male2General_c3d_A6- Box lift_poses,274,0.6287938203895465,0.563318133354187,0.7852538093468412,0.723121483253298,0.004315634614452421,-0.005172168953503128,0.6906880224991173,0.09466773271560669,-0.054339297115802765,-0.30157220363616943,-0.04162348806858063,-0.025307681584848973,0.024723075904847902,-0.00551590183749795,-0.03667696192860603,-0.06274649500846863,0.13862432539463043,-0.12378269586871271,0.024925259238863795,0.05524718761444092,0.0929902195930481,0.16951660811901093,-0.08203727751970291,0.24318121373653412,-0.05777966231107712,-0.07042665034532547,-0.4811904728412628,-0.16648389399051666,0.6286799179874051,0.5623141708666707,0.8602470029417698,0.6782749763626453,0.6431075844535401,1.3703282968590926,0.5488726184492202,0.6495058144272966,-0.0011778964921659238,0.7715164687145445,0.648973163458512,0.0015818220791871049,0.4903697182790326,0.48988976234283566,-0.0008221035078341196,0.7521141386480602,0.48008723187568214,0.0005369769275628301,0.5022960378129502,0.5490898995847026,0.3963952064908004,0.7536097366859296,0.5712990506848948,0.39588311716232094,0.4447830763985493,0.7852732055765259,0.8966516691088701,0.8530816609333978,0.7896845427687811,0.8921714083654134,0.44542322562399994,0.6014755509125252,0.9099774543821675,0.8661657199658604,0.605911214189401,0.8882046330682287,0.5516501830789126,0.5986879440692595,1.0815555724135988,0.7512334772294945,0.6008056231006972,1.063274187577594,0.5396624989609594,0.5708227229161875,0.7073998969005663,0.6683159720912417,0.5624111225848244,0.7075942621117054
9.233333333333311,0,0-ACCAD_Male2General_c3d_A6- Box lift_poses,275,0.6291919198120013,0.5627274513244629,0.7853698774709703,0.7240619508851516,0.003936992527645313,-0.0055780048079725145,0.6897011506678729,0.09504222869873047,-0.05258886516094208,-0.30200937390327454,-0.0417189784348011,-0.025686144993773752,0.02414696207430611,-0.006906035356223583,-0.03551444038748741,-0.0645669549703598,0.1390819251537323,-0.12276509483487974,0.024410872914837345,0.05953454226255417,0.08988571912050247,0.17301341891288757,-0.08107433468103409,0.2437954992055893,-0.033983808010816574,-0.06817150861024857,-0.48371514678001404,-0.14828428626060486,0.6289933988969784,0.5617227839007614,0.8603628853638002,0.6761237649997923,0.6444331829671603,1.3703570539224477,0.5492338828809239,0.64899369983425,-0.0011783921548822913,0.772170895689404,0.6487948974921632,0.0017921118681464045,0.49025356050654373,0.48955344683153285,-0.0008216078451173843,0.7520372910838641,0.4799946021524478,0.0007441334272230322,0.5026023252810224,0.5487705408221987,0.39639692550012195,0.7540676870355564,0.5708188128916378,0.39613803385124574,0.4428212343184479,0.7839627238525256,0.8909401213617015,0.8544663292817157,0.789402637789907,0.8891250198838017,0.4452161147913708,0.600603982943682,0.909199389803018,0.8665965560773868,0.6055212592217463,0.8893708204665207,0.5508215463025936,0.5987884131806885,1.0811987268931378,0.750477359725267,0.6012085193411408,1.0637664535846236,0.540166953197367,0.5704860612393212,0.7074180690573435,0.6687945189597628,0.561678748211138,0.7077528231681601
9.266666666666644,0,0-ACCAD_Male2General_c3d_A6- Box lift_poses,276,0.6291021552169695,0.5626927018165588,0.7854674001120455,0.7248165166239185,0.0036126115813498766,-0.005931370154535666,0.6889069495329693,0.09545378386974335,-0.05121829733252525,-0.3023533225059509,-0.041770633310079575,-0.02607833365412149,0.023811911224939197,-0.00804854091256857,-0.034611478447914124,-0.0662020817399025,0.13951729238033295,-0.12196801407902735,0.02405488979570436,0.06325365602970123,0.08895748108625412,0.17385903000831604,-0.08252841979265213,0.24395433068275452,-0.013719519600272179,-0.06726913899183273,-0.4845860004425049,-0.12947559356689453,0.6288305949424902,0.5616870054172557,0.8604601652948933,0.674806128462592,0.6449077835929825,1.3704728627741982,0.5491820315134842,0.6489511843969751,-0.0011786985068149083,0.7723475993164812,0.6490945370224661,0.00197615891258068,0.4898189953391452,0.48965302934319305,-0.000821301493185083,0.7515974579587411,0.4803689394265423,0.0009252785520214232,0.5024738070372501,0.5489271973196803,0.39639616007477857,0.7540511248962783,0.570887863911391,0.3963561010239778,0.4410881602171118,0.7835868260875656,0.8872350186300734,0.8553550214104844,0.7896500636433079,0.8861696090330989,0.4448417532939317,0.6006236968843114,0.9089137661800375,0.8664249413262491,0.6057406305191972,0.8899566243743541,0.5501356741275647,0.5988273791820663,1.0811106274100888,0.7498207514088805,0.6015491306488513,1.0640622585699924,0.540168641796485,0.5706586797148142,0.7074308732985347,0.6687741989556356,0.5615299794728932,0.7078871600662622
9.299999999999978,0,0-ACCAD_Male2General_c3d_A6- Box lift_poses,277,0.6291341033065692,0.5623849034309387,0.7855521096894253,0.7246664901189291,0.0034326908324301755,-0.0062084977979198,0.6890632404122674,0.09525492787361145,-0.04997735098004341,-0.30268988013267517,-0.04176761582493782,-0.025915682078161417,0.023107854674586314,-0.009053420275449753,-0.03370092809200287,-0.06773138791322708,0.1399267315864563,-0.1212223804094883,0.023415016609754202,0.06595104187726974,0.08948250859975815,0.17423446476459503,-0.08590064197778702,0.2428845465183258,0.004487288184463978,-0.06812071055173874,-0.4831775724887848,-0.11043955385684967,0.6288140409205989,0.5613700628867496,0.8605445603677366,0.6744599515183278,0.644882601178562,1.3705410780381635,0.5488977936731242,0.6488696340420164,-0.0011787210377122263,0.7721967836316972,0.6494920123460454,0.0021107904261185445,0.48956793334719556,0.48955911992298984,-0.000821278962287536,0.7512915861113934,0.4807855742931574,0.0010569991070351718,0.5024327943512228,0.5486924996161441,0.39640389593825087,0.754024003809075,0.5710098898743148,0.3965247884846872,0.4397446603355145,0.7830059241099205,0.8845729573803468,0.8557270462179976,0.7901978053694443,0.8830409768795855,0.44491816006211693,0.6004082932024577,0.9088814804068284,0.86603908472261,0.6063354186626656,0.8899582610673638,0.549985185111008,0.598329246022604,1.0811703007277094,0.7496635436890728,0.6016784015640972,1.0641549790225915,0.5402478671393044,0.5703171650687503,0.7074589271806573,0.6688559932967593,0.5612234595844082,0.7079970760036216
9.33333333333331,0,0-ACCAD_Male2General_c3d_A6- Box lift_poses,278,0.6289467063033953,0.5615553259849548,0.7856802083428723,0.7243519300350383,0.0030790393866725733,-0.006511713212632244,0.6893927752464531,0.09457774460315704,-0.048779889941215515,-0.30302655696868896,-0.041668836027383804,-0.025490999162176342,0.022639446872964264,-0.009756933897733688,-0.03296748176217079,-0.06910073757171631,0.14042462408542633,-0.12104278343916541,0.02331039590199291,0.06802043318748474,0.09066326171159744,0.17517632246017456,-0.08959513902664185,0.24095501005649567,0.022373855113983154,-0.0710107609629631,-0.47964203357696533,-0.09136262536048889,0.6285575906245653,0.5605474105601065,0.8606724259089961,0.6740958589568014,0.6447634194691336,1.3705671847181429,0.5485964712620237,0.6483411232164753,-0.0011783033898860248,0.7721015215279107,0.6490511148820401,0.0023470655380757738,0.4893739503215382,0.4889906734365693,-0.0008216966101139561,0.7511446635524847,0.4803511087421286,0.0012896951244434109,0.5023075914657343,0.547931748868129,0.39641187964911045,0.7539331969399856,0.5704997229479094,0.3967674471998795,0.43842576487627405,0.7819958664238823,0.8819018715348499,0.8554729754685755,0.7905653912186219,0.879883796438406,0.44495031599748924,0.5998160948503566,0.9088745478249919,0.8650712779432941,0.6067969054275002,0.8897113304022345,0.5497064874369209,0.5975199813870934,1.0812715385000093,0.7493702033074796,0.6014639248451422,1.0642119143904196,0.5401253937336469,0.5693828052974045,0.7075047368099942,0.6687411082015472,0.5604047957644529,0.708161974487298
9.366666666666644,0,0-ACCAD_Male2General_c3d_A6- Box lift_poses,279,0.6293752040946856,0.5612335801124573,0.7857867158195192,0.7233340589285518,0.002751865563918598,-0.006703577925645313,0.6904602294649991,0.09378644824028015,-0.04773137345910072,-0.3033187687397003,-0.04157797619700432,-0.025084265665882732,0.02215208070659258,-0.010128757916390896,-0.03244909271597862,-0.07029784470796585,0.14110347628593445,-0.12151727032691473,0.02330845677641069,0.06973801553249359,0.09212454408407211,0.17706972360610962,-0.09313244372606277,0.23860369622707367,0.0408463329076767,-0.07608257234096527,-0.4743227958679199,-0.07210341095924377,0.6289328732194485,0.5602407193063444,0.8607788392113561,0.6744470072642623,0.6458105294772822,1.3704555662734896,0.5486913500599717,0.648135597973613,-0.0011779266132575829,0.7724301357292355,0.6490492700173167,0.0025619948687551734,0.48990669115575725,0.48862309925957387,-0.0008220733867423981,0.7517889373310067,0.4803103842539741,0.001499281346416196,0.5027963690180139,0.5474024705466695,0.39641971627359673,0.7544290113597739,0.5706152706722706,0.3969608271176347,0.4374124313861656,0.7810992054696296,0.8788999150864168,0.8550453753453162,0.7922493453094596,0.8765711604252039,0.44564631095818563,0.5994557452979026,0.9088568977149093,0.8643394535654209,0.6086328759790228,0.8891479845406752,0.5501021652407305,0.5973449603224286,1.0813429965392614,0.7497334392879367,0.6022190757840655,1.0641446733432074,0.5405888987672312,0.5687629123850512,0.7075446659679071,0.6692304558798772,0.560174204429885,0.7082983274356149
9.399999999999977,0,0-ACCAD_Male2General_c3d_A6- Box lift_poses,280,0.6294328417861834,0.5603951215744019,0.7857927244167245,0.7229892070128889,0.0025569179941591696,-0.006516893458431297,0.6908238551272651,0.09310610592365265,-0.047022685408592224,-0.30351510643959045,-0.04160718992352486,-0.02512065679533637,0.021446110193984236,-0.010781331919133663,-0.0324033722281456,-0.07125698775053024,0.14180007576942444,-0.12211678448001839,0.023094832243125918,0.07061272114515305,0.09370388835668564,0.1804679036140442,-0.09674935042858124,0.23637384176254272,0.0606384314596653,-0.08309177309274673,-0.4679235517978668,-0.052109990268945694,0.628991052233024,0.5594425241380917,0.8607853732572279,0.6751275840086072,0.6472079490333907,1.3700382330355707,0.5482449888243864,0.6472817135551775,-0.001178117494236304,0.7723147364319375,0.6481691739779821,0.002591594457521891,0.48960056302402666,0.48771760600219716,-0.000821882505763618,0.7516853455186594,0.47942888054135185,0.001523136939854737,0.5026866358939664,0.5464316413018895,0.39642514477749824,0.7544207696894594,0.569918038077032,0.39696531605904883,0.4366046466563591,0.7801925844717084,0.875350108610834,0.8546547448920486,0.7932179192859069,0.8726731658173386,0.4461498759703565,0.5992280740340995,0.9088209730094102,0.8632227899762102,0.6097850298879074,0.8881175141268395,0.5504640087038775,0.597322560980945,1.081304670454445,0.7500585912734715,0.6025648773786103,1.0637916573597128,0.5406387397200851,0.5677761978375485,0.7075474792603919,0.6692888609120577,0.5593172753017778,0.7083047593720799
9.43333333333331,0,0-ACCAD_Male2General_c3d_A6- Box lift_poses,281,0.6292226162040606,0.5599128603935242,0.7858501940985047,0.722867523756755,0.002405724944819938,-0.006652292554235073,0.6909504342491147,0.0927792489528656,-0.04658213630318642,-0.3036156892776489,-0.041607920080423355,-0.024828103027119797,0.021311734592407094,-0.011703994125127792,-0.03250847011804581,-0.07207048684358597,0.1425599753856659,-0.1219497517587953,0.023373617656752388,0.07063376903533936,0.09418071806430817,0.18496465682983398,-0.10027196258306503,0.23362819850444794,0.08236080408096313,-0.09190642088651657,-0.4595468044281006,-0.03307352215051651,0.6287506427714589,0.5589625466641037,0.8608426880221941,0.674808978920259,0.6491599584350355,1.3696789056431877,0.5480444629839224,0.6469689479725151,-0.0011781951512553415,0.772398998266058,0.6480738189750768,0.0027059145465463813,0.48944568966705465,0.48738806957002406,-0.0008218048487446013,0.7516879966377474,0.4793435626404482,0.0016312011881732015,0.5025260224675824,0.5459931326449271,0.3964290053434895,0.754357840906032,0.5697716538000162,0.3970811388327723,0.4357429128739036,0.7797300583422672,0.8710557444804469,0.8536848705944166,0.794512897956899,0.8693660831363461,0.44638068931738684,0.5996058641357465,0.9084947158599901,0.8614224010694053,0.6112720947424365,0.8873244478624406,0.5501984219274577,0.5978734047129316,1.0811680261205192,0.7497898050988511,0.6031898857033512,1.0636409130208508,0.5404574225381867,0.567252311522838,0.7075692365340569,0.669109498229351,0.5588233487738254,0.7083779305986087
9.466666666666644,0,0-ACCAD_Male2General_c3d_A6- Box lift_poses,282,0.6293182220542803,0.559367299079895,0.7858468949479607,0.7229186237467996,0.002559014801736911,-0.006757991934553836,0.6908953932602895,0.09286009520292282,-0.04630911722779274,-0.30363842844963074,-0.04148539528250694,-0.024790420586132234,0.0208913159252343,-0.012897646054625511,-0.032577790319919586,-0.07278978079557419,0.14344428479671478,-0.1213101079317771,0.023095768725815202,0.06961905211210251,0.09326226264238358,0.1905972808599472,-0.1041308343410492,0.23007845878601074,0.1059376448392868,-0.10240340977907181,-0.4490509033203125,-0.015167084522545338,0.6288506020506581,0.5583894453368111,0.8608390620961992,0.6744258534419934,0.6513228912803899,1.3692224743199382,0.5479206635701088,0.6466327521152746,-0.0011776893276633366,0.7724676406047076,0.648276234994388,0.0026857810462546615,0.4892982291782574,0.48706056189409475,-0.0008223106723365542,0.7516053106180325,0.47956467273396425,0.0016032159561967727,0.5025268083579149,0.5455958582995304,0.39643250559929,0.7544252104938218,0.5697392982563103,0.3970853347273951,0.4355854350431974,0.7793828092522104,0.8660520192701292,0.8527425473010264,0.7957116016695966,0.8663737084590216,0.44705172286216555,0.6002706648804056,0.9078482892754117,0.8595656962663425,0.61266085775397,0.8865091000445082,0.5500656188976186,0.5986182684635882,1.0808591897161302,0.7496778546989827,0.6037071629868653,1.063502825727334,0.5405495210862333,0.5667507780194991,0.707573809457597,0.6691989507541698,0.5582705806143088,0.7083710788063236
9.499999999999977,0,0-ACCAD_Male2General_c3d_A6- Box lift_poses,283,0.6293635215843096,0.5584416389465332,0.7858130579322665,0.7248604638621923,0.0027859491998931778,-0.006779261217003194,0.688856725331106,0.09289052337408066,-0.04619655758142471,-0.3036176264286041,-0.041265442967414856,-0.024844276052520042,0.02036585449163164,-0.014641432091593742,-0.032771989703178406,-0.0733712762594223,0.1443551927804947,-0.12017105661972871,0.022660658309660242,0.06802772730588913,0.09141598641872406,0.19807970523834229,-0.10918308794498444,0.22746641933918,0.13143838942050934,-0.11423429846763611,-0.4377756714820862,0.003132264595478773,0.6289142867961662,0.5574382343298172,0.8608049999479276,0.6741870284522495,0.6537981895250856,1.3685708574966386,0.548122006983658,0.6463680467706027,-0.001176724998053505,0.772881971514148,0.6476546665699894,0.0025920542442859074,0.4886070610935323,0.4871265751346131,-0.0008232750019464032,0.7509612604024137,0.4790774071489963,0.0015011690701728017,0.5023489754113111,0.5455327579268086,0.3964357396988944,0.7544473566294155,0.568800559844763,0.3970366652664676,0.4364938629723184,0.7799292327388754,0.8604263794743763,0.8528833863135149,0.7954888993382639,0.8631778924067753,0.44772421003893004,0.6019874347605636,0.9070113560352508,0.8577868491342323,0.612652114111875,0.8856774529494446,0.5499558633885016,0.5998874407415853,1.0803749555441713,0.749625645800227,0.6035375795935034,1.0633209419985,0.5406128973520503,0.5663547582796961,0.7075711402884589,0.6692105590923098,0.5571061088117868,0.7083228607833654
9.53333333333331,0,0-ACCAD_Male2General_c3d_A6- Box lift_poses,284,0.6292009797180071,0.557512640953064,0.7858675121386561,0.7248612437552866,0.002524363252235832,-0.006733356160077551,0.6888573631794404,0.0919497162103653,-0.046229902654886246,-0.30361929535865784,-0.04114318639039993,-0.02437678689413758,0.020543256966886414,-0.016513697803020477,-0.03303011134266853,-0.0738258808851242,0.14529745280742645,-0.1196660377074743,0.023022049894186214,0.06805361062288284,0.08880866318941116,0.20852428674697876,-0.11507324874401093,0.22939293086528778,0.15998883545398712,-0.1261952519416809,-0.42749717831611633,0.023400140926241875,0.6287297063119273,0.5565424206945913,0.860859755564405,0.6722374904792087,0.6586377150249347,1.3676516633200602,0.548218935155095,0.645673056181792,-0.0011762382429019204,0.7731012734734981,0.6473014507002376,0.002690277738034593,0.48870150678466207,0.4864325102128166,-0.000823761757098071,0.7510927693606119,0.47873568465775085,0.0015910665560187436,0.502325073731502,0.5447060016272887,0.3964386075646878,0.7544695651359031,0.5682807479974791,0.397148000105956,0.43446020883951086,0.7790733166475365,0.8537388161532411,0.8511970921044398,0.797014881441221,0.8592224688087942,0.4469536877059455,0.6028244491402485,0.9060820477346069,0.8554456285041827,0.6146102032409075,0.8851077448024598,0.5489446291285589,0.6015077014013838,1.0796730860039125,0.7486630875410263,0.6051488553550829,1.0631969132919918,0.5404721723492346,0.5653680227854119,0.7075978864555373,0.6690684042800061,0.5560959614087932,0.7083882766694782
9.566666666666643,0,0-ACCAD_Male2General_c3d_A6- Box lift_poses,285,0.6291104998672381,0.5570463538169861,0.7859021814037341,0.7253294718910459,0.0023939640341477434,-0.0067058233518796076,0.6883650616320044,0.09119066596031189,-0.046389780938625336,-0.30357059836387634,-0.04104990512132645,-0.02386599017697244,0.020671547637247212,-0.018043268471956253,-0.03320043906569481,-0.07419056445360184,0.14626769721508026,-0.1193452857662809,0.023150948077164002,0.06762902438640594,0.08624406903982162,0.21916800737380981,-0.12176359444856644,0.23221315443515778,0.1886567324399948,-0.1384914666414261,-0.4178895354270935,0.04501098766922951,0.6286280983506627,0.5560934837409575,0.8608945765341406,0.6706720608957428,0.6638289371815955,1.366637910054782,0.548461265798909,0.6456013981044099,-0.0011758843628441248,0.7733301442971766,0.64715515773528,0.0027510775762561064,0.4887311784474555,0.4864404954814624,-0.0008241156371560018,0.7510229950752336,0.47862871071840624,0.0016430390124698054,0.5023249064921027,0.5445434801458776,0.396442196899228,0.7544941891853403,0.5680429206159621,0.39721619347980086,0.4327920402149744,0.7790272096276378,0.8472833762500812,0.8501561557008548,0.7985612567708387,0.8550510736309613,0.44621876663378346,0.6045982893285015,0.9051957150486493,0.8534009819023287,0.6166763416856943,0.8844944595021579,0.5481501256501714,0.6037119940307661,1.0789384876716808,0.7479184614444838,0.6069872137735971,1.0629989189947369,0.5404017013749535,0.5649861039959033,0.7076206663066479,0.6689841016581045,0.5555200084726348,0.708427331900506
9.599999999999977,0,0-ACCAD_Male2General_c3d_A6- Box lift_poses,286,0.6302861418807879,0.5554667711257935,0.7857663685220878,0.7262862682776634,0.0031740562392994828,-0.006556597943268572,0.6873537611024662,0.09110506623983383,-0.046690359711647034,-0.30343642830848694,-0.040998250246047974,-0.02333675825075332,0.019390914404132875,-0.019294090569019318,-0.0331956185400486,-0.07449627667665482,0.1470704972743988,-0.11818975568030465,0.021548083676123153,0.06575736403465271,0.08456308394670486,0.2299288511276245,-0.12897618114948273,0.2342965304851532,0.21605677902698517,-0.15049691498279572,-0.4094896912574768,0.06867405027151108,0.6298991017469708,0.5544449747681405,0.8607584089806478,0.6720376210430873,0.6671736416594338,1.365407136002757,0.5490774366219119,0.6449742415087186,-0.0011756737434700237,0.7737627202761889,0.6464275251456301,0.0024235480439705644,0.4889214116713456,0.4859738351661866,-0.0008243262565300197,0.7509301221386732,0.47797151792118275,0.0013072630052495364,0.5030445432952833,0.5436997435524427,0.39645642593948655,0.7551966802311426,0.5668794286822539,0.39694273135299113,0.4334050062818467,0.7783932447745726,0.8416181325628521,0.8515068870261362,0.7980976808166187,0.8500982728254068,0.447282413872757,0.6057448407608771,0.9045427728419005,0.8532057266240337,0.6168415090674984,0.8833078851544016,0.5494254946737954,0.6047192749285444,1.0782445554788762,0.7492125086162094,0.6070776061632261,1.0623772231964395,0.5414973644773495,0.5637236527787921,0.7076086876947592,0.6700523596170773,0.5538712694223211,0.7082369653377343
9.63333333333331,0,0-ACCAD_Male2General_c3d_A6- Box lift_poses,287,0.6302926983917132,0.5554667115211487,0.7856668919011373,0.7269960718360161,0.0032423327738271917,-0.006116213711243514,0.686606722034546,0.0910736545920372,-0.04718894138932228,-0.30324703454971313,-0.04106373339891434,-0.023824002292913704,0.019353840435952896,-0.019906867295503616,-0.03400381654500961,-0.07445506006479263,0.14758698642253876,-0.1186586406916732,0.021624939843234436,0.06585153192281723,0.08435915410518646,0.2419133335351944,-0.13666769862174988,0.23494741320610046,0.2416578233242035,-0.1636277139186859,-0.4012596905231476,0.09430278092622757,0.629959660011963,0.554483222025494,0.8606597037823406,0.6724096794967458,0.6736906916305061,1.3638036118554853,0.5490253954003173,0.6447912088282715,-0.001176075040464044,0.7739020434691198,0.6459689519879677,0.002259388978870517,0.4885663383225378,0.48590578341868174,-0.0008239249595359995,0.7507019422452217,0.47756319676812503,0.0011382680953946692,0.5028736822204285,0.5437608503861293,0.3964524441598455,0.7551565000469255,0.5666156832484383,0.3967573678433578,0.4326678975521656,0.7789425719868279,0.8358485208141261,0.8510322257530947,0.8000244379815667,0.8441842341757406,0.4473572894001054,0.6082887625274171,0.9038269239161185,0.8517174157487519,0.61962162781431,0.8817863724473161,0.5496139580977257,0.6077921236804171,1.077490463959843,0.7493965773937405,0.609749772625483,1.061513682749865,0.5414626023701786,0.5638663750764554,0.707571493954765,0.6699966652221964,0.5537353349630255,0.7081081072208758
9.666666666666643,0,0-ACCAD_Male2General_c3d_A6- Box lift_poses,288,0.6305821981513873,0.5544138550758362,0.785554320477426,0.7262927925379998,0.0038797446046569413,-0.005892633333021017,0.6873492590827163,0.09058473259210587,-0.047891393303871155,-0.3030358552932739,-0.04123537242412567,-0.02281463470556644,0.018567061540831986,-0.019926095381379128,-0.03526465222239494,-0.07417449355125427,0.14779964089393616,-0.11832276668897834,0.021651529531880653,0.06719034910202026,0.08500106632709503,0.2544322609901428,-0.14520405232906342,0.2334991991519928,0.2652333676815033,-0.17817066609859467,-0.39299681782722473,0.12065836042165756,0.630340242520477,0.5533836359210239,0.8605468541455568,0.6731066556777653,0.679006077597713,1.362120307523704,0.5487058523278368,0.6443616004402263,-0.0011769259624992527,0.7739085468604322,0.6455641231185231,0.0020022325668697,0.4885938333230016,0.4853445574543328,-0.0008230740375009434,0.7510548214336603,0.47711102736805605,0.0008789488975789982,0.5029213569823835,0.5428020297974447,0.39646722384397504,0.7552996741891789,0.5660531172230812,0.3965120896860169,0.43167873147189906,0.7775005508527943,0.8307550051916097,0.8494139427435144,0.8022005751006632,0.8382196035310862,0.4479174428936168,0.6088315751320608,0.9031887341087992,0.8502022284582054,0.6227169713726591,0.8799877588962557,0.5501338557768481,0.6091717379918961,1.0768178634296544,0.7498793854750225,0.6118187187728068,1.0604807352138022,0.5416416774276651,0.5626667372404408,0.7075704921978141,0.6701974747117824,0.5528112177945727,0.7079474192953952
9.699999999999976,0,0-ACCAD_Male2General_c3d_A6- Box lift_poses,289,0.6303068842971697,0.5544762015342712,0.7854918588796103,0.7266232465284729,0.004098763977094152,-0.005639373227120061,0.6870007679820216,0.09005025029182434,-0.0485810823738575,-0.30281612277030945,-0.04142360761761665,-0.02216817260517745,0.01846217281742424,-0.020037848502397537,-0.03652973845601082,-0.07380054146051407,0.14747600257396698,-0.11789798990994949,0.022292413169185288,0.06786385178565979,0.08608312159776688,0.2670239210128784,-0.15480639040470123,0.23059934377670288,0.2869577705860138,-0.19195953011512756,-0.38510480523109436,0.14748728275299072,0.6301146074447745,0.5534483248954074,0.8604845685201301,0.6736107294649717,0.6856721940488002,1.3603203965425865,0.5484757817686684,0.6448475643128012,-0.001177884874533186,0.7740424062582036,0.645582201417613,0.001855469296275409,0.48823458891188287,0.4858794162104935,-0.0008221151254669927,0.7510454512169504,0.4771485790786916,0.0007352351153223462,0.5025660610659952,0.5431043189473334,0.39647380171680724,0.7551160406211848,0.5659792187648179,0.39637830812437047,0.4314372910085887,0.7782090115160665,0.825889762801822,0.8481408864880847,0.8043975877522115,0.8319356142665608,0.44834338165250215,0.6114242318744664,0.9024180947006086,0.8483923371564113,0.6260200580019297,0.8782061000746534,0.5502421543596454,0.6121576281391781,1.076115483873415,0.7499595194828008,0.6147504250229218,1.0594290710598742,0.5413208811428408,0.5627986057914152,0.7075689158636246,0.669868015790218,0.5528307225424895,0.7078581649438985
9.73333333333331,0,0-ACCAD_Male2General_c3d_A6- Box lift_poses,290,0.6298876252258196,0.5537683367729187,0.7854879385694108,0.7271396692331625,0.004124074703955922,-0.0055457812698645826,0.6864547601593496,0.08950020372867584,-0.049070633947849274,-0.3026212453842163,-0.04155401140451431,-0.021510025010424316,0.01864460987550076,-0.02045457810163498,-0.037197381258010864,-0.07351432740688324,0.14672286808490753,-0.11675651771473827,0.022803603378049875,0.06748940795660019,0.08758106827735901,0.28047460317611694,-0.16593828797340393,0.2268800288438797,0.3070279359817505,-0.20422545075416565,-0.37766286730766296,0.1751154065132141,0.6297073901988558,0.5527474808327745,0.8604807740171022,0.6741137309629789,0.6919596131784915,1.3583673323473242,0.5483948145113618,0.6445612302970871,-0.0011785823287045506,0.7741048606616614,0.645047490623073,0.0018011829337092888,0.4879365455473774,0.4856755161901038,-0.0008214176712953471,0.7508779552501956,0.4766453785022904,0.0006878553690592738,0.5022026061268297,0.5426925015821624,0.396478269527674,0.7548320557988535,0.5651185887133688,0.3963673591045232,0.4317791862822463,0.7788661800761529,0.821278519373019,0.8472000452757122,0.8049407354008298,0.8251054589365446,0.44885149825820714,0.6138600517452246,0.9015348461093006,0.846614587366043,0.6279509560116674,0.8764264043193001,0.5502587516495923,0.6147038828977607,1.0753688776735195,0.7499522013644733,0.6169242544642027,1.0583459228454861,0.5408993173174641,0.5622037066456492,0.7075814011009907,0.6694315776574524,0.5520460758580443,0.7078468790345525
9.766666666666643,0,0-ACCAD_Male2General_c3d_A6- Box lift_poses,291,0.6306362595641986,0.5535764694213867,0.7853791639624159,0.7266936552866308,0.004284226415075023,-0.0050232659326749605,0.6869299408014979,0.08882640302181244,-0.0494113564491272,-0.30244845151901245,-0.04159228503704071,-0.021526291255281382,0.018048585038121456,-0.020861146971583366,-0.03716302663087845,-0.07334250211715698,0.14582744240760803,-0.11603159806054952,0.021869885837034753,0.06684164702892303,0.08912188559770584,0.29480528831481934,-0.17830167710781097,0.22142647206783295,0.32546740770339966,-0.215745747089386,-0.369367778301239,0.20250920951366425,0.6305301477515378,0.5525918766328753,0.860372625792925,0.675886547584886,0.699530741417528,1.3559866565767271,0.5485331883425223,0.6443323866191498,-0.0011788354448612377,0.7740424546426474,0.6452082528548411,0.0015388390227976424,0.488305443438874,0.48535914731342356,-0.0008211645551388265,0.7510652690390194,0.47677183726943756,0.00043301513192313054,0.5026959687839361,0.5423256344743048,0.39648228710565037,0.7551903812349009,0.5649726325753696,0.396143855704587,0.43333252490361723,0.7798671862286757,0.8167135138489384,0.8465325320976035,0.8061949420551092,0.8175099369888725,0.45078221178654354,0.616641569027162,0.9004540089575829,0.845730339743884,0.6308469219629879,0.8741843804477083,0.5515186845902083,0.6178658889714108,1.074454925436557,0.7511670398002692,0.6202138541660166,1.0569276261191423,0.541560463022627,0.5618406387356851,0.7075562825444888,0.6701064880067908,0.5518580530563549,0.7077002368383182
9.799999999999976,0,0-ACCAD_Male2General_c3d_A6- Box lift_poses,292,0.630216046818532,0.5521724224090576,0.7854735967609708,0.7263228751664393,0.004198106133253727,-0.005239195682247927,0.6873208913916804,0.08761110156774521,-0.0495159737765789,-0.3023394048213959,-0.041613321751356125,-0.01999960123859834,0.018143845129094283,-0.02178243175148964,-0.0370124951004982,-0.07312815636396408,0.14470858871936798,-0.1137232453128394,0.022103073340927426,0.06596021354198456,0.09040357172489166,0.3099631071090698,-0.19153091311454773,0.21417059004306793,0.342523455619812,-0.22707119584083557,-0.36030587553977966,0.22908884286880493,0.6300780615752583,0.5511748940345391,0.8604668357709954,0.6755779993611054,0.7058879155416065,1.3537413033970735,0.5484529629804293,0.643738224588912,-0.0011790092207979788,0.773851778540507,0.6449995126862412,0.0016208098522876337,0.4884075128900703,0.48469604230307406,-0.0008209907792020334,0.7510922367572693,0.4765334851843131,0.0005249834350969929,0.5025111765596871,0.5411924764203596,0.3964939127819429,0.7549108985023386,0.5639785384499425,0.39631619222979153,0.43436028871183197,0.7799333683030054,0.8121491933076431,0.8444342974122709,0.8058905181473992,0.8104852021635843,0.45170775148026754,0.6183826273723942,0.8990973838836204,0.8434142563353021,0.6323305599763608,0.8724163303628737,0.5511499952728278,0.6198351035441854,1.0735463454559389,0.7507828119931501,0.622227872791842,1.0558489432839335,0.5411639280653441,0.5603238983788389,0.7076152724819833,0.6697209384975306,0.5504867296086036,0.7078109259216526
9.833333333333309,0,0-ACCAD_Male2General_c3d_A6- Box lift_poses,293,0.6303734626853839,0.5514839887619019,0.785435935259734,0.7261686948003679,0.0041703081864355295,-0.004864688334281367,0.687486705347071,0.0863245502114296,-0.049500733613967896,-0.30224090814590454,-0.0415753610432148,-0.01951550819234993,0.01747842683398737,-0.022465312853455544,-0.036772534251213074,-0.07285986840724945,0.14368590712547302,-0.11261087458670027,0.02144069894279499,0.06504759192466736,0.09129976481199265,0.32475581765174866,-0.2052016258239746,0.20678478479385376,0.3585607707500458,-0.2378796488046646,-0.3511781692504883,0.2543099522590637,0.6302736297439426,0.5505280753906817,0.8604297767602901,0.6762716875902944,0.7131164027249568,1.351166419082204,0.5482184429761819,0.6434126363638007,-0.0011789031741779553,0.7735188378569584,0.6447085684405911,0.0014791847488661025,0.48826020344955917,0.4843375550735961,-0.000821096825822043,0.7508877268215642,0.4762251838538317,0.00039201802117959025,0.5025015932416106,0.5405965756525674,0.3965019976818758,0.7548269754897161,0.5632776800238428,0.3962253848509716,0.4363085968404933,0.781002266776047,0.8076661343494949,0.8429520541413322,0.8059347714493588,0.8032591451056521,0.45336710462225593,0.621079158870167,0.8976281878729215,0.8417727342689396,0.634298301166996,0.8703344421815379,0.5515746829141366,0.6226804204217511,1.0724755163972786,0.7511833765783373,0.6249742587523217,1.0544951765955821,0.5412767554588162,0.5595195999999262,0.7076202751130969,0.6698391414426226,0.5497560946221037,0.7077537582570701
9.866666666666642,0,0-ACCAD_Male2General_c3d_A6- Box lift_poses,294,0.6308396306121722,0.5501021146774292,0.785450509859388,0.7252965294882522,0.0045768157602831955,-0.0051156297639282445,0.6884023731814931,0.08559762686491013,-0.04944334551692009,-0.3020987808704376,-0.041404929012060165,-0.018209211905961586,0.0167255070933231,-0.022344734519720078,-0.03631547838449478,-0.07257836312055588,0.14288997650146484,-0.1110359329225481,0.020756157563122768,0.06429066509008408,0.09135850518941879,0.3379535377025604,-0.2183932512998581,0.20031802356243134,0.37415432929992676,-0.24799075722694397,-0.3422914743423462,0.2771984040737152,0.6307556819597326,0.5490759406389022,0.8604434423228302,0.6762985710145458,0.7180542939354209,1.34910366104205,0.5482809149341474,0.6429319690357452,-0.0011781679739658463,0.7733707957116398,0.644550507047034,0.001416055433495763,0.4887451813087167,0.48369827459146636,-0.0008218320260341104,0.751225147366884,0.47600258429492776,0.000335317102343715,0.5029346789714307,0.5394667654889207,0.39651614049027895,0.7550876615744722,0.5625053672159428,0.3962285365511393,0.43789202628546753,0.7808387452714994,0.8037822304190088,0.8411413937491238,0.8055641684001563,0.7974179353478974,0.454927401991739,0.6223479890626888,0.89624865878668,0.8402354547355602,0.6356712893790029,0.8687982767352538,0.5518515449763561,0.6238538132162627,1.071550357598874,0.7514513894513148,0.6265187340838329,1.0535230121941317,0.5417079559655614,0.5579667372259333,0.7076594881334776,0.6702957650791064,0.5485496442763099,0.7077598704037251
9.899999999999975,0,0-ACCAD_Male2General_c3d_A6- Box lift_poses,295,0.6307039704406634,0.5499762296676636,0.785471002827923,0.7246841585646201,0.004721251606493659,-0.005363704150401218,0.6890441283303587,0.08591092377901077,-0.049405328929424286,-0.3018711507320404,-0.04107871279120445,-0.01829020405285564,0.01677954890099076,-0.02138439007103443,-0.0362151600420475,-0.07212739437818527,0.1421700119972229,-0.1106869375070052,0.02092964037862577,0.06370433419942856,0.09038438647985458,0.34984737634658813,-0.2292497605085373,0.19425803422927856,0.39007535576820374,-0.25738611817359924,-0.3338986039161682,0.297483891248703,0.6306088943309837,0.5489086429028498,0.8604633438970813,0.6750849092360458,0.7237377518081722,1.3471992979168064,0.5480422774051982,0.6427765765550048,-0.0011767407727294524,0.7731570185616274,0.644686722576782,0.001437671382890221,0.4888249576912393,0.4834241868751138,-0.0008232592272705043,0.7513895161219881,0.4760895077687276,0.00036296374494560607,0.5028919047294164,0.5392481524396558,0.39651476004469244,0.7549811829295504,0.5625023278674056,0.39626457131516385,0.4388005346462686,0.7813646095112919,0.7995138427300241,0.8388937744270197,0.8062297589019888,0.7924642777138535,0.45572141931365107,0.6244955563831962,0.894725964001089,0.8381631035249187,0.6379837810151868,0.8676461987395543,0.551213767268515,0.6261334288137508,1.0705660290749144,0.7508307423356291,0.6290426572208203,1.052767586583206,0.5415723153401716,0.5577333982335758,0.7076682846241559,0.6701774168921183,0.5485604380826338,0.7077872405847324
9.933333333333309,0,0-ACCAD_Male2General_c3d_A6- Box lift_poses,296,0.6301598396385089,0.5499964356422424,0.7854872204817183,0.7250361438266885,0.004818530079291375,-0.005648141383974808,0.6886707997379496,0.086807981133461,-0.04945281893014908,-0.3015761971473694,-0.040690720081329346,-0.018949986066698843,0.017195630762642633,-0.020058905705809593,-0.036261413246393204,-0.07158143073320389,0.1413860023021698,-0.11062902762354176,0.021395709122455808,0.06281380355358124,0.08848997950553894,0.3610755503177643,-0.23874522745609283,0.18828873336315155,0.4060439169406891,-0.2662564516067505,-0.3258805274963379,0.3153827488422394,0.6300433307856751,0.5488889378655119,0.8604789525217356,0.6734877567290519,0.7290716210544657,1.345389034113377,0.5477593208288464,0.6425934444577406,-0.0011750407750497523,0.7729608402688029,0.6443388547926437,0.0014748843722699155,0.4884246495341299,0.4832847057606552,-0.0008249592249504438,0.7511113020517265,0.4757522094512468,0.0004068524277330253,0.5024674137910559,0.5393605035537605,0.3965067954206564,0.7545765753710679,0.5621804738575195,0.39630367002329814,0.43998065885570714,0.782205661122532,0.795024550423311,0.8370402412918936,0.8063539655465811,0.7882186967507392,0.4562441750960767,0.627024713574498,0.8930752299811892,0.8359835134753777,0.6396503818512322,0.8667576215817919,0.550158092437613,0.6286507021991098,1.0695230121539898,0.7498181987438939,0.63118131604538,1.0521557198110332,0.5410584562918181,0.5579090631713368,0.7076629332233175,0.6696545760407162,0.5486145891427365,0.7078145764900342
9.966666666666642,0,0-ACCAD_Male2General_c3d_A6- Box lift_poses,297,0.630221113213338,0.5502743124961853,0.7854668828258926,0.7240829227759661,0.005021558457342481,-0.005771298157667841,0.6896704988706195,0.08739238232374191,-0.04946618899703026,-0.3012978732585907,-0.04033363237977028,-0.019478642881042063,0.017179176640197746,-0.01834459789097309,-0.035930607467889786,-0.07109308242797852,0.14077015221118927,-0.11128198697334835,0.021169351211679843,0.06177196651697159,0.086053766310215,0.37194713950157166,-0.24860446155071259,0.18349939584732056,0.42163363099098206,-0.2748990058898926,-0.3182868957519531,0.3312366008758545,0.6301137615565631,0.5491318646755534,0.8604581042361278,0.6717728911028682,0.7346551973363888,1.3435440194148804,0.547457283905459,0.6425129183504147,-0.0011734735214812622,0.7724887063057726,0.6444557504901202,0.0014428944419163474,0.48860739537198133,0.48302445404234434,-0.000826526478518854,0.7512013305736455,0.47579716925581494,0.0003795927582410964,0.5025468476678505,0.5393072455131408,0.39650246182226384,0.7544909220042406,0.5624624962165408,0.3962518628685284,0.4407460228835965,0.7827408168992507,0.7907369359406431,0.834877368962573,0.8075219235577892,0.7843713041393275,0.4569040969215075,0.6292459861740622,0.8914236668846918,0.8341664016073616,0.6422568900622878,0.8658975418381124,0.5493948479323691,0.6310651265504014,1.0684270608427058,0.749090480749176,0.6339407378623807,1.0515282445090826,0.5410925863359886,0.5579911577792195,0.707652340996522,0.66971528675957,0.5490802738286108,0.7077919265439736
9.999999999999975,0,0-ACCAD_Male2General_c3d_A6- Box lift_poses,298,0.6301771249854937,0.5503451824188232,0.7855068817704944,0.7237662157922872,0.005111168274639077,-0.0060617788400470956,0.6899997070099921,0.08756370842456818,-0.0493476465344429,-0.3010639548301697,-0.04003186151385307,-0.019396398572972595,0.01724668759615189,-0.017320962622761726,-0.03555575758218765,-0.07058519870042801,0.14005988836288452,-0.11103448965756568,0.021223591760346716,0.0606425516307354,0.08347682654857635,0.3828788101673126,-0.2581971287727356,0.17850369215011597,0.43659573793411255,-0.2844332456588745,-0.3111661970615387,0.34528014063835144,0.6300480340674861,0.5491628949372225,0.8604974513899188,0.6700200512321657,0.7399196137119818,1.3417236465998086,0.5474466821577171,0.6427095444420416,-0.0011721581695519345,0.7723764663248973,0.6446171297349454,0.0015008143783133976,0.48878014599598163,0.4831535386602397,-0.0008278418304479597,0.7513412613137337,0.4759268767666781,0.000443126503607727,0.5026195468487897,0.5394280975636642,0.3965022224898346,0.7544722789383339,0.5625270009045876,0.3963212006288167,0.44197108977671534,0.7833567006891824,0.7864627883718687,0.8330687265469569,0.8084164714421939,0.7811511049346082,0.45760256172722774,0.6315227773071931,0.8897182046911137,0.8324427908637463,0.6444216958230664,0.8652039810205618,0.5485395371616246,0.6334127698444793,1.0673235627437163,0.7482834643008232,0.6362463514239856,1.0509981443281657,0.5410654460554626,0.5580262770199174,0.7076690166270403,0.6696971856684784,0.5492538604937889,0.7078441854791643
10.033333333333308,0,0-ACCAD_Male2General_c3d_A6- Box lift_poses,299,0.6300971951568499,0.549882173538208,0.7854869043795922,0.7240331094711754,0.005394590412722475,-0.006167918470278073,0.6897165443611774,0.08750507980585098,-0.049282729625701904,-0.3008294105529785,-0.03983834385871887,-0.01912794532302975,0.01677282322911855,-0.017021147534251213,-0.035334549844264984,-0.07000696659088135,0.13923439383506775,-0.10997552317337433,0.020835612536953096,0.059391602873802185,0.08137304335832596,0.3934648633003235,-0.26662832498550415,0.17336797714233398,0.4507131278514862,-0.2944713234901428,-0.30521875619888306,0.35813188552856445,0.6299854393171559,0.5486581769155977,0.8604768326559957,0.6691503455741291,0.7443742577423584,1.3398170233697295,0.5471935600141863,0.6427102277455872,-0.0011713324360615625,0.7721020196944102,0.6445130296581107,0.0014115954588841961,0.48844039274391543,0.4831860981711025,-0.000828667563938134,0.751037751205384,0.4758263633165817,0.00036031452408325296,0.5024398474307726,0.5393012234802729,0.39650696025110876,0.7542777783503506,0.5620577185761227,0.3962766127014684,0.4436073653731943,0.783479151174245,0.782380336715082,0.8318625572708299,0.8086484088451309,0.7780900488890736,0.458527392228417,0.6333145769839611,0.8881515882963043,0.8311181708359445,0.6457818897762498,0.8643078374213106,0.5480817670180914,0.6352832695019033,1.0662513371427624,0.7478608122256993,0.6377147075400629,1.050294955817313,0.5409724891553516,0.5576743328072635,0.7076751668274869,0.6695978565466003,0.548810975166939,0.7078142294894805
10.066666666666642,0,0-ACCAD_Male2General_c3d_A6- Box lift_poses,300,0.6300833072746173,0.5501168966293335,0.7854892763598297,0.7236356852016037,0.0053638130153048046,-0.006146803002152215,0.6901339300640094,0.08739986270666122,-0.049217697232961655,-0.30059459805488586,-0.03973506763577461,-0.01922134858699942,0.016752010933049344,-0.016563033685088158,-0.0351368673145771,-0.0693894773721695,0.13851743936538696,-0.1097815767536241,0.020835917486476396,0.058016952127218246,0.07994209975004196,0.40269917249679565,-0.27312299609184265,0.16834349930286407,0.4639030396938324,-0.3035954236984253,-0.30012932419776917,0.36985379457473755,0.6299713627777351,0.5488983620563593,0.8604792933082481,0.6682413498180003,0.7492570829089046,1.3380114539269021,0.5470407717954119,0.6428340992367358,-0.00117094251013233,0.7719182498902005,0.644780843992179,0.0014018988124404434,0.4885097848924552,0.4832283139819437,-0.0008290574898677169,0.7511589285662544,0.4760563438805464,0.0003561262516950138,0.5024489159364715,0.5393892130328274,0.3965062719185364,0.7542359655588817,0.5622391882378327,0.39627666015845797,0.4447913643108739,0.7835151253441984,0.7784765431842335,0.8304572867080163,0.8098238374405538,0.7752326381292235,0.45935798069469835,0.6351160043848391,0.88675894613958,0.8298787677137975,0.6480267655802486,0.863442258111245,0.5476468901215825,0.6375777924691468,1.0652820248454569,0.7474491323178463,0.6399593240507788,1.0496111212125694,0.5409512153569597,0.557797915859268,0.707675251844305,0.6695873754964449,0.5490968660688796,0.7078178995711979
10.099999999999975,0,0-ACCAD_Male2General_c3d_A6- Box lift_poses,301,0.630199595936574,0.5500281453132629,0.7854768199376522,0.7234656192567277,0.0054427450890426575,-0.006148178818621715,0.6903115776057863,0.08746166527271271,-0.04916700720787048,-0.3003431260585785,-0.03979552909731865,-0.01916145406100478,0.01661444952307123,-0.016116086393594742,-0.03495308756828308,-0.06874468177556992,0.13782642781734467,-0.109430153220762,0.020706305284880933,0.056390419602394104,0.07931298017501831,0.40938207507133484,-0.2777332365512848,0.1630287915468216,0.475667804479599,-0.31135889887809753,-0.2954413592815399,0.3802263140678406,0.6300959750294652,0.548800875618365,0.8604667064011187,0.6681888652142193,0.7523930843618001,1.3366761971082204,0.5470060976735595,0.6427695678751166,-0.0011713134108436267,0.7718429112775578,0.6447709159635798,0.0013580549937359243,0.4885945290327012,0.48312004155018395,-0.0008286865891562745,0.7512805270987434,0.47602227018908905,0.0003174272225071814,0.5025324836852689,0.5392559401978652,0.39650769220923293,0.7542897432995684,0.5620934703850772,0.3962490180549362,0.44635277134585444,0.7831158378560183,0.7753447517477312,0.829540022768486,0.8103340948627409,0.7729077489267003,0.46050821600594904,0.6362560740781199,0.8857594127930062,0.8290241028629819,0.6493855987669994,0.8626567301762852,0.5476809763609118,0.6390080381470329,1.0646131361670408,0.747493615873897,0.6411629806735695,1.0490423232929103,0.5410557885666536,0.5576757855215574,0.7076727506640813,0.6696966858955095,0.5490477284807505,0.7078016256383463
10.133333333333308,0,0-ACCAD_Male2General_c3d_A6- Box lift_poses,302,0.6303934898460284,0.5497448444366455,0.7854009350967606,0.7231169762647733,0.005518511366297893,-0.005828985825129776,0.6906789468300316,0.08752654492855072,-0.04913686588406563,-0.30008238554000854,-0.040120914578437805,-0.019395433022999953,0.0162242826044664,-0.015943041071295738,-0.03486964851617813,-0.068059042096138,0.13701026141643524,-0.10916663931893433,0.020262564775653247,0.05434681847691536,0.07965322583913803,0.41308897733688354,-0.28082388639450073,0.15711937844753265,0.4856113791465759,-0.31706133484840393,-0.290639191865921,0.3893789052963257,0.6303329619981263,0.5485423713801253,0.8603912704402431,0.6690122425076934,0.7541006452407378,1.3357290612536539,0.5466984390558597,0.6422091670374023,-0.0011729233083108241,0.7715298953893452,0.6445181497762885,0.0011952459198370548,0.4884927734331614,0.4824844636270143,-0.0008270766916891742,0.7512566940533033,0.475734480068313,0.00016076658351801484,0.5025236738271583,0.538673193877299,0.3965088584220909,0.7542687028204659,0.5617146612572694,0.3961019909502295,0.4481083373710383,0.7824174708410958,0.7730600657629129,0.8287059997335467,0.8103200932114989,0.7707629433840799,0.46194221163715976,0.6368124080781253,0.8851642754285124,0.8283624793500781,0.6500834098616916,0.8617775109376744,0.548178277499306,0.6397090636434705,1.0642325639102856,0.7479784188872325,0.6416548907515165,1.048474957549224,0.5411986213041886,0.5572775820818706,0.7076440036362167,0.6698484062286807,0.5487831315646704,0.707704168237703
10.166666666666641,0,0-ACCAD_Male2General_c3d_A6- Box lift_poses,303,0.6303468194091693,0.5496000051498413,0.7853862611197475,0.7229939896047682,0.005489778577180078,-0.005695237349043646,0.690809031207679,0.08735202997922897,-0.04917953163385391,-0.29981565475463867,-0.04060739278793335,-0.018970606124068867,0.01617835328732964,-0.01591620035469532,-0.0350860133767128,-0.06728193163871765,0.13604462146759033,-0.1084247641379672,0.020513678063864282,0.052026137709617615,0.08081339299678802,0.41415396332740784,-0.2820543646812439,0.1507887840270996,0.49414071440696716,-0.32026907801628113,-0.2855534553527832,0.39739352464675903,0.6302980343463266,0.5484144954031683,0.8603768751101543,0.670041762964069,0.7545379200245196,1.335391790398899,0.5465865416436165,0.6421123010402134,-0.0011752899076800383,0.7715482674927285,0.6445135069978657,0.0011378277827874782,0.4884800535197559,0.4823515013060336,-0.0008247100923198872,0.7514575096491666,0.47570797589397706,0.00011112529158531156,0.5024448003406191,0.5384138885183034,0.39651305654738583,0.7542564483558108,0.5614637954628616,0.39607321940148876,0.4498967331427643,0.7817954362797732,0.7715175571462634,0.8279069415795045,0.8097737210938316,0.7690995738208254,0.46329545929270577,0.637189222946376,0.8849595308910067,0.8275841980017471,0.6501330142879997,0.8611555609769337,0.5486319124844469,0.6400200177324481,1.0642056414701062,0.7484140335806094,0.641573987914769,1.048178347032469,0.5411373258618652,0.5570787494679064,0.7076413996322187,0.6697903896553383,0.5486355344587561,0.707683781971124
10.199999999999974,0,0-ACCAD_Male2General_c3d_A6- Box lift_poses,304,0.630363329895772,0.5494555830955505,0.7853331183750056,0.7231572411165079,0.005397345511834001,-0.005304180181556487,0.690641975957723,0.0869438648223877,-0.04927324876189232,-0.2995428740978241,-0.04110775515437126,-0.018812802698229047,0.01599168028752973,-0.01606029085814953,-0.035375192761421204,-0.06648585945367813,0.13499312102794647,-0.10789629013401303,0.020590664396341607,0.04959340766072273,0.08239739388227463,0.41301655769348145,-0.2811790108680725,0.14455343782901764,0.5018333792686462,-0.3213045597076416,-0.28051140904426575,0.40423986315727234,0.6303471114551831,0.548320620249883,0.8603245285251098,0.6717484022300112,0.7540851973137185,1.3353528774804904,0.5464357589484965,0.6419061545511251,-0.0011777231694167813,0.7715430418942024,0.6441948796319864,0.0010105333839825967,0.4882978441603169,0.4821567992410564,-0.0008222768305832691,0.7514972984964552,0.4753839456022606,-7.66288552172742e-06,0.5023230382338908,0.5381517961434927,0.3965161238694789,0.7542253801087662,0.560980862975954,0.3959684419763837,0.45183760499413195,0.7809476168033496,0.7703582574307921,0.8275097569750121,0.8086371760078954,0.7675764579439669,0.464816033941347,0.6372778929384254,0.8850322956033734,0.827076005629343,0.6495283160762008,0.8605482104023056,0.5494386873207063,0.6400512414019095,1.064367232754431,0.749190943195955,0.641020466018537,1.0479269840825982,0.5411225225345355,0.5569131733778462,0.7076233437823547,0.6697719653063574,0.548416862501999,0.7076137961494521
10.233333333333308,0,0-ACCAD_Male2General_c3d_A6- Box lift_poses,305,0.6306922283256426,0.5493453145027161,0.7852894732854924,0.7230331724578879,0.005053928869236685,-0.004729194652227805,0.6907786360668721,0.08609368652105331,-0.04934798181056976,-0.29928886890411377,-0.04151957854628563,-0.018882007215274887,0.01594557176710032,-0.01662651263177395,-0.03552735224366188,-0.06574130058288574,0.13398632407188416,-0.10760526779588386,0.020651376366257912,0.04719345644116402,0.08409647643566132,0.4106423854827881,-0.2780233323574066,0.1386396884918213,0.5091834664344788,-0.320580393075943,-0.2758399546146393,0.41014552116394043,0.6307029955474175,0.5483071667744268,0.8602822871636313,0.6736216084149176,0.7534208293443543,1.335450833681304,0.5465788317164014,0.6414641460798804,-0.001179750591006775,0.77175832725975,0.6438324305637831,0.000910621406708681,0.48854053886347865,0.48167857939246495,-0.0008202494089933066,0.7518955151613533,0.4749998259430325,-9.948379429037049e-05,0.5025582556904923,0.5377081923850696,0.3965165490086574,0.7544988315559853,0.5605203622135972,0.39588245849310905,0.4536664152059636,0.7794005301393642,0.7691622769154421,0.8273677688935496,0.807351926326816,0.7661265365324078,0.4664847574565527,0.6368321837172889,0.8852205420437388,0.8269039375764372,0.6487937849257185,0.8600342830718012,0.55049340791211,0.6399469933696172,1.0646007572556015,0.750212417257708,0.6404944824424048,1.047742451832812,0.541420167865523,0.5566482513073449,0.7076033386616206,0.6700730692991853,0.548206753281519,0.7075571563749585
10.26666666666664,0,0-ACCAD_Male2General_c3d_A6- Box lift_poses,306,0.6307356801116839,0.5489538311958313,0.7852446294799004,0.7233352267008887,0.004774054470255604,-0.004160860730586268,0.690467990174396,0.08492141962051392,-0.04951336607336998,-0.2990250587463379,-0.041712287813425064,-0.01878283449869933,0.01577469462466774,-0.01794232614338398,-0.035807736217975616,-0.0649828091263771,0.1331026703119278,-0.10659759787460366,0.020686674731052568,0.0446883887052536,0.08574885874986649,0.4074398875236511,-0.27373769879341125,0.1328868716955185,0.5159279704093933,-0.3190075159072876,-0.27161863446235657,0.41516974568367004,0.6307786753099686,0.5480049037580461,0.8602386138261847,0.6755170536998645,0.7519422532514426,1.3357346291001677,0.546527523652258,0.6410605385939997,-0.0011807511933204506,0.771839127796273,0.6435236831006168,0.0007871019927877289,0.48839056980810475,0.48131084715846906,-0.000819248806679565,0.7519455652222893,0.474694657733633,-0.00021607383894739485,0.5024915887539289,0.537282117507828,0.3965186122376017,0.7545109072025584,0.5598839648577493,0.3957977407903965,0.4554314262773972,0.7775895581176041,0.7681574483135464,0.827421350991746,0.8054175019011315,0.7649486402007023,0.46794826688407626,0.6360657909859556,0.8855197772025984,0.826685711390234,0.6473212564406151,0.8596302129053894,0.5514031329533294,0.6394575207568628,1.0649218732295556,0.7510865193910005,0.639316406070742,1.0476386395208683,0.5414342959498709,0.5562122325651243,0.7075913392695752,0.6700796568638154,0.547655925505149,0.707495393061028
10.299999999999974,0,0-ACCAD_Male2General_c3d_A6- Box lift_poses,307,0.6307433095062152,0.5485913157463074,0.7852096814644481,0.7237524715753314,0.00449655218881879,-0.003574273690411279,0.6900357711558137,0.08319518715143204,-0.04982125759124756,-0.29875728487968445,-0.04166780784726143,-0.018394225145184517,0.015553456321639625,-0.019747138023376465,-0.03617041930556297,-0.06422710418701172,0.13249826431274414,-0.10541646323939258,0.020739539530778117,0.042290184646844864,0.08720473945140839,0.4041594862937927,-0.2689312994480133,0.12705448269844055,0.5220826864242554,-0.3171531558036804,-0.2674373686313629,0.41937148571014404,0.63082069337216,0.5477332006269309,0.8602047323023481,0.677331216876128,0.750445900641519,1.3360426052166106,0.5465283743654124,0.6409789943368988,-0.001180642226006716,0.7719496859440429,0.6434052961594448,0.00067200065763693,0.48823610588815125,0.4812859108632566,-0.0008193577739933865,0.7519637793958301,0.4745871517079812,-0.0003268203528252883,0.5024210157727812,0.537087381294111,0.3965226871235978,0.7545075666142458,0.5593791183495603,0.39572572593775296,0.45722895082521214,0.7757416112147031,0.7671695066362121,0.827489086322182,0.8034660602141214,0.7639218122852819,0.4693895521312791,0.6352560869297029,0.8858097251390943,0.8264555217041348,0.6457795622915279,0.859281470009376,0.5522566925289667,0.639000375877437,1.0652421482763024,0.7519040411957602,0.6381235999961514,1.047568655854775,0.5414118625559871,0.5558196531786341,0.7075929656410659,0.6700467166287599,0.5471070106443681,0.7074421400758425
10.333333333333307,0,0-ACCAD_Male2General_c3d_A6- Box lift_poses,308,0.6307911720359698,0.5481767058372498,0.7851880396788126,0.724211115808977,0.004092393688893099,-0.002902494481952517,0.6895600681437359,0.08092017471790314,-0.05017969384789467,-0.29850369691848755,-0.04135248437523842,-0.01801737191421382,0.015368234304214745,-0.02194792404770851,-0.03662426397204399,-0.06347779929637909,0.13215579092502594,-0.10440299190007973,0.020941915886469986,0.04006129503250122,0.0884818583726883,0.4012715816497803,-0.26394692063331604,0.12169411778450012,0.5276914238929749,-0.31515049934387207,-0.26369863748550415,0.42312371730804443,0.6308991619115067,0.5474319256433711,0.8601842638547641,0.6790396108163412,0.7492525242732722,1.3362292271356728,0.5466411444996528,0.6409038741206692,-0.0011792705826216728,0.7722120961660917,0.643165838394719,0.0005877130720504942,0.4881704119679645,0.4812760416933616,-0.0008207294173783568,0.7521088675840794,0.47436161276647293,-0.00040908712236950237,0.5024339475093755,0.5369083954281364,0.39652598782784176,0.754595738037942,0.5588148566428784,0.3956760006852393,0.45893375683799953,0.7737977218205425,0.7660897376053412,0.8276787541497062,0.8014530927724041,0.7628516137796705,0.4707568470468441,0.634397264540376,0.8860367728007227,0.826321616304823,0.6442137246191441,0.8589427345130748,0.5530825477129248,0.6386537255152698,1.0654906944563756,0.7526947578902603,0.6370446716765158,1.0474751069315897,0.5414337209211767,0.5553487709767161,0.7076022115548273,0.6700569777842437,0.546468017513394,0.7074045971512034
10.36666666666664,0,0-ACCAD_Male2General_c3d_A6- Box lift_poses,309,0.6309013214195147,0.5482039451599121,0.7851467397197001,0.724964597603098,0.0037725533555508727,-0.0022027331510763005,0.6887722758866119,0.07864074409008026,-0.050709616392850876,-0.29820749163627625,-0.04075363278388977,-0.01786274977481206,0.015172709950652452,-0.02404516004025936,-0.03718959540128708,-0.06272761523723602,0.13216014206409454,-0.10378844076412896,0.02109481059227125,0.038094256073236465,0.08973019570112228,0.3986413776874542,-0.25906139612197876,0.1170460507273674,0.532616138458252,-0.3128936290740967,-0.2603437900543213,0.426551878452301,0.6310515504107311,0.547566122787265,0.8601438770908768,0.6809904551425656,0.7485457218022762,1.336350846529506,0.5468556302739419,0.641321341045769,-0.001176576835032899,0.7725535466304442,0.6431355423066306,0.0004780436442370986,0.4880732084013194,0.48180801194354517,-0.0008234231649672206,0.752184408049138,0.47436320382862224,-0.0005199333695869064,0.5024896949603516,0.5373249858463176,0.3965273031197337,0.7547221849737977,0.5586039678488879,0.395585668157104,0.4606612015258502,0.7724917120090434,0.7651315335035328,0.8281606587878119,0.7997159882647549,0.7617277382826433,0.47212175903936027,0.6341019647774775,0.8862781293567836,0.8263813324367313,0.6429355156308614,0.8585589398790162,0.5540584781256953,0.6388243050197588,1.0657106554648457,0.7536286222671705,0.6363647455288528,1.047328788463327,0.5415114305184626,0.555402835802022,0.7076067896159058,0.6701151346433637,0.546246280786663,0.707341347323763
10.399999999999974,0,0-ACCAD_Male2General_c3d_A6- Box lift_poses,310,0.6305998411262408,0.5479407906532288,0.785121685672149,0.7253664055328748,0.003655405685737918,-0.0017398665981143493,0.6883510649354807,0.0765269547700882,-0.051355358213186264,-0.29786938428878784,-0.04010448604822159,-0.01727915908831701,0.014993377281864229,-0.026012320071458817,-0.03781437873840332,-0.061993177980184555,0.13240374624729156,-0.10292715734497304,0.021307955739942708,0.03630838915705681,0.0910383015871048,0.395812451839447,-0.2548210322856903,0.11323358118534088,0.5365633368492126,-0.3108348250389099,-0.25759920477867126,0.4295891523361206,0.630787965368666,0.5473634185269259,0.860119227303173,0.6822768865007871,0.7471573589290569,1.3366509313707384,0.5466788870213295,0.6416974258465075,-0.0011736482798265988,0.7724649149837269,0.6432606189167983,0.000390736680833427,0.4877501883021006,0.4822380647153465,-0.0008263517201737292,0.7519946326962156,0.474500538044332,-0.0006105859386214968,0.5022037446527521,0.5375145929424313,0.39653135637569453,0.75446752161213,0.558443691687038,0.39552436715466804,0.4615638176251727,0.771052050644561,0.76463480893124,0.8280559411966331,0.7980599113735488,0.7609546962253786,0.4728314857025555,0.6333935045538841,0.8866295979530137,0.8260137942455154,0.6415989371570728,0.8582961436526146,0.5545088484940426,0.6383907430583798,1.066018743991562,0.754036784249922,0.6353304728858978,1.0472724777108053,0.5411756874460809,0.5551281742429677,0.7076256118018365,0.6697686908507675,0.5458256032587385,0.7072961456815456
10.433333333333307,0,0-ACCAD_Male2General_c3d_A6- Box lift_poses,311,0.6306763734901324,0.5479012727737427,0.7850712234477725,0.7258805622263406,0.003322842685759665,-0.0010385366517140196,0.6878119579798538,0.07467547804117203,-0.051877398043870926,-0.2975316643714905,-0.03959115594625473,-0.01745829925362119,0.014951575072661538,-0.02797054871916771,-0.03849654272198677,-0.061276596039533615,0.13266579806804657,-0.10273295532512039,0.021605459199671606,0.03468068316578865,0.09242266416549683,0.39282140135765076,-0.2509706914424896,0.11035545915365219,0.5396615862846375,-0.30892547965049744,-0.25568443536758423,0.4323579967021942,0.6309061190948992,0.5474323270470259,0.8600694054714888,0.6840359444376849,0.74624826584714,1.3368207614490017,0.5468056924591829,0.6417255826730021,-0.001171369750061036,0.772782607814699,0.6430758966098985,0.00028920377868904903,0.4876830374074319,0.48233802296627115,-0.0008286302499388894,0.7521535558890535,0.4743351701457334,-0.0007155096106995565,0.5022363626156517,0.5376403619587281,0.39652962080235943,0.7545885802843926,0.5582141404644225,0.39542540231605916,0.4626804425364501,0.7701101413234888,0.7642444921946728,0.8285617634556914,0.7966769306553725,0.7601188716382143,0.4737839599509759,0.6330850343795839,0.8869652979783901,0.8261891790863215,0.640538038608794,0.8579686618170657,0.55538407418656,0.6383345263042045,1.0662658682970998,0.7548643710245223,0.6346279020872848,1.0471332518959655,0.5412166419335241,0.555063124064578,0.7076184930623546,0.6697953121076161,0.545566208586757,0.7072251254244861
10.46666666666664,0,0-ACCAD_Male2General_c3d_A6- Box lift_poses,312,0.6308479752624407,0.5477859973907471,0.7850093053710483,0.7261050687642069,0.0030188291646823817,-0.0003145608354382516,0.6875770624714598,0.07295522838830948,-0.05227601155638695,-0.29720720648765564,-0.039268746972084045,-0.017610847821015074,0.014762560279525161,-0.029838766902685165,-0.038928285241127014,-0.060665395110845566,0.1328568160533905,-0.10256570899807915,0.02157257675321178,0.03335577994585037,0.09382863342761993,0.3895259499549866,-0.24768738448619843,0.10811769962310791,0.5418998003005981,-0.30741018056869507,-0.2541070282459259,0.43458762764930725,0.6311250662832572,0.5474247565947358,0.8600079235293416,0.6857091037518039,0.7451585950605487,1.337034676239887,0.5468358059649628,0.6415911177009003,-0.0011699845438632242,0.7729007055071981,0.6429169299061203,0.00016324661349276237,0.4876535054170546,0.48222568944597266,-0.0008300154561368886,0.7522459160447841,0.47417936852010184,-0.0008442501671499965,0.5023089863887611,0.5375423668229836,0.3965291699380415,0.754697460331829,0.5579922752941285,0.39530393241646117,0.46354096676595613,0.7692252101699891,0.7641452616040653,0.828929016193255,0.7956368562852918,0.7594955811702294,0.47464090501483897,0.6326310532782804,0.8873458779908445,0.8264122762248407,0.6396953103992281,0.8576559830172276,0.5562754378412332,0.6380437148155261,1.0665352165939659,0.7557084546033843,0.6339182383911394,1.0469996805271111,0.5413413691002537,0.5548514190975727,0.7076060952105964,0.6699133855835518,0.5452671024558463,0.7071402807339625
10.499999999999973,0,0-ACCAD_Male2General_c3d_A6- Box lift_poses,313,0.6306563463294879,0.5474847555160522,0.7850039768433795,0.7261979543940136,0.0026560729253567927,0.00017665998480252373,0.6874805052521963,0.07124729454517365,-0.05254526808857918,-0.2969101369380951,-0.039060093462467194,-0.017325894776772488,0.014763438686237751,-0.031473308801651,-0.039181217551231384,-0.06013863906264305,0.13300012052059174,-0.10230570978157716,0.02175313380047994,0.03232542797923088,0.09522905200719833,0.3858548402786255,-0.2454199194908142,0.10662050545215607,0.5432054996490479,-0.3063918948173523,-0.2527140974998474,0.43621328473091125,0.6309494896009326,0.5472136478516264,0.8600029139535592,0.6866501655602576,0.743596961134059,1.3374465926092876,0.5467135667840409,0.6414398024361003,-0.0011691315160661311,0.7728133295288049,0.6426721661194752,0.00014181958471373018,0.4875291853525219,0.48207514332784773,-0.0008308684839338186,0.7521894013573237,0.4739308430204204,-0.0008678662862323869,0.5021489298847516,0.5372945432825091,0.39653082362766046,0.7545484223574648,0.557657247850395,0.39528875397695296,0.4638195746735794,0.7685337486793258,0.7644460617043177,0.8287902903559835,0.7947813064069216,0.7593456875383904,0.4749250657289644,0.6320606351810779,0.8877802482248491,0.8262058478224078,0.6388677084586942,0.8575487161871914,0.5566234287311653,0.6373661202759049,1.0668829489506513,0.7560190471561272,0.6329602814803744,1.0470294646863012,0.5411326333155089,0.5544382890256672,0.7076145004524423,0.6697020798332348,0.5448210595048877,0.7071282502071822
10.533333333333307,0,0-ACCAD_Male2General_c3d_A6- Box lift_poses,314,0.6308089342201129,0.5471487641334534,0.7850087843503383,0.7261974228813982,0.0025263539960476856,0.00042545389365912734,0.6874814466768443,0.06971769034862518,-0.052627891302108765,-0.2966451942920685,-0.038850005716085434,-0.01662574598681732,0.0144326460374542,-0.03295701742172241,-0.03919427841901779,-0.05971395969390869,0.1330779790878296,-0.10146953584993978,0.021636440495242937,0.031507253646850586,0.09641574323177338,0.38212865591049194,-0.24417749047279358,0.10544734448194504,0.5437467098236084,-0.30583837628364563,-0.2511698603630066,0.4372473955154419,0.6311158019732854,0.546917443118017,0.8600077998290089,0.6877104526352117,0.7416269109738101,1.3380191302983482,0.5468090153213558,0.6416226412276594,-0.0011682589987287127,0.7729102741175411,0.6428606497307998,0.0001157309446586513,0.4876626718522312,0.48224385716318696,-0.0008317410012712544,0.752352024953843,0.4741113220568918,-0.0008956052641876863,0.5022963976887346,0.5371909756297297,0.3965369835873766,0.7546835200594241,0.5575406651212985,0.39529074381106777,0.4643754106855058,0.7681698268362637,0.7651074909991102,0.8288118601509437,0.7941969232206336,0.7595900169020943,0.4754587021185675,0.6315152379116082,0.8882425720321424,0.8262542366677967,0.6381374701601152,0.8575617979246849,0.5572099497170937,0.6364161849650402,1.0672850338484998,0.7565744990129413,0.6318385550529029,1.0471602558757855,0.5412689603308315,0.5540228408918766,0.7076345969678527,0.6698383922712215,0.5444068761764286,0.707126037641652
10.56666666666664,0,0-ACCAD_Male2General_c3d_A6- Box lift_poses,315,0.630608543404378,0.5471770167350769,0.7850202272148669,0.7265196500707208,0.0020188102852145046,0.0008604083296578992,0.6871421848232402,0.06853457540273666,-0.05249430239200592,-0.29640883207321167,-0.03871037811040878,-0.01691504640757935,0.014509637855549484,-0.03427022695541382,-0.03909978270530701,-0.05935312435030937,0.13305534422397614,-0.10147266920680265,0.021760261956035865,0.030831456184387207,0.09729818254709244,0.3786466717720032,-0.24367797374725342,0.10422774404287338,0.5437536835670471,-0.30575132369995117,-0.24943403899669647,0.43779006600379944,0.630910390394684,0.5470456943627031,0.8600195048302477,0.6882722496201683,0.7405446645556154,1.338418566865455,0.5466911940086546,0.6414584840311602,-0.001167730623035098,0.7728570477435625,0.6426105034546583,0.00014502812429398673,0.4874353713395155,0.48212036886232834,-0.0008322693769649801,0.7522034646482126,0.47387282042736567,-0.0008668176664971446,0.5021148043276017,0.5371598381338446,0.3965344931796715,0.7545373933253898,0.5573062135078546,0.3953187150422144,0.4648670685672841,0.7685589923795966,0.7655987263694632,0.8286078193044054,0.7939646004570365,0.7598276140670901,0.4756819560274099,0.631692233542985,0.8885218435564016,0.825947644296639,0.6377732727446678,0.8575862802841758,0.5573671077724461,0.6361706055788308,1.067556002526585,0.7567074733838683,0.6312459941827654,1.047274194409401,0.5410783461012407,0.554001710198938,0.7076330678717522,0.669638584077695,0.5442618137871116,0.7071426121890222
10.599999999999973,0,0-ACCAD_Male2General_c3d_A6- Box lift_poses,316,0.630848690518178,0.5471830368041992,0.7850144812810166,0.7264334079001885,0.0017173632252686086,0.001208617912345085,0.6872336529833304,0.0675685703754425,-0.05233510956168175,-0.29617515206336975,-0.038647670298814774,-0.016997669011853844,0.014333441851060336,-0.03530215471982956,-0.0389629527926445,-0.05903561785817146,0.13299410045146942,-0.10131857331218308,0.021645002210132658,0.030441246926784515,0.09812117367982864,0.3754814565181732,-0.24358655512332916,0.10311545431613922,0.5433441996574402,-0.30601298809051514,-0.2477303296327591,0.43805596232414246,0.6311574220529352,0.5471204947365934,0.8600138197669607,0.6890404789978481,0.7394491858689469,1.338811141999293,0.5467674958501599,0.6413693972997488,-0.0011675537604427938,0.7729756720505487,0.6426529413540187,0.0001300532423359202,0.4875912199526407,0.4820017215500846,-0.0008324462395571212,0.7524208576060797,0.47390319940754977,-0.000881972524895077,0.5023136572391744,0.5370523032585172,0.39653483734117395,0.7547407656841818,0.5572791892732747,0.3953096788310294,0.465487835915922,0.7688419010176185,0.7662188130590151,0.8284569560611876,0.7941231550761562,0.7601519980397415,0.47622059613655804,0.6316669522326931,0.8888051315781205,0.825954397977734,0.6377251943054905,0.8575839192667418,0.5578610820440116,0.6357448694835737,1.0678240395616303,0.7571821421910547,0.6307748994614186,1.0473643406430795,0.5413083692399692,0.5538900984237899,0.7076309301472279,0.6698709217694614,0.5441806391809348,0.7071350823679701
10.633333333333306,0,0-ACCAD_Male2General_c3d_A6- Box lift_poses,317,0.6307901587570086,0.5469909310340881,0.7850381095862987,0.7266474640748908,0.0014593059396879123,0.0013941087480641176,0.6870075617054759,0.0665704533457756,-0.052322618663311005,-0.295928955078125,-0.03861052170395851,-0.01665117549951467,0.014354860712464279,-0.03616199642419815,-0.03893737867474556,-0.05871870368719101,0.13290388882160187,-0.10099337312630974,0.021791287608209142,0.030306432396173477,0.09900842607021332,0.3726860284805298,-0.24386458098888397,0.10211252421140671,0.5425735712051392,-0.30661535263061523,-0.24622082710266113,0.43817582726478577,0.6310924957272835,0.5469755353777945,0.8600374986193446,0.6895610040501662,0.7381448002346537,1.3392193261604106,0.5468553332607272,0.6413865869276607,-0.0011674937727709535,0.773076989728708,0.6424776335223603,0.00016342307764354372,0.48761766638865334,0.4820417200291705,-0.000832506227229142,0.7524691711982432,0.47373435473874537,-0.0008483480282002291,0.5023115253631795,0.5369754718503303,0.3965369810762634,0.7547482697858189,0.5570042490316709,0.39535285435196155,0.465953999551087,0.7691626270699294,0.7669284780629718,0.8281834786540381,0.7940643111177194,0.7605906105717042,0.4764847387489762,0.6315957262342456,0.889092366060118,0.8257346739356975,0.6374214280675367,0.8576296478162397,0.5580755786575875,0.6351657282171199,1.0681039950826015,0.757376346886748,0.630032592089959,1.0474875066142306,0.5412591925293094,0.5536799297611734,0.7076443909597622,0.6698159092564713,0.5438936814572918,0.7071631760377811
10.66666666666664,0,0-ACCAD_Male2General_c3d_A6- Box lift_poses,318,0.6305667605483904,0.5469561815261841,0.785050299454407,0.7267859587704295,0.0011787991867511784,0.0016269062001057237,0.6868610731020072,0.06576482206583023,-0.05230696126818657,-0.29568395018577576,-0.03856823593378067,-0.016599092630253276,0.014428841754674737,-0.03687853366136551,-0.038976993411779404,-0.058416519314050674,0.1327991932630539,-0.10089204912885252,0.02198278147226862,0.030275477096438408,0.09975040704011917,0.37039652466773987,-0.244243323802948,0.10121237486600876,0.5417342185974121,-0.3074132800102234,-0.24500256776809692,0.4382116496562958,0.630865573126919,0.5469952901023791,0.860049693995711,0.6897956745150263,0.7373256289843723,1.3395021062230066,0.5467209616547379,0.6413471521071239,-0.0011674098073208988,0.7729992976199321,0.6423300363306506,0.00018556714493626544,0.4874575666377293,0.4820118518535905,-0.0008325901926790995,0.7523718416720497,0.4735891540524785,-0.0008257236650063352,0.5021283182989877,0.5369352580768562,0.39653689371509726,0.7545871883585233,0.5568333297898724,0.39537710619650235,0.4661618031841506,0.7695816617062521,0.767502660110647,0.8277262790530295,0.794265549714933,0.7609429664567819,0.4765308088137249,0.631680611818493,0.8893031049631832,0.8253632741345048,0.6374073437093597,0.8576356943148594,0.558069205974019,0.634859605331773,1.0683094061143388,0.757353361894982,0.6296255320717863,1.0475581513094279,0.5410409904633731,0.5536047095264168,0.7076488502670902,0.669593903699494,0.5437686627697246,0.7071788438542328
10.699999999999973,0,0-ACCAD_Male2General_c3d_A6- Box lift_poses,319,0.6307395544135943,0.5473145246505737,0.7850362868948887,0.7266651277601764,0.0009237973469601045,0.0019268152557213795,0.6869885196120227,0.06527058780193329,-0.05224433168768883,-0.29544106125831604,-0.03848208487033844,-0.01700113360308908,0.01444413352070828,-0.037395376712083817,-0.038919903337955475,-0.05817478895187378,0.1327189803123474,-0.10109011338234053,0.021954366438664885,0.030432768166065216,0.10025295615196228,0.36860576272010803,-0.24448427557945251,0.10085513442754745,0.5411046147346497,-0.30837422609329224,-0.24424460530281067,0.4381260275840759,0.631044772557461,0.5474123859470148,0.8600356019921035,0.690193068699698,0.7372386805151272,1.3396554352880041,0.5467674398374821,0.6413903283466216,-0.001167119389789372,0.7730731487424191,0.642514216553125,0.00016862440248200522,0.48760018181459913,0.48201930255306086,-0.0008328806102105291,0.7525477540713316,0.47376088788001136,-0.0008424321440014572,0.5022810916092184,0.5370841039798759,0.3965340742776774,0.754731733590935,0.5570741484648987,0.39535393301204597,0.46638307608829926,0.7701411851958153,0.7678998939594391,0.8275417842396894,0.795083343146328,0.7612131474506149,0.4767871490625362,0.6320201491215611,0.8894478222161125,0.8253797012082927,0.638031636979389,0.8575959840512613,0.5583527649871752,0.635004521356308,1.0684305468139392,0.7576273258513736,0.6298560056864421,1.0475660535591769,0.5412041313594573,0.5538586359770731,0.7076381781475856,0.6697604282295574,0.544066988012009,0.7071635366770649
10.733333333333306,0,0-ACCAD_Male2General_c3d_A6- Box lift_poses,320,0.6304576244438067,0.5472584962844849,0.785074099619578,0.7270207779431384,0.0007415564630837159,0.0019123370774806973,0.6866123953875782,0.06486225128173828,-0.05209002271294594,-0.29522284865379333,-0.03838801011443138,-0.01689401410909963,0.014543880314285884,-0.03768393024802208,-0.038847263902425766,-0.057969868183135986,0.13272133469581604,-0.10102799319765521,0.022209207071163695,0.030706213787198067,0.10050994902849197,0.3671441078186035,-0.24504564702510834,0.1011652797460556,0.5405288338661194,-0.3095068037509918,-0.24384059011936188,0.4378833472728729,0.6307425450411855,0.5473745823922165,0.860073468578715,0.6900486735083218,0.7365337312979765,1.3399322340449258,0.5466965049436454,0.6414764021281377,-0.0011667851569089893,0.7730713879164799,0.642312254907749,0.0002426552196738048,0.48740082069865637,0.4821531126794062,-0.0008332148430909396,0.752407594261466,0.4735758195377315,-0.0007687845476436334,0.5020781188073233,0.5371822568182073,0.39653413127027876,0.7545650695910542,0.556876180624199,0.3954278174668805,0.4662831375319886,0.7705881804193084,0.7683657287101016,0.8273139446113184,0.7953016238617269,0.7617680855283342,0.47652746834078186,0.6321723739188608,0.8895914784552723,0.8250799392593544,0.6380068756066182,0.857752123761873,0.5581295242012424,0.6347493954749973,1.0685765336499249,0.7574004135754527,0.6294441289666273,1.0477162437361593,0.540949495175501,0.5538659325576156,0.7076506867689569,0.6694958832436299,0.5439441429451503,0.7072125215712882
10.766666666666639,0,0-ACCAD_Male2General_c3d_A6- Box lift_poses,321,0.6304841485107318,0.5475029349327087,0.7850995923994007,0.7265346687338541,0.0006081071565574498,0.001891279781997416,0.6871269376136124,0.06463789194822311,-0.05176197737455368,-0.2950391471385956,-0.03822427615523338,-0.01702801190812142,0.014443694055451761,-0.03773701190948486,-0.0386035330593586,-0.05784481391310692,0.1328182816505432,-0.10123313754949859,0.02222569661879681,0.03101319819688797,0.10052710771560669,0.3660414516925812,-0.24596627056598663,0.10169224441051483,0.5399401187896729,-0.31056272983551025,-0.24336907267570496,0.43754836916923523,0.6307529375814501,0.5476315956856933,0.8600990003893716,0.6896484535601043,0.7364138840423261,1.3401521243656571,0.5465358160233769,0.641591612560131,-0.001166117945633146,0.7729761006286499,0.6426530849281087,0.0002995065311957486,0.48750038715139205,0.482171702394514,-0.0008338820543667622,0.7525809086469654,0.4738839808513667,-0.0007132388287215859,0.5021375465050982,0.5372529995336434,0.39653356518755156,0.7546083900368128,0.5572562901168041,0.39547705118604026,0.465909740498339,0.771015998122881,0.7687848136526688,0.8267631295214951,0.7962742730532044,0.7622744938277914,0.4763210986416598,0.6323204020887981,0.889676084911309,0.8248435009913332,0.6387577305835144,0.8579009445559697,0.5579536169917629,0.6346714376076412,1.0686717867269742,0.7572374215695363,0.6297062004116205,1.0478512067015497,0.540982926210165,0.5539654506128542,0.7076564466151624,0.6695435630801312,0.5442299110325552,0.7072468105039216
10.799999999999972,0,0-ACCAD_Male2General_c3d_A6- Box lift_poses,322,0.6306328024948016,0.5478031039237976,0.7851181659786934,0.7266314209191614,0.0005095867105753295,0.0018708054502790958,0.6870247583175967,0.06446276605129242,-0.05140488222241402,-0.29487159848213196,-0.03801365941762924,-0.017239429927489835,0.014267745498268813,-0.03776589781045914,-0.038229797035455704,-0.057788241654634476,0.13295136392116547,-0.1014665800882637,0.02204871450072865,0.03129627928137779,0.10045215487480164,0.3653227984905243,-0.2471626251935959,0.10209298133850098,0.53928142786026,-0.3114243447780609,-0.24273429811000824,0.43724435567855835,0.6308892252011927,0.5479403551158102,0.8601176020399461,0.6896716460081014,0.7364163204788486,1.3403015868562884,0.5465963392562836,0.6418966895107645,-0.0011652252514906154,0.7730410548232103,0.6428220258546546,0.00034197747517893465,0.48754874106880436,0.4824812826306418,-0.0008347747485094176,0.7526211257347099,0.47405592305390576,-0.0006724393364138971,0.502275012226371,0.537604461275234,0.39653280173202116,0.7547344101764711,0.5574970278406502,0.3955122930496616,0.46609829073340175,0.7718389503286663,0.7691489264069672,0.8267213365422913,0.7968799597944415,0.7626539302170928,0.4764066879635691,0.6328488346957286,0.8897103170221048,0.8248554426873579,0.6392004215525184,0.8580124424963023,0.5580393965460282,0.6348458300788548,1.068726522663809,0.7573281989371177,0.6298785970197267,1.0479543119663026,0.5411459645403706,0.554277466147276,0.707659763013484,0.669704128826567,0.544509385173344,0.7072721983593027
10.833333333333306,0,0-ACCAD_Male2General_c3d_A6- Box lift_poses,323,0.6303749528015032,0.5477688312530518,0.7851667323288913,0.7265026761175055,0.0003661656917094429,0.0017334120494362554,0.687161351357493,0.06433512270450592,-0.051075875759124756,-0.2947104275226593,-0.037828218191862106,-0.01729064754881615,0.014314872747125618,-0.03783588856458664,-0.037826038897037506,-0.057770416140556335,0.13312259316444397,-0.10157607873447971,0.022049996492176982,0.03150953724980354,0.10039730370044708,0.36487361788749695,-0.2484874129295349,0.10231257230043411,0.5385291576385498,-0.3119445741176605,-0.2419692426919937,0.43705999851226807,0.6306015943121431,0.5479075982647649,0.8601662615096943,0.689057746690254,0.7362010363644723,1.3404595516424191,0.546381178175595,0.6418577656217858,-0.0011644484874292586,0.7727906481398384,0.6428370051703892,0.0004417022740987632,0.48742430500107603,0.48240878026200484,-0.0008355515125706911,0.7524510716019498,0.4740612110231656,-0.000574632431284066,0.5021079301091967,0.5375597364474006,0.39653194811069864,0.7545283769649805,0.5575367857385466,0.3956073739336251,0.46580946540955476,0.7722537566557364,0.7694876412340581,0.8261074833721913,0.797139410160982,0.7629818050258619,0.47604595605674493,0.6329728459740251,0.889719111253647,0.8243702053992097,0.6393567600396338,0.8581720429187099,0.5576060563243757,0.6346751364814951,1.068780377132125,0.7569070953567917,0.6298249137816955,1.0480981122570745,0.5409162229609673,0.5542049180207195,0.707672952032573,0.6694782715813052,0.5444865767700688,0.7073362585570783
10.866666666666639,0,0-ACCAD_Male2General_c3d_A6- Box lift_poses,324,0.6307673301780596,0.5481577515602112,0.7851624299813138,0.7263703083510239,0.00021605987745006516,0.0018300678340618395,0.6873010834531621,0.06441795825958252,-0.050747353583574295,-0.294552206993103,-0.037667520344257355,-0.017942495910124423,0.014228584958430823,-0.037910472601652145,-0.03744146600365639,-0.05777549743652344,0.1332956701517105,-0.1020503230900438,0.021775358133326428,0.03174939751625061,0.10043194144964218,0.3645148277282715,-0.24946023523807526,0.10264463722705841,0.5378708243370056,-0.3123280107975006,-0.24149347841739655,0.436964750289917,0.6309890009467786,0.5483228817790119,0.8601619206067916,0.6893170140371275,0.7366393580217939,1.3404604096511208,0.5465631742428408,0.6418707761852983,-0.001163784918438264,0.7729505170051983,0.6430342982915703,0.00045451818299889826,0.48769968106822464,0.4823872915566889,-0.0008362150815619529,0.7526895378030236,0.4742490627326183,-0.0005638035137512237,0.5024587759939692,0.5377469064217767,0.3965277313498933,0.754847043974881,0.5578730401292475,0.3956054578370801,0.4660854046825694,0.7729553959973025,0.7697028207509541,0.8262055571830245,0.7977740249067998,0.7630453241563502,0.4763448793586203,0.6334855977986743,0.8897131651966455,0.8246129505184435,0.6399477057542298,0.8581656731408399,0.5579356588824782,0.6350383059045059,1.0687753073063697,0.7572403224209111,0.6303054992296456,1.0481007690331605,0.5413113203891133,0.5545342600771636,0.7076604083413452,0.6698769110862378,0.5448614455859012,0.7073356034284695
10.899999999999972,0,0-ACCAD_Male2General_c3d_A6- Box lift_poses,325,0.630626067169942,0.5482607483863831,0.7852006665088679,0.7264680016650291,0.000271344403060113,0.0015614602778550642,0.6871984653437717,0.06465813517570496,-0.050439149141311646,-0.2943972647190094,-0.03753427416086197,-0.017873596478456877,0.014163928332109,-0.03768579289317131,-0.03727460280060768,-0.0577414333820343,0.13351505994796753,-0.1020347037217646,0.0218933548529322,0.03206924349069595,0.10051611810922623,0.364058256149292,-0.2501428425312042,0.10282260179519653,0.5372685194015503,-0.3125930428504944,-0.24088212847709656,0.436762273311615,0.6308241899277063,0.5483921348984405,0.8602002897409702,0.689042072389524,0.7362631536664308,1.3406850192495687,0.5464694450476135,0.6421510392756967,-0.0011632380746911426,0.7729547561722392,0.6432275046414754,0.0005317570635874208,0.4875902210041439,0.4826733593660528,-0.0008367619253089285,0.7526567622018318,0.4744467299795942,-0.0004888042097316372,0.5023678132292128,0.5379982790123884,0.39652837282381215,0.7547887115991154,0.5580647790927797,0.3956811567520011,0.4659798834070251,0.7733871860424081,0.7700793585276223,0.8258890355769551,0.79800324811334,0.7634078546009682,0.4761599481510476,0.6336567572986057,0.8897929240456905,0.8243380005522939,0.6400508918577018,0.8583194537225317,0.5577249536137897,0.6349097597479116,1.0688763862606085,0.7570345321464261,0.6301934604721142,1.048245503432093,0.541196587596068,0.5547034262950923,0.7076729906047384,0.6697595061392649,0.5449939004708076,0.7073848715579771
10.933333333333305,0,0-ACCAD_Male2General_c3d_A6- Box lift_poses,326,0.6307208981597796,0.5486238598823547,0.7852056595593021,0.7264822693165416,0.00020757268108390702,0.0015150427554636798,0.6871835081895659,0.06506253778934479,-0.050127383321523666,-0.29425129294395447,-0.03739844635128975,-0.018469016896437207,0.014159144691078707,-0.037187110632658005,-0.03715606406331062,-0.05771351978182793,0.13379912078380585,-0.10285108884818883,0.021975287776432872,0.03250229358673096,0.10059762746095657,0.3636554181575775,-0.2502119541168213,0.10315921902656555,0.5369596481323242,-0.3126283586025238,-0.24039019644260406,0.43656110763549805,0.6309073919931235,0.548757407060858,0.8602053087931568,0.6890231899576853,0.7364603043753796,1.340766779659291,0.5464629821632547,0.6422131168914255,-0.0011626789398073573,0.7730688956005173,0.6431684236679742,0.0005747377872564012,0.4876068735160208,0.48272690238636184,-0.0008373210601925508,0.7527749873510071,0.4743871745698163,-0.0004486100646572816,0.5024494352267891,0.5382463382049418,0.39652402975377976,0.7549098672557983,0.558284606797033,0.39569458501651755,0.46591898849972263,0.7737882466585375,0.7702273879356705,0.8257577736140084,0.7984837870195206,0.7635413587828551,0.47615554439751734,0.6339683326539541,0.8898316051492383,0.8243027951790813,0.6404763241329894,0.858362711410222,0.5577639286609022,0.6351627736619846,1.0689093800820832,0.7570768424477217,0.6305240166747261,1.0482931430000875,0.5413042703097554,0.5550780492609912,0.707663250872066,0.6698669665789674,0.5453655906734467,0.7073964733959076
10.966666666666638,0,0-ACCAD_Male2General_c3d_A6- Box lift_poses,327,0.6310202326858416,0.5490921139717102,0.785217808426332,0.7263619547702658,0.00016125439795747144,0.001423238050539343,0.6873108896655058,0.06545915454626083,-0.04990293085575104,-0.294109970331192,-0.0372038260102272,-0.018996439622868344,0.01424290507014736,-0.036718640476465225,-0.03690072149038315,-0.05774341896176338,0.13414041697978973,-0.10361254666009567,0.021939616149752816,0.032871443778276443,0.10059867054224014,0.3633712828159332,-0.2500583827495575,0.10343314707279205,0.5368066430091858,-0.3126106560230255,-0.2400199919939041,0.4363849461078644,0.631191925367274,0.5492212756643612,0.8602175006849027,0.6890813347614766,0.7367935771089508,1.3408561080264643,0.5467044637945075,0.6423971496648223,-0.0011618373661719666,0.7732921178112192,0.6433433354214748,0.0006277965778705222,0.48793137375068696,0.4828803194513035,-0.0008381626338280039,0.753063119805465,0.4745543146106175,-0.00039889392816056315,0.5027787063465394,0.5385875666349738,0.3965195016150391,0.7552105204880628,0.5587065056033839,0.39572038137112175,0.4659829286266286,0.7741419110853817,0.7703041156001919,0.8257868025938995,0.7991131271073206,0.7636893895094862,0.4763232807139554,0.6342846084190291,0.8898556785919424,0.8244575685388079,0.6410597321994023,0.8584360079139259,0.5579468080218563,0.6354986523620534,1.068937548110106,0.7572670255493633,0.6310045809894628,1.0483599120144484,0.5416171488420627,0.5555294392615978,0.7076575266989137,0.6701833942203438,0.5458638711957456,0.7074165436799638
10.999999999999972,0,0-ACCAD_Male2General_c3d_A6- Box lift_poses,328,0.6308350410545245,0.5492056608200073,0.7852391948874813,0.726509009416758,0.000139949231973492,0.0012886788110807754,0.6871557166737503,0.06571750342845917,-0.04976987838745117,-0.2939816117286682,-0.03696514293551445,-0.019313239738727006,0.01436541255249435,-0.0365009680390358,-0.03669784963130951,-0.05777452513575554,0.1345125138759613,-0.10405572987998646,0.021955318789728118,0.033082980662584305,0.10058517009019852,0.3632342219352722,-0.25005146861076355,0.10365568101406097,0.5366391539573669,-0.31257882714271545,-0.2398374229669571,0.43631672859191895,0.6309899016067179,0.5493232381151224,0.8602389428456514,0.6888058761523448,0.7367400027742257,1.3409464317019917,0.5466123079720983,0.6424334199153336,-0.0011607794705031337,0.7731666630146764,0.643269983809678,0.0006887523851513803,0.4877938564258175,0.4829333059418781,-0.0008392205294968924,0.7528678542703642,0.47448936623743165,-0.0003415366485407384,0.502651507236104,0.5387512492678675,0.3965161700015647,0.7550625713985647,0.5587862026357865,0.3957642588889958,0.46579772886338133,0.7743295200642624,0.7703870718249253,0.8256160479647128,0.7991888503715786,0.7638290488796458,0.4760933130020349,0.6344137271103102,0.8898740419659359,0.824243979984797,0.6411060621933978,0.8585260061456477,0.5577136992227216,0.635554102553002,1.0689668665615881,0.7570378394549967,0.6310201381080582,1.0484360315304373,0.5414525413628638,0.5556995495039818,0.7076593459159254,0.6700146389225374,0.5459780444680233,0.7074464429042547
11.033333333333305,0,0-ACCAD_Male2General_c3d_A6- Box lift_poses,329,0.630856677540578,0.54940265417099,0.7852383885479588,0.7264503316991795,9.587056009035258e-05,0.0013091896049581466,0.6872177183437328,0.06571318209171295,-0.04964596778154373,-0.29389140009880066,-0.0367349237203598,-0.01966463161355647,0.014317534570214563,-0.03656677156686783,-0.036550525575876236,-0.057802964001894,0.13486303389072418,-0.10445703503024761,0.021843052015518505,0.03322206437587738,0.1006026566028595,0.36334457993507385,-0.2500332295894623,0.10398542881011963,0.5365509390830994,-0.3124762773513794,-0.23991645872592926,0.4364204704761505,0.6310092193161291,0.5495271621349431,0.8602381300726709,0.6887606555804416,0.737061448299577,1.340908075480929,0.5465404081715014,0.642491317716389,-0.0011597484126799965,0.7730910631069553,0.6433681668906778,0.0007037563171017058,0.48776590753779275,0.48297499881127887,-0.0008402515873199429,0.7528216273756785,0.47458404023154976,-0.0003299569173500355,0.5026655972631918,0.5389017848014432,0.3965134661586443,0.7550585763242098,0.5590071713770121,0.39576465126332805,0.46565653465718904,0.7744792727769207,0.7703689770365558,0.8255855402439249,0.7994001934212394,0.763750085377892,0.4760265393887351,0.6345789452822299,0.8898676195933399,0.8242504994559866,0.6413548374104031,0.8585100311021835,0.5577038393515923,0.6357787441076741,1.068947501387508,0.7570296409427276,0.6313046753703415,1.0484196561770391,0.5414754415217566,0.5558740222251427,0.7076552112870597,0.6700391192448147,0.5461729288986666,0.7074470771026092
11.066666666666638,0,0-ACCAD_Male2General_c3d_A6- Box lift_poses,330,0.6308892812812701,0.5494038462638855,0.7852737584278761,0.726321953964077,0.00010862131740763029,0.0011512352645443127,0.6873536804648538,0.0654827281832695,-0.049652714282274246,-0.2938172519207001,-0.03652438521385193,-0.01937047985152973,0.014382060963196386,-0.0366646908223629,-0.036462023854255676,-0.05782211199402809,0.13521911203861237,-0.10448078979904296,0.021928911623247838,0.03327684849500656,0.10056163370609283,0.3635416030883789,-0.2500886619091034,0.10399775952100754,0.5364611148834229,-0.3122539818286896,-0.23973500728607178,0.43651333451271057,0.631025905587637,0.5495107080261851,0.8602735578566924,0.6885722001887269,0.7370561341938735,1.340964396917614,0.5466869938394874,0.6427218515888814,-0.0011587962115267095,0.7731825123962442,0.6435573051816673,0.0007701291298856903,0.4879825327942707,0.4831797399429481,-0.0008412037884733201,0.7529749821263494,0.4747657765091911,-0.0002669672011761451,0.5027982789420807,0.5390204909804897,0.3965150142587543,0.755150072457394,0.5591938197029609,0.39582782683528706,0.4655976336994078,0.7744244208828106,0.7703908676299659,0.8254770978498469,0.7994017981587693,0.7637853998653907,0.4759950374608031,0.6345069244880307,0.8898670259286297,0.8241954710352539,0.6413828486173683,0.8585901108385715,0.5576283769585533,0.6357252994997102,1.068967326698578,0.7569612563493048,0.6313415199943806,1.0484887874186204,0.5415217351376953,0.5558543675928944,0.707673576406183,0.6700892538187828,0.5462046909388539,0.707489897860715
11.099999999999971,0,0-ACCAD_Male2General_c3d_A6- Box lift_poses,331,0.6307298388564959,0.5497832298278809,0.7852773933684399,0.7263243170838655,-4.063262018852105e-05,0.0012279660763490385,0.6873510579470741,0.06549563258886337,-0.04969148710370064,-0.29374960064888,-0.03631424158811569,-0.01986397819306296,0.014630025262064805,-0.036544155329465866,-0.036520328372716904,-0.057801276445388794,0.13555169105529785,-0.10525741751588469,0.022132242445953687,0.03342128545045853,0.10054340213537216,0.3635854721069336,-0.24984298646450043,0.10403893887996674,0.5364994406700134,-0.3120543360710144,-0.23957714438438416,0.4365125596523285,0.6308594347685959,0.5499142632641526,0.8602771669356858,0.688325071611076,0.7376447534703025,1.34090551348373,0.5466027027699122,0.6427939858182935,-0.0011578453678307808,0.7731154730225973,0.6435213108327248,0.000809004160556466,0.48790781067524985,0.4832483497721911,-0.0008421546321692765,0.7529100852591999,0.47472954446074295,-0.0002311450388758976,0.5026928975997166,0.5392793022299012,0.39650965427611057,0.7550433684517978,0.559427771706165,0.3958367797360201,0.46537469885644034,0.774693058455646,0.7702621129224381,0.8252525781622536,0.7997372693949376,0.7636807194532076,0.47580001115615383,0.6348530532234213,0.8898265307241944,0.8239900366317643,0.6417725158531318,0.8585759608066518,0.5574257970533258,0.6361957292167812,1.0689310578671165,0.7567615655122736,0.6318328123327179,1.0484761985631876,0.541369626932236,0.556209658734202,0.7076667391269955,0.6699372458821985,0.5465617497864598,0.7074983469877405
11.133333333333304,0,0-ACCAD_Male2General_c3d_A6- Box lift_poses,332,0.630657359608449,0.5501667857170105,0.7852872929424053,0.7261278545509852,-0.00011250677456277515,0.0012122144334202904,0.6875586205725127,0.06560329347848892,-0.049718260765075684,-0.293706476688385,-0.03619622066617012,-0.02011946358001948,0.01483428723849689,-0.036379698663949966,-0.03662635758519173,-0.057768747210502625,0.13574768602848053,-0.10568921973447654,0.02238561917508919,0.033546868711709976,0.1005747839808464,0.3634733557701111,-0.2496071457862854,0.1042102798819542,0.5365390181541443,-0.31201621890068054,-0.23965556919574738,0.4364798069000244,0.6307777897579098,0.5503040601349879,0.8602870706241642,0.6880716988329417,0.7380570676473795,1.3409267954955357,0.5465702636333286,0.6429651408421948,-0.0011573119592509298,0.7731360261671812,0.6437592175407743,0.0008481653688407614,0.48797326941009284,0.4833835213498737,-0.0008426880407491483,0.7530299828009336,0.47495559940667254,-0.0001937199371775354,0.5026835419588864,0.539530960659073,0.3965064057601639,0.7550400579891127,0.5598111971487938,0.39585807318057314,0.465079380182506,0.7748969850630384,0.770241473710148,0.8250316133712766,0.8002545160440504,0.7637186450364126,0.47562325046407783,0.635090503126793,0.8898346951412299,0.8238615786326892,0.6422860332410038,0.8586088640464992,0.5572670518235948,0.6365264906914342,1.068937245377442,0.7566076463529526,0.6323009077304353,1.0485005939559917,0.541303041975793,0.5565384193802788,0.7076651019618774,0.6698762538287172,0.5469654314666703,0.7075134050519098
