timestamp,motion_id,motion_key,frame,qpos_0,qpos_1,qpos_2,qpos_3,qpos_4,qpos_5,qpos_6,qpos_7,qpos_8,qpos_9,qpos_10,qpos_11,qpos_12,qpos_13,qpos_14,qpos_15,qpos_16,qpos_17,qpos_18,qpos_19,qpos_20,qpos_21,qpos_22,qpos_23,qpos_24,qpos_25,qpos_26,qpos_27,pelvis_x,pelvis_y,pelvis_z,head_x,head_y,head_z,ltoe_x,ltoe_y,ltoe_z,rtoe_x,rtoe_y,rtoe_z,lheel_x,lheel_y,lheel_z,rheel_x,rheel_y,rheel_z,lknee_x,lknee_y,lknee_z,rknee_x,rknee_y,rknee_z,lhand_x,lhand_y,lhand_z,rhand_x,rhand_y,rhand_z,lelbow_x,lelbow_y,lelbow_z,relbow_x,relbow_y,relbow_z,lshoulder_x,lshoulder_y,lshoulder_z,rshoulder_x,rshoulder_y,rshoulder_z,lhip_x,lhip_y,lhip_z,rhip_x,rhip_y,rhip_z
0.03333333333333333,0,0-ACCAD_Female1Walking_c3d_B21 - put down box to walk_poses,0,2.841657774988562,2.6653116676025093,0.7130053883192917,0.331774721259931,-0.006812773849282626,0.024686254318687113,-0.9430109804732322,0.24812398850917816,-0.013684839010238647,0.20557960867881775,0.690477192401886,-0.9897246135081823,0.08701669109762178,-0.6077959537506104,0.10035014152526855,-0.20682287216186523,0.5288136005401611,0.024574688247717136,-0.16483365073011935,0.035258699208498,0.10654044896364212,0.005008232779800892,0.0353279672563076,0.0786667987704277,0.10726936161518097,0.013881434686481953,-0.26788005232810974,0.08649100363254547,2.843849994342495,2.6621588021908456,0.7879070145633205,2.821094475112962,2.6862402412817956,1.3060878601042174,3.0262829180165243,2.7577182873270827,0.06340614141641795,2.5499145340925975,2.4966755630417845,0.0020152795593877185,3.1339175981210783,2.8891622747725676,0.05730255204446394,2.6908550920917893,2.591540685545218,-0.0040152795593880325,2.929376734304762,2.6252868191172762,0.30886628825411855,2.6343496943682956,2.626328264332871,0.38966912631659834,2.8067287761284088,2.414767817085243,0.7905356034932322,2.5594128289762432,2.6929693717569743,0.7858556612217762,2.938090956568192,2.538585932229055,0.8275844377057622,2.7021399801251103,2.805814212183167,0.8150886309355061,2.896765550442957,2.597185764047681,1.0098787826730034,2.7661041397799453,2.748763301778889,0.9987418747136005,2.890519923340295,2.595116157295069,0.6300518396008817,2.8257147721532925,2.7084229445430505,0.6330014956931501
0.06666666666666667,0,0-ACCAD_Female1Walking_c3d_B21 - put down box to walk_poses,1,2.812027352396399,2.63607558934018,0.7203607022196864,0.3316317928049038,0.0007305026770922547,0.028781242676335594,-0.9429694907243023,0.23390740156173706,-0.009735687635838985,0.20534667372703552,0.7087609171867371,-1.0115234796696813,0.08676722934588676,-0.5889069437980652,0.09936896711587906,-0.20358194410800934,0.5416315197944641,-0.02377030050619644,-0.15630353181227297,0.03891294077038765,0.10631901770830154,0.0018556521972641349,0.03678084909915924,0.07995254546403885,0.10557535290718079,0.014260993339121342,-0.26705828309059143,0.08596544712781906,2.813355742401976,2.6319682755909746,0.795236368185063,2.7858528291904685,2.6503547103549714,1.3134321294224645,3.001462088768288,2.732420252522732,0.07588631368742338,2.538084270832165,2.4868846177676716,0.002026310686702046,3.1091400896811527,2.8638198918554787,0.06959481922003173,2.6795310078139964,2.5809919308294247,-0.0040263106867021135,2.9013785952790814,2.5973123444914146,0.31528380044583065,2.6109059664654746,2.604179457494365,0.39077250617954284,2.7773916508335468,2.3844365894589226,0.7949352472930424,2.5290826952203505,2.661968876092397,0.7909073389670205,2.908008523062922,2.5082734526762827,0.8344729280756576,2.6712004026275444,2.774902859376753,0.8226569352639843,2.8644813615337483,2.564754335216825,1.0169751194067786,2.733494154299975,2.7160833848395676,1.0062954573627776,2.8620695181042315,2.5671161878173145,0.6371791635754479,2.796732010968345,2.6799546325358756,0.6409917423056176
0.1,0,0-ACCAD_Female1Walking_c3d_B21 - put down box to walk_poses,2,2.7822562628425658,2.607728573959321,0.7274130653088351,0.3251565894906786,0.007490352804582327,0.03041450198902732,-0.9451412830865091,0.2002740353345871,-0.0017458504298701882,0.20539399981498718,0.7416825294494629,-1.025060006429603,0.07933349505294895,-0.5632550716400146,0.09819367527961731,-0.19899509847164154,0.5540232062339783,-0.07512426354109758,-0.15060313536872094,0.047797176986932755,0.09922797232866287,0.00548959756270051,0.033463895320892334,0.08453250676393509,0.10602574050426483,0.0056127929128706455,-0.26319968700408936,0.08234234899282455,2.782677767954163,2.603051343108366,0.8022658932113784,2.750227586348645,2.6133972210203824,1.32035225481704,2.9725176375195432,2.6968684611228655,0.08424857522153983,2.5270891791441086,2.480770208098867,0.0020385547273599133,3.081987475917843,2.8267602512450183,0.07757944185110482,2.6702492685149135,2.5722483888417007,-0.004038554727359766,2.868402054666925,2.5622324112577015,0.3201363558177213,2.5882477036553904,2.58507605033868,0.3908725187249844,2.745599436981332,2.3543781364671146,0.7984343572146506,2.497974140551697,2.6318463511538464,0.7975554510167737,2.876522291873347,2.4770037700010454,0.8406448330647817,2.6402302109217697,2.7443212357136337,0.8302995343036162,2.831403199131322,2.5319502812742427,1.0234119493598057,2.701241794415395,2.6840585762001203,1.0137548153585128,2.8329168797771254,2.5391791874244602,0.6444909833580137,2.768055650067069,2.652050201717969,0.6485401744095582
0.13333333333333333,0,0-ACCAD_Female1Walking_c3d_B21 - put down box to walk_poses,3,2.762458222452551,2.604621026199311,0.7323653160263125,0.32612380644217825,0.008581502070120584,0.02174204874508279,-0.9450380436840898,0.14404073357582092,0.009915662929415703,0.2060183733701706,0.7869257926940918,-1.009460417007897,0.04723304524566174,-0.5337183475494385,0.09656175225973129,-0.19387823343276978,0.5584329962730408,-0.10615570110061112,-0.16135761179627917,0.06626244634389877,0.08355112373828888,0.022535482421517372,0.024929938837885857,0.09364968538284302,0.11070464551448822,-0.013115148060023785,-0.25448185205459595,0.07687044143676758,2.762305335517808,2.6011191718995357,0.8072833621971005,2.7240091491590297,2.606204939669108,1.3249217589715312,2.9429026777814595,2.6692172037621575,0.08189556387004834,2.5258980070472887,2.4799511816860864,0.0020070360271910205,3.052124530726363,2.7992850808640224,0.0746199755435851,2.6691680876143087,2.571261175397861,-0.004007036027191133,2.8395612677428756,2.5390594769684176,0.32302679293927317,2.5759893958191933,2.5812598135383444,0.3897103780754927,2.730428333761413,2.3486806961300304,0.8020794680582043,2.47580771861539,2.6180208080009857,0.8033688188866054,2.8584017029159345,2.473799442463288,0.8459848243077872,2.6150409159391756,2.7347067842352843,0.8343214264894014,2.8102359157658707,2.5287329310775863,1.02834181744646,2.6769420881657826,2.6780788895793437,1.018305627785566,2.8149639156451354,2.5357105954293986,0.6512072432107618,2.7483020056243332,2.6472689126806075,0.6530641280391415
0.16666666666666666,0,0-ACCAD_Female1Walking_c3d_B21 - put down box to walk_poses,4,2.737214940134436,2.5825723144225776,0.7392640113642465,0.3170017789979101,0.008693661714072754,0.016299069003348255,-0.9482450277790997,0.07067646831274033,0.02053569070994854,0.20804035663604736,0.8372149467468262,-0.9834017596035052,0.03751331227359245,-0.4870152473449707,0.09039562940597534,-0.18593235313892365,0.5571746230125427,-0.14712376855551312,-0.15853861004732694,0.08973531424999237,0.07074339687824249,0.03422670438885689,0.014326484873890877,0.10451403260231018,0.11008517444133759,-0.027890024706721306,-0.24827787280082703,0.07347916811704636,2.7367534069909123,2.5798406018171947,0.8142128254535903,2.6963194544192723,2.5805526987708625,1.3316293818845089,2.8991641513663784,2.6180303565034744,0.07934842831255286,2.518269952026344,2.4767964086788194,0.001959867350540375,3.0105283120540665,2.7462372337668324,0.0715368768210062,2.663769549838908,2.564516553329013,-0.003959867350540366,2.797211871500002,2.4945674311909976,0.32844622477544827,2.559296833683538,2.567961905491595,0.3886347622493705,2.705483393820963,2.323805455158365,0.8093467017491025,2.4491710683126064,2.590936568608255,0.812080559904667,2.8332163311400365,2.4493530813786943,0.8527247431808022,2.5875039668852478,2.7091315115655465,0.8412957757344736,2.784237450793571,2.5055974673227333,1.034899254830015,2.65024354315466,2.6543456796404987,1.0253187043278833,2.790086179999931,2.512917388902584,0.6592353078035187,2.7233281861951366,2.6240406720218923,0.6600282144889432
0.19999999999999998,0,0-ACCAD_Female1Walking_c3d_B21 - put down box to walk_poses,5,2.7128750258125365,2.5580898257903755,0.747252999226691,0.3105581853949929,0.009341829557760585,0.01088186761735298,-0.9504461734689879,-0.017520712688565254,0.032469265162944794,0.20830808579921722,0.8715353608131409,-0.9267674289366004,0.02964576914357342,-0.42767333984375,0.07887830585241318,-0.1755533516407013,0.5477085709571838,-0.19282469036274397,-0.14908739794200487,0.11467726528644562,0.06406091898679733,0.03976406529545784,0.003063899464905262,0.11393041908740997,0.10382843017578125,-0.037739623337984085,-0.24736642837524414,0.07363732904195786,2.7120501078482238,2.55610325412945,0.8222221465033418,2.6692306991932395,2.5567683770593552,1.3394089450396587,2.8480633575695222,2.558438924372173,0.07312577215519626,2.5155879978186158,2.475864860018464,0.001890999298869829,2.960961880567181,2.6852732413451252,0.06494166909183732,2.662897086965855,2.5605206380068943,-0.0038909992988699696,2.75295811258669,2.445883405088854,0.3381965622513484,2.546619008381111,2.554460052561424,0.387072101615166,2.682429966143244,2.2966264331695645,0.8209532637477659,2.423266089949829,2.561583830290165,0.8204308403738769,2.8094221160121284,2.4238004071597414,0.8616882415358136,2.5599909741821896,2.681925040259306,0.8484284013208396,2.759436468508221,2.4824422508632678,1.0432077038932626,2.6237655121155052,2.6296047538337946,1.0327782163250554,2.76690818856566,2.4882303210661965,0.6682605605651617,2.698823364122718,2.598159233139506,0.6681755897238941
0.2333333333333333,0,0-ACCAD_Female1Walking_c3d_B21 - put down box to walk_poses,6,2.6900273733772337,2.5345443221740425,0.754312350785017,0.3073784539070026,0.009157945629808392,0.008419920112271204,-0.9515060289093732,-0.11515390127897263,0.04568009823560715,0.20605148375034332,0.8823786377906799,-0.8373171401273063,0.0315557826529731,-0.3627277910709381,0.06621847301721573,-0.16538389027118683,0.5289680361747742,-0.23433786540466506,-0.13162066637901138,0.13950948417186737,0.05747537314891815,0.044952020049095154,0.004155520815402269,0.1163817048072815,0.09996266663074493,-0.045573242008686066,-0.24853724241256714,0.07416902482509613,2.689108512609275,2.53292033818628,0.8292891363315886,2.6459124959962295,2.5308193574467985,1.3464068465158208,2.788488759669978,2.4965582710709318,0.062232135868890655,2.5137219467618084,2.4788772352664896,0.0018134601728175687,2.9022244144818825,2.6226346307237614,0.05392838002001732,2.6621315983611518,2.5615991373214193,-0.003813460172817574,2.7078346187039575,2.399526174057449,0.3505494835326227,2.536408147230523,2.543856398773779,0.38537785432948635,2.664790262293018,2.272409251008521,0.8277160625857815,2.3991903919086495,2.53149264584923,0.8286332275928476,2.7894417581042954,2.4018697095869093,0.868478281132526,2.533592711183193,2.654595616652162,0.8558589389202749,2.7377515448079017,2.4591539104282254,1.050051853430357,2.599389681080415,2.6038141540577846,1.039972494378663,2.745648841536936,2.4653739638999994,0.675606108050899,2.675108846065074,2.573440900524868,0.6756207622790446
0.26666666666666666,0,0-ACCAD_Female1Walking_c3d_B21 - put down box to walk_poses,6,2.6900273733772337,2.5345443221740425,0.754312350785017,0.3073784539070026,0.009157945629808392,0.008419920112271204,-0.9515060289093732,-0.11515390127897263,0.04568009823560715,0.20605148375034332,0.8823786377906799,-0.8373171401273063,0.0315557826529731,-0.3627277910709381,0.06621847301721573,-0.16538389027118683,0.5289680361747742,-0.23433786540466506,-0.13162066637901138,0.13950948417186737,0.05747537314891815,0.044952020049095154,0.004155520815402269,0.1163817048072815,0.09996266663074493,-0.045573242008686066,-0.24853724241256714,0.07416902482509613,2.689108512609275,2.53292033818628,0.8292891363315886,2.6459124959962295,2.5308193574467985,1.3464068465158208,2.788488759669978,2.4965582710709318,0.062232135868890655,2.5137219467618084,2.4788772352664896,0.0018134601728175687,2.9022244144818825,2.6226346307237614,0.05392838002001732,2.6621315983611518,2.5615991373214193,-0.003813460172817574,2.7078346187039575,2.399526174057449,0.3505494835326227,2.536408147230523,2.543856398773779,0.38537785432948635,2.664790262293018,2.272409251008521,0.8277160625857815,2.3991903919086495,2.53149264584923,0.8286332275928476,2.7894417581042954,2.4018697095869093,0.868478281132526,2.533592711183193,2.654595616652162,0.8558589389202749,2.7377515448079017,2.4591539104282254,1.050051853430357,2.599389681080415,2.6038141540577846,1.039972494378663,2.745648841536936,2.4653739638999994,0.675606108050899,2.675108846065074,2.573440900524868,0.6756207622790446
0.3,0,0-ACCAD_Female1Walking_c3d_B21 - put down box to walk_poses,8,2.6434096270240843,2.487804267089814,0.7639990210608235,0.31044511488106225,0.01240043432409958,0.003641924544620333,-0.9505034435816995,-0.3173220455646515,0.06686952710151672,0.19908732175827026,0.8371589779853821,-0.5884992614064148,0.035675848549285405,-0.23007386922836304,0.043833404779434204,-0.14791475236415863,0.4736196994781494,-0.3090432632413631,-0.10049850932171234,0.17642490565776825,0.04786846041679382,0.05196108669042587,0.010847494937479496,0.11503398418426514,0.09308786690235138,-0.054269805550575256,-0.2555215060710907,0.07454658299684525,2.641811221347586,2.486707569677927,0.8389739659029513,2.5948363968609582,2.4801988697394712,1.3556819666186264,2.6554910573243644,2.361460422965769,0.040519529502859315,2.515167812059694,2.480252667188711,0.001582517740471731,2.76878245716877,2.487962144058326,0.03262185377413649,2.6637368819769827,2.5627181379773525,-0.0035825177404717676,2.62323837630862,2.3118316604991658,0.3821534705961986,2.5208187861015348,2.521719441573597,0.3803644778530734,2.6299798026601366,2.226008117411256,0.836216565759376,2.3503254048182076,2.471480293756071,0.8378368461610693,2.7484112715241116,2.3607439279455695,0.8784043927542685,2.479015548770198,2.6005359915505952,0.865095568078148,2.6920692984648302,2.4138538563386165,1.0598091372607719,2.547586171323163,2.552358111415459,1.0491610295897444,2.7041857012303825,2.42135402762706,0.6853481933678782,2.62639368234477,2.524160683516108,0.6857831117668302
0.3333333333333333,0,0-ACCAD_Female1Walking_c3d_B21 - put down box to walk_poses,9,2.618442910257727,2.467122885864228,0.7660348751287334,0.3115737545342088,0.015312970592901319,-0.0005013212031945869,-0.950098446001323,-0.4137870669364929,0.07292988896369934,0.19570259749889374,0.7841382026672363,-0.4378528933867285,0.0358318422196251,-0.16848208010196686,0.03804496303200722,-0.14203055202960968,0.4434930682182312,-0.3414509688891534,-0.09564149405873046,0.19020959734916687,0.04201396554708481,0.05380959063768387,0.011790581978857517,0.1144823208451271,0.09044407308101654,-0.060467429459095,-0.26153603196144104,0.07089662551879883,2.616237156043704,2.466478663577538,0.8409996643700342,2.566783166051096,2.4595580788557023,1.357454045335175,2.58346293906169,2.290210941625919,0.03407774931624467,2.5164741250156,2.4770471625644825,0.0014298228156503952,2.696913819956919,2.416599213407373,0.026668135278126573,2.6650061916932475,2.559597807703119,-0.0034298228156500812,2.5831973501841747,2.273659579414241,0.3993392415696078,2.5131559437635596,2.5108960571984356,0.3771388221506777,2.6087952968559303,2.205605485288325,0.8387554728494502,2.3235867271975006,2.4457291117830033,0.8404493193618151,2.7248687109520557,2.3423258519350907,0.8811119137789185,2.4500094101773175,2.5772619678509976,0.8664488810302168,2.666651249784846,2.3944978425166488,1.0621742447924605,2.5199878408167176,2.530616214100905,1.0506062593542866,2.6818445577743613,2.4016755980953053,0.6874905956507047,2.6007577267328976,2.502067497002136,0.6877241600380796
0.36666666666666664,0,0-ACCAD_Female1Walking_c3d_B21 - put down box to walk_poses,10,2.595615761820227,2.4422665568999946,0.7659480991795179,0.3129113815184385,0.017272375978166627,-0.0009695314781549034,-0.9496247639741732,-0.5026491284370422,0.07604382187128067,0.19250230491161346,0.7137995958328247,-0.278735981446121,0.04485995569753842,-0.1112586110830307,0.03171718493103981,-0.1360740065574646,0.41591453552246094,-0.37188128995250724,-0.08275912222375448,0.20252323150634766,0.03859363868832588,0.05525030568242073,0.013262882828712463,0.1121695265173912,0.08721056580543518,-0.06588892638683319,-0.26945316791534424,0.06674069166183472,2.5931099138108578,2.441593952110746,0.8409032079350351,2.5425305794698514,2.432105704247299,1.3571975903545601,2.5092679450001207,2.2183721024078147,0.031488524406649815,2.515275275875496,2.473332188319397,0.0013117537820069476,2.6229873798198042,2.3445564854175966,0.02475119342677201,2.6635694694710135,2.556322882518571,-0.0033117537820069078,2.5466819800666225,2.2370026660145426,0.41397302712422,2.5049602282851855,2.4978126689732068,0.3739833418461397,2.58953904645635,2.181015826139082,0.8380148900694905,2.299118237604281,2.4160268611114524,0.8416830138532114,2.7035002669032586,2.3193667245989693,0.8808101390319771,2.4234610783338697,2.549718659917539,0.8666815157174669,2.6441371391059247,2.369552482722541,1.061969152318036,2.4954366153862573,2.50344762799192,1.0504613628348884,2.661151222961109,2.378214343710745,0.6867236160349433,2.5770026201253513,2.4763406187838495,0.6877303995200308
0.39999999999999997,0,0-ACCAD_Female1Walking_c3d_B21 - put down box to walk_poses,11,2.57307709986344,2.415165993850678,0.7637928532219025,0.3159447185771896,0.01768781913510231,-0.001640496151163648,-0.9486112926956978,-0.5804651975631714,0.07777703553438187,0.18915659189224243,0.6308703422546387,-0.1144364750101694,0.053532131595044774,-0.05344684422016144,0.02359466440975666,-0.12917079031467438,0.3955356478691101,-0.40712107705964673,-0.06775855376013373,0.21434809267520905,0.039189957082271576,0.05506366118788719,0.014707892201840878,0.10887183994054794,0.08134640753269196,-0.07013021409511566,-0.279025673866272,0.06340491026639938,2.5704825242030114,2.4145611668710383,0.8387455206958958,2.5192004198404274,2.4052284700279487,1.354974957891978,2.436425808447184,2.143878522761163,0.03435553319224076,2.513462110278535,2.468331568238557,0.001230101821563346,2.550127630286846,2.270117864543422,0.028395306961313503,2.661041551578762,2.5525955290342295,-0.0032301018215633442,2.5137169158610426,2.2005345160699186,0.4260634427364833,2.4952954557707705,2.4821522415215322,0.36988837849559714,2.571123363233941,2.1545504860640325,0.8370455536609693,2.2750971462428486,2.3839037467860806,0.840989786423385,2.6827372734402783,2.295064560048648,0.8789704181791272,2.3969981447547797,2.5200906078710528,0.864502541127689,2.622422350015046,2.343928451165181,1.0600441695226714,2.4713344151261953,2.475076878290478,1.0480145854241654,2.640485224195299,2.352451489695239,0.6837737310209036,2.5531884576122184,2.4481690093403077,0.685585911923135
0.4333333333333333,0,0-ACCAD_Female1Walking_c3d_B21 - put down box to walk_poses,12,2.5491389208473265,2.387988421600312,0.7588808123810786,0.3173850507901571,0.018027011268587634,-0.0010656877762743866,-0.9481247917385217,-0.6461824178695679,0.07595669478178024,0.18745730817317963,0.54610276222229,0.03820610455084417,0.06635934404953003,0.003674701089039445,0.015041139908134937,-0.12191464751958847,0.38317450881004333,-0.4505161503092969,-0.04983208155882424,0.22607634961605072,0.04156968370079994,0.053037673234939575,0.015463280491530895,0.1059340313076973,0.07355476170778275,-0.07479226589202881,-0.28887659311294556,0.06035406142473221,2.546524407396272,2.3872817567673916,0.8338318960572215,2.4948692489598447,2.3784460040352076,1.3500430259441425,2.3650642290759674,2.076828755713307,0.04076432564881745,2.5108743712724415,2.466293940505254,0.0011874769243459433,2.4792815512211623,2.2026362112965265,0.035579015469375495,2.6578575341135666,2.551598158572364,-0.003187476924345966,2.4808979223554597,2.1680513068535343,0.4330101305709122,2.483458610763349,2.4675718211360005,0.36420686272257974,2.5502211952819676,2.127799353635518,0.8338493356269406,2.249603007129759,2.3525799527306464,0.8378513174937433,2.6601242439834976,2.270076152866462,0.874323975722622,2.369516212222037,2.4907896774445955,0.8597250332997035,2.599242086453778,2.3180014850568273,1.0553408033047005,2.446268083835702,2.4469045310920903,1.04288511601593,2.61786672767422,2.3263982445969082,0.677903254750113,2.5280319372858506,2.4201688872997074,0.6806970682502285
0.4666666666666666,0,0-ACCAD_Female1Walking_c3d_B21 - put down box to walk_poses,12,2.5491389208473265,2.387988421600312,0.7588808123810786,0.3173850507901571,0.018027011268587634,-0.0010656877762743866,-0.9481247917385217,-0.6461824178695679,0.07595669478178024,0.18745730817317963,0.54610276222229,0.03820610455084417,0.06635934404953003,0.003674701089039445,0.015041139908134937,-0.12191464751958847,0.38317450881004333,-0.4505161503092969,-0.04983208155882424,0.22607634961605072,0.04156968370079994,0.053037673234939575,0.015463280491530895,0.1059340313076973,0.07355476170778275,-0.07479226589202881,-0.28887659311294556,0.06035406142473221,2.546524407396272,2.3872817567673916,0.8338318960572215,2.4948692489598447,2.3784460040352076,1.3500430259441425,2.3650642290759674,2.076828755713307,0.04076432564881745,2.5108743712724415,2.466293940505254,0.0011874769243459433,2.4792815512211623,2.2026362112965265,0.035579015469375495,2.6578575341135666,2.551598158572364,-0.003187476924345966,2.4808979223554597,2.1680513068535343,0.4330101305709122,2.483458610763349,2.4675718211360005,0.36420686272257974,2.5502211952819676,2.127799353635518,0.8338493356269406,2.249603007129759,2.3525799527306464,0.8378513174937433,2.6601242439834976,2.270076152866462,0.874323975722622,2.369516212222037,2.4907896774445955,0.8597250332997035,2.599242086453778,2.3180014850568273,1.0553408033047005,2.446268083835702,2.4469045310920903,1.04288511601593,2.61786672767422,2.3263982445969082,0.677903254750113,2.5280319372858506,2.4201688872997074,0.6806970682502285
0.49999999999999994,0,0-ACCAD_Female1Walking_c3d_B21 - put down box to walk_poses,13,2.523681538645178,2.3592511150054634,0.7514342577988794,0.3172213596767901,0.01864159387475098,-0.0006348516766001041,-0.9481680741861993,-0.6955423355102539,0.06991390138864517,0.1869627684354782,0.4767666757106781,0.15743941039155263,0.08009940619175238,0.058214958757162094,0.005800595972687006,-0.11423426866531372,0.3789513409137726,-0.5003971883075802,-0.031910622536349464,0.23709626495838165,0.04302452132105827,0.04954233393073082,0.016712835058569908,0.10158577561378479,0.06582728028297424,-0.08031682670116425,-0.29698118567466736,0.056662656366825104,2.5210000257437737,2.3584543801558793,0.826382070990053,2.4694917118625117,2.3506120007647975,1.342637124134325,2.3012284023233183,2.0204402296526944,0.04705946678039387,2.5076199829563364,2.463071466598073,0.001175929800700682,2.4165795360251523,2.145232390023634,0.04247332857322025,2.654133416673012,2.549181135384795,-0.00317592980070084,2.4482038944397573,2.137045154904391,0.43429383765732166,2.469544834417509,2.4512123983223626,0.3568104194499972,2.5266019229186907,2.099770900063941,0.8281149458676568,2.222705683692538,2.320500038977269,0.8327158754202842,2.635380164005052,2.2433371923420866,0.8670453734511239,2.341133280433417,2.460297853183082,0.8524905986199866,2.574459868445879,2.2904385355038164,1.0480909150402928,2.420148848575081,2.4177043438019643,1.035296069021164,2.5932604352619104,2.2983266692018574,0.6697105306495741,2.5015685549426743,2.390713856587282,0.6731810731949497
0.5333333333333333,0,0-ACCAD_Female1Walking_c3d_B21 - put down box to walk_poses,14,2.49668754870072,2.3297227355651557,0.7416517723080173,0.3167622548542833,0.02015224358310019,-0.0014772409340157021,-0.9482897124494288,-0.7259877324104309,0.06124916300177574,0.18649832904338837,0.43081140518188477,0.23277262375770502,0.08910756719934154,0.10905088484287262,-0.003451579948887229,-0.10639938712120056,0.3830266296863556,-0.5566173032567927,-0.017763932644838887,0.24655070900917053,0.04217517748475075,0.04500860348343849,0.018846912309527397,0.09498190134763718,0.05924646183848381,-0.08612462133169174,-0.3018395006656647,0.051989976316690445,2.4937508337844423,2.328975342904573,0.8165905280336858,2.442400351665627,2.3227989163119376,1.3328964330391766,2.2500193093337555,1.975381645157468,0.04818018199690448,2.5044985823968426,2.457117919277279,0.0011918956031918906,2.3666763532756456,2.0989673181313124,0.04397119941891623,2.6504682473098384,2.5441445778357146,-0.003191895603191802,2.416917181740769,2.106969106572488,0.42986580184737905,2.453954497055428,2.432528256504111,0.347446891386784,2.5006452296028896,2.07148022450297,0.8199052685047644,2.194632627032164,2.2879031048916603,0.8253434646307221,2.6085072370529843,2.216092082092592,0.8574919975122585,2.3117731778440698,2.4291047969964006,0.8426563992869119,2.5478545429313146,2.262327692999689,1.0385849079415177,2.3925047281479577,2.3882721763609776,1.0252955491294846,2.5669638848270226,2.2690309700769964,0.6597279219587064,2.4738641308363403,2.360398480822734,0.6631511782807851
0.5666666666666667,0,0-ACCAD_Female1Walking_c3d_B21 - put down box to walk_poses,16,2.43648304278031,2.2683261367492378,0.7154147964837929,0.31477795342910864,0.024700339222667983,-0.003239660914370062,-0.948838362353898,-0.7332944869995117,0.035152263939380646,0.18646271526813507,0.4099140465259552,0.25223638968059925,0.10045509137339104,0.19390995800495148,-0.02402888424694538,-0.08932535350322723,0.4180015027523041,-0.6837285467231413,0.010272565122783961,0.2566322684288025,0.03549695387482643,0.032943014055490494,0.0322190597653389,0.08073750883340836,0.050932202488183975,-0.09115274250507355,-0.3021714389324188,0.04204585403203964,2.432814582292802,2.2676209555982965,0.7903217061597096,2.3833688529960146,2.264316054980931,1.3068682958104452,2.1772090010037997,1.9215203489699901,0.024157269156601244,2.4901586418614046,2.440387342534057,0.0013311457236344602,2.296773349234963,2.0423008602438544,0.020103292284309855,2.6347866237763204,2.529611834046643,-0.0033311457236343406,2.35410945005446,2.050997647412114,0.40390037278594104,2.4127155409039602,2.3900989211566914,0.3228690610205414,2.4414883797815756,2.013810791681459,0.793927809015418,2.1340155069185176,2.223724447386956,0.8030587160720183,2.548322006616862,2.1592696913657994,0.8311816528977326,2.2501101756116406,2.366206204956337,0.8164952656716173,2.4882841960981503,2.202633422459895,1.0126155936364023,2.3322262689429016,2.3276673555668372,0.9990279579400902,2.5074140325291117,2.207391826857005,0.634084687513395,2.412889396947893,2.297815621335575,0.6362712616438424
0.6,0,0-ACCAD_Female1Walking_c3d_B21 - put down box to walk_poses,17,2.403976815287024,2.2333615752868354,0.7010475337562107,0.31289283671173457,0.024755038533654614,-0.005486329690549684,-0.9494499254769613,-0.7153792977333069,0.018293485045433044,0.18723364174365997,0.42734962701797485,0.21600598744014676,0.10465237695151819,0.22519803047180176,-0.038642581552267075,-0.07858865708112717,0.45296943187713623,-0.7495600291527769,0.02716184832366686,0.2531576156616211,0.03335558623075485,0.025177916511893272,0.046143222600221634,0.07358931750059128,0.04874856397509575,-0.08292841911315918,-0.2987839877605438,0.03916947543621063,2.4001937698743783,2.2329810734497553,0.7759510969942692,2.353521740999077,2.234602244109046,1.292787719363274,2.149468149035425,1.9030565628560911,0.004248372322419664,2.4747649070025464,2.42452205186655,0.001471321672592122,2.2706933147828376,2.0221648735052287,4.485905124704606e-05,2.6185506861345167,2.515082639299354,-0.003471321672592193,2.3210949899193887,2.020225621621945,0.3868551874257759,2.3847717870420007,2.361776613188994,0.30849560569915113,2.4085633764904335,1.9820461721648428,0.7795719486563868,2.1026681136577934,2.1927293032305837,0.7892952369843046,2.515944575119901,2.1270487758301915,0.8170297557910379,2.2200280289338603,2.334247572166396,0.8018965880219373,2.4564416193228125,2.1695441556935857,0.9985572435670991,2.301318558492164,2.295703520402914,0.9846707179156091,2.4744957814004684,2.1716024207844096,0.6203585878917582,2.3800155454953815,2.2621653872544987,0.6215515747249865
0.6333333333333333,0,0-ACCAD_Female1Walking_c3d_B21 - put down box to walk_poses,18,2.3713525705970824,2.194689604919404,0.706830910113635,0.31299445097660755,0.02333470267122007,-0.0065749100945919105,-0.9494454886228834,-0.6839472651481628,-0.0005671282415278256,0.18848975002765656,0.45428428053855896,0.15777668310050919,0.11216645303254236,0.24364502727985382,-0.050575628876686096,-0.06906995922327042,0.5009242296218872,-0.8142875502005675,0.04463319685641398,0.24130919575691223,0.03311397135257721,0.017122676596045494,0.06341113150119781,0.06739602982997894,0.0479557104408741,-0.06715721637010574,-0.2945827841758728,0.03811365365982056,2.3677206298138587,2.1945304378608235,0.7817427494449091,2.325012610111756,2.201181601370447,1.2989110416527743,2.12851772248976,1.8879630952005255,0.0012137374438106752,2.4532895676971846,2.401416566950849,0.021652985460292682,2.2507586712951233,2.006020487604746,-0.003213737443810656,2.5959648186264026,2.49369544218274,0.016325513431104756,2.289613327564782,1.9876341066206096,0.3875061430061418,2.3519552695019112,2.327080854008802,0.31340703631861677,2.37558644868875,1.9468463956493902,0.7845415568524955,2.0721592373950046,2.160616720158249,0.7944489647709237,2.4838908132291886,2.090951594285841,0.8227962369793629,2.191596649053514,2.3003293729933447,0.8076642414711606,2.4249483078316008,2.132399916653135,1.0044988046815742,2.2712805165171583,2.2603348435217923,0.9906767462367454,2.4412094374714854,2.132341930737032,0.6266643567619877,2.3468723254358443,2.222988433198807,0.6271734812451423
0.6666666666666666,0,0-ACCAD_Female1Walking_c3d_B21 - put down box to walk_poses,19,2.3379789763130248,2.1605072948150337,0.7170875843248252,0.3179258822367304,0.02308100994394641,-0.007376379826399034,-0.9478058817102903,-0.6433371901512146,-0.018640952184796333,0.18938757479190826,0.4793180227279663,0.09044247207626266,0.11786104452572266,0.24415335059165955,-0.05586463585495949,-0.06294852495193481,0.5606130361557007,-0.8764307797570168,0.05255970691205136,0.21999602019786835,0.03405587002635002,0.011294989846646786,0.07819809019565582,0.06337708979845047,0.04833677038550377,-0.04945572465658188,-0.29124757647514343,0.03831937164068222,2.334345757456319,2.1604552936754104,0.7919995127249189,2.2933446558880224,2.170779543460145,1.309269322949292,2.1159220817920357,1.8778990068183408,0.0013022815255610207,2.426267231964231,2.376248572376961,0.04494920677025253,2.2376685867907335,1.9964594830307378,-0.0033022815255609288,2.5673199656688372,2.470957752069077,0.039092791782908476,2.262119735494951,1.9602864983310209,0.39065657068109416,2.314586516671351,2.2922724026245835,0.32130985003316176,2.3418031745105212,1.9154011469161185,0.7936656785390542,2.0408218746326616,2.1330517574132566,0.8021018891727567,2.4508188137476608,2.0585886408371175,0.8333203906236204,2.162197504000056,2.2708727184817965,0.8173630650770296,2.39159239610798,2.0991186081522253,1.0149757263452275,2.239347071582844,2.22871023470989,1.000849283538391,2.4078132309819904,2.098248514384649,0.6376365524875555,2.313200797973777,2.1883898390529914,0.6373715382212074
0.7,0,0-ACCAD_Female1Walking_c3d_B21 - put down box to walk_poses,20,2.30859841639176,2.1277049514465034,0.7276032468851052,0.3255837802624883,0.021335435877875814,-0.004967460139946394,-0.9452593959044505,-0.5938270092010498,-0.03333335369825363,0.18877442181110382,0.49401357769966125,0.025642159421683353,0.1272107752334961,0.22234860062599182,-0.05451144278049469,-0.06046850606799126,0.6289899349212646,-0.924590546318,0.05994002370534113,0.19045627117156982,0.036893848329782486,0.010445789434015751,0.08606088161468506,0.061652567237615585,0.04906555265188217,-0.03531486168503761,-0.2905111014842987,0.04026337340474129,2.305330689539768,2.127367311422163,0.8025312654124541,2.266106002179172,2.137317186221642,1.3199538081582916,2.108947777557146,1.8709091062565981,0.0013346057498678197,2.3928191453865995,2.3465243433015806,0.06456585253122465,2.229097270687835,1.9910852177114506,-0.0033346057498675405,2.532186388345752,2.4436572946169313,0.05808809375721223,2.240797547098575,1.9367170079579676,0.3921148967670641,2.2744303230330134,2.2549527261372617,0.32862033977701305,2.310778818730603,1.8836405727675094,0.8022549697917793,2.013017659638409,2.1066580492901053,0.8104207729245544,2.4212544561130622,2.0253135809454546,0.8432849162080172,2.1365693950537796,2.24219486285815,0.8284292444821154,2.3624096719158074,2.0649190554694683,1.0251984130108267,2.2118738548539305,2.196571418754233,1.0118265050299302,2.378220998549192,2.066204262173771,0.6483038405520877,2.2833961826341116,2.1557488092289896,0.6482398293829373
0.7333333333333333,0,0-ACCAD_Female1Walking_c3d_B21 - put down box to walk_poses,21,2.2815071516670287,2.0997751685790718,0.7375403955940243,0.33445258391557553,0.0172713016828724,-0.003156377969304614,-0.9422490161992683,-0.5329004526138306,-0.043861716985702515,0.18624716997146606,0.4955838918685913,-0.031375023071844366,0.13288156041957455,0.1711607426404953,-0.04858866706490517,-0.060481395572423935,0.6948839426040649,-0.9366072755703643,0.05508283505236733,0.15565691888332367,0.04161228612065315,0.015572953037917614,0.08640256524085999,0.0625162348151207,0.04986735060811043,-0.02535925805568695,-0.291558176279068,0.044311799108982086,2.278907722799006,2.0993548179632078,0.8124941565064684,2.240694860670513,2.108704514292841,1.3299918562576265,2.1060347803258344,1.866429015527183,0.0012986535672002385,2.3477321479127484,2.3081625340850516,0.07303267926797766,2.2239292308061245,1.9888208588545158,-0.003298653567200528,2.485566670988692,2.4074130475776307,0.06589266386977899,2.224154787899433,1.918765309350365,0.39235144646850706,2.2289520561092506,2.214527325989169,0.33443288759033457,2.2805239064351586,1.8555649675030146,0.8114224155834993,1.9870061876439618,2.0855071556422997,0.8183405676262892,2.3932373933486084,1.9953735436737936,0.8527600026088589,2.1129665142100764,2.2184365754958555,0.8389155444895282,2.335237283318421,2.035513627212221,1.0348623025394226,2.1867754643198976,2.169561993160528,1.022122255983835,2.3505418064474846,2.0387982137414213,0.6583759378795129,2.2560485104200367,2.1281535529991937,0.6587031631756372
0.7666666666666666,0,0-ACCAD_Female1Walking_c3d_B21 - put down box to walk_poses,22,2.2550341063179076,2.0742927524261177,0.7476090526331756,0.33995919082147025,0.014329366324983163,-0.0010091611608641531,-0.9403304735200742,-0.46294131875038147,-0.05000453069806099,0.18206951022148132,0.48284292221069336,-0.08420450243067501,0.13363305206255238,0.098626047372818,-0.038612041622400284,-0.06232362240552902,0.7464292049407959,-0.9150790333850276,0.03896860855178863,0.12103980779647827,0.04524705931544304,0.02071562595665455,0.08290158212184906,0.06572422385215759,0.0507965162396431,-0.021629832684993744,-0.2919628620147705,0.04607165604829788,2.2529614943029173,2.073704384207832,0.8225781002613469,2.215297526367885,2.0817261617809315,1.3401259182225842,2.1061050566944077,1.8656849043257455,0.0011961228695749927,2.2965646497011862,2.2619224824746667,0.07413490485463528,2.222227368537481,1.9897668001429314,-0.0031961228695748765,2.4337328056446843,2.3620500848939785,0.06643034589124064,2.210486082699351,1.9059022914168475,0.39179539260649276,2.1820099237738524,2.172183112457348,0.3419036738744978,2.2486643203592545,1.8290845143483345,0.8209423305947227,1.9610037240829439,2.0673130294137008,0.8276552943565153,2.3647266060137135,1.9661157634260862,0.862313175751934,2.0900489246085208,2.1970193278216463,0.849636572271841,2.307868737034177,2.0076742879857385,1.0445865468134814,2.162470291376992,2.145105074049318,1.0325758872803277,2.323021755496204,2.0132858169485734,0.6686452681981234,2.2300706277369753,2.1036621358189214,0.6692957814400358
0.7999999999999999,0,0-ACCAD_Female1Walking_c3d_B21 - put down box to walk_poses,23,2.2288423948921263,2.0496133300475776,0.7568671510388284,0.3418947613211693,0.011958374676784454,0.001519084444108366,-0.9396609291859921,-0.38725873827934265,-0.05206289887428284,0.1769336611032486,0.4563569724559784,-0.12928364157900685,0.1304846871134484,0.012057618238031864,-0.024730326607823372,-0.06637008488178253,0.7776349186897278,-0.8596953760052943,0.015191621766506902,0.08888887614011765,0.04862229526042938,0.024997275322675705,0.07818548381328583,0.07210938632488251,0.051080893725156784,-0.019672127440571785,-0.2899482250213623,0.04703544080257416,2.227234777325092,2.048785940554152,0.8318453544874596,2.1901678178365365,2.0554997155339856,1.3494461702653389,2.1068955662076947,1.865790843747518,0.001039598972453249,2.2399103477405435,2.207440833062804,0.0690244922338927,2.2219450432122745,1.9908787247955992,-0.0030395989724533237,2.3772040656540736,2.307367670482274,0.06095837886852526,2.1986145860020363,1.895898901347746,0.3907150750868599,2.134535067052875,2.1280374317204576,0.3515890857106273,2.2159140783366067,1.8029330210862655,0.8299925545931081,1.935570452811529,2.0506634479006167,0.8365517130805377,2.336024179432032,1.936516659123379,0.8710843964572093,2.068206697056733,2.17652033077917,0.859513332117289,2.2803485582544516,1.9802645181308764,1.0534669003171178,2.1388160700920595,2.12173854629775,1.042249099783983,2.2952578055459423,1.9880177645059725,0.6780370299544892,2.2049265102918785,2.0805054259863707,0.6789708581184771
0.8333333333333333,0,0-ACCAD_Female1Walking_c3d_B21 - put down box to walk_poses,24,2.2020555906929076,2.026418063323945,0.7645832301744078,0.3436706808171544,0.009594242297891556,0.003593302541996749,-0.939034345398636,-0.30984169244766235,-0.05007478967308998,0.17145785689353943,0.4187792241573334,-0.16365538008639935,0.12258725297700401,-0.08393554389476776,-0.007545774336904287,-0.0729329064488411,0.7871435284614563,-0.7718347338610325,-0.013588182494363332,0.060039881616830826,0.0521138459444046,0.028060032054781914,0.07244286686182022,0.08140027523040771,0.05016803368926048,-0.01731710135936737,-0.28467458486557007,0.04807265102863312,2.2008894291471868,2.0254173391815273,0.8395674859781435,2.164652281213339,2.0318496149452843,1.3572273401288535,2.1074912673096313,1.8639296235239922,0.0008495362678966369,2.176159793174908,2.1451564003628545,0.05947129085798613,2.2214195783279225,1.9900512188631507,-0.002849536267896826,2.3135092655014615,2.244998362138928,0.05130397059228641,2.187916487918526,1.887565524250574,0.38961472270377173,2.085951379004186,2.0827911833624495,0.36346216440490103,2.183328812668218,1.77794174219938,0.8385384854840732,1.9102393129792208,2.034362281292229,0.8438142540226675,2.307121592751097,1.9084462934934614,0.8785818856275491,2.0459795525504503,2.15672665685028,0.8675020390521191,2.2524759918684985,1.9551107487351747,1.060925515346697,2.1144970147431748,2.1000951898904705,1.0502719434416512,2.2668447225444206,1.9640707223673006,0.6858517436618189,2.1793990381654513,2.058940297889155,0.6868605625580319
0.8666666666666666,0,0-ACCAD_Female1Walking_c3d_B21 - put down box to walk_poses,24,2.2020555906929076,2.026418063323945,0.7645832301744078,0.3436706808171544,0.009594242297891556,0.003593302541996749,-0.939034345398636,-0.30984169244766235,-0.05007478967308998,0.17145785689353943,0.4187792241573334,-0.16365538008639935,0.12258725297700401,-0.08393554389476776,-0.007545774336904287,-0.0729329064488411,0.7871435284614563,-0.7718347338610325,-0.013588182494363332,0.060039881616830826,0.0521138459444046,0.028060032054781914,0.07244286686182022,0.08140027523040771,0.05016803368926048,-0.01731710135936737,-0.28467458486557007,0.04807265102863312,2.2008894291471868,2.0254173391815273,0.8395674859781435,2.164652281213339,2.0318496149452843,1.3572273401288535,2.1074912673096313,1.8639296235239922,0.0008495362678966369,2.176159793174908,2.1451564003628545,0.05947129085798613,2.2214195783279225,1.9900512188631507,-0.002849536267896826,2.3135092655014615,2.244998362138928,0.05130397059228641,2.187916487918526,1.887565524250574,0.38961472270377173,2.085951379004186,2.0827911833624495,0.36346216440490103,2.183328812668218,1.77794174219938,0.8385384854840732,1.9102393129792208,2.034362281292229,0.8438142540226675,2.307121592751097,1.9084462934934614,0.8785818856275491,2.0459795525504503,2.15672665685028,0.8675020390521191,2.2524759918684985,1.9551107487351747,1.060925515346697,2.1144970147431748,2.1000951898904705,1.0502719434416512,2.2668447225444206,1.9640707223673006,0.6858517436618189,2.1793990381654513,2.058940297889155,0.6868605625580319
0.8999999999999999,0,0-ACCAD_Female1Walking_c3d_B21 - put down box to walk_poses,25,2.175733702722937,2.0047338935546577,0.7707925905830547,0.33933024474019347,0.009102612762507935,0.006835758553081602,-0.9405984264554456,-0.23252706229686737,-0.04433820769190788,0.16586124897003174,0.37535715103149414,-0.19575182063504615,0.11154980904441025,-0.18569745123386383,0.011944818310439587,-0.08180307596921921,0.7752315998077393,-0.6598001613270923,-0.04016668457646544,0.034816015511751175,0.054932765662670135,0.029180560261011124,0.06561050564050674,0.091956727206707,0.048327356576919556,-0.01683855801820755,-0.2776815593242645,0.04823954030871391,2.1747973541802,2.0033061192213872,0.8457731528099397,2.139126665934508,2.0085246947979494,1.3634885864329007,2.1089428815786047,1.864642005186705,0.0006435781122593569,2.1096505233873923,2.0796193975840844,0.04970650492387634,2.2233438183247367,1.9903465010313768,-0.0026435781122593448,2.2480711328998337,2.177984786915743,0.041707439738782895,2.1781138487325546,1.8820453646632052,0.38828129037252207,2.0397762141280333,2.041231743743027,0.3777497970564303,2.14849343419321,1.7542966828874813,0.845369299087777,1.885524112791357,2.0213732162967695,0.8498414479961733,2.2771592839609545,1.8803212897927244,0.8843880351269058,2.025330871556283,2.1389437698467018,0.8741478123021793,2.2240221652580514,1.930258006806809,1.0667332851235667,2.0911003598849867,2.0799497079050084,1.0569163009281863,2.2382579992220553,1.9410588968831815,0.6919677542978059,2.155072213866742,2.0395300689685123,0.6930470972877454
0.9333333333333332,0,0-ACCAD_Female1Walking_c3d_B21 - put down box to walk_poses,26,2.1504007750190794,1.9804126950912178,0.7748118622523464,0.33384136142050325,0.009336405381374813,0.012119161485931593,-0.9425051208690259,-0.15699835121631622,-0.03765134885907173,0.16120000183582306,0.3313356339931488,-0.2284092042892698,0.10303386805763592,-0.28835541009902954,0.03283090889453888,-0.09268616139888763,0.7434134483337402,-0.5284622526172145,-0.06057808223466443,0.012656805105507374,0.057769834995269775,0.029396794736385345,0.059976667165756226,0.10151322931051254,0.04592270776629448,-0.01677580550312996,-0.2704385221004486,0.04871925339102745,2.149687715142172,1.9782318075845546,0.8497767558712613,2.114982891523534,1.9803686078854177,1.3675858633317057,2.1109127652212187,1.8647139384264833,0.0004335180219562987,2.038774776568969,2.009635289721819,0.04184397487409996,2.2261526168077435,1.9896601536978498,-0.002433518021956387,2.1781147276649766,2.1067240788225696,0.03421868409195714,2.169368599212338,1.8750955208185573,0.38635531720692357,1.995859523451417,1.9999475683185326,0.3934021928848904,2.1147953791413054,1.728270320401149,0.849030517075239,1.8620467026556473,2.005054516202953,0.8540595573098017,2.248083087483043,1.8495957390227251,0.8874244463541668,2.0056989090398374,2.117706323908768,0.8792225862557432,2.196704835289734,1.9017888615232008,1.0700234724312196,2.0688930372038743,2.0559553237960584,1.0617149779628519,2.210491201610822,1.9156531080288897,0.6954554389794259,2.1318369414175056,2.017820960106555,0.6969545209706274
0.9666666666666666,0,0-ACCAD_Female1Walking_c3d_B21 - put down box to walk_poses,27,2.124116795603186,1.9559739562682807,0.7762288309896197,0.32964504050267757,0.00980223612318982,0.017315744594008545,-0.9438952422955252,-0.08694670349359512,-0.032015230506658554,0.15836575627326965,0.2905500829219818,-0.2595237374652124,0.0962372617212639,-0.38748279213905334,0.05510858818888664,-0.10563956201076508,0.6939350962638855,-0.3826797494954648,-0.08055114693692045,-0.0065167550928890705,0.0602550245821476,0.03009306639432907,0.05548357963562012,0.11070161312818527,0.04295846447348595,-0.017256176099181175,-0.2643214464187622,0.050346288830041885,2.1235851603963094,1.9530376301488406,0.8511694431630408,2.089475109223728,1.951640373675715,1.3690244956689017,2.1105517627923116,1.8634728694777112,0.00023915446542259813,1.964209297505345,1.9361629409800116,0.03724064625768039,2.2263763585790337,1.9878855737955812,-0.0022391544654225236,2.1038161292718525,2.032908211259628,0.030149440250093397,2.1591206695682095,1.8671413521732925,0.3840581375200295,1.9536360143509732,1.959848357350761,0.4086504978435356,2.0816388904567367,1.7023309337745243,0.8498698968156724,1.8374142178685133,1.9869871854085719,0.8555529246497974,2.2186428082722207,1.8195928784650126,0.8878057246672032,1.984123898180604,2.0953831874808904,0.8817472110808153,2.168626594623699,1.8734378784601937,1.070668933946425,2.0451656613282574,2.031183537079447,1.0638947154234857,2.1820633543724695,1.8904123192281708,0.6962149836897192,2.1075079466313915,1.995818067134134,0.6980557151776584
0.9999999999999999,0,0-ACCAD_Female1Walking_c3d_B21 - put down box to walk_poses,28,2.0978709631599486,1.9325703117065132,0.7753510414767082,0.32501300111176035,0.009246851625237959,0.021854833969260988,-0.9454117680013951,-0.02271181531250477,-0.02730991318821907,0.15714433789253235,0.2576463520526886,-0.29084845159604655,0.09122813901631521,-0.4802734851837158,0.07802219688892365,-0.12018022686243057,0.6298143863677979,-0.22585367132639722,-0.10050359541478238,-0.023625308647751808,0.06051445007324219,0.031625837087631226,0.04897759482264519,0.12205398827791214,0.03977357596158981,-0.018159573897719383,-0.25953325629234314,0.052660465240478516,2.0976251165850015,1.9290202370735416,0.8502665707717877,2.0652570437876947,1.9238111170283523,1.3682044887868197,2.107618996005926,1.8614709919412586,8.094939795624465e-05,1.8877112171055899,1.8615617368190147,0.03787018677483267,2.224211788112006,1.9851700098132885,-0.002080949397956146,2.027277565154135,1.95840885765853,0.03139950848822769,2.146806684753444,1.8581740367189314,0.3813132214624731,1.9139589845080582,1.9225209985166227,0.42295370712118696,2.0487052468587,1.6770956022580297,0.8489129035591855,1.8128748686126255,1.969755848017898,0.8555008186450791,2.1893647022487586,1.790339999313186,0.8856578127188821,1.9624665088492375,2.073957714814261,0.8824057685919044,2.141255231030406,1.8462429916427727,1.0688650651058103,2.0220280313071113,2.0072805536393292,1.0639698253418244,2.1535815709301382,1.8661288664812636,0.6945912917866105,2.082982386164444,1.9745551032680833,0.6966726607335514
1.0333333333333332,0,0-ACCAD_Female1Walking_c3d_B21 - put down box to walk_poses,29,2.0698391371406615,1.912520024459809,0.7718454433114683,0.321467993568226,0.008819165665418943,0.022105577246501817,-0.9466213048958827,0.03714367374777794,-0.02495088055729866,0.1577436327934265,0.23602594435214996,-0.32650684984060896,0.08132181537322625,-0.5635806322097778,0.10044048726558685,-0.13540351390838623,0.5567732453346252,-0.0673793272457015,-0.12810849416234138,-0.03990517556667328,0.05765508487820625,0.03414895012974739,0.04072614759206772,0.13412919640541077,0.03798739239573479,-0.020575448870658875,-0.2571961581707001,0.05469852685928345,2.0696528109587327,1.9089559209793139,0.846760478177203,2.037972733400446,1.9022816277391283,1.3647082307792446,2.104699236448705,1.858310806767451,-1.1605907755826705e-05,1.813785194572636,1.7866086397076366,0.04372187645826306,2.221801543542189,1.9815306995683173,-0.001988394092244279,1.9527935883483416,1.8842943484112804,0.037876470145161996,2.1325031945490798,1.84862727778539,0.37790683196647346,1.8767703547938563,1.888152281061802,0.43393942639357186,2.0142666573508556,1.6554486819053356,0.846602645410709,1.7858671428233956,1.9555670991582284,0.8525475585523686,2.158082762129901,1.7651699924679982,0.8817839787959373,1.9378828133708048,2.056164567571951,0.8795836355780716,2.111670211119964,1.8241609596588515,1.0649375315670595,1.9962671375435674,1.987983630315059,1.0608819073008666,2.123772737362719,1.8447722512400455,0.6909510791974905,2.0566082333226334,1.955778662149253,0.6922117613242155
1.0666666666666667,0,0-ACCAD_Female1Walking_c3d_B21 - put down box to walk_poses,30,2.042003529611975,1.886061284225434,0.7653873373069844,0.3203659457902324,0.008378143684299328,0.024111707247383055,-0.9469498894133478,0.09478984028100967,-0.02516968362033367,0.15994574129581451,0.22821633517742157,-0.37650943931369474,0.07784915567341466,-0.6329766511917114,0.11628861725330353,-0.14729002118110657,0.4856329560279846,0.07413747652407343,-0.14589552392975635,-0.055359985679388046,0.054421134293079376,0.03657526150345802,0.0336260162293911,0.1424088329076767,0.03789093717932701,-0.02360604517161846,-0.25829318165779114,0.056901395320892334,2.0419721627612133,1.8822337866599046,0.8402896021492876,2.0116188645584763,1.872042653872784,1.3582435875515535,2.102138969018885,1.8541578419692393,-5.327538472902835e-05,1.7443345458415358,1.7159671023731662,0.0523476723880804,2.2189964466054435,1.9776112533523127,-0.001946724615271074,1.8822358512631217,1.8152359942756062,0.04697021355661869,2.1169835421978624,1.8338480947036842,0.372165778071814,1.8416723905890353,1.8516610076196118,0.4402508739326707,1.981491680163087,1.6276468668665192,0.8398852950606884,1.7584929474371187,1.9334043541077506,0.8474465415568074,2.1276532707115403,1.7345053148995184,0.8742018469925655,1.9123279600940282,2.0311484289589217,0.8746577325727352,2.0831185308484974,1.7949234281304034,1.0576823594282287,1.970598397338293,1.9607703761970545,1.0551935300200048,2.0944662484634025,1.8176112893468641,0.68399775783022,2.0298359202940057,1.9305485316159037,0.6850045863002073
1.1,0,0-ACCAD_Female1Walking_c3d_B21 - put down box to walk_poses,32,1.982386487070471,1.8334376546554267,0.7439848546737813,0.3206891386488456,0.008880123953242445,0.027757622037119272,-0.9467360425008021,0.19546741247177124,-0.02184438891708851,0.1653294712305069,0.2535577714443207,-0.5069386208583322,0.06711022207437378,-0.714259922504425,0.1325182318687439,-0.15951858460903168,0.3978120684623718,0.24149792790282953,-0.16488240440153779,-0.07926146686077118,0.05031558871269226,0.03946426138281822,0.023822251707315445,0.14565274119377136,0.04143679141998291,-0.03070925362408161,-0.26782363653182983,0.0621475875377655,1.9824606522445132,1.8290686195746795,0.8188574533463941,1.953157025819799,1.8130520061700637,1.3367056947621483,2.0964601081373635,1.8462896763901075,7.208255690771548e-05,1.6371262941971743,1.614402875000506,0.056961226896762314,2.212263681366441,1.9707281550988343,-0.002072082556907724,1.773083852443993,1.7163406156336591,0.05203787537865369,2.079250723548432,1.8001849230996334,0.3536595360367493,1.7747567435720193,1.788757412029584,0.4337245569201506,1.9144919708456145,1.5744404625357833,0.816632315833848,1.698098284342083,1.8870874453653574,0.8283188479681639,2.0635214310108667,1.6773182922485028,0.8507781261276791,1.8542914229089764,1.980903113417355,0.8559211684638903,2.022150022369765,1.73800744326079,1.0350354955138592,1.913460184430313,1.9064077916870894,1.0348721596738697,2.0328138181697746,1.7641302909362533,0.6615815188497776,1.9713337945497051,1.8795325096990818,0.6627324186642101
1.1333333333333335,0,0-ACCAD_Female1Walking_c3d_B21 - put down box to walk_poses,33,1.951085823122412,1.8041944238357246,0.7286905280613567,0.32072974009892474,0.011561782083934723,0.030970827989171387,-0.946593665109156,0.23463398218154907,-0.017056670039892197,0.16811873018741608,0.28617674112319946,-0.5872479672244051,0.060402693601464774,-0.7199903130531311,0.1428706794977188,-0.16377374529838562,0.39126497507095337,0.24584758807997886,-0.17085333902609312,-0.08506453037261963,0.050980180501937866,0.035447198897600174,0.02388390526175499,0.14162519574165344,0.04243034869432449,-0.031718604266643524,-0.27329888939857483,0.06513141095638275,1.9509341665124504,1.7992406742946352,0.803526598012663,1.9217752431630655,1.7808251651712652,1.3213180090404735,2.0932267782493943,1.8398318616238152,0.0002371416963617111,1.6089877154161918,1.5818484210123287,0.042605279822555756,2.2086486790351705,1.9646183302039097,-0.0022371416963618135,1.7444510642076234,1.6844431107807498,0.03770520170763467,2.0576213639027556,1.7787804671445948,0.33981097971069185,1.7457411831235796,1.759236611769369,0.41866739567893424,1.8811974416363675,1.545768875971127,0.7997186965000761,1.6662036460116025,1.8597958804767272,0.813417491466572,2.030815940011231,1.6475605236751134,0.8345372203907672,1.8230079312943108,1.9523686084519976,0.8417418688889232,1.9902320704964362,1.7069221050837133,1.0192441279934112,1.8825094498580872,1.8759412850624013,1.019978091301924,2.001008920159568,1.7349697767819332,0.6456526783208033,1.9403605194894435,1.8509935497686607,0.647678153947813
1.166666666666667,0,0-ACCAD_Female1Walking_c3d_B21 - put down box to walk_poses,34,1.9160448485054076,1.7736985418014228,0.711094880733739,0.3211462364837684,0.013540803053977153,0.03378607553899047,-0.9463298804035718,0.2669362723827362,-0.009195022284984589,0.17049551010131836,0.3331480026245117,-0.6738233753485039,0.05102546062175772,-0.7083312273025513,0.15378250181674957,-0.16661611199378967,0.4054855406284332,0.2128932655147946,-0.17496425021375894,-0.08479921519756317,0.0544048510491848,0.02763591706752777,0.02961421199142933,0.13552574813365936,0.04189017415046692,-0.028163986280560493,-0.276790976524353,0.06946808844804764,1.9157502791759473,1.768250339186842,0.7858961528965881,1.8880996963788683,1.7502563263631863,1.303819786336921,2.0849333514351414,1.8294776889385296,0.00047938146180916824,1.5887617676598917,1.5566758256369626,0.019946953683507872,2.2000739980128174,1.954513192806977,-0.0024793814618091978,1.723889554892106,1.6597083691450167,0.014969394443644146,2.0304291330318436,1.753515869082031,0.3229767886556903,1.7147739054397588,1.7297142478853398,0.39850431533782465,1.846954049550765,1.5163958631205026,0.7813552373849003,1.6312251205074575,1.8301390798289696,0.7954097722079487,1.996316231933598,1.6184035830262102,0.8166387711881371,1.7880718635890167,1.922367706791458,0.8246081241732522,1.955802984107199,1.6762800176321044,1.0015940434112254,1.8479033810947096,1.8451851953826353,1.0025435163222467,1.965574326346012,1.7046084638853214,0.6274635130580521,1.9052612165616536,1.8208747354831116,0.6305523337940264
1.2000000000000004,0,0-ACCAD_Female1Walking_c3d_B21 - put down box to walk_poses,35,1.8791382485069335,1.7417138549499214,0.6981853658605012,0.3202725177824128,0.011635665866607563,0.034988295253229655,-0.9466075981252356,0.28916385769844055,0.0006439763237722218,0.17297710478305817,0.3938705027103424,-0.7561708902116413,0.04140892855940437,-0.6888273358345032,0.16138441860675812,-0.16681618988513947,0.4311477541923523,0.16923073506901187,-0.17527733847573823,-0.07926776260137558,0.06052284687757492,0.022644011303782463,0.040149129927158356,0.12853772938251495,0.04120826721191406,-0.01748049259185791,-0.2766408324241638,0.07753808796405792,1.8791669554611967,1.7361868394296218,0.7729814304317681,1.8540900650919234,1.7218785649498376,1.2911839825811664,2.0679374299704887,1.8108764598991403,0.004522481875796878,1.5662357873052957,1.5339417610936485,0.0015564112153913998,2.1832423110855017,1.935744359279466,0.000945877984167981,1.701407900918013,1.636909516960531,-0.0035564112153913495,1.996594976825462,1.7218920278896324,0.30903461482055644,1.6799929697668845,1.6990006267034035,0.38314958008357636,1.8128013671484402,1.4863533791168986,0.7686190319755398,1.596149178668229,1.7996536902892688,0.780162392006949,1.9614618218973097,1.589276131744388,0.8042075187319068,1.7528376507777021,1.8915393054489689,0.8112320015778868,1.920570440665526,1.6460917616585615,0.989135395065561,1.812064849809553,1.814610625292709,0.989473407568081,1.9277553178596212,1.672317639033835,0.6140860927023902,1.867779211023038,1.7887441513649691,0.6180374074602087
1.2333333333333338,0,0-ACCAD_Female1Walking_c3d_B21 - put down box to walk_poses,36,1.8410321646369994,1.7102284166030586,0.7063457736362415,0.31408370261859475,0.010053694785819767,0.036808054565201406,-0.948628229650411,0.2941848933696747,0.012997322715818882,0.17566969990730286,0.46583959460258484,-0.8337996886273764,0.03255019825884364,-0.6585791110992432,0.1663365215063095,-0.1642654985189438,0.4637726843357086,0.10749346221091183,-0.17067050032663866,-0.06824331730604172,0.0643894225358963,0.019163338467478752,0.05087152495980263,0.12420719861984253,0.040662720799446106,-0.006328339222818613,-0.2738199532032013,0.08477947115898132,1.8413357033436855,1.7045171874047,0.7811273871872834,1.8186214427814298,1.6918110504776513,1.299503815035747,2.0444730023849997,1.7858805823763453,0.028067714175020148,1.5449539679698243,1.5228456308881224,0.0016269177699325711,2.16132085208789,1.9092828032544658,0.023769819090404494,1.681575599088144,1.6238749688186953,-0.003626917769932767,1.9575763414284189,1.6863937595419403,0.31421991399043914,1.6445109559297015,1.6733562403831848,0.38684872216436017,1.776345412608699,1.4565806750655679,0.7759110588864868,1.560603987220084,1.7706213965259865,0.7860261740054504,1.9248253583366244,1.5594791171297124,0.8123140881776362,1.7175773079925718,1.8612225625103505,0.8193483811967447,1.8835423835218523,1.6150847516180709,0.9973532306802325,1.7753770964448645,1.7838221282056506,0.9977447838619554,1.8882664399544273,1.6403517537443917,0.6218133464516982,1.8294361327219675,1.7572105375923335,0.6268103527207027
1.2666666666666673,0,0-ACCAD_Female1Walking_c3d_B21 - put down box to walk_poses,37,1.8042572909034789,1.682908985298127,0.7146523893028156,0.31115877829852806,0.008063153763008528,0.0340187724316759,-0.9497146536520341,0.2764360308647156,0.028095724061131477,0.17843510210514069,0.5465465784072876,-0.8929151340519845,0.011011520413973575,-0.619145929813385,0.17039230465888977,-0.16030451655387878,0.49396371841430664,0.04270906566678656,-0.1739371367323388,-0.04921291023492813,0.05943285673856735,0.017610203474760056,0.058087922632694244,0.12423945218324661,0.042446281760931015,-0.004219934809952974,-0.26781946420669556,0.08502399921417236,1.8046964225613304,1.6776864281353647,0.789469045603861,1.7848031800674484,1.6661947706283236,1.3079823000889506,2.014734331994273,1.753334858333735,0.04644141650238171,1.5312242047866769,1.5112616995142454,0.001690184216105034,2.1322177781722687,1.8761006076282403,0.04132178035313169,1.6687414522227433,1.611061791163208,-0.003690184216105334,1.9159823236185645,1.6478152801914228,0.31797477185417145,1.6130487697076268,1.649253887221966,0.38891876061238706,1.7447428914974035,1.429378923879652,0.7838082542988262,1.5243094360783545,1.7393940547598898,0.7947230493135637,1.891549742581538,1.5344685767624544,0.8207335509922985,1.680166992657653,1.832112320497454,0.8274539133400032,1.849250058197978,1.5893546948983945,1.0057591511232609,1.7388992874569944,1.7566709760707584,1.006152027085005,1.8512130683806407,1.6124331923819555,0.6306153618941225,1.79213364351854,1.7289308306658029,0.6353936695329935
1.3000000000000007,0,0-ACCAD_Female1Walking_c3d_B21 - put down box to walk_poses,38,1.769683497492224,1.6555406781844795,0.7237733929765263,0.30416728308708396,0.0064796741785875375,0.03049779566989252,-0.9521082722995523,0.22983957827091217,0.043795812875032425,0.18191546201705933,0.6279442310333252,-0.9238951972930542,-0.008536051603765138,-0.5671486854553223,0.17305204272270203,-0.15526799857616425,0.5159446001052856,-0.025913559907185357,-0.17779590260232592,-0.02323136478662491,0.051019418984651566,0.020743532106280327,0.06061643734574318,0.12787224352359772,0.04497533664107323,-0.010404045693576336,-0.2621769607067108,0.08318758010864258,1.7701495595314967,1.65088946191932,0.7986275777187989,1.751400751006705,1.6382559411672455,1.317125268151852,1.9754006827680368,1.7095457889924712,0.05746150363754371,1.5223633566675625,1.5047868627117422,0.0017012020828677948,2.0941847137383616,1.8310174551846523,0.05154641285749378,1.6618921615034001,1.6017534891886531,-0.003701202082867734,1.8696862949194797,1.6028415755497039,0.3213595956227738,1.5864840710973693,1.628615706030365,0.3896174127452957,1.7142489365974691,1.4012364255842933,0.7919836081956704,1.4888726231443101,1.7069418821589877,0.8054702058724746,1.8596089160593214,1.5080555572939225,0.8296626962395547,1.64362658517739,1.8019969066975985,0.8367002835092068,1.8162129561973297,1.5625095405342895,1.014704220671406,1.7039525764270282,1.7285492694997406,1.01547910060221,1.816401378704395,1.5843696999353676,0.64055009659831,1.757254572074345,1.7004544438076359,0.644868508282116
1.3333333333333341,0,0-ACCAD_Female1Walking_c3d_B21 - put down box to walk_poses,39,1.7394069605506957,1.6312225791625679,0.7320897233052178,0.29129535498614617,0.0016798942999592657,0.024462501502647113,-0.9563188694880328,0.1509266197681427,0.05947167053818703,0.18579357862472534,0.6930744647979736,-0.8975864247519687,-0.01958815770279454,-0.5035744905471802,0.17150090634822845,-0.14842489361763,0.5265291929244995,-0.08597845212019029,-0.180791398275292,0.007794381119310856,0.04541413486003876,0.02979103848338127,0.05916673317551613,0.13305747509002686,0.04647795110940933,-0.018544001504778862,-0.2575308382511139,0.08482471108436584,1.7402348553168856,1.627640084584322,0.8069995379015239,1.7216448796353756,1.6169786209466432,1.325503253791892,1.920512661919574,1.6509128717170947,0.05340840260710334,1.5146015120217406,1.5029671063459613,0.0016636211873932369,2.0415809778859284,1.7700751297336104,0.046864769558384756,1.6574060679033082,1.595045764612405,-0.0036636211873932213,1.8165816319190493,1.5522188775641887,0.3248971267556011,1.564820620246729,1.6135491863672407,0.3889804085115587,1.685685346531207,1.3764516181790856,0.8016004847286089,1.4579435010764679,1.680147569141182,0.8145324410567832,1.8305689552828497,1.4840996430753395,0.8387516200437575,1.6122163329171968,1.7764780456648772,0.8441954964073046,1.786698675187004,1.5401417820643233,1.0234093396118984,1.6737364819469158,1.7057066474004319,1.0234655946130569,1.78527005096462,1.5586893054191853,0.6500359288066447,1.7265479624309747,1.6745121930126448,0.6534014269768647
1.3666666666666676,0,0-ACCAD_Female1Walking_c3d_B21 - put down box to walk_poses,40,1.7111071520484984,1.604684445541352,0.7409441040107929,0.2848028368406196,0.00035164008764108733,0.023205928065872974,-0.9583051212319517,0.05474722385406494,0.07816905528306961,0.18659043312072754,0.7357833981513977,-0.8411594878250903,-0.019800433364120185,-0.43528735637664795,0.1649004966020584,-0.14015397429466248,0.523108720779419,-0.14577708084604013,-0.17215261804819804,0.03931114822626114,0.042274750769138336,0.03950466215610504,0.0556650273501873,0.1366875171661377,0.04680913686752319,-0.026399115100502968,-0.2535681426525116,0.08786193281412125,1.7120479723956779,1.601333669370906,0.8158633081985704,1.6907304026616592,1.5873761371492776,1.3341451029617126,1.8586596252521257,1.590292413876351,0.04571743111500008,1.5114496279374465,1.5047789137607384,0.0015869403489557378,1.9804412343506683,1.7087012631937673,0.03874720237448265,1.656474342378859,1.5933286916244378,-0.00358694034895567,1.7638715035955923,1.5023440136399493,0.3321114966587314,1.5483671467305724,1.599656042137764,0.3878726692769753,1.6616264043469247,1.348094416656935,0.8094599613391172,1.427978794150023,1.6466190900895727,0.8227143483560169,1.804500412631226,1.4581231423866579,0.8474107383435328,1.5802433357457901,1.7459271032611188,0.8529301074349986,1.7588065358018241,1.5133221363132892,1.0320221575130823,1.6428799449392557,1.6768248184452583,1.0323108903219647,1.757815293246928,1.5325665371018578,0.6593107733704565,1.697399091081494,1.6470235193313894,0.6628922843854622
1.400000000000001,0,0-ACCAD_Female1Walking_c3d_B21 - put down box to walk_poses,41,1.6838369541801512,1.5804717275314033,0.748594689576559,0.2824000598585404,0.0003154064254835195,0.02241087389098405,-0.9590348583039732,-0.050410471856594086,0.09680250287055969,0.1855929046869278,0.7556459307670593,-0.75486926914322,-0.016620446142946665,-0.36568981409072876,0.1560412049293518,-0.13216045498847961,0.506181538105011,-0.19577957409880642,-0.16109747563809784,0.06886608153581619,0.0391383171081543,0.04738790541887283,0.051304932683706284,0.13754478096961975,0.046761926263570786,-0.035321194678545,-0.25055843591690063,0.08931021392345428,1.6847409061359098,1.5772344455224117,0.8235193375640933,1.6605932764179077,1.5594319499420162,1.341528575763019,1.7906984355527173,1.5278537319058723,0.035214611299286734,1.5094974611273018,1.5073822116447204,0.001478871446494414,1.912127221269835,1.6466117442403672,0.028032375879426773,1.6559786556174756,1.5935139737661288,-0.0034788714464941348,1.7120974408734448,1.4552783880451419,0.3424794620216312,1.5351470788768131,1.5883635327815033,0.38616846966790674,1.6396740442268973,1.3221037684383474,0.816034743278178,1.398582310885213,1.6132693473951698,0.8300364521641099,1.7798329580299002,1.43531330621622,0.8547470622716327,1.5480900233244048,1.716608361420192,0.8605004687361959,1.7322862317161516,1.4888939833275197,1.0394008800180146,1.6123804122416008,1.6495006222468458,1.0399365022483922,1.7324129824280603,1.5094146639598875,0.6671285205865196,1.669024226554658,1.6218589511830896,0.6711287542604744
1.4333333333333345,0,0-ACCAD_Female1Walking_c3d_B21 - put down box to walk_poses,42,1.6582248383201659,1.5571387740783393,0.7548101941904055,0.2819771339152999,0.001473034124592997,0.021448019668761194,-0.9591802273669268,-0.16041235625743866,0.11237139999866486,0.18459148705005646,0.753419816493988,-0.6432810930905539,-0.009249358348686565,-0.2954636216163635,0.14618274569511414,-0.12508592009544373,0.47898489236831665,-0.23806300757660548,-0.14971136353730308,0.09595037996768951,0.035517580807209015,0.05294378101825714,0.04781350865960121,0.13568876683712006,0.04663638770580292,-0.04527922347187996,-0.24916984140872955,0.08839428424835205,1.6589200802063373,1.5539905923298796,0.8297408660838189,1.632120915917411,1.5325686916566925,1.347459937712593,1.7181977581355445,1.4623171919338682,0.024787227943999297,1.509573506311718,1.5093745027052134,0.0013419276185173794,1.8386690132400538,1.5820463306217332,0.017603214956385407,1.657123016773709,1.593678734286702,-0.0033419276185173673,1.6628293538891536,1.4101868162727895,0.3559002094146663,1.5255561659533097,1.5782044882153494,0.3840663155354964,1.6195962575255471,1.2975480787246667,0.8211369197756118,1.3706224805259546,1.5801790489384868,0.8365488702616775,1.7567520220563715,1.4140956180176099,0.8606910794164524,1.5170941152825466,1.6878957570868696,0.8665944223713604,1.707456604707407,1.4655683525931202,1.0454133888669008,1.5833873798910563,1.6229805554057013,1.0460542938213604,1.7092529714689606,1.487428684263612,0.67331474040026,1.6422730510123618,1.5975250357693491,0.6777988031953763
1.466666666666668,0,0-ACCAD_Female1Walking_c3d_B21 - put down box to walk_poses,43,1.6321907215751708,1.533130023162812,0.7593224045487753,0.2830275814643692,0.0036629885043831367,0.019906476239689334,-0.9588981712618735,-0.2709473967552185,0.1234692856669426,0.1844579130411148,0.7305529713630676,-0.511638326364189,0.0012882453456966036,-0.22761814296245575,0.1360941231250763,-0.11921177804470062,0.44548094272613525,-0.27320605179275215,-0.13944939316816996,0.12052134424448013,0.03221152722835541,0.05649774149060249,0.046962276101112366,0.1312619000673294,0.0462544746696949,-0.055496226996183395,-0.2500167489051819,0.08567534387111664,1.6325089689022794,1.530111271596837,0.8342609517566156,1.6028180051900782,1.5060995669583832,1.35169329492759,1.6407504885345103,1.3928391614753817,0.017011601771345763,1.5089189878539604,1.508167121635398,0.0011841182195626368,1.7599115257770905,1.5138843088257135,0.010031665796792037,1.6571922307156668,1.5912090626151545,-0.0031841182195625796,1.6152277439455975,1.366268047537608,0.37156985115537444,1.5165945615849403,1.566808746117145,0.3817822983975419,1.5993705576449497,1.2731772984656418,0.8246084218350709,1.3420904303027883,1.546459444275299,0.8415605257797838,1.733218100224555,1.3931384823269424,0.8652743033103819,1.4853349340338802,1.6586757724297716,0.8706822024232919,1.6819563262811343,1.4421442495266583,1.0499591857904456,1.5537280242359708,1.5961884107042674,1.0502487746387894,1.6860427300341638,1.4648749761538569,0.6776676659737394,1.61517588668657,1.57244485525125,0.6825693032000549
1.5000000000000013,0,0-ACCAD_Female1Walking_c3d_B21 - put down box to walk_poses,44,1.607271092478186,1.5088538858108222,0.7622994700709341,0.2861283691130659,0.00576461333173258,0.017466055553483895,-0.9580147506824909,-0.3779884874820709,0.1299436241388321,0.18537215888500214,0.6888300180435181,-0.3634228294450048,0.014024562069364643,-0.1656494438648224,0.1250046193599701,-0.11389435082674026,0.40996912121772766,-0.29978056885660265,-0.12961878233475033,0.1426783949136734,0.030222229659557343,0.05954165756702423,0.048284947872161865,0.12477347254753113,0.04538385197520256,-0.06645752489566803,-0.25374576449394226,0.08203716576099396,1.6071923348861723,1.5060965620706743,0.8372487259914149,1.5743700586440474,1.4810661336093818,1.3544321948251492,1.5612818262673922,1.3200374202932061,0.01421861375671907,1.506341562092842,1.5031723661422376,0.0010247438985207732,1.6788194195562876,1.4426816100830617,0.007637058116587769,1.654811591021266,1.585878183099538,-0.003024743898520789,1.571575744261853,1.3241461137843213,0.38878522136136284,1.5076461269173722,1.5535746137021762,0.37977109324728764,1.580870874042438,1.2493471762798227,0.8270666305546243,1.3144572403246257,1.5122838696543943,0.8452677948773726,1.7109670775181285,1.3730057325227176,0.8688171217290126,1.4541304664690213,1.629287654493015,0.8728552636996909,1.6575347349315008,1.4194412895132242,1.053296603574601,1.52496480403012,1.5697641083555596,1.0526269349270665,1.6641278333509828,1.4420809781134707,0.6803841138517472,1.58916337908563,1.5469503098152986,0.6855869282320587
1.5333333333333348,0,0-ACCAD_Female1Walking_c3d_B21 - put down box to walk_poses,45,1.5822719507850707,1.4843988153152168,0.763453021061681,0.29063641850404265,0.007311088127117254,0.01599514690418086,-0.9566719267884126,-0.4773983955383301,0.13319475948810577,0.18668411672115326,0.6306337714195251,-0.20585334018064394,0.029980508876615186,-0.1061953455209732,0.11227128654718399,-0.10825780034065247,0.378820538520813,-0.3276996475593734,-0.11555614274111492,0.1627749502658844,0.029718073084950447,0.06265758723020554,0.050601162016391754,0.11688186228275299,0.0439952090382576,-0.0778287872672081,-0.2598661780357361,0.07780498266220093,1.5819201197016988,1.481784768843709,0.8384066265515676,1.5463734832277132,1.455444688666842,1.3553355630842956,1.4807620606269125,1.247134226537342,0.017220859309288735,1.501781445542,1.4997429576550205,0.000900940699569884,1.5966457349795842,1.3713710727952781,0.011205873822530854,1.6500181733496748,1.5828778975220834,-0.0029009406995698962,1.5309954330024937,1.28537293320175,0.4052822708230764,1.4969426792324956,1.540609644392354,0.3774874881207948,1.5625644183566738,1.225747395216441,0.8275474958493073,1.2868153218358198,1.4777116980241427,0.8476904860798227,1.6886880769065715,1.353091291400887,0.8703951219530017,1.422692842675552,1.5995010417031217,0.8734629384439215,1.6333194276491085,1.3964668883956417,1.0547384058563338,1.4963880078896896,1.5428216898508236,1.0532406496398348,1.64195857351229,1.4192950486566382,0.6809176685611378,1.562891063090658,1.5213516595935332,0.6867617800283885
1.5666666666666682,0,0-ACCAD_Female1Walking_c3d_B21 - put down box to walk_poses,46,1.5555675202049315,1.4570944043807685,0.7616808516304292,0.29356107308496016,0.009887235347637111,0.015359418943937178,-0.9557657805111521,-0.5645473599433899,0.13624201714992523,0.18682213127613068,0.5599449872970581,-0.04969567300998068,0.043198419387812326,-0.0465637631714344,0.10175125300884247,-0.10369922965765,0.35632097721099854,-0.3673677336483163,-0.1027357552673489,0.18165472149848938,0.029460949823260307,0.06584048271179199,0.05276836082339287,0.10789039731025696,0.04236086085438728,-0.08880401402711868,-0.2661901116371155,0.07271695882081985,1.5548263771496333,1.4544570272127217,0.836630801254462,1.5156946282684394,1.4258308980583208,1.3531700877556188,1.4032629560609409,1.1736041831833401,0.02446655243464715,1.4994533073421827,1.4957764632822967,0.0008107823592545561,1.5182180435766406,1.2987313629319754,0.019126445468436587,1.647648291995121,1.578993834021254,-0.002810782359254211,1.4928187731500668,1.24752884659888,0.4178372296731767,1.485317605796243,1.525503668892718,0.3734710428864933,1.5410437521753577,1.1995367695956312,0.8246319604111471,1.257665774672967,1.4413958493582562,0.8467979017863059,1.66363671062836,1.329795671411233,0.8689394004150788,1.3901076839333892,1.5672051278327745,0.8711028462491773,1.6065324433787753,1.3698261792164843,1.0531557682255048,1.4660097967689238,1.5127262213073187,1.050886702294216,1.6176647625294243,1.3934727582929536,0.6784224438906692,1.5351479698900359,1.4931139119280064,0.6849674033194176
1.6000000000000016,0,0-ACCAD_Female1Walking_c3d_B21 - put down box to walk_poses,47,1.5261726551689208,1.4363451930694282,0.7571502040840146,0.2929361195556454,0.01292624932703196,0.012498111828326601,-0.955962938161696,-0.6363407969474792,0.13818837702274323,0.1858339011669159,0.48642590641975403,0.09578852688758621,0.04965003910211285,0.01168589387089014,0.09398630261421204,-0.10048479586839676,0.3436623811721802,-0.4159269951376172,-0.09801020951444284,0.20019839704036713,0.028781531378626823,0.0686177983880043,0.05343027785420418,0.09820486605167389,0.040256939828395844,-0.10115312039852142,-0.27201545238494873,0.06654101610183716,1.524868275133123,1.4339850485159558,0.8321017104758739,1.4812656270530846,1.405358067377959,1.3482745228953321,1.3300403212879723,1.1100156816499887,0.035089670513068216,1.4988168742466546,1.4953436054165987,0.0007423669262776045,1.4453310725797441,1.2348610635453927,0.030434212858921977,1.647531949623256,1.577633841688641,-0.002742366926277589,1.4548246761736192,1.2183530216542153,0.42625002156011044,1.4720885556835257,1.5149314078759493,0.36746556394605645,1.5142233137500731,1.1802016903369603,0.8203123398646603,1.2257068218390672,1.413829584314972,0.8432112401032659,1.634308092225926,1.3125256238589744,0.8653632754801943,1.355515767440538,1.5427588150535854,0.8652669719467554,1.575918947273843,1.3504970213507914,1.049229971515974,1.4329975050957011,1.4909638625957957,1.045394247807107,1.5900393108328588,1.3731881220251752,0.6736263778342934,1.505173404025298,1.4712956299122288,0.6801333271412877
1.633333333333335,0,0-ACCAD_Female1Walking_c3d_B21 - put down box to walk_poses,48,1.4988128119148314,1.409134719055146,0.7497650673453907,0.2948723330064227,0.01512296201237074,0.012045310558794497,-0.9553410457741592,-0.6893316507339478,0.12994816899299622,0.18717347085475922,0.427866131067276,0.20449700992609676,0.06615444984851049,0.06644350290298462,0.08342538774013519,-0.09653256833553314,0.3412834703922272,-0.4712263944426094,-0.08507228199832362,0.21720080077648163,0.029566612094640732,0.06851770728826523,0.05605434253811836,0.08578674495220184,0.037455182522535324,-0.11122163385152817,-0.2773091197013855,0.06013692170381546,1.497178448287155,1.4067397106536756,0.824708998322418,1.4512892696864848,1.3774881895560571,1.3406497826022186,1.2671914801574844,1.0570706288598173,0.043054062574477275,1.4972277199786417,1.4926769652508636,0.0007510467669415051,1.382824161487554,1.1816177031119366,0.038917723171610276,1.6458160651549458,1.5751950785269646,-0.0027510467669413854,1.4207440299660885,1.188097752556229,0.4278023500351805,1.4576636938672316,1.4990287092990366,0.35994316281300454,1.4905238484451753,1.1548155825497428,0.8127224518213487,1.196672631438542,1.3787495142065846,0.8375421292011487,1.6076508086824883,1.2895688821448126,0.8583556375306152,1.323389207099355,1.511085250099257,0.8572836251604372,1.5487357910043391,1.32447244126051,1.042170076381842,1.4029256534474042,1.4619109232946552,1.0374528375944052,1.5641890735759019,1.3468805226352134,0.6657306829406694,1.476894840497282,1.4432630069673673,0.6725643972039639
1.6666666666666685,0,0-ACCAD_Female1Walking_c3d_B21 - put down box to walk_poses,49,1.4714967184700072,1.3766712876968086,0.7397659686512696,0.29658350020275526,0.016013830991738524,0.012047031726446071,-0.9547966556555549,-0.7193653583526611,0.11399629712104797,0.18943259119987488,0.39346542954444885,0.2660249165543529,0.08537013450358866,0.11837995052337646,0.06782707571983337,-0.09087583422660828,0.3505583107471466,-0.5332937979060741,-0.06479944057677534,0.23140275478363037,0.031991515308618546,0.06268171966075897,0.06411071866750717,0.07102830708026886,0.0338723249733448,-0.11478060483932495,-0.2814478576183319,0.05381157621741295,1.4697391682542078,1.3742335021492826,0.8147057325878022,1.4243364149644935,1.347308357885894,1.3308351513110526,1.2152275856709032,1.0158657945855234,0.0436688795328839,1.4928255406958664,1.4877444140030054,0.0008357838004552781,1.3318575728224706,1.1394879272735605,0.03979403673781124,1.6410185160866835,1.570963171721254,-0.0028357838004551897,1.3879577756522135,1.1563452431684675,0.4227797169627423,1.4402590427096194,1.4784274472549281,0.35046742151953963,1.4668244067606189,1.1253530376773044,0.8031612292692498,1.1689346997620502,1.3407624939563496,0.8297896841818668,1.5813317073147488,1.2623366696651175,0.8488025142139326,1.2931555352387383,1.475792614649604,0.8469831347723321,1.5227210948163372,1.2942905047921112,1.0326637389766937,1.3745264026113617,1.4291245022351022,1.0271581748987793,1.5377250037769803,1.315031865789771,0.6553522511878285,1.448530979172823,1.4100314612588856,0.6623749975531342
1.700000000000002,0,0-ACCAD_Female1Walking_c3d_B21 - put down box to walk_poses,50,1.4418473416008055,1.3422065707854927,0.7273074745108139,0.2941057735179024,0.016828750753263948,0.011175632668669989,-0.9555593609849551,-0.7251057028770447,0.09404430538415909,0.19131775200366974,0.38443225622177124,0.277767330253899,0.09936040883961916,0.16533660888671875,0.047504015266895294,-0.08348086476325989,0.3715101182460785,-0.6017714986065905,-0.0405993399859963,0.2424556314945221,0.03520839661359787,0.050136227160692215,0.07730035483837128,0.05830087885260582,0.02903887815773487,-0.11064410209655762,-0.2843642830848694,0.04783645644783974,1.4399282337669965,1.339862308810127,0.8022462592681948,1.3966317366903462,1.3196151539259662,1.3189026572050302,1.1725772876886813,0.9890176849696941,0.033662632703225975,1.4854366664579253,1.4810849176604786,0.000975656331541834,1.2915330141339623,1.1104047694380184,0.029827157484246424,1.633619369442817,1.5643091549013801,-0.0029756563315417733,1.3538662864860942,1.1257592624881398,0.4112194731063488,1.419172807358643,1.4554808599802158,0.33860894085017523,1.4389500486004556,1.09454870187212,0.7924391140150843,1.1395700659143233,1.3062069125857791,0.8193521643977837,1.5523045957998296,1.2327380529685945,0.8373168821963157,1.2631261387655908,1.4421436549440863,0.8340035514567498,1.494208095216999,1.2632894921072841,1.0210723310341454,1.345278336322791,1.3972575213695924,1.0143880994936976,1.5080111232439641,1.2801901339043749,0.6430039675350566,1.4182541284295764,1.374951818372962,0.6496229503319085
1.7333333333333354,0,0-ACCAD_Female1Walking_c3d_B21 - put down box to walk_poses,51,1.4097845726646483,1.3076235982589424,0.7132625292352205,0.29430397174442635,0.017333752814476324,0.008562925097727487,-0.9555162947551408,-0.711480438709259,0.0712137371301651,0.19304433465003967,0.3966370224952698,0.2502006584599008,0.10729153304774042,0.20448431372642517,0.024891352280974388,-0.0751563310623169,0.40458589792251587,-0.673823471078105,-0.017321862142807065,0.24833108484745026,0.03807380422949791,0.03457694128155708,0.0944223701953888,0.048742301762104034,0.024635273963212967,-0.09936729073524475,-0.28569933772087097,0.042325105518102646,1.4076781856050264,1.3056310872449148,0.7882064618342911,1.36746265222161,1.2949639991855995,1.3054526321192792,1.141974665346031,0.9701940141580789,0.015464107203896515,1.4728918689602655,1.4713816875944272,0.0011550828743839558,1.2626384453912745,1.0898796903436325,0.011515550353621146,1.6203172708134401,1.5559226442938174,-0.0031550828743838917,1.321067773711196,1.0957082211833322,0.39529400868463793,1.39266976794092,1.4298994926921647,0.3245888784989671,1.4099544921774787,1.0640430632403928,0.7808542768190252,1.1087987738222989,1.2730959185030581,0.8064853208672377,1.5218494854145894,1.203742663890303,0.8247073983828408,1.2318346098377404,1.4097188145531638,0.8189725757709996,1.4637103110221565,1.2337072962810665,1.0081638270250253,1.3140073159224626,1.3667193438042162,0.999857602137608,1.4759599801641834,1.2450819389159218,0.6296319253868708,1.3855868403133291,1.33945996276649,0.6351494739551973
1.7666666666666688,0,0-ACCAD_Female1Walking_c3d_B21 - put down box to walk_poses,52,1.375998514238745,1.2718112203292549,0.7040384699855571,0.2943970759498172,0.01516266572606438,0.004082736447688865,-0.9555541776913415,-0.6889563798904419,0.0469718761742115,0.19516853988170624,0.4207487404346466,0.207626369319593,0.11401601736742117,0.23446154594421387,0.004945531487464905,-0.06792894750833511,0.45142698287963867,-0.7455002276181815,0.00017490419500831855,0.24646133184432983,0.04010823741555214,0.021177608519792557,0.11395062506198883,0.04106685146689415,0.023216500878334045,-0.08298493921756744,-0.28579196333885193,0.0376078225672245,1.3740054938026343,1.270556452280901,0.7790014837102338,1.3385212489387228,1.271189668147729,1.2967539091305549,1.1132956534565535,0.952900705577111,0.001075709248055761,1.4546879712286223,1.4537064939128528,0.006284523079099203,1.2356779843884096,1.0708215722638676,-0.00307570924805569,1.6013407225110874,1.5395568369227914,0.0015212105385123062,1.2862782744419856,1.063869177925039,0.3840685218886847,1.3607272361637832,1.3987721160908522,0.3141824765520477,1.3784532151731863,1.032797214173009,0.7738115293688984,1.0770889013452025,1.2423703867143943,0.7982248886112195,1.4898106319139417,1.1731978300995367,0.8167854399245535,1.2008495015277563,1.3784980622922556,0.8088142223197542,1.4319547116262727,1.2034154084604747,0.9999821670732141,1.2825044651831137,1.3366110176658306,0.9901975655742721,1.4416848514646095,1.2082030820057272,0.6212767468326297,1.3510813449718218,1.3024677119610433,0.6254664630118565
1.8000000000000023,0,0-ACCAD_Female1Walking_c3d_B21 - put down box to walk_poses,53,1.342135685030371,1.2352474662475288,0.7120747718182843,0.29761310164396576,0.013413391989454859,0.0007515414863222858,-0.9545920373806761,-0.6566745042800903,0.022101450711488724,0.19764196872711182,0.4516749083995819,0.14634587236733343,0.1217759209145064,0.24977536499500275,-0.008766611106693745,-0.06368476152420044,0.5109428763389587,-0.8177602020830843,0.012548270162216157,0.2357243001461029,0.041725728660821915,0.0106519078835845,0.13193102180957794,0.03676031902432442,0.02406190149486065,-0.0643463209271431,-0.2857835292816162,0.033533062785863876,1.3402485877411747,1.234541053740706,0.787047699233394,1.3086484710325512,1.2438873360844682,1.305010441073502,1.0930261212729904,0.9395057456495778,0.001195442016570996,1.432297739677395,1.4305848902977891,0.029083225402160826,1.2161085389379784,1.0566869668377397,-0.003195442016570925,1.5778490872928173,1.518257336796312,0.023759004116538703,1.2543761986847055,1.0326525937252204,0.3878238087581514,1.3251186834348487,1.3637000312118541,0.32008815292233256,1.3466389006843427,0.9999797656783015,0.7826553778076654,1.0454474718378732,1.211598555978433,0.8058767055741757,1.4576646114000085,1.1406028536289958,0.825759935565061,1.17026532983893,1.3467941629431999,0.8159868186113493,1.3995960650213195,1.1709005627569429,1.008703007524189,1.2506970367786223,1.3046298014766002,0.9978515099390023,1.407602827508575,1.1710941694940151,0.6301888720820923,1.316610162066499,1.2649386184738063,0.6332079034875774
1.8333333333333357,0,0-ACCAD_Female1Walking_c3d_B21 - put down box to walk_poses,54,1.3079074793495238,1.2031608554534614,0.720318095836507,0.30396304634682686,0.011709647249644795,-0.0030482990531930285,-0.9526069800761109,-0.6169873476028442,-0.0013698163675144315,0.19990532100200653,0.4813385009765625,0.07964073111894221,0.12746942084319723,0.2468544989824295,-0.015924258157610893,-0.06297630071640015,0.5818080902099609,-0.8840904418219186,0.013772130527392568,0.2151356339454651,0.04367914795875549,0.003349752863869071,0.14242401719093323,0.0364215187728405,0.02531484328210354,-0.04835209622979164,-0.28759342432022095,0.029884260147809982,1.30609529005393,1.2030625350893287,0.7952961346416326,1.2769626041178863,1.220398161888024,1.313230409705938,1.078703980639257,0.9298718437052375,0.0012945478164929775,1.4037658368850943,1.403967619865248,0.04993149470337851,1.201396920444786,1.0474532313613973,-0.003294547816493198,1.5480078613967792,1.4937348704804105,0.04392490817148712,1.2252766184124368,1.005879740855864,0.3906502913700868,1.284978421132875,1.3278667536514799,0.32454032325147847,1.312788954827748,0.9700952468803118,0.7924890802107863,1.0127591458403586,1.1859230732819397,0.8133136505090687,1.424285473771624,1.1105165998236592,0.8350324005457798,1.1389782496407164,1.319835617773568,0.8230979475088709,1.365992904982452,1.1423723252380547,1.0176256001159598,1.2180941361030873,1.2770959635921943,1.005473220406979,1.3734805512422945,1.1387256379890196,0.6394849973891308,1.2819804456432864,1.231886580878279,0.6412482839272031
1.8666666666666691,0,0-ACCAD_Female1Walking_c3d_B21 - put down box to walk_poses,55,1.281239049974829,1.1683171722106636,0.7290228635226195,0.3123777115107289,0.008096837806089646,-0.0007440594454577703,-0.949923182654473,-0.570444643497467,-0.021879972890019417,0.20144082605838776,0.5007347464561462,0.01541028376604836,0.14362632789849572,0.22059841454029083,-0.020446347072720528,-0.06388820707798004,0.657671332359314,-0.9317039957225708,0.029805487746564108,0.1856645941734314,0.04752000793814659,0.0021627466194331646,0.14246945083141327,0.03849141299724579,0.02647983282804489,-0.03885782137513161,-0.29283151030540466,0.028153568506240845,1.2800504797460792,1.1680438013584895,0.804012946661582,1.2543081819727275,1.1862953503018299,1.3221077278391786,1.0701666298648924,0.9226273507548737,0.00133602273439919,1.3684750531780538,1.3731711468612657,0.06720038738138664,1.19146510125359,1.0416435380148545,-0.0033360227343988656,1.5111625521955736,1.4653404083105959,0.06048437159743476,1.2042794917193622,0.9803668102888657,0.3914678583094786,1.2438421374566255,1.2884126812467802,0.32964922176021816,1.284220984170301,0.9348944053505919,0.8012270725440966,0.9868795655973984,1.1568916625287187,0.822594866096291,1.3975737664641328,1.0740124527849324,0.8431422228894294,1.114972730372416,1.2889792059893033,0.8328216057838201,1.3405318375088116,1.1069601902611272,1.0260198308947057,1.1941721329437773,1.2434238351980282,1.0146754318285895,1.3464828132378948,1.104632431778351,0.6481555244602017,1.2546648875739081,1.1971085633214353,0.6503904396868206
1.9000000000000026,0,0-ACCAD_Female1Walking_c3d_B21 - put down box to walk_poses,56,1.2547702961601317,1.1425001355819404,0.7370308050158598,0.3219476629785622,0.0035701309567120645,-0.0020120664256107926,-0.9467485981274506,-0.5133543610572815,-0.03691432997584343,0.20111127197742462,0.5067017078399658,-0.039563715162082236,0.14877450535562642,0.1633826196193695,-0.024406300857663155,-0.06457559764385223,0.7222995162010193,-0.9332332128899408,0.030021774312681604,0.1523996889591217,0.05039910227060318,0.009435593150556087,0.13317769765853882,0.04409492760896683,0.029127363115549088,-0.036643024533987045,-0.29904767870903015,0.02864385023713112,1.2541661266758495,1.1426134644444021,0.8120282858789074,1.2288534762206877,1.1620358496038983,1.330078623095902,1.066608667259905,0.9174132702099709,0.0013062892632960746,1.3185397499722262,1.3355822824665753,0.07068525429673923,1.1857757598041296,1.038565769870078,-0.003306289263296208,1.459516034350077,1.4303011558722656,0.0633352703666804,1.1873665722957498,0.9624471779300549,0.3915073752740418,1.1959990565378842,1.2489351042866204,0.33327865532121315,1.2542109473482577,0.907469490396633,0.8107394824881688,0.9600742706425579,1.1364372006436627,0.8306204813542588,1.369859645638537,1.0451152365457395,0.8512190002099478,1.0899715673215091,1.2667402792531188,0.8409821522893205,1.3138412592681787,1.0811083548691276,1.034064355807455,1.1692230548238958,1.2194057269445795,1.022592794434407,1.3196835479644453,1.0789546914339954,0.6567245947855671,1.228125906117119,1.1711765062472912,0.6587372755044297
1.933333333333336,0,0-ACCAD_Female1Walking_c3d_B21 - put down box to walk_poses,57,1.2286275797523558,1.122120592277497,0.7458293675045654,0.32660663201461887,0.0018836264756307893,-0.003499056009224101,-0.9451520070773864,-0.44805315136909485,-0.0459267683327198,0.19893278181552887,0.4976930320262909,-0.09116694190000851,0.14510322252429853,0.086522176861763,-0.02351253479719162,-0.06695151329040527,0.7681362628936768,-0.9011645385874552,0.015665819679357096,0.11992902308702469,0.05155794322490692,0.018174249678850174,0.11820016801357269,0.053247950971126556,0.03200734034180641,-0.04024195298552513,-0.3040309548377991,0.028841570019721985,1.2281891105159914,1.1225243825141193,0.8208269987883171,1.2006573320756582,1.141545085077289,1.3387481241146906,1.0678180422393264,0.9178274569617416,0.0012138523206875265,1.2650021487336354,1.2925287059707047,0.06808860435890356,1.1855471431868299,1.040384603720718,-0.003213852320687473,1.4054353482891464,1.3880126949655958,0.06025762049826561,1.1740186204171903,0.9521476423381418,0.3910680868211722,1.1486537105625176,1.2109861320983266,0.3397186005494416,1.2212013989602652,0.8842404093800356,0.8212054820986787,0.932689932866404,1.1227624572029116,0.8389237018500804,1.3405244152767553,1.0190856583266883,0.8604271702038333,1.0653691999888957,1.2502142743395115,0.8494977544594318,1.2852583476211543,1.059247427627729,1.043000946855675,1.143792172755811,1.2007304995736205,1.0310826155244104,1.292841118166387,1.0580098099178055,0.6663797363635606,1.2030263523502491,1.151402155037261,0.6677260635866253
1.9666666666666694,0,0-ACCAD_Female1Walking_c3d_B21 - put down box to walk_poses,58,1.2024352722801268,1.0979349347762764,0.7544183880301972,0.32860218923930556,-9.639910065446202e-05,-0.0027527644445935256,-0.9444644060112913,-0.3751896023750305,-0.050934385508298874,0.19586284458637238,0.47503602504730225,-0.13696678265385653,0.14134234071715368,0.00022432701371144503,-0.019011912867426872,-0.0708031877875328,0.793176531791687,-0.8385129221105521,0.0016633215763330877,0.0897812768816948,0.05336952582001686,0.02329951524734497,0.10302644222974777,0.06406447291374207,0.033833034336566925,-0.04320776090025902,-0.3067459762096405,0.02870732918381691,1.2023132444445848,1.0983296695250115,0.8294172499794661,1.1746955549433977,1.1167432048270753,1.3473409895564115,1.068816125149201,0.9166599312716254,0.0010652759994404723,1.2047860379290496,1.2401145896204933,0.06175392424232923,1.1854488541600496,1.040271197196971,-0.0030652759994403804,1.3452528106968311,1.3355272375920852,0.05365995394009219,1.1618996603074758,0.9411337431207212,0.38990542703840464,1.100056568151598,1.1687722065381891,0.3496777248351932,1.1874837258884072,0.8569635207705065,0.8316196173109895,0.9060648187570192,1.1059196071247628,0.8480196623917291,1.3110564035450454,0.9884665319557977,0.8689869237450625,1.0419232661493358,1.2299892059407678,0.8584494814674725,1.2574196361979924,1.0330377678692644,1.0514579800510073,1.119636580563459,1.1781294543429426,1.039778211378858,1.2652707526792129,1.0330705617726141,0.6754217686395088,1.1780691763885138,1.128453904154827,0.6765169354617432
2.0000000000000027,0,0-ACCAD_Female1Walking_c3d_B21 - put down box to walk_poses,59,1.1784875565208495,1.073757145088166,0.7619824012250114,0.32722875871694096,-0.0023431242910594207,-0.0003412087541098708,-0.9449421849053584,-0.29894426465034485,-0.05215715244412422,0.1925020068883896,0.44104406237602234,-0.17481781686155817,0.13689162984884806,-0.09151023626327515,-0.011502217501401901,-0.07637113332748413,0.7969204187393188,-0.7484822768478132,-0.011591513028656797,0.0628950446844101,0.055978354066610336,0.025415251031517982,0.08915113657712936,0.07576669752597809,0.034820783883333206,-0.04401285573840141,-0.30708685517311096,0.028881747275590897,1.1788029260713537,1.073920519118001,0.8369815602267827,1.15286459498514,1.0918494353210193,1.3550076571519991,1.070614419503505,0.9160437474916605,0.0008738653610132346,1.1409910414173083,1.1829249482679778,0.053246199887256984,1.1868274570778266,1.0400618284806216,-0.002873865361013365,1.2821201090803176,1.2773517037612,0.04511145295862477,1.15244641658925,0.9321170275565661,0.3884090882708284,1.0536658076082988,1.1273028364646065,0.36256095226452734,1.1553796311947622,0.8298991935552352,0.8410823034641318,0.882705600380914,1.0902126495770796,0.856465536998193,1.2836583425792312,0.9574435599671421,0.8762472150422017,1.022202210874776,1.2101886566281035,0.8667620216888292,1.2323692053157171,1.006494308444079,1.0587136336522085,1.0989255572390193,1.155640096860952,1.0477358613148116,1.2392615351300569,1.0078436116837575,0.6830607455770893,1.1555575297160519,1.1060035448060184,0.6842031016537012
2.033333333333336,0,0-ACCAD_Female1Walking_c3d_B21 - put down box to walk_poses,60,1.1518109017051756,1.052608225028962,0.7680373587288852,0.32737650723045625,-0.003072989842651741,0.001609105094193986,-0.9448876070876417,-0.22297213971614838,-0.0486125573515892,0.18880978226661682,0.4003945291042328,-0.20710982860999771,0.12541414284919172,-0.18634241819381714,-5.8370129409013316e-05,-0.08452814072370529,0.7797707319259644,-0.6362191621124036,-0.031241990001158015,0.03898828849196434,0.05791540816426277,0.025023620575666428,0.07485306262969971,0.08821040391921997,0.03490191698074341,-0.04646458849310875,-0.30599379539489746,0.02861740067601204,1.1523254636888554,1.0525310652118773,0.8430355538560186,1.1276265404412076,1.0704170578888075,1.3611298657701862,1.073099721036106,0.9146789364950654,0.0006748590996091437,1.071258529130997,1.121816645235135,0.04428387054744738,1.1884008417319376,1.0395566004477157,-0.0026748590996092322,1.2126559455245154,1.215857503037703,0.036341093892197314,1.143253356299017,0.9256487253942223,0.3870205361747385,1.006778320225783,1.0878609180446068,0.37702459867985855,1.1216675135390912,0.8058385141580907,0.8496561158226135,0.8565137741153879,1.0752599580090092,0.8635126001621185,1.2537763534868027,0.930102249826644,0.882295702363101,0.9987589416671383,1.1920116387614021,0.8732553694724242,1.204605633509283,0.9836174655647388,1.0645886728264704,1.0747029605969967,1.1358872806352598,1.054034816250183,1.2109569200264483,0.985831559341603,0.6892420855604176,1.1305063085376792,1.0865493351828865,0.6900837792224279
2.066666666666669,0,0-ACCAD_Female1Walking_c3d_B21 - put down box to walk_poses,61,1.1264171772636473,1.0328197213821113,0.772183042546301,0.3233398397511899,-0.002574936367052108,0.005025173690627766,-0.94626606478398,-0.15086570382118225,-0.04244318976998329,0.185724139213562,0.35825568437576294,-0.2371083881855447,0.11323729677814098,-0.28236132860183716,0.01498409453779459,-0.09539556503295898,0.7427452802658081,-0.5051749194181019,-0.05080151267340649,0.018309375271201134,0.05932185426354408,0.02419457584619522,0.058696914464235306,0.10064328461885452,0.03370170667767525,-0.0515267476439476,-0.30400848388671875,0.028593635186553,1.1270263893274928,1.0322313356089923,0.8471782601461136,1.1033886426548523,1.048295830033543,1.3653882762556369,1.0757063068704122,0.9151030294659328,0.0004760157895403981,0.9998103507731976,1.058923271214366,0.037131541275066446,1.1912207276841065,1.0397934625136724,-0.0024760157895405872,1.1420929668982773,1.1516533856003108,0.029596089425789923,1.134762076578167,0.9210206683238146,0.38536116130688625,0.963787071763288,1.0525267136714311,0.3924962508904326,1.0871620344223936,0.783099076488584,0.8560266954295992,0.8315815242398811,1.0624171997083012,0.869025764753778,1.2238140414057144,0.9030258308713818,0.8860827559633193,0.9770812505258549,1.1751283246979247,0.8782775839504733,1.177480103754938,0.9607650430631034,1.0683269259690673,1.052078587272687,1.1168217732088352,1.0586863066853296,1.1834915166051432,0.9649875438030635,0.6931982813225774,1.1071461340414135,1.0689004071611143,0.6939276509142762
2.1000000000000023,0,0-ACCAD_Female1Walking_c3d_B21 - put down box to walk_poses,62,1.1018119030632079,1.0129865142516792,0.7740968982163008,0.3207265111712607,-0.0015164068688729721,0.008341413008826175,-0.9471339009723679,-0.085944265127182,-0.03686545416712761,0.18451468646526337,0.3182607889175415,-0.26326532160523786,0.10205903013240869,-0.37558722496032715,0.03235737979412079,-0.10854997485876083,0.6883910298347473,-0.35998230390048547,-0.07188140683097988,0.0013773331884294748,0.06151590868830681,0.026896033436059952,0.04092469438910484,0.11278896778821945,0.031442850828170776,-0.05303078889846802,-0.2998325228691101,0.03143990784883499,1.1024286359600683,1.011874401777964,0.8490861164171845,1.0774006405346899,1.0250230730775778,1.3673091050391197,1.0771411128342987,0.9135414855649606,0.00028957181228516163,0.9269694183927365,0.9919565294712287,0.0333338426944986,1.1925706236100602,1.0383187914351877,-0.002289571812285219,1.0695756307976723,1.0842337343496207,0.02637786373035355,1.126394649122133,0.9152953479183517,0.38358107255819057,0.9244759243162122,1.0179472336307727,0.4075000229348279,1.0544017270955592,0.7601856381553074,0.8600451012833136,0.8077946733866669,1.0477911805038982,0.8697756133281107,1.1946346425828485,0.8764757032011994,0.8878104464049769,0.9557374501175048,1.1571419222393389,0.8804954220599197,1.1504687032864611,0.9378520083065632,1.0698887076517167,1.0286144109539288,1.0967335410219352,1.0609235025702954,1.1572202460514651,0.9444073439663143,0.6948206963102205,1.0844746719442329,1.051066192646476,0.6953501048976315
2.1333333333333355,0,0-ACCAD_Female1Walking_c3d_B21 - put down box to walk_poses,63,1.076237099710852,0.9934205743484199,0.7740055416090474,0.3172018248140384,-0.0015774685518806645,0.011293963631943026,-0.9482894918288889,-0.026899894699454308,-0.03332316502928734,0.18542440235614777,0.28486326336860657,-0.28852332901643973,0.09434768152782613,-0.4615190029144287,0.05075126513838768,-0.12334546446800232,0.6210304498672485,-0.20640645756296094,-0.09317953013634317,-0.013937692157924175,0.06234879791736603,0.029723260551691055,0.023259202018380165,0.12528139352798462,0.029230419546365738,-0.05543804541230202,-0.29720085859298706,0.03472231701016426,1.0769988541195832,0.991889138678916,0.8489860353058146,1.0519494671638328,1.0022730963128026,1.3672630569514954,1.073752189279122,0.9113962834489407,0.0001284891954512861,0.8518723819565341,0.9240315018877717,0.034821787027718556,1.1893689798927412,1.036006330302112,-0.0021284891954513503,0.9946760046415654,1.016050657093769,0.028528900312876186,1.1144412561247041,0.90839424525588,0.38147225487923453,0.8867138122358578,0.9855697352649421,0.4214000290829331,1.0207458549404207,0.7378387828855464,0.8622926969450566,0.7830814033150042,1.0336699071473106,0.869528094381425,1.1645259374181738,0.8503519113326574,0.8873456012458066,0.9334513171819969,1.1395609410258694,0.8811703515479391,1.1231753561616136,0.9153780659337353,1.0693154851513769,1.0049502268686348,1.0770294802710383,1.0613264960784068,1.1297959152888069,0.9239834780374112,0.6943139424540208,1.0605808864177155,1.033261222143495,0.6946418557346725
2.1666666666666687,0,0-ACCAD_Female1Walking_c3d_B21 - put down box to walk_poses,64,1.0499992542900145,0.9713107678107917,0.771502841153198,0.3165748179754008,-0.0011716774713815027,0.013285434245259369,-0.9484737787797086,0.028550300747156143,-0.03223372623324394,0.1882544457912445,0.262079656124115,-0.32181934981647853,0.08754556337032171,-0.537779688835144,0.06753884255886078,-0.1382226049900055,0.5472692847251892,-0.056574153576658404,-0.11504099550549185,-0.02852417528629303,0.061631832271814346,0.032082073390483856,0.008198779076337814,0.13694041967391968,0.028516605496406555,-0.05913088470697403,-0.2975260019302368,0.038150396198034286,1.0507968251830209,0.9694762734449264,0.8464761598145207,1.0255251462485726,0.9771815047606802,1.3647790736092473,1.0707926046625305,0.9075076489955388,1.4917159096312221e-05,0.7799828358823271,0.854414503266155,0.040946888346617194,1.1857777025870588,1.0327047217565555,-0.0020149171590962446,0.9222258634082053,0.9473392189717631,0.035297257269800215,1.1014634857395884,0.8980914039821803,0.3782630077357057,0.8517424541577067,0.9516695408777865,0.43197507334206314,0.98852311585797,0.713180994690318,0.8615448478291111,0.7569204487631463,1.0153340584799768,0.8672101058575167,1.1347748538423865,0.8229115337949034,0.8845492415077703,0.9089425982468856,1.1187628877164124,0.8795108193852754,1.095578889118534,0.8909093896006494,1.0663729336499401,0.9799296942168051,1.0544538499753577,1.0592554833109982,1.1023177009556357,0.9012922264842101,0.6914951728294694,1.035683674986315,1.0125185502697585,0.6914057243345605
2.200000000000002,0,0-ACCAD_Female1Walking_c3d_B21 - put down box to walk_poses,65,1.0227536135353148,0.9493638011626899,0.7665622062876525,0.31873867531814193,-0.0009054068117443819,0.014193795338347907,-0.9477359195835275,0.081431083381176,-0.03079371526837349,0.19180068373680115,0.25230392813682556,-0.3650160694918412,0.07872037828494238,-0.6012179851531982,0.0772058442234993,-0.14934509992599487,0.47859105467796326,0.07613820520127712,-0.13187719125979114,-0.04197399318218231,0.060245588421821594,0.0340687520802021,-0.0033129043877124786,0.14567667245864868,0.02958795242011547,-0.06210532411932945,-0.30021604895591736,0.04211633279919624,1.023560943247496,0.9473892939362544,0.8415318637495123,0.9981003795302461,0.9531509487125097,1.359840375813145,1.0687556452371985,0.9038998701105467,-3.245027088815203e-05,0.7129506773245746,0.7915586994250047,0.04943317414172081,1.1823745992822543,1.0303395342661994,-0.0019675497291118116,0.8540940348656423,0.8861741030983105,0.04428749539429047,1.0870745612322488,0.8865129119719253,0.3735700175218007,0.8177559575437365,0.9198023100935798,0.4381891402426993,0.9575412347131625,0.6892361978631405,0.8577809890311741,0.729296700649924,0.9958050999646666,0.8623539711843602,1.105216907359508,0.7973196483331576,0.8794472680636467,0.8822653432114054,1.0977491657830771,0.8752987014433272,1.0675387734644257,0.8674728677098011,1.0611194274462368,0.9533376444165499,1.032056985779538,1.054611347591372,1.0743370310428617,0.8789426197752855,0.6863376820087715,1.0093035482998547,0.9914886089186445,0.6856994654572047
2.233333333333335,0,0-ACCAD_Female1Walking_c3d_B21 - put down box to walk_poses,66,0.99395556980744,0.9263158175162971,0.7589992761034903,0.3222132728651976,-0.0005928941677490778,0.01428615593507122,-0.9465591164922571,0.1312137395143509,-0.02811083383858204,0.19565172493457794,0.25655707716941833,-0.41900732817313546,0.06721388691747654,-0.6474749445915222,0.08261784166097641,-0.1572454273700714,0.42776140570640564,0.17356612429444285,-0.1454580628182054,-0.0532350018620491,0.059599973261356354,0.03357193246483803,-0.0125556830316782,0.1508159339427948,0.03101971186697483,-0.06337547302246094,-0.3048129081726074,0.046447936445474625,0.994730229573455,0.9243160696008393,0.833968609237256,0.9695453109714148,0.9298802778095508,1.3522927624150822,1.0668677323965317,0.8994810771263685,-6.63668154372854e-06,0.6563534233937894,0.7376310519668873,0.05549032860729524,1.1788105489017306,1.027406284767996,-0.001993363318456544,0.7962689074976782,0.8340692087394778,0.05065925975250461,1.0704512671690873,0.8722718402668082,0.3668781120714356,0.7845742808463613,0.8888922609989132,0.43878665064743133,0.92635088673733,0.6648729429281278,0.8517642363261303,0.6999280570292797,0.9745907249856751,0.8547172636870245,1.0748229002966503,0.7721306764013668,0.8720473328351155,0.8534017836846518,1.0757079467916322,0.8681592458669392,1.0385131695445116,0.8440919894549748,1.0534944472010845,0.9249587157818929,1.0091284136605319,1.0471265891532997,1.045122168360554,0.8555565740959297,0.6786363471830196,0.9809844173310647,0.9689649195955437,0.6774773196097151
2.2666666666666684,0,0-ACCAD_Female1Walking_c3d_B21 - put down box to walk_poses,67,0.9652438336052,0.899238261859864,0.7490469246621626,0.3229645312691193,-0.0003919404581680788,0.016561835947122117,-0.9462660638080899,0.17528538405895233,-0.024046748876571655,0.19980446994304657,0.2745417058467865,-0.4833429559742588,0.059281634843820985,-0.674000084400177,0.08761150389909744,-0.1632727086544037,0.4002037048339844,0.22626313846766366,-0.15191380148319733,-0.060439977794885635,0.06037834286689758,0.028770554810762405,-0.019103264436125755,0.15167772769927979,0.03173305466771126,-0.06295675039291382,-0.31033051013946533,0.050648096948862076,0.9661017984359325,0.8969064637931499,0.8240057574580733,0.9434985508145117,0.902163701127068,1.342470673651475,1.0633146043079376,0.8935064756688667,7.763561595970983e-05,0.6120951626105453,0.6958286207921031,0.05463667400743889,1.1743540316844088,1.0222138972646013,-0.0020776356159596977,0.7514826294221066,0.793036272759632,0.04996693152891986,1.05132975840019,0.8534810906998874,0.3576062478729955,0.7532814127530417,0.8587706643322343,0.43374656419539126,0.8951027428293292,0.6373078855505973,0.8430121899760042,0.67114497065118,0.9500855380070002,0.8457660779751505,1.04456285715651,0.7434825681332209,0.8616716435573201,0.8253937829077252,1.0499971566405562,0.8593505022778587,1.0105392879133568,0.8162885296754545,1.0432590034126799,0.897906631453175,0.9819812063327552,1.0376015745919287,1.0155741221216508,0.8282589502965195,0.6681368865534656,0.9525270239442143,0.9425611821775073,0.6673277661685788
2.3000000000000016,0,0-ACCAD_Female1Walking_c3d_B21 - put down box to walk_poses,68,0.9349213414825499,0.8764521810226142,0.7359329469573237,0.32551180291502035,0.0033891284320531198,0.01696310611262088,-0.9453797295280326,0.2102634608745575,-0.01852891780436039,0.20435787737369537,0.3054443895816803,-0.556512600415421,0.04316369084181271,-0.6801997423171997,0.09533864259719849,-0.16858406364917755,0.3966384530067444,0.2274020332954323,-0.16298389492208787,-0.06284814327955246,0.06113617122173309,0.02016528695821762,-0.01943167671561241,0.1470424234867096,0.03294865041971207,-0.059769436717033386,-0.31434914469718933,0.053803492337465286,0.9352689931725491,0.8738812143263743,0.8108880619832461,0.9126664534253445,0.8803770939487248,1.3293718774813117,1.061545946913458,0.8896737243740989,0.00023991751976957035,0.5878474960981188,0.6662235626442552,0.04189278438936872,1.1712598062855593,1.019507154121046,-0.002239917519769513,0.7265525226143811,0.7644023163155012,0.037218605671789175,1.0316467316308073,0.8365790002459113,0.34568661447231236,0.7260160592129274,0.8334552601391539,0.42030834033016623,0.8645396497221703,0.6149771665049562,0.8301416933813788,0.6402656488909384,0.9277835307074341,0.8315720074858434,1.0137324713697116,0.7215312102401283,0.8487777320349147,0.7943896333918345,1.0277609321576757,0.8460592710298296,0.9799973824845155,0.7940014839934773,1.0303694876805312,0.8669355233338346,0.959387471484108,1.0243134124547342,0.9855113844265245,0.8054794977084453,0.6549664753238307,0.9226407852505462,0.9200507952540573,0.654171659131072
2.333333333333335,0,0-ACCAD_Female1Walking_c3d_B21 - put down box to walk_poses,69,0.9029293828643858,0.8487994405440986,0.7212360581458017,0.32576931269503434,0.005259992369802893,0.019204107773675438,-0.9452395937703263,0.23770321905612946,-0.011444318108260632,0.20910562574863434,0.3506564795970917,-0.6353522168464911,0.03185825416031851,-0.6741791367530823,0.10110285878181458,-0.17173270881175995,0.4114954471588135,0.20043497824973389,-0.1647704653654165,-0.05920938774943352,0.06391698867082596,0.009305003099143505,-0.011512787081301212,0.13837957382202148,0.034264031797647476,-0.05234852060675621,-0.3166077136993408,0.05823656916618347,0.9031220062553085,0.8458195364746283,0.7961765883545348,0.8832859127258039,0.8539929225311793,1.3147987054209707,1.0532023643724269,0.8809955048972704,0.00045915126533692396,0.566246855083573,0.643488689936832,0.023654858595717185,1.1622892861146488,1.011347056538,-0.0024591512653369778,0.7049034250370667,0.7417324852916775,0.01891014753948788,1.006355876461514,0.8132038999962631,0.33108304973198144,0.6962292916007264,0.8066393366971932,0.4040636341736842,0.8343733544328014,0.5888789048831333,0.8145274754332602,0.6088976820165111,0.9006854594274118,0.8161692308421413,0.9829131352337136,0.6962399951992526,0.8337392949701787,0.7629115668129368,1.0006835756651669,0.831650323923117,0.9494048533931245,0.7669838256405632,1.015709535016891,0.8356860009717824,0.9319222027303036,1.0097480530723062,0.9531990348048681,0.7778905918745319,0.6398220742245163,0.8907039572336853,0.8927613085937754,0.6397800543066507
2.366666666666668,0,0-ACCAD_Female1Walking_c3d_B21 - put down box to walk_poses,70,0.8694501095451415,0.821538660209626,0.7058114096955876,0.3258114758706975,0.005711010035050578,0.01967360414980877,-0.9452127886645917,0.25537657737731934,-0.003320894902572036,0.21441641449928284,0.41000983119010925,-0.7149763216840319,0.0183155582209944,-0.6610335111618042,0.10331738740205765,-0.17233841121196747,0.43969234824180603,0.15672395607185963,-0.16419781643281572,-0.04993767663836479,0.07048269361257553,0.00019747359328903258,0.0016132028540596366,0.12897498905658722,0.03514358401298523,-0.03725551813840866,-0.31571170687675476,0.0671389251947403,0.8696018744875049,0.8184701919821625,0.7807484597452081,0.8511238987788035,0.8316634932803312,1.299372986682947,1.0394690955920975,0.8680051862197609,0.000744728633607028,0.5465383777326874,0.6252787017287756,0.002992089151797578,1.148001862434978,0.9988045065903548,-0.0027447286336069673,0.6853551381228826,0.7232888249030375,-0.0018990037871218154,0.976639365960896,0.7862425970949788,0.3147510084679359,0.6644036443338046,0.7803681019987061,0.3862995636804518,0.804969673324353,0.5639026076404487,0.7987584866612715,0.577127533255296,0.8740213058931332,0.7964990888189425,0.952014227458388,0.6731110643658598,0.8190310366573864,0.7305833224409028,0.9743877729097735,0.8148690988403967,0.9171934760787189,0.7424401731231199,1.0009259407849782,0.8019912880623752,0.9062969028604207,0.9937417292037283,0.9194327602033352,0.7504709462743698,0.6242234076648936,0.8570627697621755,0.8654285243688906,0.6245979264649157
2.4000000000000012,0,0-ACCAD_Female1Walking_c3d_B21 - put down box to walk_poses,71,0.835048692766577,0.7927205893211067,0.7118543913140334,0.31975033355842725,0.006652164202986237,0.021856018102931876,-0.9472263654340367,0.2576025128364563,0.006077156402170658,0.22060620784759521,0.48176810145378113,-0.7945847087623714,0.009286629008030012,-0.6393843293190002,0.10422059893608093,-0.17103542387485504,0.4788169860839844,0.09186457550130456,-0.15772058998056093,-0.03594372794032097,0.07668308168649673,-0.00860261544585228,0.01584947109222412,0.122075155377388,0.035880133509635925,-0.021486468613147736,-0.3146032392978668,0.07690099626779556,0.835151797330338,0.789296145074113,0.7867761007916485,0.8181824838098397,0.8055728708446788,1.3054213525307787,1.0195315197703485,0.849348144699406,0.022354621455386775,0.5288531276506722,0.6178608891872802,0.0015407181188427585,1.1290708190266614,0.9792858485518827,0.01819108497999031,0.6692091320105621,0.7136438263206178,-0.0035407181188429754,0.9418597750621526,0.7545420220994761,0.31820686787467245,0.6317724663374078,0.7575392189484831,0.38838692440971134,0.7730527994306668,0.5372599443051687,0.8033569914313359,0.5450605354211113,0.8479778767500032,0.7982567891634426,0.9193975514674364,0.6470932812410782,0.825252558402472,0.6987283570180236,0.947303293721085,0.8201708566395715,0.8834467610692648,0.714793973185701,1.0072663677270435,0.7681040837013045,0.8785270734200832,0.9995382654225728,0.8840863140124732,0.7213744067125583,0.6299189226977611,0.8228913629437902,0.8368729289107127,0.6311644192388525
2.4333333333333345,0,0-ACCAD_Female1Walking_c3d_B21 - put down box to walk_poses,72,0.8026425414718688,0.7673693629913032,0.7175930418693104,0.31423995323944415,0.006141276862384377,0.020924072136598852,-0.9490931038163715,0.23934946954250336,0.01860322244465351,0.22702272236347198,0.5639592409133911,-0.858716033634888,-0.00484143128813086,-0.6170583963394165,0.10382282733917236,-0.16817046701908112,0.5187676548957825,0.030113046664580034,-0.15513670829751947,-0.014135053381323814,0.07678141444921494,-0.012396232225000858,0.026332423090934753,0.1205996423959732,0.03944975510239601,-0.014381852932274342,-0.31272125244140625,0.08336522430181503,0.8027545218615288,0.764101053922903,0.7925217120578687,0.7870709036595712,0.7825189214014378,1.3111526657868664,0.9937230194348967,0.8230997370885593,0.03949842744898267,0.513278873732675,0.6098916261250693,0.0016523614838113015,1.1040399395181453,0.9523508586477297,0.03456641781368237,0.6549567710034344,0.703695854916595,-0.0036523614838113103,0.9043761834140179,0.7193954125049521,0.31984471691237,0.6009009241096704,0.7361059389650628,0.3903696343632441,0.7454904408474116,0.5126032558762414,0.8077663705014211,0.513411496748774,0.8212142055576737,0.8019168240727341,0.8901239883042361,0.6243567255937972,0.8312581384278661,0.6662168239397479,0.9215075363099926,0.8253975394117835,0.8524439348342523,0.6910980112876096,1.013217751588004,0.7354466757927695,0.8536336118161352,1.0050934154544051,0.8511494934826044,0.6955451936199308,0.6359003180812667,0.7905848820808874,0.8112072078230397,0.6371344679356331
2.4666666666666677,0,0-ACCAD_Female1Walking_c3d_B21 - put down box to walk_poses,73,0.7733221226371825,0.7469566795043647,0.7236588559025792,0.3093553262354269,0.007192200019802107,0.01798952822063338,-0.9507491421311128,0.1927630454301834,0.03427739813923836,0.2336639016866684,0.6503711938858032,-0.8994050626372418,-0.022890385246116196,-0.5901322960853577,0.10178542882204056,-0.16353584825992584,0.5525086522102356,-0.03146769954043571,-0.15523472089046209,0.018806900829076767,0.0707939937710762,-0.007589031010866165,0.029734164476394653,0.12506122887134552,0.04638800770044327,-0.018905509263277054,-0.30820775032043457,0.08671022951602936,0.7731311993930805,0.7440574084183766,0.7986025532725703,0.7543748878263639,0.760414143456339,1.3171606688960216,0.9620611363930855,0.7906447962436101,0.05088453138110532,0.503968611555929,0.6060078736701242,0.0017348080814696167,1.0727772647396172,0.9195214981811884,0.04516311358068428,0.6469045617903677,0.6978740667424844,-0.003734808081469622,0.8652808331682781,0.6825909528821096,0.32118575546016537,0.5754782894726228,0.7196044272567633,0.39098685929265853,0.7231514166968008,0.4905561408967718,0.8111670414168781,0.4824203173906084,0.7929492013283072,0.8065793538084549,0.8645604672548007,0.6057407674791121,0.8375402555467486,0.6327047210285028,0.8967739057885111,0.8309636309378245,0.8233841423796644,0.6713424983284131,1.0193342195502781,0.7027441784019477,0.8311833515191589,1.0110224422006562,0.8222912510478457,0.6748893580527175,0.6427738571798756,0.7615608848612547,0.7901789164867262,0.643311115244256
2.500000000000001,0,0-ACCAD_Female1Walking_c3d_B21 - put down box to walk_poses,74,0.7471905522979796,0.7274718615226448,0.7292863959758654,0.2985420581309791,0.005026348235178433,0.012672781595637624,-0.9542991019365822,0.11457759886980057,0.05230766534805298,0.24021533131599426,0.7277994751930237,-0.8912236231743997,-0.03168913329762013,-0.5525806546211243,0.09882339835166931,-0.1574779599905014,0.5774619579315186,-0.08672809538853565,-0.156501842453322,0.05881383642554283,0.06272149831056595,0.003933821804821491,0.027680769562721252,0.1339007169008255,0.05579393729567528,-0.031217824667692184,-0.3032597601413727,0.08998097479343414,0.7470385601019228,0.7254327314562294,0.8042585164403726,0.7258092489959113,0.7400448005020599,1.3227021334852267,0.9159562378063242,0.7410911045318791,0.05001249777240561,0.4957455945070864,0.6042944546773685,0.0017779050772628105,1.028314350013603,0.8685050267495428,0.04358233087505911,0.6410078857198572,0.6924307112642185,-0.003777905077262736,0.818805285930438,0.6374018484613125,0.3230581369626502,0.5537679072099705,0.7061459767635081,0.39042837207982567,0.7025942581427416,0.4690149425801027,0.8151358501625225,0.4542719041391444,0.7659390653284778,0.8125185592644552,0.8414317568890672,0.5867976495858105,0.8436129826803822,0.6024451355808005,0.872919296464917,0.8361720544459201,0.7976614630169115,0.6527979074701218,1.0250078807589706,0.6742171779457611,0.8104714354335756,1.0164784046419684,0.7959806619979183,0.6544826142819709,0.649507234314758,0.7356532983000001,0.7695676639609885,0.6489569921793473
2.533333333333334,0,0-ACCAD_Female1Walking_c3d_B21 - put down box to walk_poses,75,0.7227097922004759,0.7091023060493171,0.7356164519580258,0.28889221047106384,0.005757657883358286,0.009516603528035333,-0.9572970147044912,0.018022526055574417,0.07508572190999985,0.2433430254459381,0.7848565578460693,-0.8499744346576836,-0.03631668547314426,-0.5105227828025818,0.0956152155995369,-0.15108348429203033,0.5905123949050903,-0.1409118627060033,-0.1548487658671418,0.09686867147684097,0.05639663338661194,0.0166703499853611,0.022189922630786896,0.14465713500976562,0.06584615260362625,-0.04277554899454117,-0.29857513308525085,0.09562450647354126,0.7222954147893702,0.707486272250231,0.810597894502974,0.6956400536215267,0.7175775666873517,1.328832640608761,0.8636532964984984,0.6865968102844153,0.0450013044579593,0.4923599669636447,0.6062290871880778,0.0017691088603568501,0.977431738530687,0.8127164740161755,0.03805173260671162,0.639728720862604,0.6907972757624224,-0.003769108860356956,0.7715235146275243,0.5926807092869696,0.3291061721115991,0.5370739080489617,0.6960821451355975,0.38906405612917644,0.6830680616901653,0.4475929513690157,0.818811337325287,0.4276187935699062,0.7396755510140933,0.8171010206053029,0.8191574434603573,0.5677927055457014,0.8502956742158652,0.5734468102892422,0.8495613246083332,0.8419781286661012,0.7720264753371773,0.6338305118497014,1.0312621876178962,0.645779741302268,0.7892626736537767,1.022614059356205,0.772250518381734,0.636022755337184,0.6565918991155099,0.7115070194400875,0.75046021053346,0.655538115339857
2.5666666666666673,0,0-ACCAD_Female1Walking_c3d_B21 - put down box to walk_poses,76,0.699726598802954,0.6892109247855842,0.7416478512428681,0.284729229624641,0.008668802725266163,0.010809441419786943,-0.9585078370221399,-0.08727371692657471,0.1000351831316948,0.24352030456066132,0.8188536167144775,-0.7841479148787314,-0.030706985227380912,-0.46725893020629883,0.09268708527088165,-0.1450367122888565,0.5919515490531921,-0.19084219090986232,-0.14606236121127236,0.1309424340724945,0.05107426643371582,0.027360687032341957,0.013051225803792477,0.15653769671916962,0.07635319232940674,-0.05414847657084465,-0.2931377589702606,0.10167205333709717,0.6989418960897082,0.6872865454101196,0.8166190524181935,0.6667508439537467,0.6886225164602622,1.3345846289347314,0.8066175693026815,0.6314938217972503,0.03774102323540225,0.49138604938872354,0.6088001350672438,0.0017302351083669683,0.9203654112352322,0.7576227152296646,0.03046567463879648,0.6398569317029881,0.6914232575562662,-0.0037302351083669284,0.7259633285951658,0.5501394740323147,0.33821322123975944,0.5239600534010876,0.6860479416274583,0.3872972883256322,0.6664492163905008,0.42323917523497234,0.8208188315933294,0.40254421206040675,0.708844315839719,0.8212140924337263,0.7989412742715345,0.5464760374970152,0.8557200433548606,0.5450879533029399,0.8224446815479831,0.8483397804010114,0.7482999686312535,0.6113379801357177,1.0366358584738973,0.6181529174888449,0.763570627949332,1.0289448950367577,0.751208359527797,0.6174688022410393,0.6625201699831292,0.6884595425793072,0.7304638132851944,0.6621780932651687
2.6000000000000005,0,0-ACCAD_Female1Walking_c3d_B21 - put down box to walk_poses,77,0.6772102289833128,0.6710020038299263,0.7466550312403138,0.2812957531313278,0.012596873243420084,0.011941701704827497,-0.9594641284671154,-0.19765979051589966,0.12446711212396622,0.24230985343456268,0.8300536870956421,-0.691277597314528,-0.02324581808591719,-0.42521122097969055,0.09132058918476105,-0.14011450111865997,0.5842408537864685,-0.2320600585975343,-0.13989928487747738,0.16135290265083313,0.04514240473508835,0.03635178506374359,0.0009189218981191516,0.1696951985359192,0.08800369501113892,-0.06704264879226685,-0.2873617708683014,0.10701116174459457,0.6759011642783359,0.6687518416252146,0.8216098384220462,0.6383636171123468,0.6615041474367084,1.3391231746690062,0.7445752572141856,0.5731028468912385,0.029308007906751556,0.49079022805018574,0.6099856066385712,0.0016536870959232876,0.8579872258647178,0.6995276966103939,0.021926765443610663,0.6401765784461189,0.6909519582580633,-0.0036536870959233726,0.6813209397702188,0.5099200512125247,0.35065918142361496,0.5129024648478366,0.6772653733190844,0.3850888784130515,0.6494218383429952,0.40028386344219835,0.8223116229431088,0.3780794090260241,0.6799059170559669,0.8244545499542218,0.7785597453758031,0.5261495298912755,0.8602694835346073,0.5174379421159194,0.796948025176237,0.8534357229112235,0.7247978189670436,0.590501734847375,1.0409882802572221,0.5911546979105526,0.7397130707128253,1.0340833296036789,0.7310176894084586,0.6007260191518099,0.6672511397400294,0.6659752598532619,0.7121608728149778,0.6677200155729429
2.6333333333333337,0,0-ACCAD_Female1Walking_c3d_B21 - put down box to walk_poses,78,0.6548934155143797,0.6544537874870002,0.7507291468237951,0.27970832093057685,0.020777699316089034,0.013172058818590288,-0.959769784521167,-0.3103622496128082,0.14685408771038055,0.24071650207042694,0.8191069960594177,-0.5808603229123528,-0.01729516915677598,-0.3886961042881012,0.09241485595703125,-0.13685710728168488,0.5706005096435547,-0.270115827122984,-0.1388308263821012,0.18849436938762665,0.03897085785865784,0.04481317475438118,-0.012657220475375652,0.18320199847221375,0.10058005154132843,-0.08203143626451492,-0.282428503036499,0.11209288239479065,0.6524547944833645,0.6516857115706219,0.8256383644354366,0.6059824790398063,0.6345475339483588,1.3421538480879665,0.682356917853518,0.514095710419745,0.02271057535660188,0.49352584190227283,0.6096791131592868,0.0015376983328021301,0.7948728041547116,0.6413254704011225,0.015446726174664208,0.6435181137174181,0.6895324709122228,-0.003537698332802243,0.6410594272122537,0.4739025887875938,0.3656111303096154,0.5048311123342533,0.6692760729953618,0.38226391947272037,0.6322009160603344,0.37871599671423306,0.8222028528795664,0.35318535660420974,0.6519257018396273,0.8248311518310104,0.7575185140457216,0.5070895905897521,0.8643369748571785,0.4889472999009351,0.7724345981689064,0.8565465244752648,0.6993949670832563,0.5706657694223979,1.044513366385171,0.5622909069391282,0.7167043074648511,1.037628092358798,0.7119692151436239,0.5860366906075368,0.671068999007507,0.6442605047109257,0.6957372683310329,0.6722471986847388
2.666666666666667,0,0-ACCAD_Female1Walking_c3d_B21 - put down box to walk_poses,79,0.635486023966223,0.6374716493301094,0.7532613381078546,0.27779340724182505,0.02735082056637355,0.015445681420351923,-0.9601271720104502,-0.4218570590019226,0.16635432839393616,0.23915374279022217,0.7872942090034485,-0.44898413662136605,-0.003984921198926683,-0.36106136441230774,0.09366179257631302,-0.13393805921077728,0.5548147559165955,-0.29446224834901424,-0.13542203207812475,0.21333575248718262,0.034746672958135605,0.05312244966626167,-0.027931716293096542,0.19627699255943298,0.11202690005302429,-0.09840577840805054,-0.2790597081184387,0.11804917454719543,0.6321905903361791,0.6341074949214259,0.8281133426388256,0.5782513207435032,0.6074261479143914,1.3434647107482847,0.6156352533105621,0.4524336423545327,0.017818472948714314,0.4919348751382211,0.6062624173228255,0.0014294254503367555,0.7273004545626837,0.5804285355818888,0.010876561321438528,0.642435656827813,0.6851668296122964,-0.0034294254503368857,0.6035872778623975,0.4402815520044813,0.38169550539896746,0.49672973097774864,0.6601283273202546,0.38028143614113974,0.6170716862059311,0.35674539665307303,0.8212644322713746,0.33138537131631374,0.6243265575290516,0.8243990168573921,0.7390948738386545,0.4871670859137657,0.8666526339817816,0.46389154867845894,0.7478210438323761,0.8583222982098472,0.6775263598130739,0.550345856698531,1.046340265301368,0.5374367939642626,0.6935313634302932,1.0396313829607677,0.6954299162458262,0.5709035675004513,0.6728588795576943,0.6253479522959035,0.6790770952877665,0.6752161645069299
2.7,0,0-ACCAD_Female1Walking_c3d_B21 - put down box to walk_poses,80,0.6167334490455687,0.6201637121848762,0.7547810578509678,0.2747229136223418,0.03442795058334766,0.01923897352683388,-0.9607142649337084,-0.527482271194458,0.18332868814468384,0.23712952435016632,0.7367762923240662,-0.30637317839437506,0.011708811060390012,-0.3390074372291565,0.0925300344824791,-0.1294000893831253,0.5425332188606262,-0.3183150468104159,-0.126463067316813,0.23692025244235992,0.03330622985959053,0.06031991168856621,-0.04436071589589119,0.20786772668361664,0.12076075375080109,-0.11588091403245926,-0.2772118151187897,0.12521791458129883,0.6125649435892497,0.615972516704244,0.8295477445684075,0.5505601796602669,0.5797429767257823,1.343383805523397,0.547095613817206,0.3914748908207269,0.017104049960739366,0.4882907713473955,0.6050879575977899,0.001358509120627592,0.6583434812218657,0.5198598583177824,0.010684383404347346,0.6393638809552427,0.6828996873840316,-0.0033585091206275973,0.5689954297574514,0.41063638861349633,0.3975333245678003,0.48773535795694595,0.651870697288613,0.3783738884333365,0.6010668187431303,0.3345215539056149,0.8197695686763334,0.31006005405511716,0.597409667066327,0.8224293294457355,0.7204033291368938,0.4664280132601974,0.8679260580806203,0.43967071930283674,0.7232656775590184,0.858773576322996,0.6557171017383037,0.5292968707421022,1.047083550309455,0.5132351181946573,0.6701001392267576,1.0403375255906928,0.6792322170432425,0.5554381852558197,0.6732861230265322,0.6072928357364555,0.6624305047123608,0.6772542829216512
2.7333333333333334,0,0-ACCAD_Female1Walking_c3d_B21 - put down box to walk_poses,81,0.5979978614486754,0.602778825443238,0.7549504421828688,0.2709702667101086,0.04158200948215892,0.022721254492753935,-0.9614207172932949,-0.6220362186431885,0.1996961236000061,0.23324532806873322,0.6707653403282166,-0.15824008944606427,0.02310975833848028,-0.31938281655311584,0.09117669612169266,-0.12397272884845734,0.5381577014923096,-0.3479015630146043,-0.11790538286658014,0.25952696800231934,0.03476009890437126,0.06576433032751083,-0.06128113716840744,0.21764500439167023,0.12628380954265594,-0.131184384226799,-0.27518320083618164,0.13432231545448303,0.5929247082997338,0.5978119994944455,0.829613644345124,0.5222368172735156,0.5542141165799458,1.3417404199454463,0.48064145727918417,0.3303287528636877,0.02100848013162216,0.48566985228386567,0.6040121005683935,0.001322133228888949,0.5918628426052827,0.4587688207728178,0.01526806188539527,0.6373073626014463,0.680722570869095,-0.0033221332288888954,0.5380892006996271,0.3838709601116885,0.4116928540450276,0.478142996713338,0.6430425735650727,0.3756243701979818,0.5838095417059584,0.31259861527767957,0.8185331323372247,0.2891645578975182,0.5718646466407282,0.8178824302972513,0.7009740363133289,0.44579463189194307,0.868441714421476,0.4161167663662247,0.6995788495631641,0.8570204340911735,0.6333883241050406,0.5090367937750229,1.0467811326820153,0.48894371014493193,0.647782803000163,1.03919935703165,0.662724553987677,0.5395734341628713,0.6723895424269476,0.5893785011472539,0.6457009539779903,0.6778996282052075
2.7666666666666666,0,0-ACCAD_Female1Walking_c3d_B21 - put down box to walk_poses,82,0.5795453959144652,0.5836007329635322,0.7536336338335904,0.2651096708685407,0.04885749159701576,0.026031603417995184,-0.962627738822391,-0.7008609771728516,0.21539901196956635,0.22730040550231934,0.5959657430648804,-0.016318774691942206,0.029706322177770916,-0.30275362730026245,0.0900413915514946,-0.11788933724164963,0.5420297980308533,-0.38320178191019183,-0.10994524214321078,0.2811749279499054,0.039099108427762985,0.06919451057910919,-0.07762514054775238,0.22591733932495117,0.12926243245601654,-0.14189301431179047,-0.2719928026199341,0.14590710401535034,0.5735258438875286,0.5778990324055923,0.8281739290043407,0.49344366201623296,0.5292449738030786,1.3384569405720637,0.4195219582653806,0.2712660204151539,0.02827562723672822,0.4842456100515258,0.6013975207618407,0.0013222122811185032,0.5314679091550801,0.3991069617199331,0.023295887714524045,0.6366616391198615,0.6765492566268619,-0.003322212281118512,0.5107357629774395,0.3587125208741392,0.42211365165220327,0.46823820533324195,0.6321830136920192,0.37187500636689075,0.5649213307800605,0.28933607942471445,0.8170862488558143,0.2692794612210467,0.5473202562531387,0.8101856393463669,0.6807578457914335,0.42329893693600273,0.8680315018397613,0.3941843624798755,0.6758719842901018,0.8529966550362689,0.6105461278845797,0.4876700371580581,1.04527582549095,0.4649810724316289,0.6251465144165588,1.0361534501658338,0.6459175314385669,0.5213865206634262,0.6701263485002645,0.5720065174978377,0.6272325038826814,0.6770390614193188
2.8,0,0-ACCAD_Female1Walking_c3d_B21 - put down box to walk_poses,83,0.560232596937567,0.562684032600373,0.7504039165842505,0.2605655006771775,0.055885158184134365,0.03206140178191821,-0.9633039683647963,-0.7627251148223877,0.2229987233877182,0.22350692749023438,0.5261338353157043,0.09968497075550298,0.04400056392845131,-0.2892929017543793,0.08864443004131317,-0.1108083426952362,0.5541790127754211,-0.42477086611855186,-0.09607305987614634,0.30114489793777466,0.04470187798142433,0.06893637031316757,-0.09254615008831024,0.23359894752502441,0.1310461312532425,-0.153307244181633,-0.2704620063304901,0.15819904208183289,0.553410552021004,0.5558670396317932,0.8247812539258275,0.46574768569635333,0.5013793453299396,1.3332363732477162,0.36349141011705866,0.2246426405776092,0.034796356629249056,0.48103900576578906,0.6003498481993996,0.001381374638744895,0.47617295367976825,0.3518614426636611,0.030524807014047747,0.6338634924307004,0.6746599585137175,-0.0033813746387448725,0.48476428575264674,0.3372716940402482,0.42625651701645834,0.4556517757565367,0.6205378128408028,0.3670830374289737,0.545756788750515,0.2643206443054284,0.8132499981351903,0.24848498182282103,0.5206154693628529,0.8015403734623356,0.660274096498003,0.39907925102719266,0.8650715027915019,0.37131681858846344,0.6499836360491752,0.8477548898956664,0.5878191915680075,0.46397640849761457,1.0415238488675764,0.440999981447285,0.6000490842319195,1.031497316165101,0.6279754444675028,0.5018634071701844,0.6657084047435415,0.553567040899849,0.6074093086966409,0.6744937657730512
2.833333333333333,0,0-ACCAD_Female1Walking_c3d_B21 - put down box to walk_poses,84,0.5404421263374388,0.5421280595473945,0.7458577257357355,0.25018378668084074,0.0638016857911993,0.03672717763829263,-0.9653955314765871,-0.8064236044883728,0.22809483110904694,0.218905508518219,0.47480446100234985,0.17826689496713954,0.05203458616644974,-0.2807648479938507,0.08579424768686295,-0.10212568938732147,0.5738245844841003,-0.4700192161788266,-0.08287188781428667,0.3182987868785858,0.04956097528338432,0.06488378345966339,-0.10534799844026566,0.24113932251930237,0.13306814432144165,-0.1668003499507904,-0.27143561840057373,0.1701447069644928,0.5325813286392614,0.5344152994688518,0.8200447946326744,0.4372585373923854,0.47740383116088725,1.3268632485825043,0.3158509100344793,0.1911442319736581,0.038319927973934395,0.4781421869590139,0.5993244068551031,0.001473354482835313,0.43105790728803905,0.3160975248720673,0.03457528144019757,0.6321137667035915,0.6712151760912722,-0.003473354482835641,0.4587590724138544,0.3186949527541166,0.4257560779399186,0.44248928778480584,0.6093425549658207,0.3611473265687555,0.5219476313488914,0.2403179447419584,0.8087989400306492,0.22591073294381828,0.498992898262533,0.792610978355058,0.6370766358085127,0.37431616284670555,0.8612332234820061,0.3487209105786579,0.6275384287982767,0.8411215035300287,0.5633276877101207,0.4412015094204794,1.0367036539652346,0.4173400200074985,0.5780685898987775,1.0254258855647118,0.6086614820678101,0.4815296879171631,0.6604524917092472,0.535449915123896,0.5879397297374306,0.67055044747847
2.8666666666666663,0,0-ACCAD_Female1Walking_c3d_B21 - put down box to walk_poses,84,0.5404421263374388,0.5421280595473945,0.7458577257357355,0.25018378668084074,0.0638016857911993,0.03672717763829263,-0.9653955314765871,-0.8064236044883728,0.22809483110904694,0.218905508518219,0.47480446100234985,0.17826689496713954,0.05203458616644974,-0.2807648479938507,0.08579424768686295,-0.10212568938732147,0.5738245844841003,-0.4700192161788266,-0.08287188781428667,0.3182987868785858,0.04956097528338432,0.06488378345966339,-0.10534799844026566,0.24113932251930237,0.13306814432144165,-0.1668003499507904,-0.27143561840057373,0.1701447069644928,0.5325813286392614,0.5344152994688518,0.8200447946326744,0.4372585373923854,0.47740383116088725,1.3268632485825043,0.3158509100344793,0.1911442319736581,0.038319927973934395,0.4781421869590139,0.5993244068551031,0.001473354482835313,0.43105790728803905,0.3160975248720673,0.03457528144019757,0.6321137667035915,0.6712151760912722,-0.003473354482835641,0.4587590724138544,0.3186949527541166,0.4257560779399186,0.44248928778480584,0.6093425549658207,0.3611473265687555,0.5219476313488914,0.2403179447419584,0.8087989400306492,0.22591073294381828,0.498992898262533,0.792610978355058,0.6370766358085127,0.37431616284670555,0.8612332234820061,0.3487209105786579,0.6275384287982767,0.8411215035300287,0.5633276877101207,0.4412015094204794,1.0367036539652346,0.4173400200074985,0.5780685898987775,1.0254258855647118,0.6086614820678101,0.4815296879171631,0.6604524917092472,0.535449915123896,0.5879397297374306,0.67055044747847
2.8999999999999995,0,0-ACCAD_Female1Walking_c3d_B21 - put down box to walk_poses,85,0.5188634567894042,0.5209813448600471,0.739685803560963,0.24152479381850833,0.07244310496171588,0.04221124495095006,-0.966765732385113,-0.8356067538261414,0.2318226546049118,0.21346445381641388,0.4459254741668701,0.21702573145821558,0.05639686165750479,-0.27874019742012024,0.08184352517127991,-0.0921512097120285,0.6013209223747253,-0.518811660916799,-0.0669372454052588,0.33157259225845337,0.0530637763440609,0.059021931141614914,-0.11503637582063675,0.24719078838825226,0.13664209842681885,-0.17373409867286682,-0.2696351706981659,0.18223202228546143,0.5098873894107595,0.5122355661906456,0.8136313346624425,0.40760674747695946,0.4519559144460526,1.3187368424823087,0.2793459243066138,0.16772803896347008,0.035625737576951255,0.47247455758819845,0.5978508737436643,0.0016087342367197346,0.3967044450983001,0.29067217214769947,0.032202623035220763,0.6271516066467064,0.6681913920619182,-0.003608734236719823,0.43397268464766803,0.3009812116525845,0.42042028294698663,0.425890298807388,0.5970052751664843,0.3540468170273654,0.49683561017181077,0.21626546846875344,0.8013267617218532,0.20287436275903337,0.4778063191241565,0.780984817822978,0.612322066586829,0.34936710812454935,0.85523776347297,0.32558785895624587,0.6050598580879881,0.8330184499891593,0.5372897183434301,0.4173623098858654,1.0299770137310267,0.3921585321091456,0.5550663726670216,1.0178644262373135,0.5876532646312369,0.4608507894805761,0.6537669940485215,0.5156168483316701,0.5680333151113279,0.6650699982285346
2.9333333333333327,0,0-ACCAD_Female1Walking_c3d_B21 - put down box to walk_poses,86,0.4969071024097502,0.4984544846229255,0.7318557280253498,0.23216206849709287,0.08167666946629046,0.04832147333004393,-0.9680365338308569,-0.8553516268730164,0.23425914347171783,0.20785842835903168,0.4380646049976349,0.22276392752437202,0.059079729201885645,-0.2853046655654907,0.0776912197470665,-0.08161963522434235,0.6379885673522949,-0.5701238905557018,-0.049141623865494255,0.3393772840499878,0.054144881665706635,0.0504608154296875,-0.1221831887960434,0.2520211338996887,0.14251555502414703,-0.17490272223949432,-0.26586344838142395,0.19272498786449432,0.48672996438917027,0.488593608210436,0.805504821557366,0.37889298394657567,0.42483203327350916,1.3090530029574745,0.2507103752995383,0.15232307430086306,0.026950784894132312,0.4648388919334016,0.594392407523763,0.0017873303728014982,0.37041835878765944,0.2729844638686071,0.02366022919808012,0.6201693359617267,0.6632500600798502,-0.0037873303728015624,0.4096660998071707,0.28312037329249157,0.4113766778719743,0.4069441929560843,0.5827064133347449,0.34579944678098606,0.46995526582479097,0.19139955842438253,0.790749088528298,0.18034515418812602,0.4581180392065922,0.7678165042349421,0.5864612170835883,0.3227146425136931,0.8468050981621291,0.3037874433213663,0.5829176861899263,0.82391118821256,0.510991666893422,0.39149274758728086,1.02124219860272,0.3675927622131041,0.5309936397295123,1.00905859782107,0.5661150830531781,0.4387425491515899,0.6455401958276945,0.4957272154935729,0.5469252525198218,0.6580280886781097
2.966666666666666,0,0-ACCAD_Female1Walking_c3d_B21 - put down box to walk_poses,87,0.4751278036274016,0.4760111006908119,0.7222956129470592,0.22362383551102968,0.09144400519432663,0.05413936545446388,-0.9688649561283266,-0.8743441104888916,0.23715515434741974,0.20227602124214172,0.446529746055603,0.2100540241483615,0.06013493721170304,-0.301871120929718,0.07570726424455643,-0.0721648558974266,0.6865490674972534,-0.6251807387385799,-0.034862863006321465,0.3407326638698578,0.05243796482682228,0.042596057057380676,-0.12862220406532288,0.25651130080223083,0.15191031992435455,-0.1752629429101944,-0.26369836926460266,0.20158414542675018,0.4636542976985407,0.4650756817240268,0.7956016514003905,0.3505560465211572,0.396831759956639,1.297426292143096,0.22761952241267072,0.1398235406988304,0.015236934264276563,0.45631351526031794,0.5875103894512143,0.002009774460700515,0.3493614773896498,0.2584320380529164,0.01193227788441114,0.612117748881092,0.6552511144002883,-0.00400977446070052,0.38604094866662175,0.26455334338091446,0.4006586406077239,0.3859560193182946,0.566101631191313,0.3360485261035272,0.4423944369313735,0.16691842312741997,0.7767871205280004,0.15777155002193116,0.44017728198930384,0.7533962365081421,0.5601210941509976,0.2957671570059606,0.8359310311355875,0.28245679328294593,0.5617915304601662,0.8135886686402387,0.48464721182515336,0.3649943722170761,1.0103678151057036,0.34356233666462227,0.5068787769195505,0.9987033989967935,0.5449719546213003,0.41678632204775357,0.6357273322013739,0.4762662133016393,0.5259271010653641,0.649267930748513
2.999999999999999,0,0-ACCAD_Female1Walking_c3d_B21 - put down box to walk_poses,88,0.4540316038765013,0.4536304506473243,0.7113343662915274,0.21456634014655154,0.10241132431675902,0.05972974254365271,-0.9694872687062325,-0.8993808627128601,0.24148373305797577,0.19727849960327148,0.46621525287628174,0.18957225812946588,0.06132159318945951,-0.33260661363601685,0.07595453411340714,-0.06444033980369568,0.7473948001861572,-0.6815073278115462,-0.024284945278903347,0.3352283835411072,0.04947061091661453,0.04034736752510071,-0.13743478059768677,0.26111727952957153,0.16511943936347961,-0.17754961550235748,-0.26541590690612793,0.21071335673332214,0.441061031450358,0.4416482634462172,0.7842260080676308,0.31985483161711653,0.36666241945590916,1.2831882839484907,0.20642576578174723,0.12791031681163578,0.002807772917949824,0.44608331527166784,0.5766888014609073,0.0022823959308901284,0.33007996887617647,0.24452042119731232,-0.0006159110983196513,0.6024028665566985,0.643180164763656,-0.004282395930890175,0.3623731857619673,0.2449945131368357,0.3896201536851987,0.3629129578556443,0.5471729737719572,0.32525534034875025,0.4130345857421566,0.1425556694912158,0.7590149445921544,0.13494047712973645,0.424920573100425,0.7365473923022529,0.5323980957808518,0.26764627282437353,0.822766475029917,0.26146049656121917,0.5419620391739971,0.8017665927464026,0.45701626619847746,0.3370892281901883,0.9973407785690768,0.3193567109706166,0.48236523733995573,0.9865281507670963,0.5247735339474766,0.3948800387793915,0.6245964751692467,0.4580497314549698,0.5050968885748996,0.639152394237486
3.0333333333333323,0,0-ACCAD_Female1Walking_c3d_B21 - put down box to walk_poses,89,0.43597047263756394,0.4320262703113258,0.7119284669516561,0.20758770642026078,0.11681093666049315,0.06783962170713219,-0.9688448456519273,-0.9296020269393921,0.24683524668216705,0.19306327402591705,0.4923844337463379,0.15863741636655715,0.0645879236587652,-0.3853408098220825,0.0791923999786377,-0.0598786287009716,0.8174447417259216,-0.7338395788886825,-0.013903752151117166,0.32315200567245483,0.04674113169312477,0.04512332007288933,-0.15383553504943848,0.26648688316345215,0.18066030740737915,-0.1890927106142044,-0.27357643842697144,0.22015956044197083,0.4211071222738603,0.4185300829741129,0.7841914155721258,0.2863552804774628,0.33119456751421966,1.277618156941808,0.19314292122784604,0.11921248792304755,0.000802457855932321,0.43357988574470896,0.5639657268948463,0.015294655155063258,0.31788392757116296,0.23465375402476218,-0.00280245785593208,0.5900965818833468,0.6299259982771621,0.008099766065122027,0.3436470971604066,0.22685654058602378,0.3894254733651616,0.33912614960603105,0.5272583842528157,0.3273237450997537,0.3846656478198981,0.1180667491997176,0.7492031509684683,0.11293057835021088,0.4100313651559947,0.7296076154861021,0.5053920415518278,0.2383398462398286,0.8193393341340159,0.24092902277024306,0.521815053891178,0.8008843253075836,0.42952357901433813,0.30701563366174944,0.9942194156575461,0.2956421868516649,0.4558731166920673,0.9847638628729078,0.5085198962325399,0.3746381086155409,0.6250629680611876,0.44356831440760625,0.4856577690876186,0.6409620451841717
3.0666666666666655,0,0-ACCAD_Female1Walking_c3d_B21 - put down box to walk_poses,90,0.4228070848621428,0.413796606939286,0.715240432300305,0.20181277918512058,0.13410230389299108,0.07870965506227103,-0.967002049867604,-0.9639286398887634,0.25157395005226135,0.18997077643871307,0.5164470672607422,0.12561393620564187,0.07208731270655977,-0.4677557349205017,0.08634071052074432,-0.06029333919286728,0.8887566328048706,-0.7652769881465313,-0.004660519492977855,0.3066868185997009,0.04568200930953026,0.059259913861751556,-0.18308773636817932,0.27363085746765137,0.19649380445480347,-0.21509258449077606,-0.2885565459728241,0.2311049997806549,0.4057381965841921,0.398320213474282,0.7866136366438905,0.2510898476700397,0.29318735638084836,1.2705976731688253,0.18641941470360365,0.11641356519275604,0.0008852516892030489,0.414884022075217,0.5492199809193361,0.02961040374831732,0.31171928693620377,0.2312426787605594,-0.00288525168920295,0.5713955979851341,0.6151195118958842,0.02177596546179878,0.33129665257516727,0.21371053790702782,0.3910247017270314,0.31450315458201983,0.5080003418173937,0.33491548202735494,0.35808287914117193,0.0956823960788144,0.7389419412309949,0.09288397307315854,0.39737388916333266,0.723682707874928,0.4802252061432499,0.20999116227785553,0.8162356804906433,0.22191077659967925,0.5034078067681154,0.8015830062907806,0.40371922685399436,0.2775047486570954,0.9915726607871513,0.2739225319088191,0.43004162846456057,0.9839895756688082,0.4978619315044732,0.3585715247101881,0.6282781751805461,0.4348188883435427,0.4702954571491822,0.6458939400876503
3.0999999999999988,0,0-ACCAD_Female1Walking_c3d_B21 - put down box to walk_poses,91,0.41324605280533433,0.3993463250808418,0.7169915308435657,0.1996236143581802,0.15375608831654536,0.08788075792385566,-0.9637356744890685,-1.002212405204773,0.2521444857120514,0.1892027109861374,0.5322815179824829,0.10177562078890512,0.07899435107216735,-0.5812166929244995,0.09561631828546524,-0.06595829874277115,0.9457597136497498,-0.7555289059553996,-0.008020822281713746,0.2895532250404358,0.04570671170949936,0.08440831303596497,-0.22717835009098053,0.2836211323738098,0.2122468203306198,-0.25587382912635803,-0.3076862096786499,0.24447210133075714,0.3936504798626468,0.3820382499420895,0.7872869364974142,0.21242571218174866,0.25732915656576855,1.257125565977679,0.18423138398960284,0.1135028150580435,0.0009294964987124933,0.3852899402254371,0.5258901972896431,0.03665663861446351,0.30940767991176293,0.22846369149978626,-0.002929496498712502,0.5413479019105768,0.5927965998350401,0.028323218361486407,0.32485636915411703,0.20354453428952354,0.39191660016654684,0.2881204410320444,0.48599470153219215,0.3445033813921432,0.3340366309727557,0.07558124060632898,0.7263251918166304,0.07413524687263512,0.38497332681767643,0.713008746636393,0.4567121316779785,0.18436397694211643,0.8104477334222521,0.20264589873526678,0.48639984390414315,0.7976092087729456,0.3787388742214253,0.2515907775881525,0.9856414370699961,0.25220571305751305,0.40688147517118806,0.9788338479195284,0.49178918796664883,0.3465357917405279,0.6306718463385578,0.4303566485060198,0.458833588060393,0.6491281774624957
3.133333333333332,0,0-ACCAD_Female1Walking_c3d_B21 - put down box to walk_poses,92,0.4064959757961333,0.3883229526691139,0.7178516347609856,0.19579201300615526,0.1791746855113491,0.09656719202328481,-0.9592896836407888,-1.0489821434020996,0.25019100308418274,0.18970425426959991,0.5362140536308289,0.08825765332573487,0.085064375373058,-0.7077741026878357,0.10601035505533218,-0.0765882134437561,0.978996992111206,-0.7192151933375,-0.018719362033944087,0.2763846218585968,0.04542200639843941,0.11616100370883942,-0.2852640151977539,0.29753977060317993,0.22799167037010193,-0.3127245604991913,-0.32895439863204956,0.2582617402076721,0.38354997442652894,0.3691654201527977,0.7866373161854826,0.1682980258374266,0.22356611449521124,1.235576842317369,0.1837979650176445,0.11301316371240325,0.0009194947151619226,0.35584050055758665,0.5005895301495581,0.039951949704232714,0.309246461801657,0.22767761685628507,-0.0029194947151621846,0.5117568234891396,0.5677925260283037,0.031357905928162615,0.322670022998104,0.1978333705248044,0.39229544634489133,0.26729810805677146,0.46669063960132984,0.35599389028107276,0.31025610699806627,0.05779816453381073,0.7102514876109952,0.055951358656123905,0.3737396070726774,0.6970430800674938,0.4329042559095797,0.16069676285424378,0.8015141537808892,0.18289982546056616,0.4711771969761245,0.7884190454740339,0.35258568566658255,0.22856877380529195,0.9759431369857797,0.2294066182841034,0.3865238205351328,0.968921351503693,0.4894213481130651,0.33783874929358887,0.6330629658388188,0.4298839406255413,0.4509385145134143,0.6518257626245074
3.166666666666665,0,0-ACCAD_Female1Walking_c3d_B21 - put down box to walk_poses,93,0.4012652509845793,0.3773792120628059,0.7183454927465706,0.19125348797297098,0.20789941902411752,0.10628747435285704,-0.9533639953885912,-1.1011087894439697,0.24848587810993195,0.18914514780044556,0.5305615663528442,0.08267076355926806,0.09053081674014973,-0.8337292075157166,0.1155986413359642,-0.09059195965528488,0.9874477386474609,-0.6648407889955239,-0.028386543999712188,0.2668660581111908,0.04490429535508156,0.1513887494802475,-0.35545724630355835,0.3153913617134094,0.2442767173051834,-0.38422125577926636,-0.35310831665992737,0.27232229709625244,0.3745838554002826,0.35621539102609806,0.7851676134013393,0.12260576536347521,0.18878573820616854,1.206486358583288,0.18446164829336667,0.11160688632394714,0.0008672783116169917,0.32741689447640954,0.47491676224490625,0.0415139391855934,0.3102283702656206,0.2259256718807471,-0.002867278311617028,0.48334357909404263,0.5420940742725123,0.03290709464773744,0.3233054093355644,0.19307757124366115,0.3923741917947339,0.2518825120659668,0.4494169452304865,0.3689018934154312,0.2870433240689175,0.039274258292601165,0.690806715346091,0.03743285476541584,0.36009419346272603,0.6778704769133683,0.40920440449232287,0.13626148112952766,0.7889378176548634,0.16223270402375256,0.4543851130113309,0.77530652937827,0.3266331777530472,0.20527006320444846,0.9625648319960335,0.20649123741221853,0.36553437185510995,0.9552538509492601,0.48908396900009327,0.32942383232444217,0.6356535089764997,0.43124954074606897,0.4432247993274181,0.6547631103734252
3.1999999999999984,0,0-ACCAD_Female1Walking_c3d_B21 - put down box to walk_poses,94,0.3974012606777251,0.36879712669178843,0.7184034987407921,0.1902452283630396,0.23518753044785345,0.11660482666109952,-0.9459899011121999,-1.1515610218048096,0.24630959331989288,0.1866193264722824,0.5199414491653442,0.0823653568447047,0.0949466271876136,-0.9534102082252502,0.12337015569210052,-0.1068892627954483,0.9722921848297119,-0.5902280314148278,-0.03691054984031017,0.2587108612060547,0.045835673809051514,0.19190536439418793,-0.4357784390449524,0.33754441142082214,0.26194438338279724,-0.465021550655365,-0.3815898597240448,0.2900155186653137,0.367356033158503,0.34553958260970896,0.7830670197289684,0.080593059227657,0.15576577138868325,1.1713654283191448,0.1873935691044727,0.10964199767513295,0.0007944403918640659,0.29640924858559925,0.44912577801251147,0.041115123752852485,0.31275125871467807,0.2244138129884388,-0.00279444039186404,0.4519163047342997,0.5172963164932938,0.03272863633528002,0.3267003332381612,0.1901253878743155,0.39229798963493423,0.2395049596856837,0.43441473652570867,0.38259565325123934,0.2673052067982127,0.021797262039464655,0.669211869770224,0.019697530665408004,0.3458441636070444,0.6561586874898183,0.38828575417939626,0.11403165589886777,0.7732122926006423,0.14159459275890607,0.4380688996587659,0.7590920082238366,0.303914905611863,0.18458643645069212,0.9462135877700999,0.18546045365393932,0.34608852871324886,0.9386108312854728,0.49022597406741886,0.3239111026617015,0.6380760199136439,0.43303535485802963,0.43789911706654,0.6574839181574742
3.2333333333333316,0,0-ACCAD_Female1Walking_c3d_B21 - put down box to walk_poses,95,0.39407055312767625,0.3615171047858894,0.7178882229054745,0.1909246942921853,0.26037200928474263,0.12687401541576418,-0.9379004009503044,-1.1993427276611328,0.23874323070049286,0.18376366794109344,0.5076789855957031,0.08412184894296493,0.1026975788358171,-1.0643336772918701,0.12910446524620056,-0.12486086040735245,0.9345443844795227,-0.49705218912390015,-0.04477029339776184,0.2507535517215729,0.04829779639840126,0.2361007183790207,-0.5234172344207764,0.3632577359676361,0.28135842084884644,-0.5517023205757141,-0.41391822695732117,0.31189435720443726,0.3610736087330483,0.3362111093553566,0.7803046330544704,0.042719630347209187,0.12544298192105718,1.1314213051565918,0.18891399473581813,0.1099648508425806,0.0007180740750116973,0.26252353509622595,0.4218879440289609,0.03937489272341533,0.31386505051280766,0.2251838880981779,-0.002718074075011779,0.41745034354970517,0.4914188318384277,0.03142884572844388,0.33002138911014567,0.1890537648540475,0.3920209808336189,0.22970412954846312,0.4211237858212358,0.39613652879358796,0.2492625524399046,0.005118222974501211,0.6458668307591553,0.0026016341190421115,0.33236536915790815,0.6323931754432368,0.3689849339525272,0.09334068299048223,0.7546919800484754,0.1215713939480368,0.4227084979490417,0.7402999849161708,0.283780720846537,0.16607592339153954,0.9273743894131256,0.16645100889800588,0.328385280307792,0.9195260614697198,0.491646304420477,0.3198606698439436,0.6400819756919167,0.4344868242188661,0.4337683151967942,0.6597150658183056
3.266666666666665,0,0-ACCAD_Female1Walking_c3d_B21 - put down box to walk_poses,96,0.3906711214222014,0.35535991517826915,0.7158457359907635,0.1932776389291242,0.284833444496392,0.1339866217248842,-0.9292799623283915,-1.2467434406280518,0.2246958464384079,0.18168485164642334,0.4970262944698334,0.08754013501975244,0.10944441209609956,-1.1662869453430176,0.12992042303085327,-0.14159512519836426,0.8763247728347778,-0.388457121474689,-0.05528757559869102,0.2415139228105545,0.05160029977560043,0.28288212418556213,-0.6159859895706177,0.3915407359600067,0.3033750653266907,-0.6403709650039673,-0.448189914226532,0.33763518929481506,0.3548521122207417,0.32842546241387094,0.7759833601050246,0.007345708213336452,0.10053806964441846,1.086542831212185,0.18942784285867353,0.1098995575881119,0.0006513589415348686,0.226899540582103,0.39158496709587093,0.035791917557482254,0.3142363032768535,0.2252769395250777,-0.0026513589415349537,0.3812461132702944,0.4624639267600255,0.0284906453165637,0.33272596873386046,0.18798089110005406,0.3916934288769654,0.22268506933848647,0.40885465551840794,0.4070269765487179,0.23217707082034247,-0.01056289053551095,0.621008738541064,-0.01315545487806612,0.3207639183421995,0.6046012055814642,0.3503263332352081,0.07458521867350278,0.7339251478584046,0.10272581597905905,0.4092632275517806,0.7172909013754128,0.2647996999030694,0.15080537038748804,0.9060233869721842,0.14855792817401475,0.31382989303326847,0.8969107352502232,0.4929608513294893,0.3165305232820241,0.641226712033527,0.4353732533781848,0.4302980695847988,0.660224048274227
3.299999999999998,0,0-ACCAD_Female1Walking_c3d_B21 - put down box to walk_poses,97,0.3866910212673247,0.35085785714909434,0.7117153236165127,0.19889988997222835,0.3073798232094508,0.139830075658764,-0.9200021891245839,-1.2973802089691162,0.20819523930549622,0.1799834966659546,0.48946866393089294,0.09539321189889294,0.11617666877179933,-1.2584807872772217,0.11977271735668182,-0.15117470920085907,0.8066325783729553,-0.2725189908909593,-0.057141629728125753,0.2299264520406723,0.05492187663912773,0.3318549692630768,-0.7118649482727051,0.4209628701210022,0.3292420506477356,-0.7288610935211182,-0.4821327328681946,0.3662489652633667,0.34844433273001185,0.3223905888399601,0.7696101027502613,-0.023271319286739034,0.07854054762821935,1.0372816262744529,0.18773287864616767,0.10769548216230186,0.0006035093768083227,0.18722049599675675,0.3647184545387885,0.031708655229093184,0.31190731810759525,0.22375763626584336,-0.0026035093768083627,0.3407055279636181,0.43751237502009327,0.025121538781584143,0.33405498529694166,0.18653697661487686,0.3911611323391915,0.2155751585920181,0.39980777209146146,0.414529088988473,0.21733297751647837,-0.024860057448443246,0.5933819092147049,-0.027333655345540397,0.3102255834990349,0.5735091370593137,0.33335359338878584,0.05828594989505935,0.709938858212235,0.08517301813681773,0.3970111415449957,0.6908551192689886,0.24810573795561994,0.13803969894790152,0.8816828701598713,0.13226850844093707,0.30126744364148494,0.8711650509653319,0.49366594370013817,0.31514076828994453,0.6405251438675337,0.4347290031069194,0.4283728139832682,0.6584730598050148
3.3333333333333313,0,0-ACCAD_Female1Walking_c3d_B21 - put down box to walk_poses,98,0.3829823606647551,0.34815827338024974,0.7059346123422819,0.20619359322787417,0.33039317279802566,0.14646638491004452,-0.9093251077428878,-1.3555235862731934,0.19366297125816345,0.17784246802330017,0.4838663935661316,0.10697382960661694,0.12173199627918296,-1.3416833877563477,0.10590939968824387,-0.15774960815906525,0.7381556630134583,-0.1683047324976945,-0.05641417777025781,0.21608729660511017,0.05688667297363281,0.3793712258338928,-0.8101273775100708,0.4500417411327362,0.35944101214408875,-0.8197352886199951,-0.5150814056396484,0.39519545435905457,0.34244720407569806,0.3179616958728167,0.7613428047612574,-0.048462537486753665,0.058328472572424614,0.9832697956111054,0.18602679854770132,0.10369188133424476,0.0005685018614964843,0.15227866016622282,0.3427744976900401,0.028679078419663735,0.30896446037313374,0.221065176902434,-0.0025685018614964306,0.304753527654912,0.4177186758760749,0.02278120250315456,0.3356100672514486,0.18536908842452654,0.39047826821189124,0.21059993674902125,0.3939941205058791,0.41836974618280365,0.20544809415185145,-0.0366947766350888,0.5616510728378659,-0.039646985575727364,0.30087579251674196,0.5400122138363512,0.31873941051660437,0.044820468988523314,0.6819835562803336,0.06958136008007794,0.3859676292467619,0.6616185953768594,0.2342796895484032,0.1271559026784304,0.8539784694291349,0.11833943074343287,0.29025415287986245,0.8426205616346703,0.49481783739785684,0.3161442196759624,0.6385182231461876,0.43376836927701695,0.428399609835468,0.6554902812365627
3.3666666666666645,0,0-ACCAD_Female1Walking_c3d_B21 - put down box to walk_poses,99,0.38043330842629075,0.34762466279789805,0.6996037231941838,0.21423553191721983,0.3564815950675806,0.1550721250710924,-0.8960896413128292,-1.4211572408676147,0.1825684905052185,0.17493993043899536,0.4786059260368347,0.11794617901900062,0.12398667903684846,-1.4172277450561523,0.09136361628770828,-0.1626787632703781,0.6775883436203003,-0.0880327437856645,-0.05479915425417037,0.2002543956041336,0.057487837970256805,0.42275404930114746,-0.9100940823554993,0.4774227738380432,0.393138587474823,-0.9125465154647827,-0.546152651309967,0.42384546995162964,0.3375006826075016,0.31532523043731175,0.7519347494547852,-0.06802395388756177,0.04030005948409425,0.9239687840218306,0.18856237442158563,0.09975198135362716,0.0005337347753599786,0.1284163925087684,0.32799291438860567,0.026390882577292166,0.30961798349342723,0.21906723663475558,-0.002533734775360317,0.27975712218137533,0.4052461471504168,0.021106796089322033,0.3399154061960862,0.18586032097218483,0.3899211619846964,0.20967507121887186,0.3920156272831407,0.4190877348818197,0.1977096255037791,-0.04469166821404452,0.5255219721539232,-0.04848313712785876,0.29391632469179824,0.5039510406261828,0.30744375840988125,0.03507085580384645,0.6502453622690471,0.05727484546684554,0.3769867702356114,0.629943557859623,0.22373799034293007,0.11841067600058222,0.8231207369611784,0.10732346906843249,0.28115633561579967,0.8115581069473227,0.49749221251482295,0.32006789020442294,0.6367844961631078,0.4336827056855165,0.4308938313264224,0.6529773488826637
3.3999999999999977,0,0-ACCAD_Female1Walking_c3d_B21 - put down box to walk_poses,100,0.37628726894035935,0.3480760785751045,0.6923246184429771,0.21989032789588056,0.38431323928840266,0.16266932179135668,-0.8817540867801166,-1.4909204244613647,0.1724987030029297,0.172152578830719,0.47290611267089844,0.13074109963421487,0.12338298405734882,-1.4857970476150513,0.07700430601835251,-0.16680918633937836,0.6280743479728699,-0.02986801136945627,-0.05528630275198387,0.18627433478832245,0.05883609503507614,0.4557819366455078,-1.0122092962265015,0.5042245388031006,0.42682087421417236,-1.005250096321106,-0.5753849744796753,0.4532519578933716,0.33082221511451654,0.31388491305233446,0.7412009223213164,-0.0855448236753693,0.028970789918030246,0.8650555589891972,0.18905788804055942,0.09570609923716455,0.0004961882900269346,0.1115703314873156,0.31863519741737495,0.023213706034492153,0.30873455754772217,0.21640630825966997,-0.0024961882900269017,0.2622450858656579,0.3972123018996936,0.018443271651650293,0.3421542033474494,0.1868306868905944,0.38936421282626893,0.209107696361906,0.3925035717150396,0.41682873863587067,0.18715929530715267,-0.05102300887817275,0.4904723924638625,-0.0576705223406815,0.28963991294673974,0.46754835074658174,0.29426755014048983,0.02755691598740306,0.6181931087116406,0.0455041071126534,0.37066380320832687,0.596968941257572,0.21278741589712,0.11301997324103047,0.792047075070617,0.09657617963919454,0.2758589237364424,0.7797747619651983,0.49835588229287464,0.3244658730359806,0.634826484684978,0.4321687857631304,0.4340215022570728,0.6500937693327449
3.433333333333331,0,0-ACCAD_Female1Walking_c3d_B21 - put down box to walk_poses,101,0.37223135167732835,0.3491487833671272,0.6852054957005012,0.22501581475937665,0.41442695010159897,0.17212929694819576,-0.8648639726973142,-1.5635021924972534,0.16228541731834412,0.16974331438541412,0.46626797318458557,0.14025560353189448,0.12270902735729461,-1.5496678352355957,0.06350180506706238,-0.17086263000965118,0.589847981929779,0.0047016661628229706,-0.055041892471812126,0.17624418437480927,0.06045494228601456,0.4790600836277008,-1.1144602298736572,0.5298422574996948,0.4598951041698456,-1.0975385904312134,-0.6024762392044067,0.48340389132499695,0.3242776830081868,0.3128306265553921,0.7299987669247422,-0.09785885264101266,0.019454033268000007,0.8058963854930314,0.1915604350367565,0.09390460841056586,0.00045282243375804193,0.10347143762238288,0.3150181843687776,0.01951725729494233,0.3096745596102432,0.216136399709486,-0.00245282243375786,0.2534740577455297,0.3948942984953576,0.015156024874118768,0.3453629304243617,0.18946631773168654,0.3889427263243767,0.2102455487393848,0.39489935202808213,0.41326779128882535,0.1793176978287198,-0.05660864495991694,0.4557518179840919,-0.06450958667359258,0.2851905016244355,0.43075295916579376,0.28366672908769547,0.021623837611655632,0.5859459904733784,0.035969585647271776,0.3644516626305304,0.563346957860486,0.20442243398601967,0.10885644405076333,0.7608423977558066,0.08792581686068207,0.27141979663214544,0.7476560602865256,0.49923813897914526,0.32986257682264314,0.6338848032567406,0.4304520416648837,0.437906076070657,0.6484256395122692
3.466666666666664,0,0-ACCAD_Female1Walking_c3d_B21 - put down box to walk_poses,102,0.37139843637123704,0.3505069646053016,0.6772827427218295,0.22700296308325407,0.4430436607205665,0.18211241579569606,-0.8479487233670429,-1.6375646591186523,0.1521252691745758,0.16747130453586578,0.4589454233646393,0.15295723064796674,0.12596131904698793,-1.613050103187561,0.051073212176561356,-0.1752936840057373,0.5599974989891052,0.03192879201776666,-0.05270889002978896,0.1691153645515442,0.061487939208745956,0.49629122018814087,-1.2145473957061768,0.5527479648590088,0.49257704615592957,-1.188818097114563,-0.6270788311958313,0.5141287446022034,0.3212476990956381,0.31225783246899125,0.7178648501280858,-0.10311410317126896,0.013784496630337456,0.7491708299630895,0.19275707587948357,0.09364515003208093,0.0004144420797692651,0.09885590378128355,0.31466686075707284,0.0160360658701502,0.3098828116140203,0.21682615280058976,-0.002414442079769489,0.2485121889633184,0.3952071553639598,0.012004037825943045,0.3494017170212095,0.19281189279072375,0.38813249454614285,0.21340579288708686,0.3983963662044518,0.409687911504624,0.17424006762184976,-0.0601106974046675,0.42157325417563934,-0.06775883634781163,0.28277276549218344,0.3957316578848059,0.27668584608938485,0.017795439985351633,0.5534635890577538,0.0311330171337658,0.3599655598521174,0.5307177238992331,0.20091544495543226,0.10648187592368649,0.7299391153305126,0.08443172921816872,0.26902799527805893,0.7164303052099098,0.5026391643559212,0.33501144486330386,0.6319803013847555,0.4318212443237812,0.44177570972193747,0.6462221675147566
3.4999999999999973,0,0-ACCAD_Female1Walking_c3d_B21 - put down box to walk_poses,103,0.36892427736893296,0.3526984783820808,0.6692576347278634,0.22926537371494965,0.4716288469074036,0.19288739309476585,-0.829335922750994,-1.711855173110962,0.14268356561660767,0.165077805519104,0.4512578845024109,0.16468383416126353,0.12771299644335987,-1.678013563156128,0.03959380462765694,-0.18026426434516907,0.5355764031410217,0.05299444664425734,-0.051771878905984225,0.16264915466308594,0.06211527809500694,0.5090318918228149,-1.3123668432235718,0.572555422782898,0.5243167877197266,-1.27810537815094,-0.6489236950874329,0.5452723503112793,0.3168868256664582,0.3124839871850421,0.7053117373803481,-0.10566972538334543,0.009926446798538713,0.6932010957387715,0.19368703140550195,0.09359649339812774,0.0003729982417992987,0.09446563784580513,0.3145923408877759,0.012892260064160152,0.3095383468209223,0.21797869558087096,-0.0023729982417992415,0.24359748548187968,0.39611284556617665,0.009137351592644054,0.35225512280544297,0.1968845206428535,0.38740143491682927,0.21454029774552982,0.40195809292023205,0.40631653716893507,0.17011350050795115,-0.06166336166204352,0.3874750385887574,-0.0705403532007502,0.2811630444786506,0.3609136210996052,0.27050003746313483,0.01625013316022694,0.5209351252322693,0.026637744370573067,0.35630810137540625,0.4982788349660344,0.19801661766210396,0.10550803171933382,0.6991504470816016,0.0810879873371293,0.26771666888383,0.6854304492841445,0.5040495827304349,0.3411670995287023,0.6304753330144176,0.43104203771019617,0.4464987972458572,0.6443349418809088
3.5333333333333306,0,0-ACCAD_Female1Walking_c3d_B21 - put down box to walk_poses,104,0.3653640323318541,0.3544723424129188,0.6614712831932823,0.23077558859182223,0.5010741603327231,0.20358025688449127,-0.808840152665407,-1.7858012914657593,0.1339007019996643,0.16265526413917542,0.4434695541858673,0.17343036385760224,0.12651730233335767,-1.7435625791549683,0.028798893094062805,-0.18545487523078918,0.5153709650039673,0.06666113196168166,-0.05263750379937915,0.15658129751682281,0.06228399649262428,0.5167803168296814,-1.4067394733428955,0.589397132396698,0.5545809864997864,-1.3645249605178833,-0.6679456830024719,0.5765288472175598,0.3116179003220515,0.31242740686236103,0.6925932479213375,-0.10622498774507619,0.007900328782053892,0.6380975666601403,0.19555042695031055,0.09325129807736612,0.00032520859415027803,0.09181859059842586,0.31463853234836203,0.009805888738178406,0.3101649674924352,0.21877612584082343,-0.002325208594150207,0.24049226163507273,0.39700209204881376,0.006286858480136555,0.35455598529906196,0.2005459667769066,0.38696091208332417,0.21495308180992617,0.4049750666868569,0.40303401489990154,0.1668784498747769,-0.061980973210410004,0.35373642080296025,-0.07200553350568635,0.2804348879118158,0.3261621347097498,0.2650288738796459,0.01592083148879637,0.4888562465001512,0.023260945998294067,0.35327486768515437,0.46608425388218605,0.19543581812742433,0.10514293217700971,0.6687775828761549,0.07808959094192658,0.2670241511575931,0.6547590663109131,0.5039849006866496,0.34666175472489874,0.6299631281937929,0.42890075326215193,0.4506043496294394,0.643216953614561
3.5666666666666638,0,0-ACCAD_Female1Walking_c3d_B21 - put down box to walk_poses,105,0.36255075270310044,0.35771414963528514,0.6534199157568418,0.2315110350914148,0.528966416486854,0.21358386788121173,-0.7880222726807021,-1.8581517934799194,0.1259191930294037,0.16014356911182404,0.43617865443229675,0.18271490778627708,0.12415586805533363,-1.8084098100662231,0.01849975436925888,-0.19060233235359192,0.4989928603172302,0.07784906105416312,-0.05457914405811959,0.150851771235466,0.06180642917752266,0.5195345282554626,-1.4952757358551025,0.6031142473220825,0.583215057849884,-1.447242259979248,-0.6845102310180664,0.6074463129043579,0.30744220839914094,0.3140985884975118,0.6796063849983354,-0.10353150249704887,0.009409597433035655,0.5869572968796879,0.1974815775195381,0.09356918237722923,0.00027842337235317247,0.08994291692225703,0.3158054054355099,0.006732837127798638,0.311023012694807,0.2200674236024111,-0.0022784233723531708,0.2382503892087016,0.39883466978522614,0.003410951285327809,0.35682267839199183,0.20508990270076485,0.38651042214840053,0.2153457800466405,0.40896315383071946,0.3997405966025481,0.16519463706815143,-0.05972944082992296,0.32187440476884027,-0.07216623243076811,0.2817896960697826,0.29355810400275106,0.261380726695745,0.018298964541209925,0.4583272109750843,0.021658177691996447,0.3524006646017363,0.43558146613822113,0.194824719501191,0.10723929407847282,0.6399624320921252,0.07705292287815238,0.2687932472866018,0.6257388944517452,0.5040581052854914,0.3531873532841257,0.6292440083978055,0.42712302722487067,0.45585930921821116,0.6417839661816035
3.599999999999997,0,0-ACCAD_Female1Walking_c3d_B21 - put down box to walk_poses,106,0.3596333139576018,0.3586538168601692,0.6462333649670229,0.23027935496672666,0.5553989642471852,0.22431143498874706,-0.7669340188846441,-1.9272148609161377,0.11904147267341614,0.15737804770469666,0.43013113737106323,0.18800604120281283,0.12324777868417658,-1.871494174003601,0.008432921022176743,-0.19547255337238312,0.48640358448028564,0.08473025296309133,-0.053303640705087973,0.14551320672035217,0.06073214113712311,0.5199777483940125,-1.576369285583496,0.6139744520187378,0.6101575493812561,-1.5256563425064087,-0.6991156935691833,0.6375727653503418,0.30348830388156284,0.3136644690271095,0.6674158205639894,-0.09912353934718458,0.010852671802405137,0.5388541361389657,0.19892448273404842,0.09369728905051182,0.00023781999331193293,0.08764446644892321,0.31726213671602166,0.004735133491298473,0.31154316761303597,0.22101933357848805,-0.002237819993311834,0.2357192497232943,0.40071196172148554,0.0015751865288499145,0.3582244309863516,0.2078671876308446,0.38623957712301404,0.21478487818751424,0.4113419972463139,0.39767622301284583,0.16469977103811725,-0.05692882045567882,0.29077245400666946,-0.07178710474609702,0.2833710760310165,0.2635450163364023,0.258862535124857,0.020551274591910612,0.4289381984411334,0.020880204086491397,0.3511156673242068,0.40770813377082943,0.19501215892048396,0.10804540390662523,0.612572471310064,0.07684391597042675,0.2693572346736342,0.5988997059463151,0.5034188772055048,0.35696633308504594,0.6292475117250985,0.42490691622287,0.45848332489371113,0.6414275596562823
3.63333333333333,0,0-ACCAD_Female1Walking_c3d_B21 - put down box to walk_poses,107,0.35534684592857957,0.36268461076542735,0.6387383681291615,0.23039622364243503,0.5792756682019146,0.23289731843697273,-0.7464021164395219,-1.9920052289962769,0.11293057352304459,0.15448594093322754,0.4257522523403168,0.19438801686842977,0.11801229748920505,-1.9321644306182861,-0.0009735666681081057,-0.20009562373161316,0.47746866941452026,0.09083550581767286,-0.05681605366639575,0.14017416536808014,0.059415847063064575,0.5199999809265137,-1.650162935256958,0.6226118803024292,0.6351982355117798,-1.5993568897247314,-0.7123578786849976,0.6668628454208374,0.2985397576160547,0.3165899140960101,0.6552681490232755,-0.09397740776530264,0.01582323681178001,0.49468747618408926,0.19968917832622546,0.09407210356206383,0.00019825737573656022,0.08440202635200117,0.3184829959278834,0.002245999819928419,0.31138906414681267,0.2222024755458903,-0.0021982573757364926,0.23217953194993382,0.40246265903652106,-0.0007912725440015096,0.35801585217884213,0.21218126218181688,0.3860626252163973,0.21218412118743035,0.41501868831824523,0.3950052284198313,0.16516438242168152,-0.05144566301524278,0.26234372255046917,-0.0716569112895184,0.2869620248323308,0.2349664318636346,0.2569369785335838,0.026034372942328347,0.4021085208190721,0.019764831962683613,0.3524300574840279,0.38096494475199555,0.19501703120805183,0.11234549723083434,0.5872201547131493,0.07621162284235658,0.27317782428181514,0.573420791741376,0.5008600722036292,0.3635252656657482,0.6288055351330557,0.42082368255643937,0.4639528392390408,0.6400730735669155
3.6666666666666634,0,0-ACCAD_Female1Walking_c3d_B21 - put down box to walk_poses,108,0.3529986017383635,0.36466458765789866,0.6316807538933169,0.22922553840608292,0.6001304467894412,0.24126434098856736,-0.7273861540791792,-2.052274465560913,0.10690459609031677,0.15169969201087952,0.4230961799621582,0.19983813894760383,0.1156855714273759,-1.989761233329773,-0.009670434519648552,-0.20440389215946198,0.47182828187942505,0.09663415267474762,-0.0583734074227511,0.1358015537261963,0.05725816637277603,0.5199999809265137,-1.7162185907363892,0.6298907995223999,0.658731997013092,-1.6683560609817505,-0.7244269847869873,0.6949367523193359,0.2958152073621588,0.3177059527748015,0.6439259985838656,-0.08618084450388229,0.019943868475579732,0.4549066297181973,0.2000233590415308,0.09368385191846584,0.00017164057467970034,0.08137738369077414,0.31841605075811713,0.0005539633105906064,0.3110733202164326,0.22237889905124356,-0.002171640574679605,0.22895341988371615,0.4027524747991158,-0.002392410996305123,0.3582030348246747,0.21450831821378585,0.38579907703133887,0.21022541172487638,0.4166272332387227,0.3931414039789528,0.16818359349375753,-0.04677279196949988,0.23593898394989693,-0.07009088173654104,0.2895806265841388,0.20955528604072304,0.2576015345154734,0.030479217436879282,0.37734663250640793,0.020539520041728272,0.3526308352902217,0.35710312797613386,0.19741281043570097,0.11521648297621714,0.5639680661378206,0.07790243369313049,0.27555266900416364,0.5504861448778293,0.49973062276477515,0.36754994693351095,0.6280331531097636,0.41846290545520864,0.46704996566916046,0.6387096345398526
3.6999999999999966,0,0-ACCAD_Female1Walking_c3d_B21 - put down box to walk_poses,109,0.3505880110897124,0.36469537345692515,0.6265719576215973,0.22654895962950442,0.6195910438229053,0.2480585789000088,-0.7094007673659086,-2.1079893112182617,0.10103582590818405,0.14894860982894897,0.4220570921897888,0.2026315456896668,0.11326783868988843,-2.0436899662017822,-0.017734186723828316,-0.2083205133676529,0.4689604640007019,0.09940713952088065,-0.059832116715899275,0.13240738213062286,0.054336436092853546,0.5199999809265137,-1.7754803895950317,0.6360501050949097,0.680558443069458,-1.7328433990478516,-0.7351514101028442,0.7214968800544739,0.2930868687451059,0.317244275567345,0.63475803959888,-0.07851055581168409,0.024072770973408902,0.4196510174108077,0.19942637662540819,0.09261665260893234,0.0014204763917945416,0.0786001972056831,0.31772351968051926,0.0004412544530060722,0.310370995311364,0.22140325480105932,-0.0008822785744782152,0.22628728121249814,0.4018675412148546,-0.0024412544530059907,0.3573938555901377,0.2148095053179732,0.386985590271244,0.20802913949327856,0.41662032238361557,0.3929468156265736,0.17150634582915686,-0.042869370851433726,0.2128017616195393,-0.06806157904245982,0.29184019509688636,0.18737396314001112,0.2584737928066868,0.033832422162254405,0.3560255805843469,0.02186846280512635,0.35230754733025427,0.33642379068551803,0.19954632174469755,0.11699386728493083,0.5439356577069855,0.07972214708977649,0.2771143977789493,0.5306779134576385,0.4981664214393776,0.36880591631940435,0.6288917502818546,0.4161316734380123,0.46773536978238567,0.6389955954568528
3.73333333333333,0,0-ACCAD_Female1Walking_c3d_B21 - put down box to walk_poses,110,0.3481998913921416,0.36574557749554515,0.6219901680229081,0.22409997897279577,0.6372199828478569,0.253953595263087,-0.6922697915818093,-2.159397602081299,0.09561667591333389,0.14610859751701355,0.4223768413066864,0.20408642587628956,0.1098517743248335,-2.093794822692871,-0.025016047060489655,-0.21192094683647156,0.4682442545890808,0.10010566666893661,-0.0622346076036131,0.12863539159297943,0.051415521651506424,0.5199999809265137,-1.8292814493179321,0.6406853795051575,0.7002274394035339,-1.7930200099945068,-0.7446308732032776,0.7465023398399353,0.2905673189882426,0.31795476941232337,0.6264089077597574,-0.07037407702929487,0.02970475444552026,0.38780374552424274,0.19901060946795118,0.09240834222727422,0.002744917688215845,0.07637028803371176,0.3176930813739619,0.00042041400799039397,0.30992497424304694,0.2212215645346942,0.000473916737930645,0.22417146369695756,0.4016379571481626,-0.002420414007990767,0.35630313524467405,0.21575842866854186,0.38837075394834075,0.20562996874220946,0.4172429648337403,0.3928839699344306,0.17536752977391382,-0.03751214847911552,0.1918027979811804,-0.0657513155383324,0.29529522154464594,0.16728901471487886,0.25995317045055266,0.0385883019176268,0.33676332724657604,0.02351052809981784,0.3533283247702384,0.3177019343876726,0.2019806703263825,0.12007361559908764,0.5258363128274789,0.08180923771224885,0.27994829672026766,0.5127558686504743,0.4963082358087966,0.37082416600582585,0.6299286455708841,0.4135981839771765,0.4692550020159509,0.6393810488484508
3.766666666666663,0,0-ACCAD_Female1Walking_c3d_B21 - put down box to walk_poses,111,0.34581406647339463,0.36651429859921336,0.6176318333230264,0.22149560741885468,0.6527512633020564,0.2597732052537504,-0.676293845886472,-2.2065834999084473,0.09061962366104126,0.14319129288196564,0.42388126254081726,0.20419153305727322,0.10747699254218701,-2.1400296688079834,-0.03148366138339043,-0.21526233851909637,0.4692578613758087,0.09956810886943246,-0.06372253743101175,0.12394079566001892,0.04876404628157616,0.5199903845787048,-1.8783752918243408,0.6438983082771301,0.7173293828964233,-1.8488932847976685,-0.7529702186584473,0.7699044346809387,0.28822711071684787,0.3184746149595391,0.6185968838364908,-0.06240434057008058,0.035644624896169236,0.35906130442794526,0.19810195220659949,0.0924930492974577,0.0036913196047522225,0.0739060191807314,0.31768748791136725,0.00040795196693854674,0.3089826835714679,0.2213355263612755,0.0014375414321074961,0.22177433607620192,0.40151487927920043,-0.0024079519669385867,0.35472928086855704,0.21642640697222587,0.3894184136413537,0.20276407107116143,0.41748584579766806,0.39288287298372104,0.17867028134286314,-0.0314957683251646,0.17226984054370129,-0.0640934577059088,0.2992102068135178,0.1495170845654204,0.26134155409503973,0.043762162062826265,0.3187664916297233,0.02476960123510088,0.3547397132039081,0.3011066451553712,0.20445038821144362,0.12318667393423449,0.5091331954896833,0.08383472642695447,0.2827755718345855,0.49666601059328114,0.49420372717660604,0.37240797738646025,0.6306296504683352,0.4108637572747704,0.47035121095985677,0.639606342008727
3.7999999999999963,0,0-ACCAD_Female1Walking_c3d_B21 - put down box to walk_poses,112,0.34315584832802415,0.36790606705471873,0.613841202205361,0.2184073304448148,0.6671936457860195,0.2632415447907323,-0.6617059514066033,-2.249765157699585,0.08621883392333984,0.14015422761440277,0.42645835876464844,0.20381065676607624,0.10315423539718194,-2.1823489665985107,-0.03729880601167679,-0.2183241993188858,0.4717623293399811,0.09749054166615534,-0.06699838213476372,0.11869511753320694,0.04613786190748215,0.5198177099227905,-1.9227485656738281,0.6465136408805847,0.7317271828651428,-1.8998371362686157,-0.7605416178703308,0.7918531894683838,0.28555702986341935,0.3199197950680142,0.6116746814232032,-0.055902917737558455,0.04345459818819716,0.33371807613356086,0.19643787003632912,0.09291842418951107,0.004917876370515575,0.07175822279325016,0.3184897016083838,0.00040384212958209306,0.30779353791765596,0.22135087218543936,0.0026769987574261495,0.21999379680267178,0.40166620975340106,-0.002403842129582192,0.35227892311876086,0.21714193409914803,0.39084552625588675,0.19981907670251953,0.4184034445762132,0.3928917274904759,0.1804036973296011,-0.024774916561364567,0.15528788246628247,-0.06280231133348553,0.3048891305552103,0.13368083200649766,0.26162908051389294,0.04957330800363998,0.3030523668147373,0.025794070049823228,0.35782880848536713,0.28634921743911645,0.20583543835840998,0.12739510223691558,0.4944776912049995,0.0852971566173768,0.2870726681550032,0.4824036497360431,0.4916401796178055,0.37392904997070575,0.6315841026349995,0.4080823503009474,0.4717456264143172,0.6398959774098851
3.8333333333333295,0,0-ACCAD_Female1Walking_c3d_B21 - put down box to walk_poses,113,0.3419470661319792,0.367617669980973,0.6099322175725601,0.21528862744686647,0.6787754964285285,0.2687469219518811,-0.6486059853883855,-2.289146900177002,0.08212101459503174,0.1371372640132904,0.4300210475921631,0.20243661042565853,0.10347176718007822,-2.220505714416504,-0.04254020005464554,-0.22114330530166626,0.4757443070411682,0.09515801314272898,-0.06598184141535257,0.11342070251703262,0.04299717769026756,0.518926203250885,-1.9620335102081299,0.6482216119766235,0.7433440685272217,-1.9455909729003906,-0.767119824886322,0.8121103048324585,0.2845871120678404,0.3195511439154692,0.6049880551809993,-0.04806831204710331,0.04852979613619274,0.3114520111213376,0.19513835759240783,0.09295912151477405,0.005278371748886044,0.0697065140098876,0.31856133454950897,0.00040547338337753105,0.3065193823247002,0.22136937047878724,0.003025531189806221,0.2179837948160721,0.40166335964516087,-0.0024054733833774357,0.3508138786565353,0.2167306052694396,0.3912825867187143,0.19729194769903458,0.4177055026052598,0.39300627131066407,0.18330011499282559,-0.019199505836712052,0.13927594742155885,-0.06175943218009035,0.3084541232033346,0.12049188740967814,0.2635928160551493,0.05421366081659467,0.28801448755900366,0.02689675213432703,0.358904807078655,0.27396622951117944,0.2090949082328399,0.12966887302369046,0.48080418101232003,0.08785356646431691,0.2889049855435013,0.4700068472791077,0.4904260987382388,0.37413255470362,0.6314972702383036,0.4063650728024928,0.47152223856788733,0.6397542801786822
3.8666666666666627,0,0-ACCAD_Female1Walking_c3d_B21 - put down box to walk_poses,114,0.34027989441528916,0.3670482668094337,0.6067324565817315,0.21275480116596804,0.6893274263950337,0.2728208728887738,-0.636499697656359,-2.3246560096740723,0.07784788310527802,0.13435803353786469,0.4345507323741913,0.2001503690911055,0.10220938478954888,-2.2546300888061523,-0.04713301733136177,-0.22381894290447235,0.4810577929019928,0.09063246860430962,-0.06703014622342085,0.10898934304714203,0.03903737664222717,0.5166680812835693,-1.9956351518630981,0.649540364742279,0.7523736953735352,-1.9857945442199707,-0.7725843191146851,0.8303310871124268,0.2831729822270944,0.31900204841208785,0.5992919271621026,-0.04105956025022954,0.052311929134512006,0.2926944737409464,0.19373823404795248,0.09247499892499494,0.006041065737939243,0.068442509965943,0.31789840820402354,0.0004146725435924502,0.30531458432642306,0.22071527869025837,0.003771990097280995,0.21683433310052974,0.4007951007385942,-0.002414672543592497,0.3488054307018715,0.21571563171190042,0.39223948394009306,0.19463108189565975,0.4164695697549011,0.39314494750267925,0.186128359950856,-0.01531913025466782,0.12625983060782914,-0.060766035497149574,0.31033591523667065,0.10895694925956853,0.2654765583187564,0.057599900282959485,0.2757464273494401,0.027721508086842254,0.3588959853188232,0.2631368390904272,0.2117453570538422,0.13127095810071882,0.4694761884098712,0.08978876462362279,0.2900044701485571,0.4593545968468751,0.48863449807265785,0.37384445591078524,0.6318991866680601,0.40418836995936946,0.47092473136594115,0.6398726612275963
3.899999999999996,0,0-ACCAD_Female1Walking_c3d_B21 - put down box to walk_poses,115,0.3389523201622069,0.3660324844531715,0.603808357277771,0.2104115259408644,0.698090645402913,0.27642825215272343,-0.6260861458010166,-2.3562798500061035,0.07378104329109192,0.13174208998680115,0.4398668706417084,0.19795155769841521,0.10182023812352892,-2.28463077545166,-0.05108252912759781,-0.22636647522449493,0.48744481801986694,0.08580794182847318,-0.06787470312133936,0.1051785945892334,0.03477752208709717,0.5130082964897156,-2.023895263671875,0.6516755819320679,0.7591650485992432,-2.0198707580566406,-0.778111457824707,0.8471214771270752,0.28211714147449185,0.3180393519144095,0.5942468881096813,-0.03495007122272312,0.054661799059265354,0.27751407355514723,0.19198508023298538,0.09163452032944608,0.0067423640191474656,0.06734632574351089,0.31677728546947803,0.00042956163450872525,0.3037867058080878,0.21967795644478305,0.004445630133340463,0.2158392641061945,0.3994916897201817,-0.0024295616345086334,0.34673718840314,0.21415127321354588,0.3930828438734406,0.19208842091467546,0.4146969137356479,0.39328734061771703,0.1885071709961728,-0.013252360065588666,0.11574093429313362,-0.060538571297355195,0.311145961900209,0.09959789067560407,0.2672281414353559,0.059604665868744786,0.26558894658987814,0.027983844195888653,0.3580279735109005,0.2542763414913032,0.21423187468222032,0.132034254684285,0.460047604872739,0.09147748107325232,0.2901896058972167,0.45053820781462883,0.4871501988278721,0.37303842751472455,0.631978537857473,0.402367527676063,0.4698405045478094,0.639769872259659
3.933333333333329,0,0-ACCAD_Female1Walking_c3d_B21 - put down box to walk_poses,116,0.3353931182064116,0.36546245543286204,0.6017878795653628,0.20874744100699646,0.7062073836532284,0.2798574997275052,-0.6159345882420972,-2.3841135501861572,0.07035583257675171,0.12923455238342285,0.44565877318382263,0.19325327074305343,0.09984404766382071,-2.3102266788482666,-0.05507225543260574,-0.22853516042232513,0.49457818269729614,0.07729647180093702,-0.06867302978034862,0.10204127430915833,0.03051876090466976,0.5083338618278503,-2.0468292236328125,0.6547154784202576,0.7643992900848389,-2.0482561588287354,-0.784071147441864,0.8623058199882507,0.27890941563402455,0.31749352073001486,0.5902305162333525,-0.030960444895171566,0.05646970424961473,0.26461339867282646,0.18973189689228237,0.09137766301363485,0.0076191326555315984,0.06563811551030618,0.3168270778774522,0.0004480275617871343,0.3015897624907729,0.21937149195276345,0.005295846781794129,0.2141815088816938,0.399449551517706,-0.0024480275617871777,0.34304742798027094,0.2130738526340507,0.39433530982134213,0.18776550110377252,0.41355502607936995,0.39354334153942383,0.1900507139894042,-0.01169424521181071,0.10719720037285446,-0.06189883615996841,0.3119559927567865,0.09146611634868518,0.26772850456442826,0.06138826008508716,0.25747917692054206,0.02633346243382028,0.35729543702099226,0.24676891890819347,0.2146334049965744,0.1328623807948905,0.45234844861100254,0.09094138407378052,0.2903010520462045,0.44310000795023047,0.4833252487311948,0.3727485300777369,0.6328987652947476,0.398123356660381,0.46920539720908677,0.6404062334675951
3.9666666666666623,0,0-ACCAD_Female1Walking_c3d_B21 - put down box to walk_poses,117,0.335407214704901,0.36467936960980296,0.5992994097042041,0.20727028516150947,0.7114158484140102,0.2826621160800825,-0.6091212093233747,-2.408172845840454,0.0670846477150917,0.1271228790283203,0.45163214206695557,0.19289402266888156,0.10082220488910787,-2.3322269916534424,-0.05957089364528656,-0.23032265901565552,0.5017789006233215,0.0742294317965746,-0.06797344511968606,0.10045995563268661,0.02625253237783909,0.5033850073814392,-2.0647599697113037,0.6580401659011841,0.7686161994934082,-2.0718443393707275,-0.7894319891929626,0.8751944899559021,0.27919456102787865,0.316734741247934,0.5863978525179797,-0.025856486951627344,0.0565699204490232,0.2556459503170259,0.1880934198791387,0.09014929245651271,0.008300049712973646,0.06438025558359253,0.3161175201251033,0.00046824403335056844,0.30009348688604875,0.21801793749656911,0.005934757750511315,0.2129996468091912,0.3986017828033046,-0.0024682440333506327,0.3417890028356572,0.21142316981132767,0.39495994325294087,0.1858627908751301,0.41204632430037663,0.39364358692416007,0.1928827136877872,-0.012328563388925124,0.10107683086137444,-0.06223333803074914,0.310718915850887,0.08577610680978692,0.2701118557123901,0.061482994215248235,0.25123367482913234,0.026421572927057227,0.3552268825634316,0.24107875284760083,0.21747019842568943,0.13280466790679238,0.4463735481444729,0.09287352110862296,0.2895423210095007,0.43736460806242977,0.4832214594328192,0.3722271393080091,0.6322033308900912,0.39770442758731855,0.46840752442721817,0.6396876561303955
3.9999999999999956,0,0-ACCAD_Female1Walking_c3d_B21 - put down box to walk_poses,118,0.3339725905098021,0.36449900595471263,0.597831914115901,0.20567806432677094,0.717794919887789,0.28330908101406777,-0.6018329929914442,-2.428867816925049,0.06412892043590546,0.1254066675901413,0.457329124212265,0.18890309599167,0.0979084992085324,-2.3517754077911377,-0.0643664002418518,-0.2319762408733368,0.5083324313163757,0.06774930948818003,-0.06941797130899441,0.09995601326227188,0.022643018513917923,0.49928373098373413,-2.0786960124969482,0.6603758335113525,0.7717002630233765,-2.0913565158843994,-0.793067455291748,0.8853256106376648,0.27791426026965926,0.31677809267354334,0.5835078767556381,-0.022012760316484928,0.058273092447557004,0.24687026077314192,0.1870546681616057,0.09015176309695871,0.009212744760490294,0.06384401867312117,0.31705698020650136,0.0004863698688316598,0.2995867226020059,0.21755198263153044,0.006820928303118996,0.21288914002003573,0.3987681460355091,-0.002486369868831762,0.33966200976217414,0.21044800328083324,0.3962238914545115,0.18365017090375216,0.4117905305163331,0.393792037312157,0.1956683676693719,-0.01184529510609286,0.09588777144114027,-0.0608703565022608,0.31112723517325425,0.07932957726972407,0.2718427489026249,0.06227342752227624,0.24643159497381806,0.02730557599018414,0.35484479900941157,0.2351286265142155,0.21852950176632618,0.13359993278006685,0.44145164833961725,0.09377220504502096,0.2901734199522251,0.4318316208166727,0.48151863934980044,0.3717539400035808,0.6329962854842598,0.3960338333607404,0.4679981192004238,0.6400219396977077
4.033333333333329,0,0-ACCAD_Female1Walking_c3d_B21 - put down box to walk_poses,119,0.33168976241722703,0.36424970952793956,0.5965469575206362,0.20431544022086653,0.7231393805515041,0.28480748463065625,-0.5951548822628432,-2.446458101272583,0.06191623955965042,0.12391692399978638,0.46251344680786133,0.1839722808461497,0.09595992027640388,-2.3686394691467285,-0.0687631219625473,-0.23376904428005219,0.5143322348594666,0.06122721978589096,-0.06961359831338854,0.09903910756111145,0.02001851797103882,0.495032399892807,-2.089585065841675,0.6617050170898438,0.7738099694252014,-2.1074345111846924,-0.7955986261367798,0.8932108283042908,0.2758613574735402,0.31666174364873556,0.5809400774697281,-0.019594897052671242,0.0597034356032185,0.23925047298711233,0.18582055989345705,0.09050007571386443,0.009655032702200896,0.06239340301175077,0.3181610672488979,0.0005024351769524031,0.2985658634514488,0.21771112805693674,0.00723745387528299,0.21171336071799501,0.3993677232862058,-0.002502435176952377,0.3370810550348577,0.20973223014239067,0.39704267647665364,0.18054105865216402,0.41151962878542975,0.3939608928453259,0.19725994778287706,-0.010708960536762452,0.09095883630652472,-0.06080833312387814,0.31153292019402484,0.07398027900963038,0.2725399117311926,0.06343312079257299,0.24194043455035916,0.026947840537277,0.3545734337909827,0.23020426045240172,0.21858897615932266,0.13426492285764846,0.4370019742957756,0.09350439385277975,0.2905627744325662,0.4271524178457288,0.4789586045143588,0.3714222062225318,0.6336671273275333,0.3933557050786237,0.4675815583267859,0.6404159609055096
4.066666666666662,0,0-ACCAD_Female1Walking_c3d_B21 - put down box to walk_poses,120,0.33269651466980577,0.36323902336880565,0.5949595188097798,0.20230039566510857,0.726854137525113,0.2862944194357997,-0.5905870960969966,-2.4611306190490723,0.06040472164750099,0.12267060577869415,0.4671613574028015,0.18094145043010057,0.09680312768553234,-2.3828322887420654,-0.07259836792945862,-0.23572871088981628,0.5198529362678528,0.05764615213053714,-0.06803002599129249,0.09731230139732361,0.018516939133405685,0.49007394909858704,-2.09810209274292,0.6622537970542908,0.7750562429428101,-2.120299816131592,-0.7975232005119324,0.8992823362350464,0.2769935346640355,0.3158203229564782,0.5784173040341613,-0.01664755986739684,0.060767233052974726,0.23380015099893747,0.18607744037583684,0.09038723817879614,0.009559427104571788,0.06249154429577658,0.3188535202719168,0.0005174324549894159,0.2990706372673679,0.21737755164075306,0.007110398099920586,0.21211605460792476,0.39949653304319205,-0.00251743245498956,0.3371782187984084,0.20837562003562993,0.39708832245887293,0.18022125899718436,0.41070674610771285,0.39408589857740994,0.19874812742679993,-0.009856587092412371,0.08663597224006359,-0.060179391326280335,0.3119010613540379,0.07073634356573447,0.27411112489298967,0.06403088272059433,0.2377009404547732,0.02796581762793971,0.354206112099848,0.22694219820626776,0.22056934153665225,0.13426084394410487,0.43310760182839064,0.09535577356025682,0.2904853898413863,0.42374605527833664,0.4798302063812872,0.37020271626728446,0.6332802402537334,0.3942181956998626,0.46634837136345797,0.6401116043130005
4.099999999999995,0,0-ACCAD_Female1Walking_c3d_B21 - put down box to walk_poses,121,0.3319623046554625,0.362822029273957,0.5941507938929232,0.20111046640644378,0.7309039637986635,0.2862612305630588,-0.5859935868946927,-2.4730465412139893,0.059523336589336395,0.12169453501701355,0.4713099002838135,0.17687815788101124,0.09397934240323402,-2.394660234451294,-0.07612476497888565,-0.23769976198673248,0.5248141288757324,0.05228498563870487,-0.06937824323359454,0.09637347608804703,0.016932528465986252,0.4855266809463501,-2.1034905910491943,0.662894070148468,0.7758914828300476,-2.129655361175537,-0.7986986637115479,0.9036107063293457,0.2763520687810663,0.3156110769222965,0.576725879429912,-0.015016437854301831,0.061805502559826114,0.22931684740126063,0.186333164998565,0.09015610453896344,0.009930300507695541,0.06261348842058274,0.3196245886547621,0.0005311582890953313,0.2996761196918959,0.2168339964586981,0.007463253658207627,0.212663609009387,0.3994718398814653,-0.002531158289095295,0.3361491547215343,0.20735156059503274,0.39780363766244586,0.17899396243922241,0.41045044625668653,0.3941779059162642,0.20000504681185338,-0.009382913381307688,0.08379448063972633,-0.059310589175356046,0.3122039090155085,0.06733408746734554,0.27487171087871354,0.06441042357598037,0.2351519721503092,0.028586484354702027,0.3541148271048721,0.22378581680878273,0.22086150782500721,0.13451135266238662,0.4304935936038546,0.09577168257415186,0.2908162013399267,0.4208232886137442,0.47885913207107783,0.369430891862455,0.6339144888467814,0.39336887479566945,0.4657077166496211,0.6404159062402458
4.133333333333328,0,0-ACCAD_Female1Walking_c3d_B21 - put down box to walk_poses,122,0.33125494653359056,0.3623185488395393,0.5929467571971869,0.20056866512286628,0.7327238357069237,0.2888897132747453,-0.5826068354574981,-2.482515811920166,0.05922850966453552,0.12099665403366089,0.47492745518684387,0.1738396301756111,0.09490469183350547,-2.4043734073638916,-0.07904668897390366,-0.2398158460855484,0.529216468334198,0.04953050470756337,-0.06789312942171422,0.09577389806509018,0.015575388446450233,0.48160773515701294,-2.1061508655548096,0.6633080840110779,0.7761467695236206,-2.1352553367614746,-0.79909348487854,0.9064610600471497,0.2759127928796534,0.31502796434773916,0.5748955343198322,-0.01338176447170479,0.06124592810491632,0.22577963744568064,0.18642509120576078,0.08995388194545394,0.009505235948426942,0.06121234129025431,0.3196089081876703,0.0005432607737457483,0.2993616103538169,0.21699376147073118,0.007012917163883765,0.21121885687520328,0.3995371176434021,-0.0025432607737458784,0.33548201637137753,0.20664807268605861,0.3975183775021864,0.17699695553792236,0.4095990743339713,0.3942729068439939,0.20165758825400093,-0.008820776113352186,0.0807113882888792,-0.05955879341998662,0.3113041166037978,0.0649985446646486,0.2760697154811233,0.06493529838584891,0.23231099580872405,0.028179693305374197,0.35307041920655785,0.22157791149887263,0.22165429173850165,0.134226523388719,0.42784030680729723,0.09583861196260549,0.28996939145583067,0.41852587345043524,0.47803456897456,0.369309413870427,0.6334478109630497,0.39218003867267287,0.46525108335119714,0.640099980189247
4.166666666666662,0,0-ACCAD_Female1Walking_c3d_B21 - put down box to walk_poses,123,0.33003665739670396,0.3637259933166206,0.5929015861548661,0.20030178670806292,0.7364964096853708,0.28644122205562234,-0.5791404484832654,-2.4898757934570312,0.059307049959897995,0.12064681202173233,0.47794097661972046,0.17047743009593042,0.08838625284759916,-2.4124248027801514,-0.0814652144908905,-0.24203571677207947,0.5328996777534485,0.044297135458284176,-0.07345752526443738,0.09563567489385605,0.014593060128390789,0.47843611240386963,-2.1066462993621826,0.6634716391563416,0.7757005095481873,-2.1371748447418213,-0.7986857891082764,0.9079121351242065,0.27466263152966625,0.3167143066312044,0.5742302558790421,-0.012856430026664381,0.0636332435015654,0.22317530618091866,0.18717478197559134,0.09035104396851772,0.010405138360039843,0.06222221333846811,0.3209333145887846,0.000553743744846083,0.3006985694133603,0.21686634801148358,0.007909636666967972,0.21285049432370107,0.39968269229385045,-0.0025537437448462028,0.3343113494825762,0.20702054384009522,0.39884127468539,0.17618044646605982,0.41100303498876445,0.39423971734540963,0.20285215900766154,-0.007558127950283728,0.07997035785231212,-0.056993178084616083,0.31339103492837583,0.06176903373799201,0.2764769291267981,0.06614726173769744,0.23197849237153853,0.02971829542224752,0.3549935588759249,0.21896290946993707,0.22086416599943814,0.1359216131097265,0.42700293856251503,0.09572833756182186,0.2921384670942797,0.4165385287654836,0.47652909089273016,0.3700841217178734,0.6348067212727334,0.391078051610979,0.4664356502970406,0.6406796531056593
4.199999999999995,0,0-ACCAD_Female1Walking_c3d_B21 - put down box to walk_poses,124,0.33060826594009995,0.3631851109676063,0.5916233074618571,0.19978835265510236,0.7362549390828845,0.2889765655639741,-0.5783647840025088,-2.495232105255127,0.05998912826180458,0.12046065181493759,0.48029279708862305,0.17063634821931317,0.09154043444271731,-2.417876958847046,-0.08309765160083771,-0.24435746669769287,0.5363204479217529,0.044779801553478604,-0.07140759314285727,0.09436255693435669,0.014272247441112995,0.4746718406677246,-2.104843854904175,0.6625515222549438,0.7747379541397095,-2.136282205581665,-0.7978469133377075,0.9081647396087646,0.27539479941657535,0.31605075641694425,0.5727864888464933,-0.012575749393688343,0.06267616871024984,0.22234951497088443,0.1869934238011153,0.08967356058922656,0.009713680346431938,0.06082912681680812,0.3203656921932008,0.0005640062261835464,0.3000095565339335,0.216642078121622,0.007193899057551748,0.21135233505531548,0.399314912073354,-0.0025640062261836002,0.3345699817848527,0.20626822158639968,0.39801317465710334,0.17520884768941183,0.41002230622336683,0.3942767456245096,0.20308304316808606,-0.006770471895365589,0.07794146235288753,-0.057957615490866435,0.3127559816230428,0.06159181101070825,0.2770105850314016,0.0666301333509349,0.22995012627600947,0.0290234797187676,0.3542519398662247,0.21866484730204896,0.22169432683348314,0.13538861774640026,0.4253939934709672,0.09588859495042101,0.2911254047268006,0.4158464332387133,0.47717303807324546,0.3699713451164678,0.6334065359645914,0.3913857975573028,0.4659960908932176,0.639713421195384
4.233333333333328,0,0-ACCAD_Female1Walking_c3d_B21 - put down box to walk_poses,125,0.33017303282395005,0.3644281360320747,0.5915325923067134,0.20050772294309874,0.7372156379222194,0.28838473755700117,-0.5771862778924046,-2.498640298843384,0.061027880758047104,0.12046560645103455,0.4819350242614746,0.17059364877414152,0.0881700897134543,-2.421001672744751,-0.08427680283784866,-0.24663740396499634,0.5392180681228638,0.04213317595916255,-0.075130156887806,0.09312791377305984,0.013708590529859066,0.47131627798080444,-2.0996901988983154,0.6611613631248474,0.7735273838043213,-2.132322311401367,-0.7962761521339417,0.9069198369979858,0.2750199253743546,0.31728776470967496,0.5725346942587806,-0.012752514337297183,0.06301288430083789,0.22261912170954634,0.1877814853175251,0.08914478380560555,0.010332105551087573,0.06148743961834094,0.320572876695279,0.0005731149898859852,0.30072167384409454,0.21618077948086448,0.007808295261359042,0.21220703243492792,0.39914580828190493,-0.002573114989886098,0.33439097277284263,0.2066201957424352,0.398736715736224,0.17467395882790496,0.4107483901767635,0.3942273054459842,0.20410271142653866,-0.005435158376168444,0.07797666446236666,-0.05708984189504329,0.3131982621000835,0.060987609285799486,0.2775761850238652,0.06778790086673489,0.23029080194415574,0.029326753176302754,0.3549799228561403,0.21829631573559816,0.2214383224378315,0.13626578268370662,0.42556072404569656,0.09554569296398277,0.2919113918203336,0.41567765262793477,0.47664061367439153,0.3712701652874225,0.6337709018384509,0.39084255529397666,0.4673081154750119,0.6397216978838114
4.266666666666661,0,0-ACCAD_Female1Walking_c3d_B21 - put down box to walk_poses,126,0.33075045282021165,0.36440179077908397,0.5907813137255031,0.20056920755813637,0.735679688195937,0.2911093422201951,-0.5777566444685474,-2.499833583831787,0.06242479011416435,0.12055850774049759,0.48293158411979675,0.17161161190134333,0.09168157286499645,-2.421572208404541,-0.08470142632722855,-0.24897484481334686,0.5415997505187988,0.042455838770719234,-0.07303194382776956,0.09133606404066086,0.013475021347403526,0.4677903354167938,-2.091804027557373,0.6595013737678528,0.771550714969635,-2.1248764991760254,-0.7946048974990845,0.9044144749641418,0.2757520141241301,0.3170400334571847,0.5718859258127112,-0.013319288260194184,0.06162445648493192,0.223909749840704,0.1879266623696294,0.08875094578866129,0.009672199796829168,0.06069077634458438,0.32033834700487457,0.0005806985963171772,0.30013137787804556,0.21643668458144272,0.007131741842640468,0.21116992929388914,0.3993701766398396,-0.0025806985963171374,0.3350392695118269,0.20654513833199178,0.3978821863893558,0.17409111181830614,0.4102472551970249,0.3942725143857762,0.20455864776134006,-0.0038626132025100426,0.0769857812728813,-0.05836477708538884,0.31283435169622764,0.062363527780244975,0.2781998366771981,0.06882843984059443,0.2294736506484864,0.028215506530017604,0.3546548634993046,0.21957187197918554,0.22200005288219427,0.13587962206515172,0.4251747671155805,0.09522054751492662,0.29087144881998106,0.41641830903985677,0.47735522773096595,0.3718665777198865,0.6324781747533588,0.3911168758723511,0.4674753233775677,0.6389575043357474
4.2999999999999945,0,0-ACCAD_Female1Walking_c3d_B21 - put down box to walk_poses,127,0.3308263891376555,0.36443886486813426,0.5907747133915077,0.20048980471324954,0.7350843286704655,0.2913453687385981,-0.5784226344669653,-2.4987568855285645,0.06393718719482422,0.12082523107528687,0.4832540452480316,0.17163666160792013,0.09195322500996839,-2.42014479637146,-0.0846191868185997,-0.2512732744216919,0.5430948734283447,0.04109508197675238,-0.07372986535892334,0.08942779898643494,0.013977311551570892,0.46457117795944214,-2.0817177295684814,0.6578729748725891,0.7682002186775208,-2.113347291946411,-0.7930461168289185,0.9005650877952576,0.2758097434582895,0.3170542144838681,0.5719900492701568,-0.015181759530663572,0.06131660358452423,0.22588493707360396,0.18822775550942156,0.08843055723781394,0.009494250444340536,0.061037506223252144,0.3204874815973409,0.0005852733064397979,0.3002313799071237,0.21629264779222912,0.006949860373426906,0.21161943083394127,0.39932295340233664,-0.0025852733064397337,0.3352387099371468,0.20640582774520203,0.3976895461572626,0.17403232829911527,0.4102666894760815,0.39427919992885546,0.20407317230218547,-0.00229939340649038,0.0771874816838661,-0.05863143673209115,0.3142652999213612,0.06366977242001017,0.2778947744080211,0.06966124247022766,0.2299343381193234,0.027706214043378544,0.35575957073435305,0.22109785045070723,0.221239980391011,0.13577035165321294,0.4257799830367851,0.09438348027013443,0.2907312684625061,0.4176112904421665,0.4774885315463543,0.37194820788779426,0.6322213665843374,0.3912237011504311,0.4675238874718722,0.638837267805432
4.333333333333328,0,0-ACCAD_Female1Walking_c3d_B21 - put down box to walk_poses,128,0.33082776004448533,0.36444059340283275,0.5907433257400119,0.20068677319266734,0.7336562708702274,0.29123306257025217,-0.5802211634749784,-2.4956140518188477,0.06564400345087051,0.12124330550432205,0.4827558100223541,0.1733514392060731,0.09253909071593847,-2.417088747024536,-0.08392809331417084,-0.2536125183105469,0.5435495972633362,0.04200873252289017,-0.0750156123743777,0.08757153153419495,0.01522766426205635,0.46291401982307434,-2.0680553913116455,0.6571307182312012,0.7638775110244751,-2.0968880653381348,-0.7926558256149292,0.895665168762207,0.27574231931936605,0.3170083889967721,0.5722830926618233,-0.017786464260841447,0.06098568673443784,0.2285535073095743,0.18789905279640334,0.08767077826902217,0.00925906606876107,0.060705632718495064,0.31985013067614326,0.0005867017797901893,0.29971149939158254,0.21570008280834807,0.006714667205231863,0.21137092621290282,0.3985260408780088,-0.002586701779790198,0.3352629084767957,0.20618585541678952,0.3973247849173058,0.17386688613221057,0.4100753632618722,0.3942239596090881,0.20359385742255118,-0.0007699015900641572,0.0777553008835912,-0.058983418948776595,0.3168269690784604,0.06539084615745827,0.27749472099980454,0.070365929844796,0.23084978168801287,0.02703391690382439,0.3575869569304319,0.2231856671348783,0.22002687757002337,0.13557723543867128,0.4267391385214009,0.09321660351260477,0.2906079408614256,0.4192012562189561,0.4776142089893566,0.37201728248395083,0.6316167491014131,0.3913588861563454,0.46759059770394595,0.6383882944637248
4.366666666666661,0,0-ACCAD_Female1Walking_c3d_B21 - put down box to walk_poses,129,0.33158795768395066,0.36742064682766795,0.5910769019005708,0.2019210502030301,0.7317372122574956,0.291722017274667,-0.5819680457892283,-2.49031662940979,0.067520372569561,0.12180869281291962,0.48140981793403625,0.17465529952202385,0.09227956557536565,-2.4122121334075928,-0.08278511464595795,-0.2558853328227997,0.5429748296737671,0.04271117173990269,-0.07694761707277276,0.08659934997558594,0.01656533032655716,0.4640076160430908,-2.048774480819702,0.6579061150550842,0.7591251134872437,-2.074538469314575,-0.7938464879989624,0.889909029006958,0.27654652878095487,0.3197917410258629,0.572995739425795,-0.018055224217525617,0.06290028315340784,0.23082452991823132,0.18970669010288016,0.08957158924891115,0.009041085599407122,0.06183994674692861,0.3213828500038483,0.0005844878790005371,0.30099120242359567,0.21806021242897491,0.006505137880686514,0.2123862434303161,0.40028639965506924,-0.002584487879000664,0.3367810725447611,0.20908704317531682,0.3970398158219924,0.17474472949762657,0.4125123150248747,0.3941565980390848,0.2076927402774779,0.003951700684469796,0.0782413940593722,-0.05641578760573286,0.3231332956390078,0.06648939603560534,0.2804132013571146,0.074155055257412,0.23232834273199315,0.028427007626484275,0.3627147226923828,0.2252173864272517,0.22047397786365874,0.1381255473341853,0.4279072752135408,0.09339295610006307,0.2929499408081738,0.42069575713950697,0.4784525609431026,0.37542610473966365,0.6313828918019138,0.3919827359786557,0.4708005484375854,0.6382193260544702
4.399999999999994,0,0-ACCAD_Female1Walking_c3d_B21 - put down box to walk_poses,130,0.33126004273071885,0.3691192897967994,0.5920087574085577,0.20407539923353663,0.7290886357967303,0.2908065742320769,-0.5849910503273865,-2.481393337249756,0.06917757540941238,0.12258370965719223,0.4798026978969574,0.17672800106867714,0.0904270071932709,-2.4035279750823975,-0.08196382224559784,-0.25745078921318054,0.5420247316360474,0.04349696929932212,-0.08005470663986758,0.0875077098608017,0.017529703676700592,0.4661095142364502,-2.0237715244293213,0.6591461300849915,0.7529627680778503,-2.045860767364502,-0.7949156761169434,0.8826086521148682,0.2761854638656675,0.3212830451374518,0.5745879520388777,-0.01961207595593814,0.06219929437569546,0.23509131367831806,0.1905731208613924,0.08962645850060869,0.009314881080291063,0.06227448899977242,0.32142897881948085,0.0005818631756554053,0.3014985323216564,0.21842547030359727,0.006791460595171467,0.21278079786149182,0.40040898786224266,-0.0025818631756555424,0.33724361382444756,0.21051562065467952,0.3972510801742487,0.17483662753442647,0.4137415422773066,0.3940518961570632,0.2119877330268219,0.005779206761357226,0.08091925527933391,-0.05357237266520329,0.3273577187889632,0.068069077422142,0.2830070998004971,0.07536704677001066,0.23607513260972823,0.029507421050322412,0.36600060260700046,0.227956661713667,0.2196311191224262,0.13873967872823187,0.43079745124572233,0.09245691703494174,0.29346468953250604,0.4231112132173414,0.47822084811244214,0.3775055369652966,0.6315324889321129,0.39164388549912993,0.4727954153127985,0.6381881117510737
4.433333333333327,0,0-ACCAD_Female1Walking_c3d_B21 - put down box to walk_poses,131,0.33268763357773423,0.3703020247630775,0.5923175528849485,0.20562843828349,0.723397959406674,0.29119707978767706,-0.5912838560441865,-2.4682843685150146,0.070834681391716,0.12342427670955658,0.4780457317829132,0.18126863245678027,0.09472608390136195,-2.390824556350708,-0.0805632546544075,-0.2586851716041565,0.5408631563186646,0.04900349967280615,-0.078719129709381,0.08876857906579971,0.019422907382249832,0.46885618567466736,-1.9924066066741943,0.661270022392273,0.745405912399292,-2.0095279216766357,-0.797171413898468,0.874596357345581,0.2775093634562811,0.3221623260346892,0.5761025008423569,-0.022201490363809404,0.060597899810879804,0.24195438029451366,0.1902486250350896,0.09018079275428234,0.00856722843529898,0.06132659548498928,0.32147860944531365,0.0005798498491017406,0.3006385133269302,0.21943898256229963,0.0060388039318737576,0.2115926600111893,0.4009149119122908,-0.002579849849101857,0.338551163436489,0.21191742132666794,0.39605568047323175,0.175536187450287,0.4145819841009651,0.3939681958953824,0.215672028537524,0.007475501630647183,0.08405002528777487,-0.05222998993909502,0.3325563410555512,0.07221982057436972,0.28562839358189346,0.07621316071795327,0.24006542650555318,0.029828018934547444,0.36956805400991866,0.23301839173731528,0.21935823910363914,0.13868374769195546,0.43417333505703615,0.09192169778108816,0.2932194058331228,0.42704289337211654,0.4800172869036331,0.379271846659452,0.6297584230738289,0.3932412615736835,0.4743409185939315,0.6369544181319453
4.466666666666661,0,0-ACCAD_Female1Walking_c3d_B21 - put down box to walk_poses,132,0.33249064022675157,0.37223458616063,0.5942775757204485,0.20836821843108722,0.7193986558820442,0.2875702088051473,-0.5969519532347028,-2.4513580799102783,0.07239515334367752,0.12439968436956406,0.4759051203727722,0.1832273253901362,0.09100071856407377,-2.374664068222046,-0.07907599210739136,-0.25938257575035095,0.5391037464141846,0.04964928471217389,-0.08346846364937921,0.0915951356291771,0.021765276789665222,0.47406259179115295,-1.95290207862854,0.66484534740448,0.7369756102561951,-1.9644466638565063,-0.8005164265632629,0.866030216217041,0.27706174912165826,0.3239997740446993,0.5792429180588793,-0.025315932795881527,0.06010724100599778,0.24930100839105157,0.1911881958912649,0.09062186343466462,0.009126952663268979,0.06265375650262621,0.32198419298364983,0.0005760843813895633,0.3017069040145746,0.21977030145579868,0.006617747319746611,0.2131077187484591,0.40106433636124156,-0.002576084381389527,0.33900185683452627,0.21356237713178355,0.39662539797583357,0.17645871783038525,0.41644721050995137,0.3938142453090036,0.22219610710161955,0.008864456781558387,0.08968211665658114,-0.04704800458930136,0.3404063238553515,0.0750870931024599,0.2892059643251524,0.07669836643238075,0.24737740492016216,0.03213459731686819,0.3751531996889751,0.2378210304951867,0.21742474294347774,0.13926680989096712,0.4395833147288587,0.09068053884400196,0.29430842997370993,0.43120550658419066,0.47996217984657946,0.38116611035021863,0.6304148781656307,0.39344222813576113,0.47650014837994165,0.6371702312610351
4.499999999999994,0,0-ACCAD_Female1Walking_c3d_B21 - put down box to walk_poses,133,0.33307080203667283,0.3735133442096412,0.596146141913244,0.21134635690129708,0.7129581013723189,0.28468729351364913,-0.6049600053094428,-2.430309772491455,0.07426200807094574,0.12529192864894867,0.4734439253807068,0.186998263366009,0.09021054247758697,-2.354205369949341,-0.07733342796564102,-0.2595527470111847,0.537123441696167,0.0528785211168421,-0.0856383593652561,0.09543158113956451,0.024323606863617897,0.48113489151000977,-1.9043065309524536,0.6693945527076721,0.7281180024147034,-1.9096424579620361,-0.8043754696846008,0.85780268907547,0.2773992748689616,0.3250775156180632,0.5827427255031618,-0.028636704730908555,0.058018293221466455,0.2586999792370261,0.191623552894106,0.09050737063818177,0.009239541828922743,0.06309421906211168,0.3219421342292613,0.000572654912955186,0.30204842969319823,0.2197362746609119,0.006742153395120198,0.21354392866678978,0.4010306410173342,-0.0025726549129552224,0.33992340731370474,0.21473012507330216,0.3965172438017912,0.17751284932853503,0.4176205474409335,0.3936711953542867,0.23063183382581207,0.009754182459190762,0.0962711816044704,-0.04143214232523463,0.348845148675523,0.07955234481425731,0.2940292672261597,0.07647207890854185,0.2559240924322729,0.034501252627873444,0.38050181012816614,0.2444509182487662,0.2159736220474289,0.13885342287539007,0.44585793113038874,0.08964245039495058,0.29417917988618913,0.43655582502831547,0.48081816602473393,0.38265560712177527,0.6300721906191044,0.39441922144900343,0.4781035347366348,0.6367635943910066
4.533333333333327,0,0-ACCAD_Female1Walking_c3d_B21 - put down box to walk_poses,134,0.3306827121414244,0.3755079540424049,0.5989579517921588,0.2162844977338989,0.7056438749797155,0.28201778673639355,-0.6129875249202981,-2.404885768890381,0.07661045342683792,0.12600812315940857,0.4707385301589966,0.18903674745768217,0.08644403015628677,-2.329493999481201,-0.07492679357528687,-0.25943121314048767,0.5349642634391785,0.05345551750630051,-0.0895891043935475,0.09967915713787079,0.027128279209136963,0.4899310767650604,-1.8453476428985596,0.6739969253540039,0.7197470664978027,-1.8449777364730835,-0.8079130053520203,0.8499553203582764,0.2749494895850228,0.3266839716193001,0.5873378552423465,-0.03336781426397341,0.054927476444192075,0.26932243840753683,0.19193462183390572,0.09036758145605027,0.009648586315978484,0.06264928506529667,0.3214953525088583,0.0005691658939747969,0.3018263068850452,0.22005060440011442,0.007172477128052645,0.2128237973790276,0.40110544436235285,-0.002569165893974712,0.33910929434082926,0.21657377609952536,0.396924408382015,0.176222147630465,0.418928721613182,0.3935324388181889,0.2412244611523424,0.011503874803287309,0.10455002382610518,-0.03587296014615039,0.35831295005868047,0.08461696208757939,0.2989679527132427,0.07686487297997904,0.2668866903678044,0.0353195449926705,0.38624674958826355,0.25227999993453043,0.21254582319120519,0.13854255219577,0.45352784313364936,0.08615858748888361,0.2937282728397529,0.44276477388117647,0.4785799968314676,0.38533319208737044,0.6306947751577285,0.3919953806249432,0.4806359303931197,0.6370417658438611
4.56666666666666,0,0-ACCAD_Female1Walking_c3d_B21 - put down box to walk_poses,135,0.3305805795826018,0.37715700594708323,0.6019498354116258,0.22054419701660752,0.6968355598352863,0.27922910397051653,-0.6227451864183016,-2.3750596046447754,0.07925029844045639,0.1266179382801056,0.46781960129737854,0.19053148445115542,0.0848322082080275,-2.3006081581115723,-0.07184154540300369,-0.259064644575119,0.5326263904571533,0.05450931775482104,-0.0913766311598081,0.10402827709913254,0.03030620701611042,0.49983859062194824,-1.7756917476654053,0.6767954230308533,0.7123098969459534,-1.7706972360610962,-0.8092660903930664,0.8422060012817383,0.2747252847685494,0.32802126303677936,0.5924175319183557,-0.03726547072917412,0.05195480857752674,0.28166528549314573,0.19358709990004502,0.09102398790068368,0.009467395002262579,0.063793068678963,0.32182024147415156,0.0005655294694596295,0.3030489177151084,0.22107036819200948,0.00700783940302566,0.2137170972259377,0.4019013387079365,-0.0025655294694596244,0.3402002477410211,0.21845828929949945,0.39670501289830445,0.17706265588377182,0.4203466219552506,0.3934493300941439,0.2551991480298862,0.015016873626921994,0.11369143509833782,-0.027535604650733875,0.3700432809831289,0.09157028637124248,0.306213663081713,0.0779568795036489,0.27920771562213587,0.03824430783269472,0.39308016946441976,0.26216298576644265,0.21067865354436255,0.1380660807634017,0.4619572408057696,0.08435222222507188,0.29322642886657535,0.4501638516985408,0.4786712613789465,0.3874518310846816,0.6308627927995212,0.39201357688580246,0.48268954824016097,0.6371815704909888
4.599999999999993,0,0-ACCAD_Female1Walking_c3d_B21 - put down box to walk_poses,136,0.3298601978458464,0.3780837091617286,0.6054731958224879,0.22459185690944028,0.6867229511020277,0.2755588372757771,-0.6340642029313067,-2.3402597904205322,0.0822678953409195,0.12701725959777832,0.46499982476234436,0.19103098593090606,0.08332859422601557,-2.2668514251708984,-0.06820084899663925,-0.2583313584327698,0.5304691791534424,0.05472619037322435,-0.09247337021530866,0.10828787833452225,0.033837445080280304,0.5087241530418396,-1.6963611841201782,0.6763095855712891,0.7057014107704163,-1.6874901056289673,-0.8064953088760376,0.8343001008033752,0.2738294723948111,0.3287405525684869,0.5983450331668295,-0.04355555087597132,0.048156099581441944,0.29713842683256997,0.1944316561553453,0.09158095267652476,0.009074138726635483,0.0644885539005444,0.32225527271797155,0.0005633009604210648,0.3036509828794328,0.22183132695161534,0.006629006596092831,0.21424595559485302,0.4026477163815277,-0.0025633009604210145,0.34048515997472795,0.2197395404396438,0.3963368872710229,0.1774212997515689,0.4213993192972919,0.39340850582158315,0.26880079084654485,0.018830131760485765,0.12519720837614753,-0.019256424034351623,0.38215678996190083,0.10107716076532353,0.3122638650989514,0.07865047564629976,0.2939930964720394,0.04042262448075436,0.39968146382165554,0.274544336849472,0.20728443596504925,0.13677761301091032,0.4721303051262702,0.08121787382295853,0.2920754120966885,0.4594023670062265,0.47811961603335634,0.3885695317175382,0.631082154372496,0.3915476403413721,0.48388101640517334,0.6374556626530574
4.633333333333327,0,0-ACCAD_Female1Walking_c3d_B21 - put down box to walk_poses,137,0.32903491193428636,0.3783802720718086,0.60952433367815,0.22989386742348117,0.6746096092453175,0.2724448985258922,-0.6463934267164008,-2.3005597591400146,0.08572529256343842,0.12716655433177948,0.46228745579719543,0.19074473969921124,0.08170837658517072,-2.2282562255859375,-0.06358020752668381,-0.2574528753757477,0.5286658406257629,0.05392439127325166,-0.09354015830137064,0.11162398010492325,0.0375630259513855,0.5151780247688293,-1.608437180519104,0.6715824007987976,0.6997679471969604,-1.5964033603668213,-0.7986700534820557,0.8263416886329651,0.2730204410891897,0.3287009915288081,0.6051256815353144,-0.050543470745413835,0.041885587043827305,0.31653883052194054,0.1962395895123034,0.0913383105453065,0.008520373265825686,0.06571176145357682,0.32135221925297874,0.0005633686796702418,0.30482661848418785,0.22211652057043565,0.006087900926343218,0.21501868799063306,0.40257823233711193,-0.00256336867967024,0.3411522941640685,0.22046915995164967,0.39586429896186776,0.17765640402228008,0.4213349730404756,0.39339227772260454,0.28316176682001304,0.022644142921389162,0.13947959429241788,-0.0112512943636317,0.3927374863555577,0.11379221244156491,0.3183742169711375,0.07894393248860937,0.3113806741412933,0.04185725643188969,0.4045442143952913,0.28985937919778726,0.2038535921096769,0.13420586894990194,0.4843355202067372,0.0775083603695998,0.28921659115549736,0.47089143906126885,0.4773562518789566,0.38941921734953056,0.631349602724332,0.3906057216030803,0.4845598475475271,0.6378390673247959
4.66666666666666,0,0-ACCAD_Female1Walking_c3d_B21 - put down box to walk_poses,138,0.32710050279274583,0.37913576094433665,0.6142319479653631,0.2354560193602939,0.6614705899425849,0.2685545101591555,-0.659466145197151,-2.256471872329712,0.08963056653738022,0.12710677087306976,0.459533154964447,0.18909939177914947,0.0789685979561674,-2.1853525638580322,-0.0580054335296154,-0.2564893066883087,0.5271488428115845,0.05113272553578474,-0.0952657673771986,0.1140531674027443,0.04135866463184357,0.5189229249954224,-1.5131157636642456,0.6627114415168762,0.6945355534553528,-1.4982826709747314,-0.7853925824165344,0.8186374306678772,0.2711528001676368,0.32920828500107363,0.6127822180224908,-0.05972672330696159,0.0357025126754677,0.33956803004196257,0.19765118832156742,0.09175597567577749,0.007943256644318827,0.06690144730408096,0.3210573149413085,0.0005651989410205664,0.3056610616975724,0.22301153793730183,0.005525689952273986,0.21576702012191593,0.4030892711456925,-0.002565198941020568,0.34088134371394574,0.22166637435719974,0.39549656813032175,0.17714781278887737,0.4217375754227746,0.3933997957263642,0.29651226843400386,0.027687401480313387,0.15677685884608647,-0.0037917522977943107,0.404155826229576,0.12953997838002204,0.3228600529525182,0.08002355113429363,0.3314945909013368,0.04216712939576019,0.40977390805513564,0.307909769976714,0.1988378925918243,0.1319495646360865,0.4985569400441803,0.07222764999443848,0.28668482953140906,0.4844491702982038,0.4753517743878936,0.39054472135410073,0.6320310482805508,0.3884828721583466,0.48557236532871173,0.6385840485378635
4.699999999999993,0,0-ACCAD_Female1Walking_c3d_B21 - put down box to walk_poses,139,0.32482423121109605,0.37943566171452403,0.6194727998840417,0.24114426700990826,0.6469615302330518,0.2631167626463044,-0.6738395878109941,-2.2079408168792725,0.0937744677066803,0.12692692875862122,0.4569403827190399,0.1874129355365639,0.07512861068954502,-2.1380629539489746,-0.05196158587932587,-0.25520965456962585,0.5261044502258301,0.047614365949840254,-0.09792649580737689,0.11563213169574738,0.045174531638622284,0.519936203956604,-1.4130384922027588,0.6505803465843201,0.6896315217018127,-1.394727110862732,-0.7671304941177368,0.8115474581718445,0.2689493524117791,0.329439228482613,0.6213043520259971,-0.07078185394606298,0.029041074796144303,0.3670788439484733,0.1985075872704113,0.09146582089337549,0.007522607580188016,0.06809924936759752,0.3202728057808155,0.0005701130400364435,0.3061899867894631,0.22299043725644024,0.005119250684515648,0.21664039944960747,0.40289039296707885,-0.0025701130400367575,0.3399911225536355,0.2221100757124832,0.39531301626955717,0.17641463003593882,0.4216592164900727,0.3933846698793183,0.3081215962408341,0.03188155400549898,0.1776360964059442,0.0032108370428331305,0.4151214091369141,0.14863922204005067,0.32561932777750413,0.08039867706035633,0.35455269360846386,0.041838783139820625,0.4143371210638299,0.3288247677331356,0.19270107353485608,0.12921053379730787,0.5151985776749051,0.06602028211331618,0.2838208085205763,0.5003720833216266,0.472876389695502,0.3908379255719531,0.6328639160090586,0.3860725513986316,0.48592728925841816,0.6393753188801724
4.733333333333326,0,0-ACCAD_Female1Walking_c3d_B21 - put down box to walk_poses,140,0.32246349984779954,0.3806460234336555,0.6251420973118114,0.24798272004900246,0.6304578531837302,0.2580038336311763,-0.6888116489633989,-2.15521502494812,0.09789285063743591,0.1267039030790329,0.4546080231666565,0.18501905244984584,0.07148625801056374,-2.0866124629974365,-0.04553398862481117,-0.25357580184936523,0.5256780982017517,0.043125501035054636,-0.1002689314840568,0.11615535616874695,0.04871286079287529,0.5199710726737976,-1.3105579614639282,0.6355154514312744,0.684968113899231,-1.2885633707046509,-0.7449008226394653,0.8050238490104675,0.2669205666968275,0.33053721852498674,0.6305356348903981,-0.0812209398423752,0.02228321653424699,0.39800466082483765,0.19993624447364963,0.09198520793808251,0.007009146136498397,0.06951672719175044,0.3198712725679575,0.0005783018049624888,0.3069593605864599,0.22404702614269867,0.004615657052579096,0.21747903932504636,0.40352048082373776,-0.002578301804962352,0.3392513340785108,0.22347763581952726,0.39506955661855586,0.17536224816072662,0.42201280107651296,0.39339312636568025,0.31975728327401554,0.0373967578506359,0.20104120627961997,0.009606761704308221,0.4261589517034001,0.17088109508273186,0.3284246769508313,0.08212648134873697,0.37960125871801575,0.04104031000134348,0.41881124968909733,0.35231292117929924,0.18715107333840797,0.12712943186408268,0.5335788574184127,0.05985695406725852,0.28118668043548567,0.5182570996344195,0.47010563905732716,0.3922756192789693,0.633718592247182,0.38312442342921826,0.48720236553904167,0.6402272387725115
4.7666666666666595,0,0-ACCAD_Female1Walking_c3d_B21 - put down box to walk_poses,141,0.3197978609241545,0.3810616764239967,0.6310471667075603,0.25480893253034703,0.6122348504613689,0.2519796007064291,-0.704802934593152,-2.0986571311950684,0.10170084983110428,0.12654629349708557,0.4526561498641968,0.18245686367178604,0.0683965645526019,-2.0316922664642334,-0.03895832225680351,-0.25151997804641724,0.5258714556694031,0.038710422728923,-0.10235115924534832,0.1161327138543129,0.05184564366936684,0.519295334815979,-1.2086843252182007,0.617775022983551,0.6798794269561768,-1.1827811002731323,-0.7192640900611877,0.7986680269241333,0.2647031209956629,0.3310218458130807,0.6402983820138164,-0.09206307892296998,0.015177463860859816,0.43232011551030197,0.20024914385085651,0.09190997568094612,0.006379505828428351,0.07015971338706338,0.31870849566876436,0.0005902187582583415,0.30676748697633094,0.2243793342096299,0.003989604407294543,0.21757744939860088,0.4033128450039856,-0.0025902187582584855,0.3376716845634357,0.2239131145777692,0.39469472337511335,0.1736656341053128,0.4214627300834882,0.3933987199257306,0.32924540822591153,0.04210446070692632,0.22662378025026492,0.014906113859276622,0.43574750456603634,0.19574528871710056,0.32986901751276915,0.08335441173810754,0.4062278360384086,0.03967442176252983,0.4220851260198247,0.37784261033451966,0.1812969028138459,0.12451136096313029,0.5536339582446241,0.05338130409610575,0.2780158538258371,0.5379446250642351,0.4668221765006451,0.39260108668178734,0.6343747757769302,0.3797635339567465,0.48745421766957436,0.6409107647792902
4.799999999999993,0,0-ACCAD_Female1Walking_c3d_B21 - put down box to walk_poses,142,0.3166517191566527,0.3812098535709083,0.6374631960540137,0.26082865582522863,0.593759926564553,0.2440817237060459,-0.7210004674472453,-2.038938522338867,0.10525592416524887,0.12642818689346313,0.4510045349597931,0.1779726991487276,0.06375509695379722,-1.9741030931472778,-0.03233315423130989,-0.24904440343379974,0.5265942215919495,0.032149120988249846,-0.10531360760166342,0.11266735196113586,0.054356545209884644,0.5147141814231873,-1.1117554903030396,0.5961453318595886,0.6728450655937195,-1.0808912515640259,-0.6915002465248108,0.7917893528938293,0.2619860676518429,0.33158195750849223,0.650644185317825,-0.10455701563720594,0.009962283417556339,0.47044223135101326,0.20012997794246853,0.0920670172631542,0.00584083739249517,0.07113023045984022,0.31801004375440045,0.0006045945859700953,0.30662458527464614,0.22455550579690906,0.003453576366466305,0.2182854133925757,0.4030691599083545,-0.002604594585970111,0.33530809300791364,0.2238982131679911,0.3945678963731891,0.17183806998439893,0.42092047995708526,0.39339959055381873,0.33340595998476386,0.04666642563767736,0.2533942702379246,0.017899374256416748,0.4447618804224958,0.22321678751307586,0.3281745808777916,0.08486487673098084,0.4335971426092599,0.037242697125630574,0.42547172688558393,0.405461924735082,0.17419844237343507,0.12248142149658575,0.5754730235260707,0.04612387812706853,0.2758576741516404,0.5598264259855135,0.46284519218001874,0.3919335425603953,0.6355969418843228,0.3760371690481802,0.48702615461429644,0.6419710943022006
4.833333333333326,0,0-ACCAD_Female1Walking_c3d_B21 - put down box to walk_poses,143,0.31432979041710496,0.38103321520611644,0.6438967206757894,0.26582666449490105,0.5738495235397918,0.23518251343281096,-0.7380529074206638,-1.9765435457229614,0.10872770100831985,0.12627308070659637,0.4496368169784546,0.17358003198903038,0.06001077238576813,-1.914107322692871,-0.02569175511598587,-0.2461337298154831,0.5279231667518616,0.025957274153992183,-0.10743528924065227,0.1003456860780716,0.05572887510061264,0.5077450275421143,-1.0211950540542603,0.5705516934394836,0.6645573377609253,-0.9827723503112793,-0.6654237508773804,0.7863320112228394,0.2601777614905348,0.33211496881939295,0.6612046071320763,-0.1176993384861295,0.007658329932191024,0.5123609075224044,0.1993212311549713,0.09219590697178454,0.005110452946399665,0.0719620319484312,0.31754146386273596,0.0006226345402986742,0.30613958372971783,0.22442345235927635,0.0027196802646250705,0.2190287933299641,0.4027520026789045,-0.002622634540298683,0.3328702340125166,0.22334308269538267,0.39420386380682443,0.17036566200232658,0.42019450528609625,0.3934084456478626,0.33157106088979177,0.052939080683927595,0.27850572171852483,0.01729645359625986,0.4559558862954972,0.2547016141733914,0.32379222224875404,0.08767817081586333,0.45931570344069095,0.033709898677625194,0.430380277372919,0.4364598361413905,0.16709159668851437,0.12139645410556235,0.5981186562193269,0.039268095029291905,0.27516887820368696,0.5844300145569399,0.4594469075443629,0.39035321378783905,0.6364857434099495,0.3731383865862049,0.4859025068316584,0.6427983228883475
4.866666666666659,0,0-ACCAD_Female1Walking_c3d_B21 - put down box to walk_poses,144,0.31122236186638474,0.38117942539975047,0.6502707276501694,0.2720259791270982,0.551966683194529,0.2280924945117417,-0.754525321821995,-1.9120877981185913,0.11214464902877808,0.12607164680957794,0.448454350233078,0.16822480685287666,0.058170702216322034,-1.8522645235061646,-0.018932757899165154,-0.24285343289375305,0.5298541784286499,0.019343396372325516,-0.1074432068552893,0.08887246996164322,0.05567546933889389,0.5110486149787903,-0.9298552870750427,0.5478507876396179,0.6620681285858154,-0.8843001127243042,-0.6415560841560364,0.7858343124389648,0.2580584985981939,0.3328417993595232,0.6717667168387655,-0.1265535877396789,0.004839328397909098,0.5504013629391423,0.19826978966410788,0.0929742080986345,0.0039015553909953135,0.07149147898643737,0.31706108413283257,0.0006441027085562837,0.30476123791283427,0.22546500121750992,0.0015013077745607666,0.21801056778642003,0.40320830882613107,-0.002644102708556355,0.32987437217151494,0.22341773337600263,0.3933661680016275,0.16732185172463823,0.41923125413624235,0.3934913028021003,0.3354851624125782,0.062053831774289796,0.3029839309939235,0.0184819417143857,0.46976311211477423,0.2867374282009252,0.3226057897228648,0.09225429593975483,0.48431682356302713,0.031125829999109983,0.4356949517277951,0.46740025431924603,0.16207137783192538,0.12058612486218351,0.6189209766766564,0.03365116032303017,0.27404449346108384,0.6074771249678951,0.4549136768792344,0.38959565666659096,0.6370559554422476,0.3686427325967528,0.4851648704901781,0.6435618647455998
4.899999999999992,0,0-ACCAD_Female1Walking_c3d_B21 - put down box to walk_poses,145,0.30763553315773606,0.3811836573295295,0.657003576336515,0.27628701954169377,0.5312289765186804,0.21690084011784733,-0.7709833220607661,-1.846624493598938,0.11532600969076157,0.1259191483259201,0.44718268513679504,0.16274973110701607,0.05148861230811508,-1.7901512384414673,-0.012161617167294025,-0.2392537146806717,0.5319424867630005,0.011361196806194407,-0.1119995050729139,0.09016982465982437,0.05576255917549133,0.5148723721504211,-0.8404088020324707,0.5277888178825378,0.6632906794548035,-0.7930266261100769,-0.6128474473953247,0.7846027612686157,0.2551892639918765,0.3340838671962756,0.6826160463459781,-0.1350892455317695,0.0037708250980137553,0.5885630342680392,0.1965159309524842,0.09255094906922326,0.003504276852549358,0.07190575238965297,0.3160638970192434,0.0006663946896221067,0.30376656562523463,0.22442787759420602,0.0011007200904165487,0.21855845131746338,0.4019817555362164,-0.002666394689622098,0.32586186914297,0.2222626545677414,0.3934361127753194,0.16472561335343847,0.4181681933101642,0.3933913697733763,0.34231506147929386,0.06638331648530996,0.33262520614983687,0.02497632074541505,0.478233466571663,0.31424576207094757,0.32188148881720874,0.09466819356278416,0.5135727097002963,0.03173441625474452,0.4391455449989658,0.4942069432639525,0.1563914456584716,0.12047010891521731,0.6416376320479663,0.028265868752946982,0.2740855930278897,0.6290557210859632,0.4497416568225343,0.3872806264419191,0.6385343377005791,0.36426045119950523,0.4835843341605428,0.644600087368121
4.933333333333326,0,0-ACCAD_Female1Walking_c3d_B21 - put down box to walk_poses,146,0.30441548163071275,0.3818870517425239,0.6632464261711524,0.28146348089371903,0.5095020063451254,0.20748354538105043,-0.7862166322646655,-1.781778335571289,0.11851977556943893,0.12578228116035461,0.44542935490608215,0.15757547092756408,0.04632708396375951,-1.7292983531951904,-0.005021239165216684,-0.23560096323490143,0.5338504314422607,0.004534830831841585,-0.11548974204880968,0.10072024166584015,0.05681656301021576,0.5094882249832153,-0.7552505731582642,0.5106971263885498,0.6667601466178894,-0.7132411003112793,-0.5835696458816528,0.781158447265625,0.2530884950332676,0.33590706836331563,0.6928501687601125,-0.1397849271715401,0.0011757384980942837,0.6308973678819317,0.1955100891788905,0.09265045152852219,0.0026805701922853996,0.07194982849713101,0.31469226125482613,0.0006890905254093027,0.30291561345996604,0.22440120635650193,0.00027392186632029317,0.2183071202573608,0.4011106102404371,-0.0026890905254091588,0.3224789239857822,0.22198171416252319,0.39301192287560444,0.16180061750257413,0.4170526800419717,0.3932989878596457,0.3506330417077691,0.06783532450000852,0.36474176639396877,0.029260959869762425,0.47894262298953005,0.3388564405345295,0.3230167209996347,0.09655228871519116,0.5446646359825165,0.031959614940527695,0.43887815034880007,0.5187094902640166,0.1532699526483342,0.12052255257199035,0.6665597359168773,0.02436444676468205,0.27325514772735743,0.6514498110333302,0.44466521926845853,0.386132236270727,0.6395543872746591,0.3595560140327444,0.482778903406554,0.645368772839135
4.966666666666659,0,0-ACCAD_Female1Walking_c3d_B21 - put down box to walk_poses,147,0.299603330437094,0.38109857169911265,0.6696158426576262,0.28638754107902353,0.490005934298393,0.19923712583183625,-0.798862271206582,-1.7185109853744507,0.12155713140964508,0.1257796585559845,0.44309747219085693,0.1477431917208869,0.040064076581210584,-1.6706290245056152,0.002166973426938057,-0.2318255752325058,0.5353285074234009,-0.006569486447029593,-0.11849289950447206,0.10907953232526779,0.0588839016854763,0.49274811148643494,-0.677466869354248,0.49754053354263306,0.6708419919013977,-0.6396420001983643,-0.5592073798179626,0.7793489694595337,0.2494450969841411,0.33617437907583186,0.7026456554640204,-0.14519800813169004,-0.0009298937690602194,0.6755160888746208,0.19569669443446946,0.09288902881944022,0.0015560229138047409,0.07260592232703211,0.3131241571230712,0.0007080268982328081,0.30304309076476577,0.22468800268313016,-0.0008484902130742461,0.21857380194282358,0.40019716497814345,-0.0027080268982327786,0.3187576678076032,0.2210314320428292,0.3925561521255522,0.1581714054415763,0.4148799777107576,0.39323413560833187,0.35448010107307804,0.06655458646716295,0.3960524094279475,0.028741252955134536,0.47771520308670423,0.3635304334390651,0.32152185709757103,0.09683567232956375,0.5748158682141686,0.029332770327671127,0.4373188813033381,0.5433285187952247,0.1489343793392514,0.11992602236603331,0.6921478442083538,0.019231632604624016,0.27175517271602456,0.6749057012588005,0.43794070299316556,0.3836281329582165,0.6415786826668172,0.35304739959899456,0.4804807780397494,0.647089222399618
4.999999999999992,0,0-ACCAD_Female1Walking_c3d_B21 - put down box to walk_poses,148,0.2950898581184447,0.38015428511425853,0.6754022625011895,0.2874314356298629,0.47104800812895387,0.18914290410617793,-0.8122326672055132,-1.656449317932129,0.12445200234651566,0.12587186694145203,0.4405931234359741,0.13884810148388094,0.034681863466994534,-1.6140755414962769,0.009120765142142773,-0.22783209383487701,0.5364478826522827,-0.015341762906770917,-0.12103688013556746,0.11090087890625,0.06127467751502991,0.4701032340526581,-0.607150673866272,0.48409655690193176,0.6743815541267395,-0.5689065456390381,-0.5373464822769165,0.780450165271759,0.24585461358474703,0.336800977507421,0.7117530728807935,-0.15308656071185006,0.004083227029592837,0.7226140386358754,0.1928770877758208,0.0936652045597831,0.00022383409022358816,0.0716163356772548,0.31279887067627626,0.0007274416767241894,0.3013005111628765,0.2245796136742432,-0.002180068412581629,0.21791249902952572,0.39931763378243545,-0.0027274416767238997,0.3135589988924685,0.21963838308081698,0.3917839940437714,0.15453106036425837,0.4135032292051661,0.3931423721223776,0.35105464686435306,0.06515021142740804,0.42442889288316127,0.026968944885809157,0.4807127438925549,0.38949108103869934,0.3159949833498998,0.097636991562732,0.6024035914075879,0.026895985383795944,0.43958227424813445,0.5691236041182034,0.14273994083775363,0.12181278232792223,0.7178117579412585,0.013875761541497778,0.27426112697476934,0.6997643091260242,0.43135899375244435,0.37967628897097383,0.6430953745524612,0.34753407435917105,0.4774665909564045,0.6483682281429043
5.033333333333325,0,0-ACCAD_Female1Walking_c3d_B21 - put down box to walk_poses,149,0.2892919057048857,0.3789040776900947,0.6822614035091552,0.2910810850422263,0.45307677176937866,0.1804173464264717,-0.8230691477161011,-1.5958722829818726,0.12674972414970398,0.12622225284576416,0.4382515251636505,0.1275650313958996,0.027381291789327245,-1.5594843626022339,0.015012161806225777,-0.22333583235740662,0.537110447883606,-0.025791096478537723,-0.12427511750765285,0.11027533560991287,0.06456762552261353,0.4449886977672577,-0.5431256294250488,0.4694843292236328,0.6777219176292419,-0.5037025213241577,-0.5161145925521851,0.782831609249115,0.24123229039009647,0.33684737320652025,0.7215870565078756,-0.15856333646540066,0.008686222214269193,0.7695553653962873,0.19251257201359934,0.09367275159608046,0.00020272129242781753,0.07095780799989472,0.3108785347115104,0.0017777370252098183,0.30115609129859483,0.22440453642036007,-0.002202721292427729,0.21704758314662234,0.3977440074360588,-0.001710420929825849,0.3089131078701325,0.2181035805115297,0.3924221400977008,0.14995945757516704,0.41094638334437944,0.3940243539291041,0.3472066899724327,0.06454432003799626,0.4523374913011232,0.024075217215689733,0.4819815080953717,0.4150639208991529,0.3107704795295003,0.09922980929809075,0.6296194238478842,0.023732556727032592,0.4405973645297697,0.594637859568714,0.13731987595079775,0.12354351321176349,0.743912502360392,0.0086058984235369,0.27601490685532987,0.7250082433296764,0.4234855002975284,0.37626420574148595,0.6463753046519052,0.34006566506572317,0.4744247377746572,0.6511407758797857
5.066666666666658,0,0-ACCAD_Female1Walking_c3d_B21 - put down box to walk_poses,150,0.28486581379547715,0.37617990700528026,0.6891568429700972,0.2907200338782155,0.4370622903023957,0.17094190707707782,-0.8338088993902172,-1.537377953529358,0.12835189700126648,0.12684358656406403,0.4365770220756531,0.11336584308033992,0.02133009849167511,-1.5071797370910645,0.01954251527786255,-0.21832308173179626,0.5370981693267822,-0.03689065965315641,-0.12508704916743119,0.10987741500139236,0.06867177784442902,0.4174957871437073,-0.48440635204315186,0.4545415937900543,0.6812928318977356,-0.4462534189224243,-0.49668416380882263,0.7854816913604736,0.23765628526167415,0.33574055991879936,0.7311201557901685,-0.16396258908083577,0.017393690400061265,0.815044580482925,0.19173926175192685,0.09462528007274595,0.00020798081693358672,0.07082944971694372,0.3108825969572145,0.003083224386770573,0.3016448699270653,0.2242976380409598,-0.0022079808169335816,0.21743538087028097,0.3968728417745757,-0.00043511995584282273,0.3045246089095079,0.21558074893972845,0.3931372049382712,0.14700311942055455,0.4087733227796505,0.3952331207554446,0.34170838354361843,0.06272093589536762,0.478699164830559,0.023109725691085943,0.483295572701533,0.438839330095475,0.30486764138123545,0.09997245556255854,0.655375841852677,0.022831690852778457,0.44249131615369874,0.6185460343342856,0.13190744735970417,0.1258391066808694,0.7692500138396445,0.004666015616607344,0.2794407621051144,0.749543811798197,0.4169357966418045,0.3703808284242992,0.6500893473397051,0.33468936884886324,0.4695430834370291,0.6544692362025764
5.099999999999992,0,0-ACCAD_Female1Walking_c3d_B21 - put down box to walk_poses,151,0.27891172701492906,0.373502257745713,0.6954573278108799,0.2910441027168502,0.42181009510968276,0.16155426024555417,-0.8433681253959128,-1.4810138940811157,0.12924551963806152,0.12772227823734283,0.4364904761314392,0.09764062463697742,0.014275867692764121,-1.4568028450012207,0.023209532722830772,-0.21298079192638397,0.5365756750106812,-0.047817009289798706,-0.12680789558194916,0.11025725305080414,0.07313387095928192,0.3870520293712616,-0.42901134490966797,0.43998709321022034,0.6856882572174072,-0.39532047510147095,-0.47959935665130615,0.7885735034942627,0.2326034608440581,0.3346499996065445,0.7398537975098908,-0.16846723996956225,0.02750194719808481,0.8596538822647296,0.19078211237515935,0.095218104529189,0.0002214729282872356,0.06964725199233625,0.31003059858480114,0.003954161595556352,0.30174901791092473,0.2239829207305038,-0.002221472928287213,0.2166375635933917,0.3953610234196447,0.00040918022328854595,0.2991060213341027,0.21281037926114466,0.3938284392954861,0.14271230190994633,0.4061929867974721,0.39592832837510106,0.3354688697155754,0.06102236834085349,0.504370202471796,0.019976577602762176,0.4828723732817562,0.45997793897757866,0.29842482490160216,0.1013972973264845,0.6803166945010312,0.020499323657517533,0.44390289212747386,0.6400908771005698,0.1261686510018728,0.1289122175374225,0.794062130261439,0.00015586565567971,0.28334912591933226,0.7730334793600637,0.40886457497346573,0.3647443749691914,0.6536351632579,0.32761432941797497,0.4647478369998275,0.6574183809987941
5.133333333333325,0,0-ACCAD_Female1Walking_c3d_B21 - put down box to walk_poses,152,0.2727104597724974,0.3697491022758186,0.7015771484112313,0.2907119848129839,0.4082706936310002,0.1525915695253993,-0.851773089219149,-1.4269928932189941,0.12851755321025848,0.12914910912513733,0.43930745124816895,0.07675435429829136,0.008004812541798634,-1.408094882965088,0.026110762730240822,-0.20730513334274292,0.535388171672821,-0.06061121082128107,-0.1279293366021601,0.11107443273067474,0.0773235559463501,0.35364294052124023,-0.377474844455719,0.42631030082702637,0.6905932426452637,-0.3497622311115265,-0.464705228805542,0.7922700047492981,0.22720139098610775,0.33244971583833516,0.7480817764560068,-0.17168838699924177,0.03837683475994376,0.902456283027973,0.19063783171824172,0.09671516353343124,0.0002495052260315274,0.06924550925185005,0.30925439611563976,0.004669816048109766,0.30279241316205935,0.22444575817669796,-0.002249505226031557,0.21669532113907103,0.3937874532873074,0.00110397538499684,0.2936268645246722,0.20943098455579545,0.3945732067654296,0.1388181676049981,0.40311395811015954,0.396435330682454,0.3289769256221454,0.05854692989640041,0.5288011565845386,0.016323613743925783,0.4811138528688618,0.47929713675763064,0.2920740958632184,0.10227909745456666,0.7039731945375641,0.018118649058500302,0.4445251905193727,0.6599006025047269,0.12078730410202103,0.1317083359414536,0.8179351015896237,-0.003940010075738853,0.2869807492458921,0.7954460005711758,0.40061108019690006,0.35804650974329233,0.6575028620389467,0.32039220242321426,0.45890047943944245,0.6606449734087563
5.166666666666658,0,0-ACCAD_Female1Walking_c3d_B21 - put down box to walk_poses,153,0.2661276035942137,0.36583665339276195,0.7072758162931634,0.29035984851740215,0.3962368868398272,0.14412322862853694,-0.8590203623000561,-1.3759019374847412,0.12614014744758606,0.13110874593257904,0.4472270905971527,0.04946448612896992,0.0025237033461813496,-1.3608266115188599,0.028174681589007378,-0.2012244313955307,0.5336750149726868,-0.07519188708764868,-0.12865079446295868,0.11259856075048447,0.08101401478052139,0.3183184862136841,-0.3295905590057373,0.4135603606700897,0.6960418820381165,-0.3082911968231201,-0.45110365748405457,0.7968472242355347,0.22134841030560765,0.3300082428159381,0.7556095399647387,-0.17348598073954485,0.05006382463035686,0.9428336671632144,0.1916098979698017,0.0998998433944159,0.0003021501592214565,0.06959828474188488,0.3090469717861301,0.005001844340815121,0.3049174417156306,0.22660666306146637,-0.002302150159221507,0.2174732314157209,0.3928334055393253,0.00141943382112392,0.2879421570122731,0.20609395234657601,0.39529059051775084,0.13515947443448012,0.4002048613646954,0.39649307356821906,0.3226994171823986,0.056279747988721714,0.5517980198419014,0.012341254844934913,0.478770406886554,0.49668149942279805,0.2860723293666253,0.10349898161645278,0.7261206076436935,0.015584141617306868,0.4448959477670579,0.6777935335588855,0.11588840040469353,0.13484335049774882,0.8405031798157026,-0.007738557582356531,0.29074707916512066,0.8163663294313079,0.3920838523058995,0.3513659634289568,0.6613942979246051,0.31279783409802686,0.4529739009420599,0.6638310181162314
5.199999999999991,0,0-ACCAD_Female1Walking_c3d_B21 - put down box to walk_poses,154,0.25920172268524766,0.36159006087109447,0.7120213223016709,0.2902339303649188,0.38488762123309644,0.13550539249286983,-0.865600412021513,-1.3284718990325928,0.12268546968698502,0.13339626789093018,0.4636309742927551,0.015307827586877876,-0.002779838974804605,-1.3144562244415283,0.029093673452734947,-0.19460156559944153,0.5322249531745911,-0.09072584851690313,-0.12951104670194336,0.11509204655885696,0.08432186394929886,0.28176456689834595,-0.28589892387390137,0.4021909236907959,0.7016627192497253,-0.2697800397872925,-0.43788963556289673,0.8025141358375549,0.2151271295543724,0.32723991527625684,0.7620462934457032,-0.17385422698703396,0.0626898819437027,0.9809994090222429,0.1934378691220887,0.10355492352253207,0.0003950411652089078,0.07020484333121627,0.3084796263383481,0.00448863622559087,0.3078454645166957,0.22926537478500014,-0.00239504116520875,0.21846737362933832,0.391577433036936,0.0008863270380645126,0.28150740431655036,0.2017028691976847,0.3958099312988837,0.131402874905102,0.3968646572252711,0.39560350987750525,0.31630781784308554,0.0535016826228189,0.5732592320988668,0.008275249739098151,0.47547374981024665,0.5118003128965485,0.28035004728146234,0.10472757599187019,0.7465869874900573,0.01302713049623589,0.44480433337807324,0.6934493446284793,0.11152536440147773,0.1383319662807424,0.8616956244814152,-0.011210163598061013,0.29461840372949727,0.835566626485877,0.38329554825420425,0.34444519911883326,0.6646026237969226,0.3048356891635817,0.44670881647275934,0.6662048302812889
5.2333333333333245,0,0-ACCAD_Female1Walking_c3d_B21 - put down box to walk_poses,155,0.2517805867828429,0.3572967383079231,0.7151800022644255,0.28962125911495207,0.3727392519479519,0.1259017520680162,-0.8725443972384183,-1.2859965562820435,0.1191750317811966,0.13562925159931183,0.4923457205295563,-0.02478021377269446,-0.007819291303705622,-1.2678245306015015,0.02888747863471508,-0.18751826882362366,0.5318238139152527,-0.10552319776673547,-0.13065541953201176,0.12011507153511047,0.08712505549192429,0.24634413421154022,-0.24425214529037476,0.3919588625431061,0.7085773348808289,-0.23340438306331635,-0.42395275831222534,0.8092854022979736,0.20846542848894678,0.32462552633189623,0.7669621320969482,-0.17302677592008242,0.0773038579136055,1.0169179527082943,0.19401063155041165,0.1065651271370351,0.0005458945970536477,0.06956891422088356,0.3073387312756496,0.0026096403596670807,0.3096719239090914,0.23111594523751658,-0.002545894597053691,0.2183245409238372,0.3895491450015781,-0.0010251084931624764,0.2726363466483852,0.19531687469980585,0.39590549383779355,0.1267065340293404,0.3931337024278176,0.393268291249045,0.310150386375026,0.0508347472419728,0.593335180015884,0.004337291354545372,0.47146692028973114,0.5242014119164851,0.27484879473187573,0.10657912565319529,0.7653989068939648,0.01053840156439706,0.44471175832227083,0.7064245491533033,0.10751261972690773,0.14286337074953015,0.8812852616768627,-0.01447297030015779,0.29930512931460035,0.8526902113566243,0.3739438278199334,0.33723958100132495,0.6661387287896906,0.29637121195123284,0.4401883714646294,0.6668340048668848
5.266666666666658,0,0-ACCAD_Female1Walking_c3d_B21 - put down box to walk_poses,156,0.2446473860181868,0.35273975459858775,0.7182393307198851,0.28684678552574994,0.3591296384409807,0.11516506180631271,-0.8806144632959095,-1.249494194984436,0.11675064265727997,0.13735587894916534,0.5364668965339661,-0.07179553856871035,-0.011996711703902818,-1.2195411920547485,0.028066210448741913,-0.18050415813922882,0.532138466835022,-0.11918725084902437,-0.13136377928864196,0.12993860244750977,0.08935482800006866,0.21543827652931213,-0.2013014554977417,0.3827515244483948,0.7189255952835083,-0.19965054094791412,-0.40979084372520447,0.8170096278190613,0.20216438211438534,0.3220750743785638,0.7719037674197449,-0.17093286255427367,0.0939346931917984,1.051028761302712,0.1925852156505396,0.10877739803208968,0.0025031991979522217,0.06781301536376325,0.3063045728133757,0.0008396522007209396,0.31001252376746574,0.2316525754002424,-0.0010348928242357516,0.21743573075378786,0.38692408508203935,-0.002839652200720931,0.2607317884782028,0.18629920206944425,0.3970835329883903,0.12170839049807067,0.38936834588859237,0.39102170985478835,0.3062146609259955,0.04905237985839542,0.6137600598177173,0.0014415207686210019,0.46702723055698775,0.5352332109900868,0.270451566640688,0.10922223503562942,0.7842304496784172,0.008890298623678149,0.4447348293401483,0.7180093821958039,0.10423893597460412,0.14831761095754956,0.900298509994767,-0.016945271888708147,0.3048241000328906,0.8687978506071977,0.36463784762938245,0.32916474326656475,0.6672607730971265,0.28830936837358223,0.43304332098540016,0.66718166129934
5.299999999999991,0,0-ACCAD_Female1Walking_c3d_B21 - put down box to walk_poses,157,0.2370580011047423,0.347942057531327,0.7232367873493009,0.2827752739154527,0.34458167841339593,0.10475063999164493,-0.8890044514990848,-1.2201942205429077,0.11631208658218384,0.13817887008190155,0.5979230403900146,-0.12874085874062224,-0.015281268553746452,-1.1670368909835815,0.027137473225593567,-0.1742098182439804,0.5315045118331909,-0.13464002461830926,-0.13062094134195013,0.14278818666934967,0.08958201110363007,0.19048282504081726,-0.15897230803966522,0.37258315086364746,0.7320002913475037,-0.16986538469791412,-0.39511850476264954,0.8249426484107971,0.19555093784003047,0.31935761296889525,0.7787804028977731,-0.16780913242490297,0.10956716604793726,1.0839198482716499,0.1899644191072053,0.11104653940639327,0.008521543962823494,0.06605911938775026,0.30675182064629036,0.000860208253374288,0.3092813157285768,0.2320683561487285,0.004374490426926975,0.21673670345248508,0.3853802134915665,-0.0028602082533740712,0.2455410773819864,0.17515137434074365,0.40120393322591524,0.1165779454411371,0.38624557867603276,0.3905070718780899,0.3038064087561517,0.04914746851810109,0.6344745873643077,-0.0018537775614446746,0.46184373693712377,0.5473222890728152,0.26675617011210323,0.11260876244388858,0.803470173679016,0.006865966133764657,0.44398705623105233,0.7305289189425319,0.10146130349095309,0.15338338834712714,0.9196937842172408,-0.019344199706613302,0.30964378636992107,0.88562175306351,0.35472353855464805,0.3207374851926031,0.6700860718758314,0.27962936225128,0.4255162729935539,0.6695595967949611
5.333333333333324,0,0-ACCAD_Female1Walking_c3d_B21 - put down box to walk_poses,158,0.2295237802900374,0.34303158847615123,0.728528781544033,0.2753548079465651,0.32845729123778994,0.09405733810028816,-0.8985815236932774,-1.1986676454544067,0.11849736422300339,0.13769996166229248,0.6779507398605347,-0.19476629935531475,-0.017395935842134724,-1.1086796522140503,0.0247320756316185,-0.16858117282390594,0.5280629396438599,-0.14975905238455867,-0.12655852133398038,0.1584923416376114,0.09043382108211517,0.16878436505794525,-0.12097591906785965,0.36560171842575073,0.7461037039756775,-0.14460574090480804,-0.3800279200077057,0.8324936032295227,0.18913680334602992,0.316787516396333,0.7860191352913662,-0.1639021643913663,0.1276197393124206,1.1157754118392202,0.18468783250540746,0.11316239848023991,0.017581177858388877,0.06342451269371153,0.3102308946572383,0.0008760351883540692,0.3065321643632374,0.23160919930047957,0.012650237829403,0.21571660562985284,0.3856831338355285,-0.002876035188354109,0.2260510798624614,0.16182173380351714,0.4068002115003226,0.11169455060480499,0.3848678253516539,0.39007862530243137,0.30017252505858893,0.048321817662592526,0.654450401012978,-0.00511575822062469,0.4566185639055524,0.5590660371057464,0.26264317635610673,0.11555710473444651,0.8218736023994673,0.005443754481293091,0.443811847002895,0.7425981838753011,0.09885714445218714,0.1593723616110096,0.9387275490932634,-0.021044929284668612,0.3157944287499749,0.9022883596734281,0.34445748411709154,0.31156868542947097,0.672786538422593,0.271020134289669,0.41753078751182715,0.6722503262442953
5.366666666666657,0,0-ACCAD_Female1Walking_c3d_B21 - put down box to walk_poses,159,0.22241990501061082,0.338737431447953,0.7340538351908058,0.267919884540943,0.3116890076561461,0.08443768895742408,-0.9077109532540765,-1.186711311340332,0.12323367595672607,0.13565053045749664,0.776957631111145,-0.2710770898181085,-0.019494606421197824,-1.046118140220642,0.020993268117308617,-0.1637113243341446,0.5203275680541992,-0.1641853376008684,-0.11999223509864487,0.17462754249572754,0.09095190465450287,0.14994771778583527,-0.08751241117715836,0.3617470860481262,0.7608661651611328,-0.12288530170917511,-0.36609169840812683,0.8397989869117737,0.18337475645331075,0.31471452673624845,0.7934118710692842,-0.15774331800680216,0.1450280251968416,1.1455759385086592,0.17990113643300487,0.11556787150194733,0.030482323232091615,0.061469515075110615,0.3159281107697245,0.0008797778372780229,0.3040215482578824,0.23158246784769734,0.024588529618848894,0.21533029729056913,0.38812731739401624,-0.002879777837278011,0.20435758858139974,0.14739563793598098,0.41406580859680875,0.10788606835867626,0.3851068339065999,0.3897050778252405,0.29751560634666624,0.04774959374507943,0.6729339446176408,-0.008844250999652699,0.451533079811916,0.5707262068618931,0.2598328473724423,0.11860830885615618,0.8388213051158594,0.004140711139327118,0.44365310206381525,0.7543803952516678,0.09780454187398568,0.16550942148462516,0.9567044667980217,-0.021634313711728304,0.3218418587610927,0.9184067680215374,0.33457303031185637,0.30335141893836737,0.6755789169835117,0.26242721871743524,0.41023224552272824,0.6753651818856596
5.399999999999991,0,0-ACCAD_Female1Walking_c3d_B21 - put down box to walk_poses,160,0.21539493137970567,0.33433625428006053,0.7396310227334967,0.2620795668951513,0.2958153721646486,0.07543620069072032,-0.9154872723487147,-1.1877717971801758,0.13033698499202728,0.13194920122623444,0.8945285677909851,-0.3560992843468964,-0.024146435281114487,-0.9817804098129272,0.017176758497953415,-0.15943123400211334,0.508887529373169,-0.1792236702788499,-0.1144910706047646,0.18880243599414825,0.08894350379705429,0.13427846133708954,-0.05769588425755501,0.3587452471256256,0.7761194109916687,-0.10359935462474823,-0.3536912500858307,0.8468971848487854,0.1777381931732165,0.31234804734638,0.8006514195159626,-0.1504391373264713,0.15926480437170576,1.172199804006793,0.17639883882407614,0.11587548596982954,0.048395039122964646,0.06190550035152499,0.32082761416539,0.0008667756557350879,0.3022404174177107,0.22995655141347326,0.04136598482632029,0.21704074629267536,0.3902474676756317,-0.0028667756557350793,0.18124270380616125,0.13064399453078757,0.42368061968385706,0.10564560377222829,0.3850308523851675,0.3891633612767049,0.2961181292006614,0.04763911281010877,0.6892341006518782,-0.013255997317510504,0.4460760546485919,0.5820722037216148,0.25805477289442247,0.12127060005614493,0.853821916716158,0.0022600262554579656,0.4424699621071891,0.7656636341132158,0.09769666821830214,0.17030988739981795,0.9729430418699998,-0.02197591855736114,0.32614315385474535,0.9333621128711886,0.3251299803094159,0.2956527902730613,0.6786665410803996,0.25358760047033235,0.4030042753971008,0.6787864691387584
5.433333333333324,0,0-ACCAD_Female1Walking_c3d_B21 - put down box to walk_poses,161,0.20874569052830338,0.33006370393559337,0.744991939298554,0.25723356618049226,0.2796959259137463,0.0656569859578041,-0.922653912175229,-1.2052178382873535,0.13925012946128845,0.12716343998908997,1.027944564819336,-0.440425117786333,-0.03063913806390084,-0.9173856973648071,0.013154122978448868,-0.15504862368106842,0.49632346630096436,-0.19281388999848215,-0.11144470327583234,0.19982662796974182,0.08402244746685028,0.12140235304832458,-0.031666021794080734,0.3561587631702423,0.791301965713501,-0.08593311160802841,-0.3426440358161926,0.8538445234298706,0.172569686585123,0.3101848256219109,0.8076108416818824,-0.14141506427182604,0.17251933306380643,1.1970253670135196,0.17008178625514214,0.11176691228316107,0.07204375813982862,0.06327900234744463,0.3234445080683095,0.0008470514564133946,0.2972975478819314,0.22422618007708214,0.06373333811608257,0.21948911341010635,0.3904128200185172,-0.0028470514564133964,0.15553014629158896,0.11103575867429376,0.43707740396362205,0.10413718394113815,0.3838885705545477,0.3885180885767162,0.29487649027799057,0.04773421568713772,0.7034891448498387,-0.01794855967254863,0.4410344718576205,0.5933289763569368,0.25701486701847354,0.1238024736556668,0.8670118705424953,0.0005379968296005053,0.441301539756114,0.7766803878802696,0.09876120363555413,0.17480639947004045,0.9879637522416397,-0.021427317828361547,0.33005835071311646,0.9476681464820111,0.31632297649115915,0.2882979862733048,0.6815806350528033,0.24489401471488878,0.39584067047454946,0.6819531951437932
5.466666666666657,0,0-ACCAD_Female1Walking_c3d_B21 - put down box to walk_poses,162,0.20206679636612535,0.3253186377696693,0.7498448711104702,0.2535828021370928,0.26481842583194953,0.05638123625941853,-0.9286485449286225,-1.239185094833374,0.1459481120109558,0.12416267395019531,1.1674511432647705,-0.5181704668398415,-0.03237896754079217,-0.8560324311256409,0.008085876703262329,-0.15041235089302063,0.4846654534339905,-0.2074039822780427,-0.10846653761820635,0.20790427923202515,0.07798514515161514,0.11017600446939468,-0.00924705434590578,0.35498353838920593,0.805995523929596,-0.06914596259593964,-0.33264386653900146,0.8607218861579895,0.16732290627504862,0.3073918750456315,0.8138487247411323,-0.13246827629849986,0.18341742602322314,1.2187366897711287,0.1587558844927305,0.10569794500667413,0.09998548900161482,0.06536260647322996,0.32501533639981206,0.0008330006327166121,0.28695577640145725,0.21692474165012565,0.0903217721686857,0.2224011425036083,0.3900188642745156,-0.00283300063271651,0.12781817840545837,0.09055854286024528,0.4539460472783679,0.10276476302068475,0.38181556619476825,0.3877390500551329,0.2934884544591341,0.04698877579507117,0.7155264859968093,-0.022653487561877118,0.4360500403783781,0.6037736160719106,0.25595519540538936,0.12511688886091862,0.8781512584570429,-0.0014052287970347417,0.43946996094631174,0.7867937784774209,0.09984265541272772,0.17793886859451713,1.00102530852143,-0.021002572071182113,0.3326068254636485,0.9604489729021237,0.3079559578230951,0.28096900435445044,0.6840971732771326,0.2360974676666494,0.3884058514640261,0.6848449686949011
5.49999999999999,0,0-ACCAD_Female1Walking_c3d_B21 - put down box to walk_poses,163,0.1955169909633696,0.3201296958141029,0.7539900162103468,0.2532167680049688,0.2512579771490763,0.0485602819646842,-0.9329483352981464,-1.2861863374710083,0.15394321084022522,0.12421833723783493,1.2957364320755005,-0.5746491899124635,-0.02942540055667542,-0.7992864847183228,0.0020549148321151733,-0.14588215947151184,0.47526130080223083,-0.22326906771647104,-0.10507080576199845,0.21343743801116943,0.07245402783155441,0.10004393756389618,0.009921519085764885,0.35524311661720276,0.8198415637016296,-0.05287894606590271,-0.3235430121421814,0.8676362037658691,0.16219982588450416,0.30379065074464545,0.8191667154005164,-0.1235702898715766,0.19087323696142822,1.23721509009305,0.14301751739591273,0.09542465149552462,0.12912466319462873,0.06781046620286699,0.32531727505190333,0.0008314958966508315,0.2710036948495346,0.20678010005619982,0.11819294527561794,0.22516212702539884,0.3895592965605162,-0.002831495896650549,0.10178503662646146,0.0694519354667051,0.4741925132974063,0.10098646911807121,0.3785341533524254,0.38681369201803584,0.2931908601504877,0.04563574411049455,0.7256289496036732,-0.027410893165254167,0.4301359586716104,0.6129545752579818,0.25564089025413134,0.12545839499334527,0.8874248345049445,-0.003879995621748244,0.4361762696501448,0.7956274405342668,0.10132730482216712,0.17941713648590157,1.0120785564683332,-0.020868836764963733,0.33299801004258966,0.9714189554031177,0.30035555415455195,0.27416623685126545,0.6859579287181069,0.22715380712453714,0.38094285756780466,0.6872861545422837
5.5333333333333234,0,0-ACCAD_Female1Walking_c3d_B21 - put down box to walk_poses,164,0.1895397030748427,0.31541914073750377,0.7572717603014095,0.2527162880363644,0.23732494491679546,0.0416617181474177,-0.9370569083691589,-1.344568133354187,0.16460171341896057,0.12792107462882996,1.3996931314468384,-0.594371767884343,-0.017363967886843135,-0.7470264434814453,-0.003427898744121194,-0.14215807616710663,0.4691276252269745,-0.2379266466259895,-0.10129587824103203,0.21717754006385803,0.06777963042259216,0.09096390008926392,0.02589668333530426,0.3552493751049042,0.8322128653526306,-0.037874914705753326,-0.3150012195110321,0.8742882609367371,0.1577609454149656,0.3005668487461477,0.8235629360655963,-0.11365332683286694,0.1983645450651405,1.2537639255037245,0.11844667069892573,0.08073100461744338,0.1565798651318725,0.06889858485481869,0.32556426733053917,0.0008478478486009106,0.24572928340643682,0.19278162427264223,0.14458840411848267,0.22651099782682813,0.38916198042192657,-0.0028478478486010234,0.07660240829797971,0.04955971808025382,0.4986108518213348,0.09829287089578712,0.37535080872296905,0.3859072852038219,0.29208824670458167,0.044233593091607556,0.733392504998514,-0.03169820544266793,0.42526826189135986,0.6213913424427371,0.255463974172498,0.1256656539281031,0.8945974873457884,-0.005595920519293725,0.43358237775264885,0.8036250122279668,0.10351287528892081,0.1810077311799299,1.021526523741125,-0.019812390740298225,0.33379270190607263,0.9812795812605583,0.2933211263375288,0.2679877294833728,0.6865481460934901,0.21872121641215433,0.3741094704863951,0.6889708014904626
5.566666666666657,0,0-ACCAD_Female1Walking_c3d_B21 - put down box to walk_poses,165,0.18382908636704087,0.31060275761410594,0.7597248815523356,0.25128969513573435,0.2249447394721438,0.03584878398601976,-0.9407274940114818,-1.4085944890975952,0.1769685298204422,0.13555897772312164,1.4756124019622803,-0.5829659991278393,0.0028894323896364593,-0.7004399299621582,-0.0077673159539699554,-0.13953937590122223,0.4652026295661926,-0.2530763261204687,-0.09778493339979799,0.21961817145347595,0.06447765231132507,0.08293373882770538,0.03897235170006752,0.3543134033679962,0.8426519632339478,-0.02363382652401924,-0.30701035261154175,0.8810343742370605,0.1534385957086616,0.29706522285507553,0.8269420908829156,-0.10520945311002909,0.20497133961101172,1.2671835985126767,0.08841100339426974,0.063850094855788,0.18094917971721222,0.07008670623510742,0.32578983264113826,0.0008744130645975956,0.21485342586700798,0.1767621339861141,0.16817478271941727,0.22803858780660155,0.3885365410064201,-0.0028744130645976494,0.053947645187763224,0.03196230570648455,0.5252070756328845,0.09560196578195394,0.3721850483676463,0.3848806746026057,0.2895384240573371,0.04215229574754149,0.7390252535916625,-0.03496418045224704,0.42139822252131937,0.6283616610174344,0.2542926771589697,0.12495292921692765,0.8998399190510435,-0.006835790554154855,0.431291988105617,0.810214544658228,0.10484405323292717,0.18185336591939413,1.0289826059137515,-0.01902585907407553,0.33433965995457254,0.9892792073630914,0.2866017485810593,0.2617532059137582,0.6862661007115425,0.21085795025261914,0.3674167489105007,0.6901235002723198
5.59999999999999,0,0-ACCAD_Female1Walking_c3d_B21 - put down box to walk_poses,166,0.17773095006123185,0.3053106996230781,0.7614581540602129,0.25236386683560996,0.21508655040840036,0.031890993164075294,-0.942885581130713,-1.472166657447815,0.1901976317167282,0.14691387116909027,1.523370623588562,-0.5482290829250456,0.028234549596590774,-0.6592063307762146,-0.011505942791700363,-0.1377345472574234,0.46273836493492126,-0.2703291344380756,-0.09420403099450736,0.22212658822536469,0.063198983669281,0.07566718757152557,0.050248004496097565,0.35317546129226685,0.851288914680481,-0.009824419394135475,-0.2997012436389923,0.8880200386047363,0.14851786915276521,0.292658254944917,0.8293662651184764,-0.09953725927332592,0.20817926124102418,1.2771820755312064,0.05739942779315137,0.04544027055983545,0.201515037528673,0.0718841856727049,0.32558422782281404,0.0009075071702188964,0.1822354800424626,0.16007279220773285,0.18827324612978802,0.22981989768279087,0.38836763755380477,-0.002907507170218874,0.036577257723426695,0.015980381786318016,0.5515038173648995,0.09264405421235933,0.368452434137111,0.3836018465281341,0.28751240031258096,0.039826854431972356,0.7434634695246313,-0.03841568225733552,0.41632660109217884,0.6333635081284409,0.25275235895494436,0.1235830300022712,0.9038885510512454,-0.009411544004661886,0.42739484580262516,0.8150110187841546,0.10493421864148574,0.1810534092757221,1.0345872858423526,-0.020044455220519453,0.3326873657963351,0.9950947649099098,0.27997966980784167,0.2558431148524066,0.6855209099058501,0.20266458995140313,0.3607258768846911,0.6909094868044159
5.633333333333323,0,0-ACCAD_Female1Walking_c3d_B21 - put down box to walk_poses,167,0.17195274168625474,0.2997158202342689,0.762575317351976,0.2511483666375072,0.20636738031439045,0.028812449488210934,-0.9452549100808615,-1.5308964252471924,0.20408391952514648,0.16151641309261322,1.5433248281478882,-0.49202431342370856,0.05803010652794094,-0.6237577199935913,-0.01437925361096859,-0.13663333654403687,0.46129363775253296,-0.28563351291958994,-0.08993933806173371,0.22500570118427277,0.0632498562335968,0.06882539391517639,0.06086854636669159,0.3512044847011566,0.8583225607872009,0.0038937944918870926,-0.29349279403686523,0.8953120112419128,0.1437777047020179,0.2878562292577576,0.8310626694164758,-0.09512285364637776,0.21107296493687774,1.2852169342714879,0.02312041286610461,0.026922946658377855,0.218125256035749,0.07259052637682224,0.3255894248817212,0.000947550379020258,0.14683344169685458,0.14275152899323382,0.2047526716998946,0.23077306986475532,0.38774335577730373,-0.002947550379020416,0.021892470059537185,0.0030178675623838275,0.5762053374511132,0.08949629550050703,0.36494590908544494,0.3824204183411907,0.28426251388637797,0.03676928028731043,0.7465817523831004,-0.04086147059310935,0.412448479571186,0.6373476857513134,0.2503371014131643,0.1213027036280782,0.9067776665974805,-0.011337074402126751,0.4239944310517692,0.8188816088569799,0.10421128348038414,0.17961485108745223,1.0388982018156394,-0.021125466946722293,0.3310246145049231,0.9996812739114962,0.27339571435788823,0.2493422944481715,0.6842111044496438,0.19522612812081727,0.3539158434812406,0.6912911503519096
5.666666666666656,0,0-ACCAD_Female1Walking_c3d_B21 - put down box to walk_poses,168,0.16569255525246263,0.294093135278672,0.7632665669902747,0.2499604720975879,0.1996160153752323,0.026539398164180387,-0.9470844044432096,-1.581396460533142,0.21827606856822968,0.1791106015443802,1.5360459089279175,-0.4194266696556337,0.08807015171080268,-0.5972040295600891,-0.014978267252445221,-0.13674207031726837,0.4592658579349518,-0.2960057187290097,-0.08835173016349973,0.2279275506734848,0.06395179033279419,0.06206294149160385,0.07080832868814468,0.34818682074546814,0.8636837005615234,0.017514143139123917,-0.28829196095466614,0.9027615785598755,0.1383296430707615,0.2828384607467665,0.8321839330028944,-0.09309754332462879,0.21275643457276472,1.2912875099927756,-0.012300520167078485,0.007885672418659437,0.23089863146815542,0.07115202414193543,0.3231494292973698,0.0009798566352433313,0.110305177432548,0.12490639211396398,0.21770794998076065,0.22956453649027653,0.38471075321346343,-0.0029798566352432602,0.010668496700665012,-0.007577171237191427,0.5976686256245031,0.08533959912794227,0.36055364795531303,0.38153926229264173,0.2801337955975406,0.03375924873308843,0.7488293695522509,-0.04349186429641026,0.4089368758008353,0.6402053550776736,0.2468246251243415,0.1187817866397087,0.9088957039716808,-0.014087150120954352,0.42048853092753313,0.8217583397743227,0.10202497237296526,0.17753940532548795,1.0421217141287995,-0.023566787159911562,0.32876586318911705,1.0030134889139415,0.2664411053704205,0.2429674248389132,0.6828658682833536,0.18770326060356424,0.34737601559299197,0.6914402120299165
5.6999999999999895,0,0-ACCAD_Female1Walking_c3d_B21 - put down box to walk_poses,169,0.1600810163654387,0.2889010342769325,0.7639710545777507,0.24853454385326088,0.1930591118451223,0.024859724516070332,-0.9488628741510595,-1.6206884384155273,0.23255935311317444,0.1991550475358963,1.5023548603057861,-0.3309981214000701,0.11822630763194875,-0.5790031552314758,-0.01633959822356701,-0.13629406690597534,0.4568804204463959,-0.29818074893001345,-0.0855399277736204,0.23116274178028107,0.0650356188416481,0.05541641637682915,0.0806458443403244,0.34410563111305237,0.867882490158081,0.030817389488220215,-0.28329333662986755,0.9101093411445618,0.13352979784741456,0.2781654850838227,0.8332875805923343,-0.090543725594514,0.21435527310283706,1.2969557230107593,-0.04895894978642281,-0.011810049760372365,0.24084075478188866,0.06559023235967673,0.3199496396225478,0.0010144587716780853,0.07263771795683546,0.10630782192498897,0.22809639201805498,0.22420977016381258,0.38097102972660213,-0.003014458771678004,0.002856888824320721,-0.015711186434278192,0.6156830491349675,0.07971891809779141,0.3561844784420242,0.381438651440102,0.27632517894432546,0.03136006485025432,0.7506012425586485,-0.04548797188349059,0.40591799159217556,0.6430055928830418,0.24384384146699187,0.11668349444049986,0.9106775970986306,-0.016221767996079703,0.41733904122027776,0.8245892186304671,0.10042347745724474,0.17561645573489731,1.0451076328905209,-0.02540427502258169,0.32670254023225365,1.0062160312632646,0.25995156155157084,0.2370263216468131,0.6817218696819972,0.18101440420183848,0.34145646216476977,0.6916493304508704
5.733333333333323,0,0-ACCAD_Female1Walking_c3d_B21 - put down box to walk_poses,170,0.15332392090931535,0.2826896938495338,0.7642855283046357,0.2452619697253259,0.18676817009518448,0.023736976724990175,-0.9509998805371674,-1.6458379030227661,0.24729526042938232,0.22025206685066223,1.4432963132858276,-0.23130543396157055,0.14695191328592583,-0.5600394010543823,-0.020472345873713493,-0.1336645632982254,0.4589487910270691,-0.3061242568904492,-0.07749816289889178,0.2354578822851181,0.066508948802948,0.04858994111418724,0.09169916808605194,0.3391599655151367,0.871684193611145,0.043516382575035095,-0.2782575488090515,0.9170461297035217,0.12755471144204977,0.272432545153136,0.8339686592909237,-0.08935598925621918,0.2149792751836259,1.301882321139934,-0.08833409914164196,-0.033158088817380964,0.24755005197431149,0.05970566376717752,0.31985579362406213,0.0010781391006078125,0.032605693715189815,0.08569802860013023,0.23543436560574718,0.2186712493596767,0.37996126715807516,-0.0030781391006081196,-0.00463010053324953,-0.02264809193901924,0.6282953296924844,0.07281029781216951,0.35252952253329967,0.38093882059154033,0.2708741549995564,0.028096215340347452,0.7515613219424762,-0.048420516920216976,0.402300732518588,0.6453916618802026,0.23934557242476634,0.11343788766918937,0.911818339414752,-0.019199125134176785,0.4134621153974755,0.8269986496270558,0.09735801828957752,0.17249648221271052,1.0474619587526666,-0.028293716652844553,0.3238217665049836,1.0089329470884416,0.25196720767690994,0.22981031443702202,0.6804273119337488,0.17333558730942633,0.33457704792495674,0.6915845071343533
5.766666666666656,0,0-ACCAD_Female1Walking_c3d_B21 - put down box to walk_poses,171,0.1467744135297835,0.2759688529185951,0.7633333773963105,0.23892021565992005,0.18243244694071978,0.024350629018340474,-0.9534372447721191,-1.6538645029067993,0.26274803280830383,0.24068187177181244,1.3603148460388184,-0.12941060580409003,0.17312871226867843,-0.5390722155570984,-0.02321808971464634,-0.13077537715435028,0.46728086471557617,-0.3271706432756696,-0.06649494492283292,0.2408791333436966,0.06831805408000946,0.0412311851978302,0.10476622730493546,0.3336392343044281,0.8756610751152039,0.05543206259608269,-0.2731528878211975,0.9232892990112305,0.12155640872503162,0.26594831348767134,0.8332521947717554,-0.089539007602244,0.21373759256861724,1.3044597318754858,-0.12660049975626517,-0.053891552032129794,0.24852243772707888,0.059359849292388314,0.3241525963365529,0.0011724221432817053,-0.006014874643715543,0.06539649343997783,0.23714398336543516,0.21895736795436627,0.38254569836979885,-0.003172422143281752,-0.011051326500845306,-0.02748661017417712,0.6318820354540572,0.06795473288317525,0.35067645503045114,0.37916039877012686,0.2650403252611395,0.02441635933777117,0.7503759437893173,-0.05050079134688373,0.3992231788102667,0.6464317742994861,0.2341427251664654,0.10893030548210295,0.911193528088021,-0.021580184746927623,0.40940843475634225,0.8281442484980717,0.09331036927208687,0.167814844401288,1.047839709883594,-0.03136638344909562,0.3201231786404497,1.0100235287941064,0.2439631556522117,0.22196303691193647,0.6782584972115991,0.1662819866411498,0.3274577689073331,0.690598827078879
5.799999999999989,0,0-ACCAD_Female1Walking_c3d_B21 - put down box to walk_poses,172,0.13916956121101975,0.26911485521122813,0.7618357041724149,0.2303673075968153,0.17626908578126174,0.023931584712960845,-0.9567065340226119,-1.6415436267852783,0.27916526794433594,0.25836652517318726,1.2557579278945923,-0.021535065679106236,0.19278539636233694,-0.5197082757949829,-0.02213069051504135,-0.12915854156017303,0.48109960556030273,-0.348833409611361,-0.06089417466433367,0.24717554450035095,0.07058864831924438,0.03387518972158432,0.12093190848827362,0.32845789194107056,0.880730390548706,0.06699790060520172,-0.268242210149765,0.9289635419845581,0.11470085150457843,0.25958953448597016,0.8320891774700596,-0.08922788249445765,0.21469555335064702,1.3072245810303156,-0.16529288333748177,-0.07727949539544286,0.24639010808498088,0.05769243377524595,0.32482173691129174,0.0012810016645809635,-0.0448518448872471,0.042224626049169496,0.23577308332375704,0.2181660189275142,0.3807450468455441,-0.0032810016645807606,-0.018548137786802116,-0.031177541790659305,0.6292409607014364,0.06104543491829435,0.3469665243039899,0.37705030268885054,0.25824094789354196,0.020733296357965263,0.7491363928491945,-0.05356717042891985,0.39629487482192655,0.6471203847111838,0.2281264867419806,0.10462726156967836,0.9104264608471191,-0.024241909752347794,0.405994851095818,0.8287945539007116,0.08869013485757757,0.1639345983829901,1.0480622117287859,-0.03446679098559105,0.3176379615960512,1.0109161129584696,0.23417696265552415,0.21330910978646722,0.675834267204889,0.15819961811363473,0.31998969089341345,0.688888033159223
5.833333333333322,0,0-ACCAD_Female1Walking_c3d_B21 - put down box to walk_poses,173,0.13068914646282792,0.26220330921933055,0.7594138798097668,0.21970915242820868,0.17006342654872525,0.02440718239848749,-0.9603179727242177,-1.611655592918396,0.2943726181983948,0.2740122377872467,1.135580062866211,0.08384428171357983,0.20907589899248924,-0.5031926035881042,-0.017567653208971024,-0.12895895540714264,0.5001876950263977,-0.3736915135497223,-0.05726897458802371,0.2526703476905823,0.0736016035079956,0.026404239237308502,0.13891015946865082,0.32409074902534485,0.8864449262619019,0.07839025557041168,-0.264230340719223,0.9342039823532104,0.10699627391384692,0.2530828371352981,0.8299862878694478,-0.08954806392035737,0.21538078955605422,1.3088824295841943,-0.20243674790815913,-0.09974875073905656,0.2400334426047556,0.05586398485847485,0.3247840977922385,0.0014098965671928455,-0.08195942742074795,0.019785510919094675,0.2301959867337368,0.21739542024369807,0.3775511801119119,-0.0034098965671928785,-0.02715499277000064,-0.03286635065365084,0.61911319521223,0.05285135680668715,0.34303397380691464,0.3743992231855635,0.2502089374073161,0.016631669288497974,0.7465722446978666,-0.05710598956336897,0.3944318237521326,0.647173303259819,0.22090690156904985,0.09957541679807742,0.9085021358513168,-0.027097426033068944,0.4031282141941973,0.8287866923926008,0.08292591556565465,0.15955911520274405,1.047093781659305,-0.03795046640145322,0.3153046674283059,1.0109771906726597,0.22306751976322087,0.2044404708289123,0.6727340383914535,0.14943276049722926,0.3126122534499424,0.686353207847616
5.866666666666656,0,0-ACCAD_Female1Walking_c3d_B21 - put down box to walk_poses,174,0.12130001420155168,0.2536377045325935,0.7564432100386764,0.21319070597174827,0.163449937535204,0.024605139159679514,-0.9629270106991175,-1.5689976215362549,0.30380240082740784,0.2896025478839874,1.0135090351104736,0.179781345987994,0.22171080441494295,-0.4879084825515747,-0.011577741242945194,-0.12951917946338654,0.5247933864593506,-0.4024211072224033,-0.057938996226132966,0.2547019124031067,0.07682707905769348,0.018462492153048515,0.1569160670042038,0.3199549913406372,0.8918910622596741,0.09025464951992035,-0.26232314109802246,0.9393463730812073,0.09847829828728974,0.24485686043163835,0.827345015795677,-0.0898842988160431,0.2139225888651941,1.3100416522369562,-0.23346603646743286,-0.12431209602425777,0.23180233456695937,0.053806131777562854,0.3199007990811072,0.0015560377513814463,-0.11358418060552292,-0.004122947264698779,0.22269688808933763,0.2159350497065015,0.3707739811640626,-0.0035560377513813093,-0.0346942446523857,-0.03606142073369491,0.604781432017319,0.04270059114304696,0.3353430154768381,0.37102217327326426,0.24254732052865222,0.011312340430306503,0.7436909155881013,-0.06253151944489836,0.39029125355512667,0.6466156363645746,0.21379435191558804,0.09343107132130252,0.9061388919896448,-0.031596707672845226,0.39812651426497464,0.8281127721943295,0.07706829190304815,0.15361978297779882,1.0456800945853553,-0.04229141135346433,0.3107311930297014,1.010445864495566,0.21137470592786295,0.19450714226060187,0.6695246247229601,0.1393436447887024,0.30361166473745993,0.6831632182917503
5.899999999999989,0,0-ACCAD_Female1Walking_c3d_B21 - put down box to walk_poses,175,0.1110627674497664,0.2453610929660499,0.7527288827757543,0.20849041523579268,0.15660986207728167,0.023534343129352913,-0.9651172118185498,-1.5110061168670654,0.30821654200553894,0.3009074330329895,0.8978140950202942,0.256816627453601,0.22307343601673657,-0.47009679675102234,-0.006942357402294874,-0.12963546812534332,0.5556237697601318,-0.43934786019429195,-0.06055539068438187,0.25218465924263,0.08028832823038101,0.010253400541841984,0.17471982538700104,0.3160031735897064,0.896936297416687,0.10337809473276138,-0.26324427127838135,0.9448496103286743,0.08912673918077041,0.23705633474642568,0.8239668056447951,-0.09074681429742515,0.21400127267880034,1.3103740766802048,-0.25582981357819023,-0.14689580089342003,0.2187900905321924,0.05357844125264512,0.31455770577148623,0.0017255191827834082,-0.13659769678236552,-0.026007025412250362,0.21044705229362676,0.21612930521783963,0.36402994854363,-0.0037255191827834863,-0.04206709887027137,-0.03862360322458513,0.5858831563118688,0.031815875676193386,0.32700376808238363,0.3662836204004286,0.2337412838805255,0.005946485975317644,0.7404806822577307,-0.06878510149812947,0.38735636079595115,0.6450886311818577,0.2057589201270748,0.08767982858379203,0.9032572537567749,-0.036822855090952615,0.3941655961459367,0.8264490825562506,0.07041448009178161,0.1485576063373562,1.0436517625850485,-0.04723832186565538,0.3070751595580631,1.008979173808257,0.19888327096627495,0.18485034288865118,0.6661660803824271,0.12819829253300502,0.2947174175154922,0.6791007680342996
5.933333333333322,0,0-ACCAD_Female1Walking_c3d_B21 - put down box to walk_poses,176,0.09865596378222108,0.2362666162662208,0.7478939495896757,0.20642747382688967,0.1497345819723466,0.02287779139514518,-0.9666663641980596,-1.4382811784744263,0.3057917058467865,0.30651599168777466,0.7911678552627563,0.31131918420271343,0.2131248571064055,-0.4477327764034271,-0.008487432263791561,-0.12690426409244537,0.5917377471923828,-0.4857679572553777,-0.055598043844903966,0.246811181306839,0.08443854004144669,0.002633781172335148,0.19295746088027954,0.31267932057380676,0.9019324779510498,0.11685303598642349,-0.2667762339115143,0.9504942297935486,0.07765284689239815,0.22831293782673528,0.8194523738330427,-0.09381701953693009,0.21227313658017272,1.3092131850189574,-0.270122449075934,-0.16621188623413738,0.1985673130220772,0.05300709375971799,0.31313187329909825,0.001933562963487661,-0.1515792967597971,-0.04459050734890697,0.1910999683127175,0.21566001415796554,0.36221959395588116,-0.003933562963487788,-0.049762909833230506,-0.04110105885587283,0.5617515544247946,0.018634592069140518,0.31945510619968176,0.3598962356449388,0.22374403205290883,-5.49752577874707e-06,0.736137767615425,-0.07778348239568397,0.38385920524125755,0.6423981407470519,0.1961030003199529,0.08120567127229354,0.8992337014438221,-0.04477400493165942,0.389269030013089,0.8236180965953477,0.061784689114037394,0.14235149216763945,1.0403345859872817,-0.05454509014413779,0.30196155792123625,1.006214294841443,0.18436140857011574,0.17479277391228218,0.6620393152677857,0.11450533296769067,0.2850616385156543,0.6739497431300885
5.966666666666655,0,0-ACCAD_Female1Walking_c3d_B21 - put down box to walk_poses,177,0.08623101050034165,0.22478244034573436,0.7429547056701027,0.1986432900379493,0.1410851663955362,0.021612605412962706,-0.9696229754050315,-1.3598382472991943,0.29637381434440613,0.3073860704898834,0.6966837048530579,0.35094522471216916,0.1993472132659948,-0.4245418906211853,-0.017316224053502083,-0.12094417959451675,0.6283610463142395,-0.5290427780677622,-0.04040130389271268,0.24131421744823456,0.08872616291046143,-0.0034019844606518745,0.21247269213199615,0.3096337914466858,0.9076195359230042,0.12803737819194794,-0.2730173170566559,0.9550390839576721,0.06635507753327702,0.21743518528646447,0.8148988863366637,-0.09543465160041639,0.20998775226433655,1.308189805789892,-0.2868111255108736,-0.17707542999878,0.17642396330593765,0.049372889586082394,0.3137624474121831,0.0021607450136786922,-0.1665726114086145,-0.057078143592446375,0.16983981707448334,0.21262199241902202,0.36077062955183054,-0.004160745013678829,-0.06135893000626859,-0.042723200453623156,0.5370043449155684,0.004392168348363874,0.3123456904815276,0.35354555217276973,0.21165314119692774,-0.009545464148686417,0.7313180081545294,-0.08643587556095007,0.3800362280163251,0.6400710362005276,0.1853633874380443,0.0712489504736059,0.8948437725383307,-0.051189569356631125,0.3836558595805343,0.8209139524855148,0.052955964910956554,0.13402692210854866,1.0368840625349653,-0.06024243198496551,0.29605586127976796,1.0036435644754806,0.16860788680684155,0.16128929274844808,0.6576237733394119,0.10104736777443865,0.27281728398780464,0.6686396579701483
5.9999999999999885,0,0-ACCAD_Female1Walking_c3d_B21 - put down box to walk_poses,178,0.07242938363924623,0.21341249672695994,0.7380734993365031,0.19419126546841273,0.13209245426648647,0.01939805678832824,-0.971835917907169,-1.2816799879074097,0.28339001536369324,0.30545663833618164,0.618132472038269,0.3764393063320015,0.18086433396005885,-0.3994021415710449,-0.027743902057409286,-0.11474773287773132,0.6622022390365601,-0.5703655728918715,-0.025919235692365206,0.23436839878559113,0.09308090060949326,-0.007715245708823204,0.23077619075775146,0.3069852590560913,0.9130957126617432,0.13714908063411713,-0.2817029356956482,0.9587318897247314,0.05373859488744702,0.20673705735035927,0.8103997941743071,-0.09874952585407201,0.20764159894291204,1.3067369249929663,-0.29927687589912844,-0.18634419150825404,0.15428413401753963,0.044006787210661646,0.31280826091452496,0.0023635128790629907,-0.17749016079505991,-0.06787478233057602,0.1485399967235358,0.2075380312787422,0.3587678011428101,-0.004363512879063173,-0.07237726748182037,-0.045331589076269066,0.5138737906472508,-0.011157074760775924,0.30435433950469304,0.34691132645558376,0.1993152727760231,-0.018704167791283817,0.7270763785236906,-0.0980492331955219,0.37524189008873465,0.6372576529248807,0.17390752992404068,0.06198811472960552,0.8907918828258325,-0.06026371367811256,0.37758887566734406,0.8176081737937194,0.04302948160127238,0.12611938586240157,1.0335163713570377,-0.06781856477692927,0.28984356321589977,1.000663833189396,0.15178749998126542,0.1482024987669544,0.6534574260126667,0.08583951838144352,0.2605697794079937,0.6632786705982682
6.033333333333322,0,0-ACCAD_Female1Walking_c3d_B21 - put down box to walk_poses,179,0.05744027206674218,0.20102799264714122,0.7327004658216733,0.19122235049752764,0.12359249369246539,0.017142859540646902,-0.9735836022344708,-1.2063002586364746,0.2687864303588867,0.30282217264175415,0.5571249127388,0.38529051531927005,0.16176739278028385,-0.36922121047973633,-0.038687530905008316,-0.10859818756580353,0.6917111873626709,-0.6130902427366975,-0.01031647291361959,0.22518597543239594,0.0977218747138977,-0.010639716871082783,0.24557489156723022,0.3055926561355591,0.9176227450370789,0.14430299401283264,-0.29262492060661316,0.9617277383804321,0.03988284296834617,0.19497944453335522,0.8053651185021204,-0.10425062578201677,0.20359098907974754,1.3041519142045022,-0.3087480409172151,-0.193303226768157,0.13126550092348793,0.0395620719946454,0.31124622328789514,0.002534068662918828,-0.18548547917568614,-0.07633712419965939,0.12623840207311177,0.20323184184912982,0.3566582026603382,-0.00453406866291883,-0.08350402891906784,-0.04958347200081056,0.491725209697997,-0.026124497287280952,0.2957231224712327,0.3394399271404178,0.1851731562988663,-0.029880121678705504,0.7224287965643262,-0.11164353954693597,0.36939253034733377,0.6336664432055586,0.16082695924074214,0.05110291807188162,0.8861620374341324,-0.07120780441566057,0.37037582166264166,0.8134539529684748,0.03149187556019739,0.11694499930137855,1.0294464812506274,-0.077073448036622,0.28223036953567426,0.9967891421240284,0.13401756094700987,0.13433215433633025,0.6488493053527749,0.06925415257569556,0.24729489408982602,0.6574700812423183
6.066666666666655,0,0-ACCAD_Female1Walking_c3d_B21 - put down box to walk_poses,180,0.04106529289856553,0.1869867774657905,0.7269253817025972,0.19023415268629343,0.11589946248621578,0.014524781063780611,-0.9747652601945679,-1.1358482837677002,0.25218555331230164,0.30115190148353577,0.5130601525306702,0.37940042671559415,0.14441019791872134,-0.33382469415664673,-0.05010432377457619,-0.10221836715936661,0.7155833840370178,-0.6565536807994721,0.005744056999768432,0.215188130736351,0.10273665189743042,-0.012492820620536804,0.25629499554634094,0.30597686767578125,0.921242356300354,0.14819170534610748,-0.3048030734062195,0.9633488059043884,0.024533543855340862,0.1815558342604254,0.7998788335021656,-0.11262268039964629,0.1975824406200457,1.300477527862601,-0.3160806096057363,-0.1994140361432722,0.10830257844053291,0.035900568302322605,0.30804833550298527,0.0026627628731906647,-0.19156967599161534,-0.08375506306570016,0.10382716145644905,0.1995055780141731,0.3536524742375828,-0.00466276287319068,-0.09507767665625552,-0.05637240212653237,0.47118858041695966,-0.040412080272130294,0.28551791433057877,0.33119472280975215,0.16939856167080652,-0.04367706154977437,0.7179145203150828,-0.12807418493500436,0.36075707063175916,0.6290609465275987,0.146061658570331,0.03823846946961786,0.8813305505436323,-0.0848012439136999,0.36093130360806636,0.8081893541641454,0.018086242940709853,0.10617961985377856,1.0248739523689863,-0.0886216628637478,0.27261797744718647,0.9919516064556724,0.11527902225705017,0.11905293503714028,0.6439340250709668,0.05111063071784934,0.23230343590280644,0.6512767585563591
6.099999999999988,0,0-ACCAD_Female1Walking_c3d_B21 - put down box to walk_poses,181,0.023962719831615686,0.17183418897911906,0.720787486389831,0.18915058691576664,0.10969866766659253,0.01243513435643882,-0.9757221045026769,-1.0720574855804443,0.23295411467552185,0.3012901842594147,0.4844840168952942,0.3591027078455178,0.132446620493766,-0.29597100615501404,-0.06253632158041,-0.09505367279052734,0.73238605260849,-0.6978949193459285,0.025637746520146498,0.2055804431438446,0.10715887695550919,-0.013844843953847885,0.2629227042198181,0.3064040541648865,0.9236909747123718,0.14785154163837433,-0.31741395592689514,0.9630185961723328,0.008260224544382095,0.1669017685535613,0.7939592218516878,-0.12325758903211673,0.18909995227175194,1.2958605482592789,-0.3229854414062011,-0.20153085344070346,0.08527136843872128,0.03268148908376384,0.30525133364835877,0.0027374561118273244,-0.1970511351169196,-0.087409642481174,0.0811604429263783,0.19616641592111608,0.35126007612448196,-0.004737456111827371,-0.10772978935198531,-0.06387102720986601,0.4518647014773699,-0.053407063330948135,0.27547232417988377,0.3227259961843873,0.15165764936582035,-0.05938958799586388,0.7127033252535311,-0.1465545254878158,0.35016599751640554,0.6239805133490423,0.12967311829009254,0.023526646081711382,0.8758018927639211,-0.10007597074346886,0.34974913676762337,0.8023036312562866,0.0032010515301621953,0.09366158181226958,1.0196425930484183,-0.10164202331422773,0.2612309063026005,0.9864667577608508,0.09607863737621876,0.10282231361837038,0.6386020808464193,0.032382518394537256,0.21630404341863183,0.6448364342559773
6.133333333333321,0,0-ACCAD_Female1Walking_c3d_B21 - put down box to walk_poses,182,0.00660743610933423,0.15452280966565013,0.7146240875059781,0.18770873990815418,0.10548717491868749,0.009221659977735275,-0.9765003051085146,-1.0153518915176392,0.21140743792057037,0.30314695835113525,0.4697825312614441,0.3274738550849332,0.1227242868256937,-0.2566336989402771,-0.07706733047962189,-0.08626606315374374,0.7421801686286926,-0.7368550034568635,0.0466667744410052,0.1973639577627182,0.11152832955121994,-0.01501049380749464,0.26626357436180115,0.3080713748931885,0.9254246950149536,0.14349201321601868,-0.33008235692977905,0.9607824087142944,-0.008584154738493483,0.15020193689630162,0.7879422000432175,-0.13667753721605116,0.179263537628205,1.29040496709154,-0.32855591237561843,-0.2029360133965103,0.0633778999174988,0.03086140145196524,0.30022542907568667,0.00275359662235378,-0.2009832119338226,-0.09064159848248879,0.05948296973771111,0.19417589133185695,0.34683035848081883,-0.004753596622353837,-0.12087791628405718,-0.07389568202915844,0.43455301234686494,-0.0642808001070782,0.26359637705248834,0.31414730853591993,0.13286114214731873,-0.07822383936312255,0.708468638342443,-0.16633887643391043,0.3361933373978471,0.6178611065446478,0.1120347737854897,0.006404836383486684,0.8708380129991212,-0.11663746486850048,0.33606489250902727,0.7953134026540088,-0.013215546586012566,0.07945162549036273,1.0143771638275465,-0.11611536719332653,0.24801545072186215,0.9801711900465366,0.07697825761766383,0.0842926125377025,0.6334956461632377,0.013729347053884532,0.19802548415327764,0.6383435676764666
6.1666666666666545,0,0-ACCAD_Female1Walking_c3d_B21 - put down box to walk_poses,183,-0.01310025854036212,0.1359061929397285,0.7082353796545047,0.18858368330699535,0.10221644163789814,0.006096989181732663,-0.9767040596681121,-0.9662235975265503,0.18845005333423615,0.3063637316226959,0.46709534525871277,0.2878561017910721,0.1175581684353999,-0.21558372676372528,-0.09237128496170044,-0.07640646398067474,0.7458536624908447,-0.7728315313020135,0.069466663227576,0.19099636375904083,0.11510901898145676,-0.015836987644433975,0.26708871126174927,0.30940428376197815,0.926734983921051,0.13589578866958618,-0.3412501811981201,0.9571936726570129,-0.02790307166570058,0.13212149686810445,0.7816625735217753,-0.15367901547319113,0.1669061345136205,1.2843689412442538,-0.33451492644158654,-0.20497685308516844,0.04309051828585475,0.026487854733761695,0.2943541479541974,0.0027103559509734157,-0.2058225783040522,-0.09396482388162733,0.039268358822958156,0.1893030846006302,0.3426877176368424,-0.004710355950973289,-0.13605037892189165,-0.08617718407432312,0.4189763025964878,-0.07655797127067288,0.25056577573928474,0.3056651148216829,0.11240310538885574,-0.0978771856939653,0.7040031135955246,-0.19036194842832244,0.31864227633733255,0.611265786051588,0.09236129927533429,-0.01157085586166946,0.8655862427976635,-0.13726941893689734,0.3196814284035341,0.7877301384838955,-0.03203154720679493,0.06370499205562055,1.0087822093984882,-0.13406288232040503,0.23255422662379552,0.9734024476599508,0.05610475673066399,0.06484022549003868,0.6281388376612043,-0.0073770583714579206,0.17846269539709117,0.6316272472644281
6.199999999999988,0,0-ACCAD_Female1Walking_c3d_B21 - put down box to walk_poses,184,-0.03414828469976783,0.11531720636412501,0.7010413696533224,0.1891957702894894,0.10056604074091088,0.002807745349085329,-0.9767720043696578,-0.927769660949707,0.16544321179389954,0.3108169734477997,0.47361162304878235,0.24537817163075748,0.1163490194911474,-0.1728198230266571,-0.10765897482633591,-0.06566324084997177,0.7445881962776184,-0.8085108194283488,0.09273294820504763,0.18645547330379486,0.11695729196071625,-0.016457390040159225,0.26509836316108704,0.31173306703567505,0.92805415391922,0.12539105117321014,-0.3505063056945801,0.9523167014122009,-0.04880311664605631,0.11205182687482604,0.7745231578556853,-0.17357288373734656,0.15153634272172975,1.277145458427853,-0.3427560251327086,-0.20835240198789212,0.024776078155922792,0.022532678667703795,0.28675630854769324,0.002614177467312559,-0.212963663477368,-0.09862976561595974,0.020917850127151458,0.18473828857542657,0.33712585291135344,-0.004614177467312575,-0.15359282081805803,-0.10109362586804928,0.4048241670151715,-0.08814813049196235,0.23601020986034205,0.29674317122865984,0.09022726494142493,-0.12001250650183946,0.6987597797277898,-0.21648471487354662,0.29780356038226535,0.6037094421646424,0.07081702219409572,-0.03197604770353736,0.8594843534647039,-0.16003911098865725,0.30047707199944274,0.7791127213297454,-0.05286271311798161,0.04556844939957119,1.0021973007624534,-0.15421433705793175,0.2145724261973339,0.9656228691021227,0.03427224936528624,0.04347259896915197,0.6219725226348338,-0.029592642392064654,0.15692985980060664,0.6241136401545935
6.233333333333321,0,0-ACCAD_Female1Walking_c3d_B21 - put down box to walk_poses,185,-0.05642484640702605,0.09363714186474681,0.6937882927652989,0.18952146365948522,0.09758128294598906,-0.001963380448100253,-0.9770136402160398,-0.9025493860244751,0.1440783441066742,0.31611955165863037,0.48610714077949524,0.21283970427501675,0.11896480263479936,-0.12709935009479523,-0.12338458746671677,-0.05325549095869064,0.741100013256073,-0.8419960535720024,0.11392674346953502,0.18336685001850128,0.11545264720916748,-0.01641351543366909,0.2612238824367523,0.31427323818206787,0.9300127029418945,0.1133439838886261,-0.35788995027542114,0.9466216564178467,-0.07078139848766453,0.09115081715110179,0.7673593985186735,-0.19289606378259733,0.1353235918208188,1.270235594826254,-0.3584172451333255,-0.21658067997104288,0.012031294463774482,0.016702938493833336,0.2766494364535277,0.002490917676117043,-0.22748045850911652,-0.10823061910712534,0.008053579125579535,0.1781662578490093,0.32938320625924833,-0.004490917676117007,-0.1754486566876668,-0.11936411511748936,0.3946168361818205,-0.10086919693756269,0.21957103939589329,0.28797036878609317,0.06661611637250252,-0.14331101839532567,0.6931506549906895,-0.24462317261201552,0.2748309621261214,0.5966575719941264,0.04844318789490255,-0.053372971227390556,0.8529644733742525,-0.18410614163859462,0.27974620375804493,0.7706492199719243,-0.07388539350919794,0.026600657173284928,0.9956223887483338,-0.17488978731712712,0.19560174638907185,0.9580866834083462,0.011200787311467814,0.02077726931636506,0.6156188567698292,-0.053227063912339584,0.13401201751776023,0.6163621077488545
6.266666666666654,0,0-ACCAD_Female1Walking_c3d_B21 - put down box to walk_poses,186,-0.0814489028416574,0.07030279515311122,0.6870647988185573,0.19070415562495208,0.09439520191188856,-0.00785237419302717,-0.9770669429997724,-0.8798795342445374,0.12257459759712219,0.32121238112449646,0.5053408145904541,0.176926481038153,0.12070020139467053,-0.07927598059177399,-0.1398281455039978,-0.03863619267940521,0.7400139570236206,-0.879684748366151,0.1340192533738913,0.1815950721502304,0.11068630963563919,-0.01641261950135231,0.2576313018798828,0.3167950212955475,0.9333363771438599,0.10203007608652115,-0.3627949357032776,0.9410256743431091,-0.09550808960506155,0.0687534058489739,0.7607189817298893,-0.2142098655672255,0.11709931313057137,1.2640043932283576,-0.37570289071999696,-0.22763868506966434,0.0010761905436946322,0.00875960159248243,0.26452687188233537,0.004356859046613863,-0.2437814151236586,-0.12049634046310922,-0.003076190543694641,0.16915391774618244,0.32045838359480555,-0.0023758479234489704,-0.20030123854369794,-0.14054001397613605,0.3860629205956126,-0.11614829630399218,0.20089242569638216,0.2798228723946208,0.04131056908028756,-0.1675794147970635,0.687873318204091,-0.27560322856725067,0.2491714051225911,0.5904473755063693,0.024057369379276994,-0.07593215228343465,0.8468156680608967,-0.21111240278273866,0.25672872870358,0.76291008003721,-0.09698782633008862,0.006022817849556217,0.9895638079956631,-0.19827997903597114,0.1746727731140927,0.9512326550065079,-0.014459032683824011,-0.0036307987940574875,0.609942276738849,-0.07971208354106771,0.10922787190521084,0.6090154578072912
6.299999999999987,0,0-ACCAD_Female1Walking_c3d_B21 - put down box to walk_poses,187,-0.10974946385249496,0.04461855394765735,0.6945122763598746,0.1899208270813799,0.0917529745696715,-0.013157463627976058,-0.977414115024548,-0.8472219705581665,0.09558122605085373,0.3263871967792511,0.5308412313461304,0.12163900265135474,0.12403642038354201,-0.03407347947359085,-0.15655064582824707,-0.022113142535090446,0.7481930255889893,-0.9258817288137791,0.15861226866886913,0.18155211210250854,0.10476714372634888,-0.017892587929964066,0.256625235080719,0.32074078917503357,0.9386011958122253,0.0937068909406662,-0.3647291660308838,0.9363917112350464,-0.12357639317465552,0.04393372742522591,0.7682235172811489,-0.23819522376709734,0.09589040332778351,1.2720738107604896,-0.3908900789734041,-0.23284301465806334,0.0011816075865789706,-0.0013767463056912066,0.25091236918316284,0.023408593222393376,-0.2574575685106753,-0.1275969814550656,-0.0031816075865790557,0.1579235446963175,0.30991438903391183,0.01691406166059945,-0.22765557910413034,-0.16128095109984775,0.3890882339509638,-0.1350032806395389,0.18045036064062941,0.28619934425308097,0.013436058664561648,-0.1942174675781721,0.6965536812367439,-0.30800029138144436,0.22167448298073375,0.5987253747352148,-0.003377657859697847,-0.10124697096984432,0.8547729907448153,-0.240193812026136,0.23139230270625438,0.7698025781884761,-0.12329193498502325,-0.017361988102863435,0.9975419197678532,-0.2245304177925817,0.15122427470630162,0.9587910940880974,-0.043804022576779414,-0.030561547960690688,0.618529489876183,-0.10919799302152722,0.08223869630175727,0.6158919758171082
6.333333333333321,0,0-ACCAD_Female1Walking_c3d_B21 - put down box to walk_poses,188,-0.14138285582885146,0.017269063275307417,0.7028802320279458,0.19033002675963132,0.08741354610630322,-0.017282324051206905,-0.9776679774576786,-0.8044849038124084,0.06378387659788132,0.33131906390190125,0.5545286536216736,0.05929324967814087,0.1319763803438554,0.0031188223510980606,-0.16980640590190887,-0.006474107038229704,0.7714036107063293,-0.9770022942311103,0.18416712734288,0.18130306899547577,0.09855882823467255,-0.021998092532157898,0.25768807530403137,0.3269127607345581,0.945090115070343,0.09060043096542358,-0.36482301354408264,0.933297872543335,-0.15469547133234463,0.01730790611000912,0.7766892610128223,-0.26216660600883973,0.0724885542656881,1.2817619092844599,-0.4063432438754613,-0.2354378135357642,0.0012703038845101322,-0.018810592937320306,0.23391332893933037,0.0449801108093798,-0.2716155690856322,-0.13186254367459543,-0.003270303884510179,0.13924823837933484,0.2961771845291108,0.038606875374522745,-0.2570222339528953,-0.18157837806347774,0.39112907483904696,-0.16142165938242303,0.156942842936548,0.29336422853504857,-0.016286205430293296,-0.22245455244598814,0.7057020020558347,-0.34258726165949555,0.1928712529588701,0.608932985817292,-0.032550008824495484,-0.12823570247197646,0.8632388587367318,-0.2715655801378139,0.2043317025217779,0.7785918878938322,-0.15107130947584096,-0.042622173028846896,1.0064366749530274,-0.2528001868423775,0.12573135185122597,0.9679592650843933,-0.07677909450457285,-0.05893512988446781,0.6278322944057821,-0.14222531598721627,0.05376966374078979,0.623755193609448
6.366666666666654,0,0-ACCAD_Female1Walking_c3d_B21 - put down box to walk_poses,189,-0.1728897369466722,-0.010997940320521593,0.7116815751356115,0.19411608936967212,0.0831958239711575,-0.020610713423752647,-0.9772269936988793,-0.7527416348457336,0.029878439381718636,0.33488938212394714,0.5699916481971741,-0.00417494111292438,0.14044344319732316,0.02718900702893734,-0.17961576581001282,0.007928481325507164,0.8105897307395935,-1.032261591163961,0.20956093554204958,0.17931221425533295,0.09279729425907135,-0.02787320502102375,0.25808921456336975,0.33130061626434326,0.9507012367248535,0.09273326396942139,-0.3626110553741455,0.9318275451660156,-0.18568504835215818,-0.010399185693134461,0.7855796231405001,-0.2855845416606397,0.04754911325175897,1.2918989315661211,-0.41648952930448796,-0.23902136858042972,0.0013060787866099044,-0.04114276843093735,0.21370047232823358,0.06780089947066553,-0.28130775687836385,-0.13604265036034618,-0.0033060787866099617,0.1153287769941421,0.2798479089825051,0.06138435083791573,-0.28247939701139296,-0.20175907216887504,0.3918751502475304,-0.1924409094672745,0.13033319762874257,0.30024824398566274,-0.04536848318676861,-0.25077582525990944,0.7147805047711826,-0.3758063567819776,0.16273344937576037,0.619436816939655,-0.06097990988110401,-0.1554941615719558,0.8717430866994602,-0.3025832847754076,0.17587358079538828,0.7880348088504832,-0.178108943852483,-0.06889745284733047,1.0157000499079947,-0.2811854712708714,0.0987307234862886,0.9776447100142118,-0.10928448334354467,-0.08776407917137355,0.6376027655979734,-0.1750836654986045,0.024566790911147024,0.6321455156336009
6.399999999999987,0,0-ACCAD_Female1Walking_c3d_B21 - put down box to walk_poses,190,-0.20088299876078963,-0.03781061666086316,0.7197882783240196,0.19906680206935348,0.07764935147218946,-0.0235770203349151,-0.9766202489411923,-0.6933785676956177,-0.004249576944857836,0.33639073371887207,0.5736656785011292,-0.06040712677727367,0.1494294452078695,0.03598997741937637,-0.18607138097286224,0.020900774747133255,0.8658226132392883,-1.0865332042025369,0.235655289470045,0.1761234551668167,0.08932753652334213,-0.033254627138376236,0.2568967044353485,0.33066198229789734,0.9545016884803772,0.09810827672481537,-0.3585677742958069,0.9312134385108948,-0.21296209841158276,-0.03667535855259591,0.7938004836732309,-0.3048490152886359,0.024842284051257803,1.3012274749729549,-0.42246670970486166,-0.2422644291119933,0.0012774864056656655,-0.06661576521223692,0.19121494447562654,0.08896342051137307,-0.28721950236058347,-0.1393691176140351,-0.0032774864056656326,0.08830265733578721,0.26090251961769845,0.08233588506824463,-0.30235236442642527,-0.2195288046404432,0.39132593860863846,-0.22564566066972844,0.10240526189056177,0.3054086265732123,-0.07214079474377909,-0.2767051166009095,0.7225052471498414,-0.4042266883794292,0.13394001483493823,0.628913025864358,-0.08614574549502206,-0.18048275048880374,0.8790449603807376,-0.32937626763244726,0.1488993164350043,0.7966425641508691,-0.20119182716904008,-0.0932888158604464,1.0242854960414833,-0.30579746530310165,0.07345917682422344,0.9865369555902413,-0.13846622806624756,-0.11506579809357012,0.646573173833241,-0.20437934193438828,-0.003058689003440241,0.6399311892145547
6.43333333333332,0,0-ACCAD_Female1Walking_c3d_B21 - put down box to walk_poses,191,-0.2270640409551561,-0.06199834169819951,0.7276154477305459,0.20538941055560656,0.07215263114386576,-0.02576872542842299,-0.9756767705753951,-0.6276316046714783,-0.03663048520684242,0.33499106764793396,0.5640369653701782,-0.1088709331857507,0.1570265249780245,0.029796060174703598,-0.18951542675495148,0.03263673186302185,0.9378114342689514,-1.1433414540050477,0.2677365174319575,0.17079538106918335,0.08938219398260117,-0.037098176777362823,0.25387296080589294,0.3230697512626648,0.9563373327255249,0.1057060956954956,-0.35384875535964966,0.9310500025749207,-0.23841758137557775,-0.060449957634123544,0.8017349433218677,-0.3239912897799593,0.0050031415877166835,1.30979253105492,-0.42506264091112017,-0.2446176832400564,0.0011821296169390698,-0.09524880738725208,0.1685114710227372,0.11015258807541517,-0.29027241645066937,-0.14111624058711167,-0.003182129616939096,0.058111277959950046,0.2415340708196297,0.10319671708741229,-0.31745196094776107,-0.2337313932896824,0.3899836070784658,-0.2616585263089358,0.07482502747526286,0.3094268991853446,-0.0987364929150237,-0.2987159764130921,0.729303544951421,-0.4296520393228459,0.10787245271416458,0.6372298941896303,-0.11059237020138696,-0.20200229554998922,0.8857179506557828,-0.35413616162330397,0.12460358481707973,0.8044931167999542,-0.22322815911470212,-0.1149199503092504,1.0325527924926103,-0.32934763180204074,0.05085202847945065,0.9947309275856597,-0.1657726545564398,-0.13954855865825355,0.655179921310931,-0.23163944994789717,-0.027832913813344292,0.6475665954888471
6.4666666666666535,0,0-ACCAD_Female1Walking_c3d_B21 - put down box to walk_poses,192,-0.25009883707389235,-0.08411333383992314,0.7348482047868548,0.21165268428382272,0.06691208889406969,-0.027075465559232244,-0.9746757577574378,-0.5588123202323914,-0.06655538082122803,0.330872505903244,0.5406920313835144,-0.14637955473234587,0.16374748899143743,0.012088819406926632,-0.19104677438735962,0.043884675949811935,1.0281871557235718,-1.2076693469727449,0.31852970774587686,0.16263121366500854,0.09341295808553696,-0.040402065962553024,0.2502269744873047,0.31024253368377686,0.9569090604782104,0.11440225690603256,-0.35068053007125854,0.9302422404289246,-0.26074106496036326,-0.08227918233715627,0.8090666585155422,-0.34138657234611386,-0.012057251670386921,1.3173265473671392,-0.42534583948333055,-0.2463832871874298,0.0010255623226364217,-0.1233126182527571,0.1457368742539651,0.13319818105823494,-0.2912057391633568,-0.1420280195903609,-0.0030255623226365207,0.028615628836358525,0.22166506765602687,0.12593752109320713,-0.32755989645805333,-0.2447237104136555,0.3883163410587408,-0.2977008826573955,0.047920532260226176,0.3122609760963156,-0.12406434942962553,-0.3180666397131029,0.7352544963093688,-0.4510858335728845,0.08492780689531937,0.6443146283727031,-0.13324137565701505,-0.22115448980069513,0.8917261601758496,-0.37527750104265606,0.10309531620756221,0.811295473167979,-0.24307510972594232,-0.134322451278749,1.0402296213793178,-0.3500832884928932,0.030763312259672562,1.0019134987425393,-0.1900031126192381,-0.16189639154286006,0.663026490447383,-0.2554800342627615,-0.050279837595770864,0.6547204145923874
6.499999999999987,0,0-ACCAD_Female1Walking_c3d_B21 - put down box to walk_poses,193,-0.27268554037436843,-0.10436854930594563,0.7416990714960617,0.21905543991269702,0.06282768124173707,-0.027034300879215198,-0.9733121510031679,-0.4887262284755707,-0.0922333151102066,0.3236442804336548,0.5050901770591736,-0.17413677312572196,0.16813062429785308,-0.017614006996154785,-0.18967276811599731,0.0538586862385273,1.1353881359100342,-1.278325823831171,0.401984378272932,0.1494683176279068,0.09787804633378983,-0.043121010065078735,0.24714528024196625,0.2934717535972595,0.9572905898094177,0.12484981119632721,-0.3516109883785248,0.9285085797309875,-0.2827464838109332,-0.10248603907796879,0.8159973458529255,-0.35963148956184504,-0.029081663926117267,1.3244230133617148,-0.42496145554836845,-0.24841234898909437,0.0008220736991819654,-0.15340792307014237,0.12224311413131371,0.15879860407210758,-0.29193960068694114,-0.14262054250596262,-0.002822073699182019,-0.0029035587830179357,0.20094420320934814,0.15141112084303524,-0.3348338504133369,-0.2530597924367985,0.38676341091184446,-0.33604520175121533,0.021392690344103613,0.3144923876946877,-0.14997090868714905,-0.33476436618221733,0.7397366872838728,-0.4718048305059935,0.06600106679354982,0.6513015710239026,-0.15640323671811518,-0.23866467079641604,0.8968450508646394,-0.395853354333527,0.08426261727929994,0.8182070929374924,-0.26333302919463,-0.1529401817605652,1.0473268149026822,-0.37076368990420716,0.011829581672189435,1.008833138827023,-0.21351124692868131,-0.18208380001899038,0.6702929143696865,-0.27855633969932075,-0.07052156587902149,0.6616087332099183
6.53333333333332,0,0-ACCAD_Female1Walking_c3d_B21 - put down box to walk_poses,194,-0.2929422385059297,-0.12330536963418127,0.74760378521383,0.22784887686780989,0.05714587388020352,-0.02650613271800305,-0.9716566591841387,-0.4170019030570984,-0.11454802006483078,0.3139660358428955,0.4610869586467743,-0.19105592487553613,0.17175692980745394,-0.06542034447193146,-0.1857016384601593,0.06340248137712479,1.2467350959777832,-1.3307960064205022,0.5035261272533196,0.12863053381443024,0.10166572779417038,-0.043748077005147934,0.24384626746177673,0.273819237947464,0.9576297998428345,0.14044798910617828,-0.354346364736557,0.9278085231781006,-0.3021770727265051,-0.12139523405666643,0.8220085513178506,-0.37407374600831844,-0.045848669136441575,1.3308699278260283,-0.4249062776452672,-0.2515154798663733,0.0005914247108179081,-0.19035372964933717,0.09512742192650071,0.17954777793648616,-0.2933658765187809,-0.14387258720251797,-0.0025914247108176844,-0.04121410190416054,0.17638983207404513,0.17221346590041572,-0.3394978668421044,-0.25995458356744716,0.38558129348838727,-0.37844185361572996,-0.007482416795637228,0.31678500631851,-0.17508426658145892,-0.34988789288367833,0.7421058507715399,-0.4881834533334527,0.05122390191883571,0.6578885041792968,-0.17778239351406666,-0.2553092597970994,0.9002423945515844,-0.41239673193559356,0.06797666572078248,0.8250270155072597,-0.2808308775142338,-0.17099374645231896,1.0533071309524413,-0.3880410543073651,-0.005976898536624864,1.0152597552748173,-0.23476638070343397,-0.20086324376662446,0.6763343819522345,-0.2992635003310152,-0.08925676992962987,0.6675696091748654
6.566666666666653,0,0-ACCAD_Female1Walking_c3d_B21 - put down box to walk_poses,195,-0.312186939176172,-0.1425032434053719,0.7523946070334764,0.23908030922885629,0.05163077673203964,-0.0263409495962001,-0.9692682925833547,-0.3431271016597748,-0.1361323446035385,0.3033992648124695,0.4124027490615845,-0.204728823254827,0.17449887479552872,-0.13390323519706726,-0.1789800524711609,0.07335743308067322,1.3389415740966797,-1.3466351369166727,0.5406429584523649,0.10218188911676407,0.10429515689611435,-0.043847471475601196,0.23919889330863953,0.2538284361362457,0.9572085738182068,0.15929937362670898,-0.3576257824897766,0.927082896232605,-0.3206381907535707,-0.14052511162937525,0.8268906696237389,-0.3876885353806518,-0.06324137241255576,1.3361650455553034,-0.42328586450717454,-0.2556244122101293,0.0003451299313486783,-0.23723804959288014,0.06359967807058227,0.18889439841443045,-0.29389916024176765,-0.1453890128993483,-0.002345129931348555,-0.08973807040950246,0.14775485892227824,0.1810419034783293,-0.3417645912667647,-0.2666102502788842,0.384521639109836,-0.42508588491979454,-0.0417738171410519,0.3210491026714646,-0.19995738948983285,-0.36544643210222977,0.7434075537197017,-0.5025379495844621,0.037144315715476536,0.6632756487591173,-0.19854735527446762,-0.2724107933432918,0.9024734077814583,-0.4273881864138236,0.051862801852731864,0.8308926033472273,-0.29744463766997886,-0.1894934918645677,1.0581127656337919,-0.4043605059674603,-0.024166666713046916,1.020586469633332,-0.25464810332357085,-0.21977183416293378,0.6812810989408771,-0.31864532992270866,-0.10811540678163069,0.6722978972846407
6.599999999999986,0,0-ACCAD_Female1Walking_c3d_B21 - put down box to walk_poses,196,-0.33215655153617263,-0.16148715885356069,0.7558634013867774,0.24929526074577646,0.04738763605208862,-0.027334845822437167,-0.9668811152995768,-0.26906639337539673,-0.15682923793792725,0.29251980781555176,0.3603523373603821,-0.2163179731108833,0.1746598824050829,-0.21729522943496704,-0.1683141440153122,0.08302082121372223,1.404062271118164,-1.3285502296472984,0.4703027272517337,0.07181625068187714,0.10647577047348022,-0.04507266730070114,0.23236125707626343,0.23347382247447968,0.9544155597686768,0.18070611357688904,-0.35953834652900696,0.9259557723999023,-0.34005145022330324,-0.1592947538841194,0.8304144841097661,-0.40277398896758543,-0.07909286929770108,1.339805458993342,-0.42171611468946263,-0.2600824769422242,9.492805207921701e-05,-0.29118170989308434,0.028215177229692828,0.18711625682740413,-0.294446944495523,-0.14739812643875339,-0.0020949280520792674,-0.1451858666959171,0.11479293778587336,0.17765554088066912,-0.343994125237088,-0.2727088202868296,0.38366420519618605,-0.47358103002462143,-0.08036504503419674,0.32813854835797385,-0.2281575368241965,-0.38192011821815497,0.7442524280516166,-0.5153367836799211,0.024297651187135214,0.6665010841458986,-0.22161320630467043,-0.28994302569548014,0.9038047717927682,-0.44153075254006646,0.03677150663550574,0.8348953741375846,-0.3157465914401398,-0.20741998711453163,1.0616777688542347,-0.42127601035310047,-0.04119716720119898,1.0241850924500007,-0.27520177524010725,-0.23876355670479707,0.6850946090332469,-0.33813667454208723,-0.12667413566720925,0.6754470113233411
6.6333333333333195,0,0-ACCAD_Female1Walking_c3d_B21 - put down box to walk_poses,197,-0.3512739068828523,-0.1802605506964028,0.7578584717834601,0.26032496957886336,0.044804599105146954,-0.02713288027529872,-0.9640991986931413,-0.19677497446537018,-0.1765516698360443,0.28191888332366943,0.3067622184753418,-0.22833452055983705,0.17643849774605647,-0.3095085322856903,-0.15278121829032898,0.09101667255163193,1.4419647455215454,-1.278625288151106,0.3557240407501161,0.03991644084453583,0.10927720367908478,-0.04753765091300011,0.22444017231464386,0.21117717027664185,0.9486362934112549,0.204056516289711,-0.35853123664855957,0.924535870552063,-0.3588128235319464,-0.178086295861511,0.8324469249895091,-0.41819377987449713,-0.09591762926776068,1.3419510080876194,-0.41925331586579606,-0.26232602814114414,-0.00016702725854723238,-0.34843224217524016,-0.009593538865537085,0.17796649110797474,-0.2945906855422428,-0.14675590559010984,-0.0018329727414528423,-0.2041849115442368,0.07966360073599153,0.16674728275875556,-0.34496094012946027,-0.27696952492876215,0.3826032829988208,-0.5205435579563435,-0.1210762580845306,0.3386586945261746,-0.25666337104770687,-0.3979559925284331,0.7435515030606127,-0.5259705600209174,0.011154337656270536,0.6680353154773063,-0.24451429187342874,-0.3073555325303518,0.9035625049558613,-0.4543788504315185,0.02133434339380207,0.8375362264052983,-0.3338303983411568,-0.22576366746302767,1.0637074900482169,-0.4379179449382117,-0.05860727968818344,1.0263349122742418,-0.2945258230732846,-0.25725789640328994,0.6872248517604251,-0.35649941375937677,-0.1446600499717497,0.6769693713627457
6.666666666666653,0,0-ACCAD_Female1Walking_c3d_B21 - put down box to walk_poses,198,-0.37001816695556045,-0.19789787800982594,0.7584408381845366,0.2704390241998549,0.043013642178055915,-0.026377619586241578,-0.961413949327433,-0.12849293649196625,-0.19330671429634094,0.27180561423301697,0.2544032037258148,-0.2391726475160365,0.1777779554058343,-0.4060805141925812,-0.13266143202781677,0.09645435959100723,1.4528225660324097,-1.196317625356718,0.24443862050759213,0.011155287735164165,0.1119275689125061,-0.049272436648607254,0.21954713761806488,0.18898390233516693,0.9423841238021851,0.22672656178474426,-0.35428670048713684,0.9223159551620483,-0.37729128495100744,-0.19583879140947344,0.8330589453502678,-0.434297816596158,-0.1126654534095422,1.342693143543215,-0.4177849460444575,-0.2634923790634421,-0.000419486551233722,-0.40768165437175774,-0.05105923246705371,0.16314231347187907,-0.2957755706808579,-0.1451185460599972,-0.001580513448766193,-0.2651288745042826,0.040704284846897705,0.15056607229149133,-0.34655503113393243,-0.2799071832443261,0.3815887073429577,-0.5649226265578043,-0.16200794953052405,0.3525436371359615,-0.28350580878400466,-0.41200081737723687,0.7414601914695275,-0.5359777813717554,-0.002208326259908339,0.668148442281004,-0.2665920769825624,-0.32327073170801135,0.9020854129568422,-0.46701274974431306,0.006110219870686228,0.8388358478124818,-0.35194789953225686,-0.2434254330281222,1.0642744875601666,-0.4547801244119687,-0.07544669729852611,1.0271145256525585,-0.31342743768126335,-0.2746066135348385,0.6877687658521394,-0.37431763154836023,-0.1613029956797786,0.6768707601517167
6.699999999999986,0,0-ACCAD_Female1Walking_c3d_B21 - put down box to walk_poses,199,-0.3891118592582643,-0.21437884541228414,0.7579807894974366,0.28003257502055456,0.04203368468399482,-0.025512392363419147,-0.9587304334979353,-0.06611326336860657,-0.2050742357969284,0.26218801736831665,0.20621061325073242,-0.24926739821168908,0.1758562901811236,-0.5029894709587097,-0.10858108848333359,0.09861660748720169,1.4370585680007935,-1.0846723688533046,0.15636244664648835,-0.014355364255607128,0.1124921441078186,-0.05003540962934494,0.21622860431671143,0.16983936727046967,0.935621976852417,0.24737589061260223,-0.34798720479011536,0.9198131561279297,-0.39622835030832404,-0.21247553950771075,0.8326181325756039,-0.45159593169383605,-0.12984781641023274,1.342528506412768,-0.4174000285606554,-0.2655427132356,-0.0006390870755175158,-0.4686087520934532,-0.09752565188914213,0.14466297552208898,-0.298106487445421,-0.1444290062671828,-0.0013609129244824027,-0.3278273365873445,-0.003170507329194997,0.1313325688078195,-0.3496054730704837,-0.28280622706849257,0.38078358115150757,-0.6058798317763656,-0.20231840532968298,0.3693747287697905,-0.3091860567120188,-0.42497466494315145,0.7384606878920866,-0.5469756417571746,-0.0156333942472887,0.6676074812022256,-0.2883324699863641,-0.33823830150953804,0.899710479777707,-0.48071899466323775,-0.008922345338876769,0.8394346698034085,-0.3706232077771138,-0.2605817645481811,1.0636940001273003,-0.4725906900586413,-0.09196090546610225,1.0270630932372427,-0.33250770321959916,-0.2907678872301443,0.6871934143859251,-0.3924260426691879,-0.17671937623990094,0.675515498775616
6.733333333333319,0,0-ACCAD_Female1Walking_c3d_B21 - put down box to walk_poses,200,-0.4074182636104524,-0.229800742585212,0.7567035907041779,0.28879796806340663,0.04113395826902543,-0.024399937786168738,-0.9561947365236857,-0.009866444393992424,-0.21252797544002533,0.25328806042671204,0.16424275934696198,-0.2595475684315489,0.1720951959029553,-0.5964505672454834,-0.08106019347906113,0.09694888442754745,1.395381212234497,-0.9469784332348423,0.09252844647609826,-0.03760535269975662,0.10988891124725342,-0.05033652484416962,0.21235057711601257,0.1548582911491394,0.9281758666038513,0.2650996446609497,-0.34176093339920044,0.9174618124961853,-0.41437507263686435,-0.22808298930779092,0.8313604867811509,-0.4674391608618932,-0.14783467812364084,1.341884368660342,-0.4177068054928972,-0.2680748035490771,-0.0008223386286693272,-0.5300830328957072,-0.14962775573702666,0.12457951491521921,-0.3010092097613708,-0.14445625762562042,-0.0011776613713306676,-0.39118014665340717,-0.0525494815071999,0.11109630809646873,-0.353679802971554,-0.2859295903924981,0.3800345887096393,-0.6416208734290172,-0.2407272260939557,0.3884705475510769,-0.3335492665684612,-0.43781714568453073,0.7345953729957978,-0.5583925672270017,-0.028351297053248396,0.6672734665015073,-0.3087498687477759,-0.35302694143421637,0.8963209904319032,-0.49423359751465396,-0.023478526009243612,0.839956548799603,-0.3881012699885288,-0.2775521821851501,1.062106783208061,-0.4893983513531558,-0.1082690009822335,1.0266908154981615,-0.3507819583086396,-0.30586777182796526,0.685673060482091,-0.40986775928041735,-0.19107119666868172,0.6731906604493272
6.766666666666652,0,0-ACCAD_Female1Walking_c3d_B21 - put down box to walk_poses,201,-0.42657299106940627,-0.2454339531250298,0.7543647962315575,0.29528457180921064,0.04102499073042594,-0.022825214471718088,-0.9542551971937798,0.04222928732633591,-0.2166164219379425,0.2449767142534256,0.12981027364730835,-0.2750826831723443,0.16669275789214377,-0.682840883731842,-0.05079246312379837,0.0913158506155014,1.3288788795471191,-0.7902479132243836,0.04661142910276861,-0.05907807499170303,0.103901706635952,-0.05075713247060776,0.2076135128736496,0.1451248973608017,0.9206364750862122,0.28005874156951904,-0.3364841043949127,0.9154738783836365,-0.4334562277145668,-0.24398389821772146,0.8290341901895408,-0.4836227639795008,-0.16825057125701734,1.340514149098313,-0.4182583894175918,-0.2705092400436495,-0.0009690671772463431,-0.5920071761321125,-0.2075379490007171,0.10482166001797895,-0.30365330574114197,-0.1449478169545661,-0.0010309328227536517,-0.4549070123615053,-0.10788312233540572,0.09168923387581299,-0.35963168593880834,-0.29008259819277865,0.3788670515776046,-0.6726366871873444,-0.2762468889083082,0.4075922146862966,-0.35880641425498533,-0.4523369941676211,0.7295439095966033,-0.5711956009611434,-0.04072654708458971,0.6669797838538823,-0.3299997841606749,-0.3695810681524756,0.8916586805958971,-0.5086034343607112,-0.03846891400858136,0.8402907413185677,-0.40643889721624776,-0.2959681764576081,1.0592180539547997,-0.5066282014054576,-0.12562391790641,1.0257946818220454,-0.37006425117241887,-0.3212930225904118,0.6829806791319656,-0.42811599523366567,-0.20559397314871616,0.6697746170116374
6.799999999999986,0,0-ACCAD_Female1Walking_c3d_B21 - put down box to walk_poses,202,-0.4474692172370851,-0.26235219510272145,0.7505385621113454,0.30070185726481696,0.0422522991671404,-0.02118162574167703,-0.9525463112014658,0.09122321009635925,-0.2187213897705078,0.23725645244121552,0.10379417985677719,-0.2985852911033047,0.15940677456431485,-0.7588844299316406,-0.018632689490914345,0.0817888006567955,1.2391341924667358,-0.6207696292421909,0.010527847486539788,-0.07891315966844559,0.09592428803443909,-0.05168608948588371,0.20148542523384094,0.14024358987808228,0.9135352969169617,0.29185229539871216,-0.33127689361572266,0.9136909246444702,-0.45446171112386274,-0.261231524907889,0.8252034744032499,-0.5022066778066757,-0.19128963877115104,1.3377091011396203,-0.4185479291751514,-0.2733104987661415,-0.0010753457645476736,-0.6536019216196111,-0.2721331764566024,0.08655623033201702,-0.30581485057296753,-0.1460657335263214,-0.0009246542354521652,-0.5185000271379412,-0.1696923826172617,0.07417229456710617,-0.3675809832071507,-0.29614949101539634,0.37693055900325195,-0.6992679004604924,-0.30982481399078293,0.4240191399811694,-0.38549807416658605,-0.4694610810102143,0.7232457029465743,-0.5865687792211219,-0.05474333694752144,0.6656284930044252,-0.3530497728696208,-0.3885387397984122,0.8855979331126863,-0.525300479393579,-0.05525096208273533,0.8394257943561221,-0.4269311997614453,-0.3163448778867905,1.0547048278777447,-0.5258940732802152,-0.14485207815662834,1.0235800113221651,-0.3909889373884663,-0.33801843775509194,0.6788106100934367,-0.4480850958367041,-0.22144806140822507,0.6649275476779899
6.833333333333319,0,0-ACCAD_Female1Walking_c3d_B21 - put down box to walk_poses,203,-0.4682991034351289,-0.27907851012423635,0.7453722033154061,0.3066753961320783,0.043331993912360894,-0.019455418041141714,-0.950628227236945,0.13715022802352905,-0.21953122317790985,0.23003697395324707,0.08713000267744064,-0.3284602486078001,0.15229704036610947,-0.8226849436759949,0.01504155620932579,0.06825831532478333,1.128348708152771,-0.4403116391611057,-0.019858226863871398,-0.09739772975444794,0.08791223168373108,-0.05312968045473099,0.19335895776748657,0.13963854312896729,0.9073002338409424,0.29993537068367004,-0.3251994848251343,0.9119845032691956,-0.47537297062366374,-0.27829760814958565,0.8200337770672697,-0.5204590755078149,-0.21414779096541342,1.333512636264727,-0.4188374621921815,-0.275108506534393,-0.0011409627072637325,-0.7132281038124054,-0.34253814678574546,0.07171975673120166,-0.308083932586046,-0.14613728417124905,-0.000859037292736297,-0.5806601392002818,-0.23671984432900733,0.06039625798862961,-0.3767332800530721,-0.30273784619633876,0.3740966791571868,-0.7208060729931091,-0.34083946777255114,0.43698259423875524,-0.4114776339706209,-0.4875914275021802,0.7161417423092161,-0.6034816441772656,-0.0699675213625904,0.6630013453360145,-0.37559964115794825,-0.4078380057246671,0.8783506371044154,-0.5429303730217604,-0.07257809682688796,0.8370309194358376,-0.447010159898623,-0.33640012191070495,1.048808836704611,-0.5451863606592166,-0.16404807520002265,1.0200270629779196,-0.4117048615403581,-0.3544470672849851,0.6732345420417755,-0.4683445842983281,-0.2372542632745855,0.658848404450796
6.866666666666652,0,0-ACCAD_Female1Walking_c3d_B21 - put down box to walk_poses,204,-0.49049041932448745,-0.2966918316669762,0.7390176176727403,0.3127218221710654,0.04364323348468028,-0.01892075094370217,-0.9486529055944206,0.18099133670330048,-0.21852852404117584,0.22294369339942932,0.08086657524108887,-0.36437708352214115,0.1430238210386574,-0.8710666298866272,0.04870157316327095,0.05187040939927101,1.0030159950256348,-0.2573991042430692,-0.049084909362050455,-0.11534836143255234,0.0796884074807167,-0.05554382875561714,0.18419113755226135,0.1431533843278885,0.9022068977355957,0.305364727973938,-0.31950947642326355,0.9104954600334167,-0.49758830111949803,-0.2960466765882755,0.8136782086759495,-0.5391754261121184,-0.23616832288186612,1.3279506285077738,-0.4200244196899733,-0.2786444256943559,-0.0011496230319799385,-0.7694511759712749,-0.4181156698528003,0.06194972813893225,-0.31113265709369237,-0.14809752036731116,-0.0008503769680200009,-0.6397945537246366,-0.3086278203801813,0.051871478020301946,-0.38837872403525675,-0.3120545405496793,0.37034638919530993,-0.7393675030847505,-0.37049842440982705,0.44506973042110076,-0.4383294386960435,-0.5078337816718516,0.7088208385637143,-0.6229154038417435,-0.08683036253811595,0.6588041629624641,-0.3991098968502603,-0.4282817465848454,0.8703537004064078,-0.562394414379895,-0.09080155863011237,0.8328185406452461,-0.4679726444225748,-0.3564237830844116,1.0418292953624888,-0.5654810107300721,-0.18337337886088972,1.0150363672261575,-0.4337744394728039,-0.37193325627089313,0.6665962642650207,-0.4903258009015678,-0.2543501838208362,0.6516739747148695
6.899999999999985,0,0-ACCAD_Female1Walking_c3d_B21 - put down box to walk_poses,205,-0.5142252272926271,-0.3155926731415093,0.7309781357216364,0.3184875117886666,0.04473483590591326,-0.01787285694816133,-0.94670220253026,0.22163373231887817,-0.21450823545455933,0.21563224494457245,0.08522975444793701,-0.4096485835317547,0.132210143605493,-0.8992820382118225,0.07841555029153824,0.03648204356431961,0.8797529935836792,-0.09914496158521513,-0.07405979055475886,-0.13238736987113953,0.07157601416110992,-0.05914834141731262,0.17599564790725708,0.15018174052238464,0.898607611656189,0.30899763107299805,-0.31511780619621277,0.909540593624115,-0.5214316547056169,-0.3151917551724517,0.8056300390377836,-0.5596250857625319,-0.2600013531072329,1.320682468177519,-0.4210428438236676,-0.28235857196585956,-0.0011024220185096995,-0.8169314309716292,-0.4879465978572329,0.05524769895329651,-0.31378763502873863,-0.15046362048826648,-0.0008975779814902468,-0.6902909049799293,-0.37488355155600817,0.046363739383788224,-0.4019803598501167,-0.3234389597076698,0.3649846131253572,-0.7559760498766507,-0.39725096707934393,0.44509409242471076,-0.46562212693254756,-0.5300145306165381,0.6998983539587414,-0.6447035320627063,-0.10494657022761021,0.6531168160267833,-0.42376470694880597,-0.4505218822587054,0.8607972024739832,-0.5839553484759982,-0.110440387909989,0.8270105777388025,-0.4905800607167712,-0.3779944483414317,1.0330941459125609,-0.5874559117298567,-0.20427660296726796,1.0084088347124043,-0.4572605143198386,-0.390581913926709,0.6582032114256917,-0.5140561247036275,-0.27280157182687514,0.6432126010586875
6.9333333333333185,0,0-ACCAD_Female1Walking_c3d_B21 - put down box to walk_poses,206,-0.5402226871810853,-0.33532413514330983,0.7215307095614872,0.32245440807351755,0.04496256245995225,-0.015342960936870835,-0.9453920436732488,0.2591146230697632,-0.20644697546958923,0.20782043039798737,0.10108870267868042,-0.46330534553458946,0.12261885552520058,-0.9090443253517151,0.10885495692491531,0.019388260319828987,0.7766006588935852,0.019339538144712343,-0.09925778899734672,-0.1461767554283142,0.0659380853176117,-0.06350510567426682,0.17001500725746155,0.16013529896736145,0.8965174555778503,0.31007471680641174,-0.3117951452732086,0.9094071388244629,-0.5473408853110545,-0.3353231246334176,0.7961921537904959,-0.5810905110947263,-0.2845496180757853,1.312015854172508,-0.4245558634387803,-0.28585473005443685,-0.0010037723887253887,-0.8541633206495441,-0.547789211464764,0.0494728789506695,-0.31815002600784614,-0.1532734428993562,-0.0009962276112746617,-0.7303172532102893,-0.4316033554977152,0.041535722467664994,-0.41937619004030824,-0.33673375011300494,0.3576663754628429,-0.773343809648792,-0.4218559418660979,0.43880370213422254,-0.4940019544696932,-0.5534901920098043,0.6896307382097933,-0.6696206426729161,-0.12403921346001659,0.6462498279888597,-0.4499195114938956,-0.47390416502144933,0.8498879275451316,-0.6079532799843512,-0.13101478017154028,0.8197665189792605,-0.5148804767927031,-0.4004028228744876,1.022894953154811,-0.6110336513807786,-0.22597981877372264,1.0004590988786837,-0.4834019539879397,-0.41004749613988933,0.6480583030508206,-0.5403909465274289,-0.2920439628438389,0.6337805455020463
6.966666666666652,0,0-ACCAD_Female1Walking_c3d_B21 - put down box to walk_poses,207,-0.5669460124336183,-0.3574261930771172,0.7103746024518447,0.3246300682247382,0.04447187362289022,-0.011673905891901447,-0.9447228647503448,0.2923603653907776,-0.19648191332817078,0.20016029477119446,0.12915024161338806,-0.5254764628707753,0.11612906003066059,-0.9020082950592041,0.1394111067056656,0.001700322492979467,0.6993750333786011,0.09338212325936057,-0.12482338361328593,-0.15410590171813965,0.06379836797714233,-0.06812828034162521,0.1674465835094452,0.17121806740760803,0.8957092761993408,0.30859118700027466,-0.3101670742034912,0.91041499376297,-0.5738165069410137,-0.35793743830980584,0.7850574983084991,-0.6029429278845264,-0.31059006808587236,1.30150825098611,-0.42969972608315965,-0.290785290947965,-0.0008571680557978439,-0.8799587090166904,-0.5972773639623318,0.040445848907493726,-0.32343032089358004,-0.1580949298933813,-0.0011428319442022584,-0.7584672842337522,-0.47858955474150405,0.03316315390000428,-0.43930517021187465,-0.35354151966014824,0.3479555978048102,-0.7906194632410025,-0.4463966703982384,0.4267490132236454,-0.521220519295337,-0.5791094296048465,0.6778722659290445,-0.6965739904215382,-0.14588849540781307,0.6374433118406635,-0.4757766812911739,-0.4991839465317652,0.8375793069358646,-0.6335237550472166,-0.15399906660487292,0.8104128197264993,-0.5395523378086402,-0.4246926207935178,1.0110622669114115,-0.6353002878955695,-0.24980247358524424,0.9906184080873222,-0.5106147935152567,-0.43189021126722843,0.6359518145813597,-0.5677130879816702,-0.3136545843760293,0.6230343165089183
6.999999999999985,0,0-ACCAD_Female1Walking_c3d_B21 - put down box to walk_poses,208,-0.5958932465873659,-0.38206326635554433,0.6967999444656758,0.32467786919899894,0.044963656091746546,-0.008083857151649769,-0.9447207005971726,0.3198527693748474,-0.18624499440193176,0.19325199723243713,0.16968677937984467,-0.5970815340623865,0.11064339620046826,-0.8798357844352722,0.1658717840909958,-0.013463461771607399,0.6477864384651184,0.12278553594868313,-0.1492351452756373,-0.15240976214408875,0.06622444093227386,-0.07266785204410553,0.17099952697753906,0.18141689896583557,0.8962628245353699,0.30495685338974,-0.31001538038253784,0.9126448035240173,-0.6026586585172626,-0.38310752388445896,0.7714868825983381,-0.6296683975848247,-0.33704433275039314,1.2882012973727275,-0.4363528191427743,-0.2985450534487882,-0.0006517744160361924,-0.8975020844320538,-0.6348705892178919,0.024208803637125825,-0.32953676769664575,-0.1662958715638755,-0.0013482255839637088,-0.7773598997917925,-0.5147930839680429,0.017335070820244387,-0.46230183837236827,-0.37452227483822653,0.33537245556748807,-0.8093638197282654,-0.4704927710990616,0.4082210813076178,-0.5473039011219,-0.6060316700919189,0.6642901237117363,-0.7271187301672599,-0.17119466814023312,0.6248659011708245,-0.5026876417676608,-0.5254175896964919,0.8238843706237194,-0.6631339527653566,-0.17952807028394507,0.7974812738167977,-0.5673233405152858,-0.4502815630440429,0.9971908978264075,-0.663408757450176,-0.27547755209313507,0.9776119471925455,-0.5401313337229241,-0.45637269585139795,0.6215131167655223,-0.5971137204638376,-0.33789320141071166,0.6101752072034231
7.033333333333318,0,0-ACCAD_Female1Walking_c3d_B21 - put down box to walk_poses,209,-0.6266828603111207,-0.40974142821505666,0.681544985710146,0.32299234585834397,0.045492736513840865,-0.004898727007527637,-0.9452948523688849,0.34009498357772827,-0.17631307244300842,0.18746770918369293,0.22285842895507812,-0.674894320157478,0.10752404874275157,-0.8486623167991638,0.18441815674304962,-0.023944495245814323,0.618905246257782,0.11895608700881066,-0.1672228210409079,-0.13977950811386108,0.07368150353431702,-0.07613199949264526,0.18048901855945587,0.18721319735050201,0.897286593914032,0.2998759150505066,-0.31135907769203186,0.9167662858963013,-0.6333708054573091,-0.41125088785446834,0.7562309477198742,-0.6607368988115995,-0.3636986511174891,1.272834140184144,-0.4460680970628054,-0.3111003539605274,-0.00039122758171474675,-0.9130521766783954,-0.6627176776522549,0.002618507618073477,-0.33817285534359837,-0.17973394121006503,-0.0016087724182852516,-0.7930837828727336,-0.5424529012944879,-0.0040123336035155915,-0.48889463907729225,-0.4006707762154131,0.32010466016783545,-0.8311052831938781,-0.49497956168338964,0.38607153294293467,-0.5720831632795509,-0.6337303407312639,0.6496674913971531,-0.7609536267287258,-0.20063618900232583,0.6089951557910928,-0.5301956423440832,-0.5521883573153634,0.8095296343036271,-0.6966143651310878,-0.20805459942142715,0.7815204896064274,-0.5975144929353414,-0.4772121666056842,0.9821208135091892,-0.6950566165860832,-0.30326882570201574,0.9620850163208172,-0.5716077184315629,-0.4840286728313858,0.6055107709918502,-0.6283039562622859,-0.36532449857378874,0.5957598602792833
7.066666666666651,0,0-ACCAD_Female1Walking_c3d_B21 - put down box to walk_poses,210,-0.6584000415168703,-0.44016143353655934,0.6884077006817182,0.31917750627669694,0.042455718022110255,-0.001702340473275792,-0.9467419572043531,0.3492940366268158,-0.16622866690158844,0.1830248087644577,0.2877349257469177,-0.7480411272329826,0.11254962992674633,-0.8118322491645813,0.19579580426216125,-0.030545674264431,0.6095510125160217,0.09505043471171915,-0.17516787639160913,-0.11920927464962006,0.08522892743349075,-0.07788792252540588,0.19136817753314972,0.18880502879619598,0.8968228697776794,0.294617623090744,-0.3133125603199005,0.9234233498573303,-0.6645107352711497,-0.4419523184946573,0.7631368927883392,-0.6909982955366619,-0.3900924659634665,1.279421069383762,-0.4638960569269287,-0.33115639680316733,0.019961405529706457,-0.932133025465236,-0.6836589145506573,0.0022515526640024854,-0.3542193994471895,-0.2012801653864692,0.018173860546157043,-0.8112793280593881,-0.5642767825357339,-0.004251552664002688,-0.5213934936358611,-0.4329691446732108,0.3243574672175481,-0.857289598950015,-0.5203097383658665,0.3865183617388003,-0.5974868789696174,-0.6628454883925537,0.6578321154839972,-0.7961949701825275,-0.2333702734732855,0.6144630339452387,-0.5578115607714572,-0.57993920718173,0.8175568219818796,-0.7312800361906795,-0.2390513983962491,0.7868386133311013,-0.6273938360953533,-0.5052400329536033,0.9894346220019562,-0.726984800735725,-0.3325919563069732,0.9683048730157631,-0.6046800844795875,-0.5146678312642446,0.6115182183525162,-0.6608940036919028,-0.39574154284188046,0.6034627197744566
7.0999999999999845,0,0-ACCAD_Female1Walking_c3d_B21 - put down box to walk_poses,211,-0.690726978238672,-0.4717932012863457,0.6989147602032288,0.3138771194415271,0.042097754908036494,0.0016298991473431268,-0.9485284794625629,0.3409968912601471,-0.15365062654018402,0.17969457805156708,0.3620651662349701,-0.8184883647646433,0.11672125800015731,-0.7671034932136536,0.20278966426849365,-0.03507521003484726,0.6154985427856445,0.042174128324672155,-0.18172619268210077,-0.09174147248268127,0.09751233458518982,-0.07782994210720062,0.20118719339370728,0.19036589562892914,0.8951164484024048,0.28645843267440796,-0.31311964988708496,0.9300762414932251,-0.6966398779490259,-0.4740071304571552,0.7736485285722997,-0.7263426818704847,-0.41899460191110555,1.2894792922504263,-0.4842887977706608,-0.35785369720529914,0.04271489801456632,-0.944716312651927,-0.6955573932710846,0.00221509053593192,-0.3723258582285591,-0.22995443574131624,0.04024931774626676,-0.8220060273334338,-0.578080422555812,-0.004215090535931883,-0.5562214829841619,-0.4695006612387315,0.330537086962476,-0.8827122080000023,-0.5441998845210584,0.3880322975125214,-0.6228593334890862,-0.6929277480277085,0.6698030241954224,-0.8327443174848065,-0.26892444235618335,0.6228705428036578,-0.5865529293313071,-0.6087382908652454,0.8296577849127369,-0.7682548816876452,-0.2723953458006411,0.7954643714998518,-0.6597530863287907,-0.5349113976651666,1.0004710720604206,-0.7619109315006062,-0.3639577713279769,0.9778698063433005,-0.6378955747923831,-0.5462603408150425,0.6214673420753679,-0.6936750590824852,-0.42728528355322326,0.6149963798457071
7.133333333333318,0,0-ACCAD_Female1Walking_c3d_B21 - put down box to walk_poses,212,-0.7224597162567079,-0.501970496494323,0.7086226750590154,0.307126230781249,0.0400381886647122,0.0032938745602970024,-0.9508204731730027,0.31124094128608704,-0.1365772932767868,0.1772335320711136,0.4447820782661438,-0.8715289914831432,0.11758616009369272,-0.7182278633117676,0.20437835156917572,-0.03704293072223663,0.6247642636299133,-0.013974343955565516,-0.18505415867139918,-0.05718938633799553,0.10427866876125336,-0.07388786226511002,0.20933088660240173,0.19358381628990173,0.8946051001548767,0.27069517970085144,-0.3094094395637512,0.9338061809539795,-0.7280183403886281,-0.5042847956953074,0.7833805891348399,-0.7604993732795734,-0.44770699451405593,1.2988811265606366,-0.511870756630959,-0.39418110918053245,0.05812089140253392,-0.9583691110603334,-0.7032421840038334,0.0021819966935534042,-0.39695840608264976,-0.26894339552613383,0.054854889246794415,-0.8331186353102188,-0.5884736433991068,-0.004181996693553493,-0.5956326103828351,-0.5108740854942024,0.33302874475432565,-0.9085419572597834,-0.5656757854616573,0.3888322531091062,-0.6466706979610142,-0.7213297570986434,0.6806044018595835,-0.8717463250214117,-0.3061687298967423,0.6311551069396026,-0.6139849574060458,-0.6359129242422099,0.8405893112520556,-0.8062487048660473,-0.3059920635270918,0.8034037491610887,-0.6907605378609051,-0.5633686650703742,1.0105141695280049,-0.7962925254106775,-0.3946071343171938,0.98696145754747,-0.6705316076746667,-0.5765799082876036,0.6310174413226572,-0.7260004202349075,-0.45776998261513907,0.6255804473127253
7.166666666666651,0,0-ACCAD_Female1Walking_c3d_B21 - put down box to walk_poses,213,-0.7524301833473146,-0.5290826824493706,0.7186711708243502,0.2983070818266696,0.03924662308708791,0.0014443033493373996,-0.9536616284071368,0.2563360929489136,-0.11406414955854416,0.1751696765422821,0.533768892288208,-0.9052464942907585,0.10248362412970047,-0.6620737910270691,0.20090189576148987,-0.03654740750789642,0.6296365261077881,-0.07234022719235877,-0.19144999114018613,-0.016442378982901573,0.10364510864019394,-0.0652737244963646,0.21526861190795898,0.1992010772228241,0.8962616324424744,0.2463712990283966,-0.30290913581848145,0.9339186549186707,-0.7579797562321096,-0.5310454207926761,0.7934398133089644,-0.7956854178893142,-0.47478412432011285,1.3085676208136645,-0.5433145938685633,-0.4410987963627597,0.06749547476880119,-0.9672973451926427,-0.7068842677121144,0.0021137104443106347,-0.4247107747173274,-0.31938263740183614,0.06321637082754175,-0.8386671567884042,-0.595909072915412,-0.0041137104443106885,-0.6372455351071632,-0.5571025695789803,0.33451157375337986,-0.9303640965843049,-0.5829477467277712,0.38834480101513247,-0.6679180306560536,-0.7466294436453685,0.6917804177491833,-0.9114668526324726,-0.3433704794512459,0.6398710048396293,-0.6400221754876252,-0.6601840858421129,0.8521193886291828,-0.8443928012385588,-0.33816199777088346,0.8114329690168911,-0.7211762299735415,-0.5891265336171704,1.0208684316212613,-0.8303911452313683,-0.422867832337092,0.9963259901394659,-0.7009057573472129,-0.6041650421466672,0.6417646878881025,-0.7561551439946678,-0.48573802035125835,0.6362937292537172
7.199999999999984,0,0-ACCAD_Female1Walking_c3d_B21 - put down box to walk_poses,214,-0.779813630040735,-0.553357866127044,0.7282297221880325,0.28815403406225526,0.03663059668671165,-0.0009265983998856044,-0.9568827480184964,0.17784929275512695,-0.08736353367567062,0.17235592007637024,0.6229220032691956,-0.9117140451060206,0.08307578770659974,-0.5985941886901855,0.19304855167865753,-0.034370847046375275,0.6251741051673889,-0.12488256962469468,-0.1935163763780039,0.028752567246556282,0.09851332008838654,-0.05418167635798454,0.2191443294286728,0.20799025893211365,0.8992090821266174,0.2151070386171341,-0.2947714924812317,0.9299313426017761,-0.7851113584036381,-0.5548081573543727,0.8030283233082997,-0.8260306722470337,-0.5007781065649006,1.3180668544780771,-0.5841083924917833,-0.4955721849490999,0.06888554006084227,-0.975539454304581,-0.7062549852289919,0.0020106024088685365,-0.46144538506732824,-0.3779896404021076,0.06358159554354052,-0.8431365100936121,-0.5997974563416,-0.004010602408868576,-0.683729275489924,-0.6061913006971735,0.3352281605735448,-0.9490022154696562,-0.5954680033443653,0.3871731554477518,-0.6861007035974505,-0.7694163703858687,0.7019186211339169,-0.9511964434300202,-0.38045072280115433,0.649787514003114,-0.6627155238430584,-0.6820995776171862,0.8625065262594704,-0.8807454703485913,-0.36906938877732,0.819689514673753,-0.7476792723930439,-0.6126632369406202,1.0304222736992654,-0.8609874021652337,-0.44917858466870314,1.0058007160909637,-0.7286507499576356,-0.6288840055306376,0.6520844044447953,-0.7840617686053525,-0.5111016078766557,0.646480459171163
7.233333333333317,0,0-ACCAD_Female1Walking_c3d_B21 - put down box to walk_poses,215,-0.8048763698898256,-0.5759331253357232,0.7375746145906386,0.277389415783008,0.03492311884809435,-0.002703501049659274,-0.9601188358029218,0.07807911187410355,-0.05891062319278717,0.16796530783176422,0.6981086730957031,-0.8843506407601871,0.06163073912982675,-0.531316876411438,0.18161705136299133,-0.03133811429142952,0.6087067127227783,-0.1712529664330864,-0.19152068596728933,0.07614254206418991,0.09191380441188812,-0.04385783523321152,0.22140052914619446,0.216402068734169,0.9021929502487183,0.17793357372283936,-0.28619691729545593,0.9205883741378784,-0.8100184099079916,-0.5769968685238536,0.812390574618438,-0.8537775129926032,-0.5266862765687691,1.3274913149980012,-0.6345146945738945,-0.5558415574363134,0.06400142842391054,-0.981458250688937,-0.7023932988729945,0.0018712456054873865,-0.5078388162739363,-0.44263788113384744,0.05782489796250107,-0.8451410638368647,-0.6009800435094618,-0.003871245605487468,-0.733698548611014,-0.6562370790723316,0.33849771889160973,-0.9632110380417754,-0.6040229727468391,0.3856022783158661,-0.7024118073559145,-0.7902188228483568,0.7113063162395697,-0.9905879809528593,-0.41837578494565797,0.6609330226044517,-0.6832869714019494,-0.7025036385668814,0.8722406236459425,-0.9155954234832587,-0.3997076783255244,0.828226723393083,-0.7717105000664681,-0.6351934906935621,1.0395888680095329,-0.8892214914149656,-0.47464443183985366,1.0153535319590097,-0.753559109535745,-0.6515539914082618,0.6620589332344087,-0.8096331733220233,-0.5346526711054214,0.6564885168012484
7.266666666666651,0,0-ACCAD_Female1Walking_c3d_B21 - put down box to walk_poses,216,-0.8279372877441347,-0.5969561603851616,0.7461924785854678,0.27392843958085544,0.034972959307120084,-0.001990208600845546,-0.9611119295773127,-0.03574785962700844,-0.02662871591746807,0.15930406749248505,0.7509710192680359,-0.8238539108739746,0.038498205857151024,-0.46405914425849915,0.16875970363616943,-0.028632743284106255,0.580382227897644,-0.2104188624230081,-0.18430500919866777,0.12207655608654022,0.08448000252246857,-0.03539018705487251,0.2225407510995865,0.2222055196762085,0.9049100279808044,0.13836894929409027,-0.27920714020729065,0.9068869352340698,-0.8330610032150094,-0.5981062516264473,0.8210084182635219,-0.8799257997834705,-0.5548377023905036,1.3364046563927823,-0.6922928642823755,-0.6174530283502099,0.05500864975961157,-0.9839184469902261,-0.6977415783920775,0.0017090427884020251,-0.5634128400028032,-0.506802147202574,0.04820263455623624,-0.8453154881145877,-0.5994569705452714,-0.0037090427884021032,-0.7831847392252295,-0.703933754516939,0.3455198717719393,-0.9730102355422473,-0.6109387807300604,0.384017905504152,-0.7148270793440876,-0.8071399153927369,0.7186527184401228,-1.030722458253008,-0.4584870848162135,0.6731816153102016,-0.7006932359492872,-0.719966569090561,0.8803951258957445,-0.9510058220234527,-0.4314619644404052,0.8371159466172405,-0.7929127607953983,-0.6572215503321515,1.0477129387484898,-0.9167183189364112,-0.5012929391234393,1.024677381887094,-0.7747821408911194,-0.6713207287840066,0.6707824506246163,-0.8337336100149267,-0.5562997074023257,0.6658789204967
7.299999999999984,0,0-ACCAD_Female1Walking_c3d_B21 - put down box to walk_poses,217,-0.851051730569452,-0.6182335284538567,0.7535011182744703,0.2744160411984947,0.037390202071389295,-0.00020194314428149452,-0.9608838474763602,-0.15790221095085144,0.005500498227775097,0.14803938567638397,0.7806057929992676,-0.735653287022143,0.01634245332664408,-0.3985001742839813,0.1565210074186325,-0.026676876470446587,0.543668270111084,-0.24419454306002453,-0.1761814900261871,0.16468220949172974,0.07659901678562164,-0.02878311462700367,0.22439134120941162,0.22413864731788635,0.9079774022102356,0.09915269911289215,-0.2771877646446228,0.8902876377105713,-0.8564491892188234,-0.6197434925528458,0.8282914080756744,-0.9072419158224082,-0.5851605057694185,1.3439118979116655,-0.7561183376485113,-0.6827419024240113,0.04502537093332597,-0.9845968193495458,-0.6944835811540931,0.0015240205899806902,-0.6262703525407965,-0.5732515338337464,0.037858785314316634,-0.8446214774498367,-0.59814344963921,-0.0035240205899806573,-0.8318262338771862,-0.7509330140618684,0.3566264379918475,-0.9805457726281173,-0.6179948674491894,0.3822644813431143,-0.7270375744256464,-0.8220695702000161,0.7239950576619665,-1.0712665096952938,-0.4999524193385536,0.6849450377776416,-0.7184024095058887,-0.7365717630687084,0.8870138391158665,-0.987343920083418,-0.4644339771486389,0.8451168312414299,-0.8145172775940454,-0.6800507022688203,1.0544388919449361,-0.945110331548279,-0.5295720541568042,1.032671585697109,-0.7949370648976791,-0.6905695033257317,0.6778606251743731,-0.8579112036846361,-0.5780035133179876,0.6739360393452448
7.333333333333317,0,0-ACCAD_Female1Walking_c3d_B21 - put down box to walk_poses,218,-0.8725868887268007,-0.6380848553963006,0.7590230663103411,0.278047821372045,0.04014222383243661,0.00016094124040862752,-0.95972807867331,-0.28381580114364624,0.03302222490310669,0.13653111457824707,0.7882517576217651,-0.6205667950335139,-0.0018288986713956845,-0.33671218156814575,0.14573197066783905,-0.025071464478969574,0.5031901597976685,-0.26961835218746133,-0.1709565173064851,0.2036454975605011,0.0691976398229599,-0.023225588724017143,0.2277752161026001,0.2222435176372528,0.9119929075241089,0.06087188422679901,-0.2819048762321472,0.871856153011322,-0.8783590192254678,-0.6397822430526617,0.8337813527048967,-0.9331355917344031,-0.6122265284526625,1.349367855638906,-0.824452051103616,-0.7517847785373315,0.036249935700397,-0.9840443615759202,-0.6947259268637788,0.0013231295590150315,-0.6947694416724545,-0.6421055086889722,0.028978169982528924,-0.8435487053481375,-0.5991258073171337,-0.0033231295590149985,-0.8775414850880163,-0.7962326442024762,0.37182685552031247,-0.9860332885837306,-0.6257686019785623,0.38054857648645596,-0.7377462726807329,-0.8334591936527226,0.7280088720547784,-1.1102588519731873,-0.5406311370753337,0.6951866675919323,-0.7348454500982391,-0.749969832398391,0.8922668276912002,-1.0225076298835252,-0.4959652879649257,0.8509565271578481,-0.8345853080332655,-0.7001951166026871,1.0596334976642146,-0.9720849557255795,-0.5559219875519632,1.0383897687447738,-0.8128927153853593,-0.7081884562992249,0.6830857743955654,-0.8805990773197172,-0.5985346376911698,0.6799428150450169
7.36666666666665,0,0-ACCAD_Female1Walking_c3d_B21 - put down box to walk_poses,219,-0.8945974535308778,-0.6598268416710198,0.7630350302959678,0.2834846503820597,0.04275790170352137,0.00014890360213005264,-0.9580230647888341,-0.4074830114841461,0.05349038913846016,0.12628604471683502,0.77588951587677,-0.48699910393233603,-0.011161507691464623,-0.27846410870552063,0.1341351717710495,-0.022615661844611168,0.4635257422924042,-0.2916609724457675,-0.16412907461353154,0.24010683596134186,0.0637824758887291,-0.017618754878640175,0.23482634127140045,0.21632863581180573,0.9178763031959534,0.024942751973867416,-0.2921614944934845,0.8531481027603149,-0.9007355801531314,-0.6616664209561344,0.8377607912464121,-0.9597886565685514,-0.6401266015433248,1.3531202142917307,-0.8976072676163533,-0.8244445358497275,0.031782420196103986,-0.9857142687871566,-0.6978497390084485,0.0011381365077552802,-0.7688421877353643,-0.7136825250346779,0.024617843205848276,-0.8452787324323978,-0.6021440776406484,-0.0031381365077552924,-0.9213961529603968,-0.8408262947033653,0.3901723613420987,-0.9928935322709914,-0.6360504849811172,0.37895280162223477,-0.7488448104700854,-0.8440755783700407,0.730654976532255,-1.1486942832371645,-0.5832152786963046,0.7040166214764804,-0.7521467448602295,-0.7635616752916734,0.8963841919546982,-1.0579422679186592,-0.5293424030479391,0.8550839878703301,-0.8553414684505161,-0.7214608089636149,1.0635133070756924,-0.9995751867198465,-0.5839260465299564,1.0422293098824837,-0.8312032115791044,-0.7275641429999536,0.6865351873054313,-0.9038468299720339,-0.6210538594177455,0.6842780511112416
7.3999999999999835,0,0-ACCAD_Female1Walking_c3d_B21 - put down box to walk_poses,220,-0.9161546058021486,-0.6823338535614312,0.7655380785163781,0.28969531697064016,0.044973585683635985,0.0001553354428649381,-0.9560617008263314,-0.5228719115257263,0.06555894762277603,0.11858879774808884,0.7456973195075989,-0.3432050443138337,-0.011537170496396909,-0.22200094163417816,0.12037460505962372,-0.01874469965696335,0.428318589925766,-0.3156825197659101,-0.15374721768044908,0.2743247151374817,0.06104959920048714,-0.011546148918569088,0.24462561309337616,0.20743800699710846,0.9250786900520325,-0.007667109835892916,-0.306436151266098,0.8360179662704468,-0.9225974842327384,-0.6843104256755759,0.8402346813856266,-0.9863260719968379,-0.6680224616565837,1.3551951839582788,-0.9723283286075288,-0.8963027562823128,0.032970110319446994,-0.9883449587444494,-0.7000656851431365,0.000988972773828596,-0.8447954665566897,-0.7841067376558851,0.026083710570670902,-0.8483587413311648,-0.6036912337385213,-0.002988972773828723,-0.9616109646234829,-0.8819991389011016,0.409706922773541,-1.00060135572998,-0.6467440982563742,0.37714478394784434,-0.7601096124770478,-0.8535251333814274,0.7320629151922061,-1.1848729314323523,-0.6258520344425412,0.7110508259544741,-0.7697220491687011,-0.7768586540956137,0.8993632924151371,-1.0921913854792122,-0.5632412609937026,0.8575075987307524,-0.8760134176513521,-0.7430045048981022,1.0660491298744117,-1.0265190291609054,-0.6124488615795369,1.0442438598276778,-0.8493028391807456,-0.7477205905090221,0.688204639837341,-0.9267230423272712,-0.6443907730817883,0.6869989163190581
7.433333333333317,0,0-ACCAD_Female1Walking_c3d_B21 - put down box to walk_poses,221,-0.938642246183008,-0.7057495382614434,0.7659349972840924,0.29436128016108565,0.04673230812866126,7.789559181152769e-05,-0.9545509530932184,-0.6239052414894104,0.06943825632333755,0.11405811458826065,0.7001705765724182,-0.19755773269636667,-0.005402985429446838,-0.1644487977027893,0.1065630167722702,-0.014433391392230988,0.40010035037994385,-0.3470536568759608,-0.1427476347414114,0.3063952326774597,0.05966503918170929,-0.0060357325710356236,0.2556121051311493,0.19665154814720154,0.9328435063362122,-0.038033053278923035,-0.3249916434288025,0.8210329413414001,-0.9453300621557582,-0.7078241188649994,0.8406074100804791,-1.0132086698089562,-0.6958587676696778,1.3551284091189115,-1.0476846662826813,-0.96430155568727,0.03892071319480326,-0.990760809691309,-0.7009700313705336,0.0008717175035761887,-0.9209220417544735,-0.8512107297883921,0.032462995313825446,-0.851112826509264,-0.6040967766118825,-0.0028717175035761593,-0.9995630715290018,-0.9189375160522747,0.42744524444815124,-1.0095708763847524,-0.6577530632812137,0.3743284280748044,-0.7742307042210472,-0.8635285697743524,0.7315262509608953,-1.2206760509247043,-0.6673830403123867,0.7161896742123198,-0.7893484644522275,-0.7911767393337646,0.9003345154554309,-1.1263102385694896,-0.5970167682183696,0.8579755882316585,-0.8978545066287724,-0.7652629588771612,1.0665576129708525,-1.0536134640011419,-0.641146808124248,1.0440517643853726,-0.8690136848512509,-0.7692126851634277,0.6876364632008437,-0.9504889676158083,-0.6686759264677015,0.6875243448512258
7.46666666666665,0,0-ACCAD_Female1Walking_c3d_B21 - put down box to walk_poses,222,-0.9629372782073915,-0.7307549980469048,0.7636503520051341,0.29658511956195016,0.047318249927897814,-0.00043017352484250133,-0.9538333528604058,-0.705386221408844,0.06519545614719391,0.11353181302547455,0.6424263715744019,-0.056804781182713926,0.006283249455937057,-0.10431909561157227,0.09505156427621841,-0.010686912573873997,0.3804034888744354,-0.38732401188545085,-0.13425549295614392,0.3365035057067871,0.059413984417915344,-0.0030198004096746445,0.2674080431461334,0.18386782705783844,0.9405112862586975,-0.06605035811662674,-0.345992773771286,0.8082532286643982,-0.9697264744143682,-0.7327985342904272,0.838314471731309,-1.0400434689222617,-0.722785088362316,1.3525361147251271,-1.123352308253992,-1.0260016186724654,0.04741403383563154,-0.9926148458403692,-0.7026139806750734,0.000781706740986321,-0.9965103736524652,-0.9129693766700299,0.041511839799100905,-0.8529556229058783,-0.6057501404988205,-0.002781706740986375,-1.0367580087779755,-0.9520469457150135,0.4406939810889389,-1.0203038197215517,-0.6705276278926516,0.3699483930837226,-0.7926267025345741,-0.8756476686917105,0.7283864238220491,-1.2570925687637677,-0.7081432632583773,0.7193726783049951,-0.8117650619457886,-0.8074013096797706,0.8984914557430029,-1.1607713861313975,-0.6308020051376311,0.8561210741740867,-0.921193735393721,-0.7883867540485311,1.0644948131569683,-1.0811051301878034,-0.6698120641609977,1.0412445737369875,-0.8914724250176146,-0.793019396554691,0.6844021348296692,-0.9760775195749242,-0.6946498304066732,0.6852576441031589
7.499999999999983,0,0-ACCAD_Female1Walking_c3d_B21 - put down box to walk_poses,223,-0.9881028360687196,-0.758392718154937,0.7584778246435122,0.29615263281416593,0.04591976793521764,0.0005915533625838411,-0.9540359757653969,-0.7655447721481323,0.05096035823225975,0.11892089247703552,0.5793191194534302,0.06974892214315753,0.03022959854677887,-0.04355284571647644,0.08637157827615738,-0.007730205077677965,0.36922332644462585,-0.43445465569777797,-0.12431633893384642,0.36522263288497925,0.06135457754135132,-0.00299289682880044,0.2814805209636688,0.1710525006055832,0.948529839515686,-0.09141913056373596,-0.3677574396133423,0.7971537113189697,-0.9946479241472022,-0.7605172616591951,0.8331614783901214,-1.0648341573674183,-0.7511191479114638,1.3474175772495163,-1.1995233951016264,-1.0758051373088624,0.055385058102566595,-0.9955646698910048,-0.7050634003802173,0.0007385326478544681,-1.0715830688149814,-0.9639872209888848,0.050091052102829166,-0.855487230656186,-0.6088021878678819,-0.0027385326478545843,-1.0742155717861903,-0.981103035480921,0.44724337537811165,-1.0331669187003638,-0.6854753319170551,0.36413380871571743,-0.8133145388741984,-0.8909450218916422,0.7218727043172493,-1.29322348320855,-0.7490847056651808,0.7210542439770548,-0.8351770226920613,-0.8269325818432522,0.8932903332955229,-1.1943964098573259,-0.6657752520758415,0.8524022881941106,-0.9444679514709444,-0.8141355640484521,1.0594287981538235,-1.1076112789360943,-0.700077958030191,1.0360343092091593,-0.9159495269868615,-0.8199669383437419,0.6780160004579431,-1.0027228026456567,-0.7230444135029801,0.6801491987583071
7.533333333333316,0,0-ACCAD_Female1Walking_c3d_B21 - put down box to walk_poses,224,-1.015470129903406,-0.7862887647934258,0.7505119802142154,0.29585938078647633,0.045623955600068294,0.0017114890323244307,-0.9541397970325617,-0.802618682384491,0.028455421328544617,0.12935712933540344,0.5259632468223572,0.16009706776942512,0.0596616147095228,0.014059045352041721,0.07920311391353607,-0.005034331232309341,0.365574449300766,-0.4883763235109302,-0.11679813434711384,0.3917052149772644,0.06255349516868591,-0.0046716900542378426,0.29908689856529236,0.15737095475196838,0.9583872556686401,-0.1130431741476059,-0.3886028230190277,0.7874929904937744,-1.0219239206510178,-0.7885584560510445,0.8251993090363197,-1.0921566611780247,-0.7796916218181984,1.3394688488574245,-1.2664793051259091,-1.1104406207753559,0.05872941009862449,-0.9988684962247931,-0.7080419677318054,0.0007224847759402901,-1.1371141853271998,-1.0002521278875276,0.05391673780824872,-0.8584882321052224,-0.6122217525864294,-0.0027224847759402884,-1.1103340470687761,-1.0056228592765073,0.44605168216390734,-1.0482221491320625,-0.7014046999159581,0.3564485965337057,-0.8364649610508121,-0.9052547845050041,0.7126544882381788,-1.3299786994561686,-0.7890311208779266,0.7194495424065486,-0.8612197889686318,-0.8464181586134146,0.8855273147686096,-1.2293297830629804,-0.7004847485701937,0.845896763744882,-0.9703265639419686,-0.8402878539468983,1.0515762418510135,-1.1363414879625202,-0.7304939379704157,1.0279854403173745,-0.9428534769038269,-0.847349918912309,0.669244661986201,-1.0313523289365563,-0.7515905827642015,0.6721662739049296
7.5666666666666496,0,0-ACCAD_Female1Walking_c3d_B21 - put down box to walk_poses,225,-1.044033748563379,-0.8157944944687188,0.7402975023608646,0.29676589980960305,0.044577732996081566,0.0018811729260199892,-0.9539073789522488,-0.8189460635185242,0.0033486117608845234,0.14146944880485535,0.49222519993782043,0.21085151374100675,0.08846820404165512,0.06906961649656296,0.07287988811731339,-0.0023825771640986204,0.3705073595046997,-0.5465516182737451,-0.1121805119831536,0.41488760709762573,0.062093839049339294,-0.008103728294372559,0.31735458970069885,0.14327852427959442,0.9689685702323914,-0.1299724280834198,-0.4042019844055176,0.7789148092269897,-1.0503284626332547,-0.8180480368356092,0.8149988953972674,-1.1188840969834815,-0.8082817494332123,1.3294919164634622,-1.3211170538438541,-1.136658269290918,0.05596426911654112,-1.0036996420721487,-0.7145101142501205,0.0007376398488248975,-1.190534850353458,-1.0279041379834943,0.051400602261871514,-0.8633559204073756,-0.6186374788409287,-0.0027376398488248195,-1.1447346011805994,-1.030277454293234,0.4390980881045723,-1.0658465130442982,-0.720770804144431,0.3470456619131847,-0.8617505367919946,-0.9209645187851482,0.7010103605427003,-1.3654288473463778,-0.8300859259028631,0.7156276342492635,-0.8885554883786336,-0.8671995185180249,0.8752239751682005,-1.2636701566252422,-0.7363759183885492,0.8373780657004729,-0.9966205571555786,-0.8673060238454835,1.0414565176518826,-1.1653697740594942,-0.761747594016931,1.0179340903441878,-0.971215180287123,-0.8765813305399721,0.6586322950151668,-1.0612653538920762,-0.7819319575884506,0.6617965829057821
7.599999999999983,0,0-ACCAD_Female1Walking_c3d_B21 - put down box to walk_poses,226,-1.074616891797632,-0.8472084668464959,0.7278452682483723,0.2933006517766273,0.0435513523787116,0.0006479608241127362,-0.9550275323361948,-0.8191418051719666,-0.018833940848708153,0.15208366513252258,0.48053935170173645,0.2234446013693947,0.10994678388274681,0.12049689143896103,0.06604491919279099,0.0007431458798237145,0.3849216401576996,-0.6102815562716959,-0.1103261249182419,0.43190115690231323,0.05832648277282715,-0.012182646431028843,0.3350975811481476,0.13040195405483246,0.9805217981338501,-0.14062857627868652,-0.41382700204849243,0.7718494534492493,-1.080827295786648,-0.8492173359162958,0.8025606972262856,-1.1461238080048903,-0.8372156394514296,1.3174382611798277,-1.3664386319572865,-1.1562457556198205,0.04583345571546021,-1.0094801262548447,-0.7248487253990817,0.0007886894698606976,-1.2339307543894764,-1.0498446030079163,0.041310502550483394,-0.8684236899162427,-0.6300316165664689,-0.002788689469860727,-1.1803679273255936,-1.0561133434181764,0.4272352605757383,-1.085574615876161,-0.7435074410601321,0.3355407638997866,-0.8910582251321548,-0.9414981340214753,0.6868987408809482,-1.4004278075441041,-0.8671937524523543,0.7088781430895341,-0.9185781313738031,-0.892358531212426,0.8623624647682174,-1.297042807058402,-0.7703491710588781,0.8267434600129694,-1.0250932429576216,-0.8967084240460858,1.0289788359304475,-1.194965430847952,-0.7928621758380595,1.005922786518867,-1.0023560962463207,-0.9087457304133526,0.6462421661117432,-1.0927486468196692,-0.8141415641490721,0.6490493074112305
7.633333333333316,0,0-ACCAD_Female1Walking_c3d_B21 - put down box to walk_poses,227,-1.1089087552390993,-0.878956523258239,0.7126256160408895,0.2912401177376558,0.04208355726845921,-0.00039328699458116066,-0.9557238164622291,-0.8086304068565369,-0.03511013835668564,0.15974712371826172,0.488139271736145,0.20647677107278906,0.12435506210742786,0.16788272559642792,0.058939170092344284,0.004149466287344694,0.41143521666526794,-0.6819687068607849,-0.10873959835196323,0.4402469992637634,0.050737395882606506,-0.014949312433600426,0.3502456843852997,0.11874813586473465,0.9931995272636414,-0.14378437399864197,-0.4155723750591278,0.7666585445404053,-1.114958975076128,-0.880738605222178,0.7873599389708353,-1.1748795160148575,-0.8681630599286841,1.3028714905051575,-1.4032804467376956,-1.173871296653267,0.028615025749850913,-1.0200692035910073,-0.7354740824606566,0.0009004603066256195,-1.2696331629187554,-1.0689092938999116,0.023991011711790335,-0.8787031982673024,-0.6411278820002778,-0.0029004603066255102,-1.2172172792733866,-1.0833757386546805,0.4107121894646172,-1.1110018359832425,-0.7676178692510917,0.32130708043015704,-0.9250990101352287,-0.9638718427332101,0.6691009845971775,-1.4361291681622377,-0.9015696061388841,0.6983298103873655,-0.9522496191034937,-0.9196210690865336,0.8459180586270659,-1.3315035742055952,-0.8031849289649532,0.8138006057893602,-1.0564896636127845,-0.9276944240523813,1.0133261768779511,-1.2270042174296067,-0.8245793360968345,0.9917797044852396,-1.0372706541524244,-0.9411360830841858,0.6312009872438238,-1.1280275372263637,-0.8466682930459468,0.6335188094364479
7.666666666666649,0,0-ACCAD_Female1Walking_c3d_B21 - put down box to walk_poses,228,-1.1451047486625612,-0.9109239843674004,0.6969708907176064,0.2903720422847228,0.037609133597171676,-0.0015659347933126204,-0.95617319455091,-0.7888670563697815,-0.04458249360322952,0.16433632373809814,0.5083122849464417,0.17364064010350022,0.13284136334229735,0.20653711259365082,0.055486083030700684,0.0059961555525660515,0.4511388838291168,-0.7529774128636482,-0.11063257612199728,0.4372307062149048,0.04112677276134491,-0.014294524677097797,0.35971182584762573,0.10995891690254211,1.0060654878616333,-0.13796794414520264,-0.40810883045196533,0.764397919178009,-1.150567081027549,-0.9123374847760088,0.7717583558553505,-1.2019263253732888,-0.9002147429633871,1.2881819138530928,-1.4350790535648634,-1.1929810999372374,0.009037716455528897,-1.0376974629326683,-0.7509882761129091,0.0010660731988955258,-1.3009934133655692,-1.0885875766894917,0.004238404393602867,-0.8962048717246308,-0.6568459795646392,-0.0030660731988954963,-1.2549951666401886,-1.1127455421660082,0.3929810876625316,-1.142652666193208,-0.7953684606917354,0.3059138630945086,-0.9623118709315521,-0.9899269426088728,0.6497393641773407,-1.4702616693017005,-0.9316808354058714,0.6863370876336068,-0.987409130515662,-0.9498319582774294,0.827846309569701,-1.3643637210719535,-0.8337639646593605,0.80104312578378,-1.0884076315945173,-0.9599825628939539,0.9967407654659804,-1.2587854667449754,-0.8560969871674788,0.977996023658685,-1.0745492052923644,-0.9738351950584616,0.6156095411717152,-1.1655575572510115,-0.8794981136455461,0.6176173644707337
7.699999999999982,0,0-ACCAD_Female1Walking_c3d_B21 - put down box to walk_poses,229,-1.1815739697776735,-0.9430254367180169,0.6991653771862785,0.2929216871414758,0.035635804528071816,-0.000620844093683958,-0.955471919624245,-0.7537356019020081,-0.05035295709967613,0.16684629023075104,0.5339155793190002,0.11419074516805883,0.13786183266727847,0.22596444189548492,0.05805783346295357,0.005021599121391773,0.5010507106781006,-0.8214578819738949,-0.11804801644694063,0.42008209228515625,0.03184070810675621,-0.010058593936264515,0.35952961444854736,0.10797645896673203,1.0164788961410522,-0.1233263686299324,-0.39257192611694336,0.7654487490653992,-1.186708600166548,-0.944502231851071,0.7739748327845157,-1.2323670042466317,-0.937342446788787,1.290992846384377,-1.4526901899725482,-1.207883234537172,0.0014840705087881823,-1.0601147992821363,-0.7704885320064996,0.01901820760030494,-1.319451808748999,-1.1024183050878158,-0.0034840705087878683,-0.9189200875793327,-0.6759178920894464,0.014496321617521936,-1.287394325287174,-1.1407636259305656,0.3884963148254662,-1.1778366065501846,-0.8258616337829822,0.3076560751608849,-0.999960662271039,-1.0212391674906476,0.6488518097566299,-1.501231429009297,-0.957920146763833,0.6874273052507199,-1.023457871420131,-0.9844581226900673,0.8278897948596511,-1.3953924159400222,-0.8631456586745947,0.8047962275603026,-1.122501923637244,-0.9953731412146798,0.9978056507621406,-1.291915764395399,-0.8894616755442722,0.9818715082023208,-1.1115937982864446,-1.0058858115360672,0.6180409145802692,-1.2029185058352345,-0.9119367378496533,0.6197790220039516
7.733333333333316,0,0-ACCAD_Female1Walking_c3d_B21 - put down box to walk_poses,230,-1.2170691317878664,-0.9732156661339104,0.7111349957578624,0.29855245340051767,0.0349029620620126,0.0016754546518828962,-0.9537533269454627,-0.7068374156951904,-0.05610155686736107,0.16881339251995087,0.5564544200897217,0.043036293280988014,0.14334190924276458,0.22241473197937012,0.06569785624742508,0.0014068812597543001,0.5602140426635742,-0.8797975622733318,-0.13056519361788244,0.387950599193573,0.02330186404287815,-0.004220029339194298,0.3426359295845032,0.10852770507335663,1.019008755683899,-0.10130526125431061,-0.36990886926651,0.7694914937019348,-1.2219874225513685,-0.9750184164443512,0.7859518421715135,-1.2635267896516813,-0.975157295507952,1.3033313715347175,-1.4614727489173935,-1.2172250726546667,0.0015380157734221182,-1.0892207810125962,-0.7939267299151558,0.043818617301645824,-1.330036070021387,-1.1095281212376307,-0.0035380157734221825,-0.9487378330770558,-0.6983235456629512,0.03886155161928638,-1.3146721591469257,-1.1648479744735452,0.39079752673790713,-1.2169328605638932,-0.8582863871005333,0.3178194835426239,-1.040309179287782,-1.0586865415546205,0.6575337302116571,-1.5281031170043826,-0.9781548382188157,0.6951847920921327,-1.0603082564906539,-1.0220621662272251,0.837028176496437,-1.4231395124610415,-0.8888711478844925,0.8175393120974102,-1.1569307300581095,-1.0308068592119457,1.0084805020288454,-1.3243812229590137,-0.9214354091018573,0.99542664328667,-1.1473265191496012,-1.0354649533669535,0.6303254041951268,-1.2389236875341048,-0.942054321831846,0.6319416469575029
7.766666666666649,0,0-ACCAD_Female1Walking_c3d_B21 - put down box to walk_poses,231,-1.249658805783838,-1.0008402136154473,0.7226888301843389,0.309259818221952,0.03330794325250919,0.005592068152575114,-0.950377648371104,-0.6519467234611511,-0.06051496043801308,0.16942568123340607,0.5685091018676758,-0.024470383258182737,0.1501632446281045,0.19407200813293457,0.07733244448900223,-0.004246940836310387,0.6272173523902893,-0.9210704597024777,-0.1435466448497642,0.3426850438117981,0.016353175044059753,0.002833792008459568,0.3073199391365051,0.10931101441383362,1.0114867687225342,-0.07507916539907455,-0.3440711200237274,0.7763053774833679,-1.2541476642038452,-1.0031825213738463,0.7975177266378486,-1.2913798494544584,-1.0122236923485275,1.3151108788768957,-1.464663262060614,-1.2242295095406661,0.0015353342434252862,-1.127238470639639,-0.8208321771338452,0.06289270048032501,-1.3364150772205117,-1.112754438756587,-0.003535334243425243,-0.9884749992971693,-0.7227768650949401,0.05742874569092939,-1.335611319525485,-1.185027424153217,0.39134916747025045,-1.2605208875617153,-0.8926746270773684,0.32624486307583184,-1.0829314891262638,-1.100797934529938,0.664960635309124,-1.5500588443006444,-0.9940638659580269,0.701934613328057,-1.0961377739311575,-1.0607651365363164,0.8443555441851064,-1.4465178590213792,-0.9117057275942981,0.8302154209994618,-1.1883860489775677,-1.06472394204806,1.018407946713253,-1.353521835788707,-0.9515459272396022,1.008759434999916,-1.1798525589164224,-1.0616784509730535,0.641955229901455,-1.2720743655197246,-0.9693282553187067,0.6439824866504678
7.799999999999982,0,0-ACCAD_Female1Walking_c3d_B21 - put down box to walk_poses,232,-1.2781430310569704,-1.0257928636856377,0.7334287023519128,0.3225047902988812,0.02921848271957006,0.010523472813232354,-0.9460582418761491,-0.589114248752594,-0.06094786897301674,0.16728070378303528,0.5663357973098755,-0.08083132829831441,0.15554883314931822,0.14071261882781982,0.08901152014732361,-0.008781745098531246,0.6950926780700684,-0.9346770278058987,-0.14790906071728238,0.288817435503006,0.012953553348779678,0.010666463524103165,0.25691506266593933,0.11230814456939697,0.9943968653678894,-0.0480765663087368,-0.3185707926750183,0.7853885889053345,-1.281780308456838,-1.0286997015102044,0.8082840328700401,-1.3138639696701397,-1.0460286308963245,1.3259774172618877,-1.4646164800896968,-1.2302008027834463,0.0014668073990046597,-1.1754720056581383,-0.8524975181620795,0.07322820786347015,-1.340421464124736,-1.114221246591469,-0.0034668073990047205,-1.0394736394016066,-0.7506763828720864,0.06715360632828879,-1.350591633820896,-1.2012784415263837,0.3906512174725957,-1.3082435090000477,-0.9293622158409666,0.3334000884161111,-1.126301355194011,-1.146627612322479,0.6717532594640993,-1.5671088890745892,-1.0059946280608059,0.7087914388707977,-1.1294202707591654,-1.0996303011587938,0.8499135505315796,-1.4648299270497955,-0.9313409729827892,0.8426772481068455,-1.215290861659284,-1.0959083020911105,1.0273271370204817,-1.3776232212032755,-0.9784977892292115,1.021397430924381,-1.2085529353799795,-1.0849748030426498,0.6524394579206014,-1.3012322289158946,-0.993672690415707,0.6554563579237302
7.833333333333315,0,0-ACCAD_Female1Walking_c3d_B21 - put down box to walk_poses,233,-1.3066795892082155,-1.0488361385650933,0.744065382367688,0.3332716075173191,0.02635970400453457,0.01436139237255417,-0.942352880844929,-0.5190288424491882,-0.05761472508311272,0.16283783316612244,0.5491457581520081,-0.12993313372702686,0.1531081095215827,0.06626088917255402,0.09454935044050217,-0.007447213865816593,0.7494776844978333,-0.9149727012846745,-0.14017314473855724,0.23247988522052765,0.014130388386547565,0.016402050852775574,0.1970658302307129,0.12095165252685547,0.9688849449157715,-0.02229367382824421,-0.2944992780685425,0.7956620454788208,-1.3096876740109211,-1.0521839046254673,0.8189302198297753,-1.3397325412736125,-1.0743751182469758,1.3365390226903933,-1.4625353060550552,-1.234708455803745,0.0013430593996674803,-1.2334436411580434,-0.889960780184169,0.07548747389234098,-1.3420263105293266,-1.1148935056181424,-0.0033430593996674543,-1.1007185955549759,-0.7839449608759496,0.06880104539346046,-1.3630551381747293,-1.213664400097097,0.38954370734972366,-1.3596628818592715,-0.9675544887693328,0.3415810537899317,-1.1734137974622014,-1.1962262839614173,0.6816638408453851,-1.5836286824115897,-1.014433025162597,0.7146689843400117,-1.1650313835626096,-1.1389837197668367,0.8566283749253333,-1.4829591120069028,-0.947647635028768,0.8538268567848581,-1.2444283071535314,-1.1240995588890386,1.0368037860709582,-1.4028089908431092,-1.0013234431034177,1.0330930817418997,-1.2375479864958272,-1.1069852593238645,0.6631041305801614,-1.329656730119845,-1.0157320209407148,0.6667272469184305
7.8666666666666485,0,0-ACCAD_Female1Walking_c3d_B21 - put down box to walk_poses,234,-1.3340211934410036,-1.0714118746109307,0.7538893035330205,0.33779849596052985,0.024473018249175985,0.017169697894520726,-0.9407435617525057,-0.4439619183540344,-0.052100736647844315,0.1573966145515442,0.5179625153541565,-0.17015737651311835,0.14509902241675832,-0.024585828185081482,0.09769023954868317,-0.00268067535944283,0.781889796257019,-0.8570493140427162,-0.1243936177097762,0.17876920104026794,0.019326118752360344,0.019557472318410873,0.1356574445962906,0.13677151501178741,0.9384670853614807,0.0016056725289672613,-0.27524107694625854,0.8069396018981934,-1.3366046338754582,-1.0750747593370844,0.8287552444608185,-1.3669747729281743,-1.098459248487143,1.346284475180323,-1.460074010230724,-1.2379968482507175,0.001177319142195151,-1.297430140855828,-0.9369532906726417,0.07013522476296272,-1.3417022364937743,-1.1160576818283554,-0.003177319142195146,-1.1672667788371056,-0.8278378925343478,0.06297079337556787,-1.3737489397012455,-1.2233057115781776,0.3882917025312201,-1.4113360814198512,-1.0078287999711353,0.3518304492319002,-1.222070200045182,-1.2481350007799825,0.6945879265764673,-1.5989100727219683,-1.02005691625851,0.7195673210656919,-1.2013444224921788,-1.1794092271373373,0.8643135121144512,-1.499643632010084,-0.961533935419296,0.8633755220357864,-1.2744310072168625,-1.1508139570149496,1.0461324053346723,-1.4272544887947491,-1.021163390668144,1.043321885033024,-1.2660590939458607,-1.1296680080934856,0.6731172266631984,-1.3559783059575192,-1.0368014910133547,0.6769782591921069
7.899999999999982,0,0-ACCAD_Female1Walking_c3d_B21 - put down box to walk_poses,235,-1.3609583205543458,-1.0937404897995293,0.7624322116191287,0.33871937180317346,0.023012063864033372,0.021173579405225542,-0.940367647049361,-0.3670714199542999,-0.04571283236145973,0.1518768072128296,0.4758961796760559,-0.20245901932028532,0.13754689545764376,-0.12557914853096008,0.10133101046085358,0.003147778334096074,0.7913147211074829,-0.7666964478741702,-0.10194774210653668,0.12948507070541382,0.02685503289103508,0.02127666398882866,0.07762209326028824,0.16032198071479797,0.9062599539756775,0.025571856647729874,-0.2616804242134094,0.8199597001075745,-1.363128505379537,-1.097896326928653,0.8372855302869119,-1.3942442899150433,-1.1219102690669784,1.354742806819994,-1.4595071216942799,-1.2391416800578923,0.000970573719869982,-1.3684317656046576,-0.990328642020025,0.06101852419788429,-1.3422561094346757,-1.116110515384236,-0.0029705737198699213,-1.2403439503719897,-0.8788047179013412,0.05354015953092846,-1.3840312143514142,-1.2301466082073789,0.3868548921575092,-1.4635478748753272,-1.0479235428790523,0.365023872392269,-1.2710142967047382,-1.2990235964428973,0.708785884880865,-1.6135893269161015,-1.0242702065608573,0.7237952949809098,-1.2377795750901266,-1.2198012487223928,0.8718160572570814,-1.5158485113644258,-0.9747855235737927,0.8719761416822669,-1.304616972571873,-1.1772708434629304,1.05424525292295,-1.4511296566564427,-1.0405154938980261,1.0521976524453418,-1.2946861783176369,-1.1524819024011907,0.6815713343988724,-1.381465899422655,-1.0570685539269609,0.6858241491245542
7.933333333333315,0,0-ACCAD_Female1Walking_c3d_B21 - put down box to walk_poses,236,-1.3872406310401857,-1.1161440876312554,0.7692026558877246,0.3357524742010079,0.022761731315023778,0.02580975009124549,-0.9413214309977604,-0.29025793075561523,-0.038384292274713516,0.14635145664215088,0.42825791239738464,-0.2313427140684723,0.12900058640270795,-0.23154816031455994,0.10683444887399673,0.00865471176803112,0.7786130905151367,-0.6506573132834141,-0.08076751866155618,0.08472518622875214,0.03590575233101845,0.021189523860812187,0.02189400978386402,0.192482128739357,0.8728703260421753,0.04999899864196777,-0.25103187561035156,0.8340462446212769,-1.3891546937464556,-1.120934724405611,0.8440250199458902,-1.421723359961611,-1.1448598283268947,1.3614095898297993,-1.458706246073155,-1.2391761660268819,0.0007461080948000832,-1.4435330608677215,-1.0491907602591612,0.05131158566893135,-1.3414110021014642,-1.1161736043962127,-0.002746108094800144,-1.3167299212760655,-0.9362127334162743,0.04376643885877128,-1.3933536330419878,-1.2356443393841596,0.385259030679049,-1.5137646414505954,-1.086820425086825,0.38050833671378576,-1.3203607122831844,-1.349474342610961,0.7239264888985903,-1.6264341950324575,-1.0279099408402708,0.7264471044154525,-1.2744866414401177,-1.2607503240933975,0.8787915345562481,-1.5308438327744818,-0.9879389090822008,0.8788425225478637,-1.3350404170549233,-1.2036929998287091,1.0607081524375515,-1.4743587567001,-1.059609065984639,1.0591572989535578,-1.3230486725253907,-1.175764943213355,0.6880947466246901,-1.4057869926502795,-1.0770140566856121,0.6926803396503939
7.966666666666648,0,0-ACCAD_Female1Walking_c3d_B21 - put down box to walk_poses,237,-1.413524133618921,-1.1375499037094414,0.7737351267205902,0.33176711152333976,0.023015665562471744,0.030282857982293403,-0.9425941923026051,-0.2163747102022171,-0.029706815257668495,0.1410333216190338,0.3800743520259857,-0.2572572926403842,0.11857589767209364,-0.33774030208587646,0.11541534215211868,0.012300815433263779,0.7452457547187805,-0.5132345519118151,-0.06521472970520081,0.04474751651287079,0.04540139064192772,0.02044087089598179,-0.031142281368374825,0.2314385175704956,0.8397473692893982,0.07474430650472641,-0.2403886616230011,0.8486484289169312,-1.4152712700743773,-1.1429769467510238,0.8485181108682613,-1.4494184691543444,-1.166131189331409,1.3658554066924384,-1.4579738610323383,-1.239818259120308,0.0005289390343159936,-1.5223221740376958,-1.1126109512978668,0.04328412019637139,-1.3401671505507253,-1.1172938601329274,-0.002528939034316023,-1.396549846453364,-0.9984737462398349,0.035934287847238094,-1.402393381061884,-1.24075928944599,0.38361031476876506,-1.5616272175676418,-1.1237458584833886,0.39714245368185325,-1.369524602984166,-1.3971546625329214,0.7393292463441883,-1.6380018508418595,-1.0322707001479094,0.7270156415861176,-1.3113952749708169,-1.3000398101970405,0.8847570665322962,-1.5456386242085185,-1.0011677611948324,0.8834164272571858,-1.3655750132682,-1.2284499396952058,1.065051022801756,-1.4977203876628002,-1.0777576688289743,1.0637764925787614,-1.3514486263758072,-1.1981319474404248,0.6922787906485492,-1.429959677225802,-1.0959610021307293,0.6970273435585493
7.999999999999981,0,0-ACCAD_Female1Walking_c3d_B21 - put down box to walk_poses,238,-1.4399649924598634,-1.1592066553421319,0.7760316746763347,0.3281089035405187,0.022887851617810574,0.03549688521208695,-0.9436952181748086,-0.1470802277326584,-0.02079121395945549,0.1367885023355484,0.3352585732936859,-0.2820099320384706,0.11035154168963635,-0.4395449757575989,0.12809577584266663,0.01259113010019064,0.6933494806289673,-0.36052012782210197,-0.054317084727385945,0.00901542603969574,0.05275997146964073,0.02071116864681244,-0.07936583459377289,0.2737008035182953,0.8091588020324707,0.09957626461982727,-0.22938498854637146,0.8635804653167725,-1.4414578392658606,-1.1653578476521516,0.8507640922846189,-1.4758947144490355,-1.1894729298039928,1.368052892412104,-1.4593433670227902,-1.2411192382733292,0.00032479392188053055,-1.6034625338310629,-1.18010883720177,0.03961377312516993,-1.340968269805894,-1.1191343373915046,-0.0023247939218803138,-1.4787551574813653,-1.0647831920110105,0.032680819547512986,-1.4126355909743695,-1.2466703909329695,0.3816728404644446,-1.6066966525462882,-1.1592162131618984,0.4140594348280084,-1.4173961780367696,-1.4418135232382232,0.7529096402265716,-1.6490750006516297,-1.0389987093875899,0.7265274741721702,-1.3477877743453868,-1.338372722576198,0.8886087010122113,-1.5605829075121298,-1.0164058831329614,0.8865845822860754,-1.3953478861733375,-1.2538106444198203,1.0667731286667976,-1.520819189474311,-1.0975126122920877,1.0665239280380276,-1.3800016993706234,-1.220515563323961,0.6939340911687697,-1.4545301037263467,-1.1152103636001458,0.6989989568710336
8.033333333333315,0,0-ACCAD_Female1Walking_c3d_B21 - put down box to walk_poses,239,-1.4682235545478761,-1.1788023975677788,0.7757648632004971,0.32592128721266755,0.023555054370644563,0.03943332850853501,-0.9442804067426008,-0.08181637525558472,-0.013374033384025097,0.13429154455661774,0.2968928813934326,-0.31011469568044125,0.10134284576068375,-0.5325932502746582,0.1457020342350006,0.008338241837918758,0.6260836124420166,-0.20080311437562592,-0.05416794096666555,-0.02455928362905979,0.056335099041461945,0.022165466099977493,-0.12330853939056396,0.315948486328125,0.7817935943603516,0.12416902929544449,-0.21777182817459106,0.8785430788993835,-1.4696321168181823,-1.1855393795363938,0.8504483890029472,-1.5045886930268688,-1.2116734591512166,1.3676073413398504,-1.4615546073195171,-1.2414419014630984,0.00015388317880096758,-1.6819256685374977,-1.2504280683953688,0.04083833447943956,-1.3429039522415196,-1.119718048977233,-0.002153883178800931,-1.5585715079440727,-1.133621621026135,0.03451339042672974,-1.4245841634904564,-1.2518744782133198,0.37916997181069123,-1.648175694487193,-1.1920224414038663,0.42872267234026595,-1.465489997081327,-1.4810255893578759,0.7640707353434756,-1.6616125582001953,-1.0458705677216535,0.723933136121427,-1.3856669937224466,-1.3729853051127339,0.890225994128693,-1.5779002046235235,-1.0310890809413136,0.8874363890290833,-1.4268304110487366,-1.2770225998933415,1.0658130927237357,-1.5462616924155905,-1.1160645876647766,1.0667470255374385,-1.4099300487852895,-1.2407313625562277,0.6931646341569777,-1.4810728626566056,-1.1327740957672372,0.6981679982170511
8.066666666666649,0,0-ACCAD_Female1Walking_c3d_B21 - put down box to walk_poses,240,-1.496945959981531,-1.1998598841018975,0.7730810941654366,0.3243999157101287,0.02341911053238758,0.04174066533500095,-0.9447083977643708,-0.02007274702191353,-0.009461415000259876,0.13399383425712585,0.2671205401420593,-0.3413616630566676,0.09437651221411447,-0.6127575635910034,0.16632825136184692,0.00019357471319381148,0.5487914085388184,-0.040769470186280854,-0.06181116370246609,-0.057476166635751724,0.056547921150922775,0.02418232336640358,-0.16433493793010712,0.355596661567688,0.7574937343597412,0.14674489200115204,-0.2097640037536621,0.8929528594017029,-1.4982334942922948,-1.2069143712848416,0.847737483483326,-1.5325624806778622,-1.234874369638678,1.3648361742339314,-1.4657621933736626,-1.2439129601766168,1.9230667824762793e-05,-1.7549773062603349,-1.3243643410293633,0.0472243765246683,-1.3469921125280173,-1.1223008202756102,-0.002019230667824754,-1.6331215925570268,-1.205959792161685,0.04160762966380595,-1.43861725235679,-1.260170396055895,0.3759493145022249,-1.68566130681489,-1.2252561048183706,0.44008477313203537,-1.5137326133435587,-1.5184887941771885,0.7731763694339394,-1.6756366687019524,-1.0551565053168628,0.7200804597076569,-1.4240986271323652,-1.4073534453281145,0.8896849397464031,-1.5963042643567027,-1.047634753600305,0.8862410960692344,-1.4581188609185316,-1.3011689431986326,1.0624129507484956,-1.571701772298508,-1.1360448060127666,1.064677119706776,-1.4402139658837738,-1.2625576668185072,0.6900723377472979,-1.5084561143137423,-1.1523279423769015,0.6947470885104474
8.099999999999982,0,0-ACCAD_Female1Walking_c3d_B21 - put down box to walk_poses,241,-1.5257994956336915,-1.2225735452957451,0.7677472374180876,0.32527563921209307,0.02294662911729762,0.04255512104090701,-0.9443824820593143,0.039371006190776825,-0.008583932183682919,0.13549679517745972,0.24838955700397491,-0.38058447441450727,0.08840850539635214,-0.679081380367279,0.1835627555847168,-0.008316191844642162,0.47110193967819214,0.10724442662401823,-0.07110437116396628,-0.08946527540683746,0.05506717786192894,0.02613580971956253,-0.20105484127998352,0.3895639181137085,0.7368361949920654,0.16689333319664001,-0.20712999999523163,0.9067218899726868,-1.5269737331880453,-1.2297213888387708,0.8423966145008897,-1.5603169756079744,-1.258841265898119,1.3594852114714855,-1.4696562170696885,-1.2475144711058068,-6.582168768230062e-05,-1.8210186545895006,-1.3966099015183933,0.05681331607110486,-1.3514394891136259,-1.1253616386585585,-0.0019341783123178365,-1.7010706908610798,-1.276242881768482,0.05188720666002759,-1.4536734898729367,-1.271239792097668,0.3713844907408272,-1.7202001339023947,-1.2587253401110683,0.4467213008151727,-1.560072238856012,-1.5539670490692477,0.779431969086189,-1.6918760774531711,-1.0672043899421064,0.7142526561005159,-1.4618915228439828,-1.4408581388105566,0.8867934408888091,-1.6164956197291593,-1.0661545729534678,0.882408086229242,-1.488940721774424,-1.326082633225283,1.056531984028119,-1.5975389531226254,-1.1576561424619638,1.0598675885004745,-1.470226184064201,-1.2859683772532966,0.6844667959406606,-1.5364485373684835,-1.174062928261252,0.6885874753138874
8.133333333333315,0,0-ACCAD_Female1Walking_c3d_B21 - put down box to walk_poses,242,-1.5562558001838624,-1.2467353609390557,0.7592633212232902,0.3261492153432386,0.022640939756698994,0.04291060752396685,-0.9440724320410205,0.0981338769197464,-0.006998999044299126,0.13727602362632751,0.24307504296302795,-0.433079051941887,0.08088677558819879,-0.7260090708732605,0.1958354115486145,-0.01575220562517643,0.4095115661621094,0.21879408039994686,-0.07962274019909077,-0.11697251349687576,0.05430207774043083,0.026138942688703537,-0.2297133356332779,0.4170205593109131,0.7208338975906372,0.1850362867116928,-0.20919224619865417,0.9199501276016235,-1.557362714096756,-1.2539196178903242,0.8339102313646188,-1.5894906582338204,-1.2830219492917552,1.3510749291444621,-1.4724166491337563,-1.2513048402972116,-8.328435539120202e-05,-1.877402609596625,-1.4574095255781396,0.06377256910336263,-1.3547197724570437,-1.1286505140373753,-0.001916715644608727,-1.758922042429964,-1.3355777178771877,0.05937190595053854,-1.470663640333505,-1.2848035848188746,0.36452915191465696,-1.7538461144431532,-1.290284912281304,0.4467007733622131,-1.6050416126754412,-1.587257980432622,0.7813025779464668,-1.711487117989922,-1.081424956770046,0.7056060106304953,-1.5000175426244202,-1.4731821617962115,0.880882779374859,-1.6396500849292668,-1.0861611779286808,0.8752426018905974,-1.5209785082684801,-1.3515797942809482,1.0477557304325205,-1.6252443860322192,-1.1804515961863662,1.051749657204314,-1.5017731871188826,-1.310876548141617,0.6757096909476935,-1.566338629910865,-1.1975865285060898,0.6794424428002366
8.166666666666648,0,0-ACCAD_Female1Walking_c3d_B21 - put down box to walk_poses,243,-1.5879704779945314,-1.2721600797958672,0.7477650597380595,0.32684412695268855,0.021523792240060506,0.043072502824361515,-0.9438508370206528,0.15457962453365326,-0.005221208091825247,0.13943162560462952,0.2518356442451477,-0.4964256301746577,0.07397965122866279,-0.7497758865356445,0.20591501891613007,-0.022719701752066612,0.37193983793258667,0.28352768653899796,-0.08869520877323667,-0.13838297128677368,0.05484599620103836,0.023779962211847305,-0.24784991145133972,0.4351174235343933,0.7100667953491211,0.2007577121257782,-0.21445906162261963,0.9324288964271545,-1.588906066205583,-1.2793134212348816,0.8224172826182673,-1.618488688337709,-1.3068231082057375,1.3398307056366112,-1.4762827720176555,-1.2556031949800945,-3.395134755861118e-05,-1.9217659122900728,-1.5051307248370493,0.06291897300947961,-1.3590274040105976,-1.1325282354085642,-0.0019660486524413594,-1.8042651106617462,-1.382343385819145,0.05881641361285295,-1.4905340713934907,-1.3009626906084335,0.35509727569468913,-1.7864931294275779,-1.3202827661391539,0.4398525736047905,-1.6472432657464284,-1.6179354069567193,0.7779999153159617,-1.7345036488009218,-1.0981577622070755,0.694219924605646,-1.5371708778273232,-1.503615346919768,0.8716725233457477,-1.6653736389203648,-1.1076036593415606,0.8647818809892631,-1.553150808835239,-1.3772533979117714,1.0362402497528092,-1.6539947276177553,-1.2040936950205283,1.040530499069766,-1.5346643320368194,-1.3370967928315693,0.6638492900889179,-1.5979509059656238,-1.2227533887415256,0.6675770709370307
8.199999999999982,0,0-ACCAD_Female1Walking_c3d_B21 - put down box to walk_poses,244,-1.620690209325403,-1.3006398943252861,0.7331508615732789,0.32728962168669473,0.02040180207412606,0.04333682766753287,-0.9437092716382641,0.20597127079963684,-0.004751681350171566,0.14250685274600983,0.27454397082328796,-0.5696966692141028,0.06956420551066755,-0.7488771677017212,0.2143431007862091,-0.02915932610630989,0.3597734272480011,0.29689945133090223,-0.09852095558797291,-0.15291349589824677,0.05697976425290108,0.019715316593647003,-0.25403282046318054,0.4417276680469513,0.7047750353813171,0.21441468596458435,-0.22135421633720398,0.944517970085144,-1.621450660701864,-1.3077760939486573,0.8078067144492553,-1.6481993237600634,-1.332748384194545,1.32552303252388,-1.4821665783142919,-1.2620095772856126,7.734472171498988e-05,-1.9529211209949833,-1.5406661846196044,0.050202424057715044,-1.3653600235481058,-1.1385122652620046,-0.002077344721714964,-1.8357898411594633,-1.4175239808193318,0.04616994004593719,-1.5133442924221074,-1.321232645929636,0.34266797919231673,-1.81745211703547,-1.3502086805734628,0.4255026564365803,-1.6859910585637505,-1.6477907715591327,0.7679521422242256,-1.7603800716195175,-1.1193015401207405,0.6796173344972153,-1.5729155734790947,-1.5338743716047698,0.858486957066227,-1.6935629341033906,-1.132507074662351,0.8508500655850229,-1.5856750409162363,-1.4052377910174747,1.0218247792147528,-1.684153481920656,-1.2307200486887178,1.026036568598441,-1.5684947487704224,-1.3662979822592611,0.6488173617511271,-1.6309152618124902,-1.2512746674282185,0.6529877600104672
8.233333333333315,0,0-ACCAD_Female1Walking_c3d_B21 - put down box to walk_poses,245,-1.6549979276023805,-1.3323149946518242,0.715369329806801,0.3274724813052295,0.019705045811857176,0.044499829116985294,-0.9436065124647605,0.25064796209335327,-0.005129553377628326,0.146359384059906,0.3112788200378418,-0.6527407482930125,0.06890295921859324,-0.7269352674484253,0.22115139663219452,-0.035033050924539566,0.369389146566391,0.2649243847068985,-0.10726087404844264,-0.15933997929096222,0.06078341603279114,0.014866860583424568,-0.2473272979259491,0.4362979233264923,0.7051020264625549,0.22598789632320404,-0.22884376347064972,0.9564306735992432,-1.6556011286170635,-1.339581472972514,0.7900140512635178,-1.6798640935706761,-1.36220814469999,1.3079884705608145,-1.4912466232271036,-1.270536670016604,0.00024771732361103874,-1.9737744052511308,-1.5651257402667293,0.025998134643314522,-1.3749174758554132,-1.1465959491953301,-0.002247717323611044,-1.8563695605918504,-1.4422477765126769,0.021861895507576425,-1.5397853386236346,-1.345395965640314,0.32673465167430826,-1.8477049046375444,-1.3800414439723712,0.4041791491344102,-1.721217962606287,-1.6772610098176761,0.7497594257940494,-1.7897843092232917,-1.145119127575963,0.6618344864994664,-1.6074439809001453,-1.564294624909378,0.8406089781960777,-1.725082458969189,-1.1613838521172195,0.8336154328045233,-1.6193120048521865,-1.4362460957093814,1.0042641622286543,-1.716723241343127,-1.2611260832892914,1.0082912151577288,-1.6037936460449118,-1.3984448953804136,0.6304907870159207,-1.6657348844039412,-1.2831015727622974,0.6356538369345299
8.266666666666648,0,0-ACCAD_Female1Walking_c3d_B21 - put down box to walk_poses,246,-1.6917755431495607,-1.365976717788726,0.6982838973952291,0.32611784668077903,0.016217014504096645,0.04348582451449844,-0.9441891450250633,0.28731247782707214,-0.004127977881580591,0.15021799504756927,0.3621298372745514,-0.7355340069779444,0.06648197654602583,-0.6958063244819641,0.22404691576957703,-0.03926338627934456,0.3906511068344116,0.21866232555226772,-0.1140932700193884,-0.15534599125385284,0.06521689891815186,0.012048599310219288,-0.22604519128799438,0.4186014235019684,0.7122462391853333,0.2338602989912033,-0.23506610095500946,0.9675251245498657,-1.691945106990712,-1.3729288429865343,0.7729607961212593,-1.7131146201196932,-1.3904979723084043,1.2912898627903036,-1.5069391626849833,-1.2874088301601774,0.0015419218127678443,-1.99622781932588,-1.586751343884154,0.0011628648710952025,-1.3906073686228215,-1.163481487474962,-0.0014459579137145462,-1.8777848673256683,-1.4648802842199622,-0.0031628648710951904,-1.572197098835744,-1.3762567825690988,0.31024839210930294,-1.8815074671583025,-1.4113900780624762,0.3830484822613588,-1.7531431849761014,-1.7046526492774858,0.7288279539994663,-1.8239883589308579,-1.1753193397025217,0.6437830461640963,-1.6410634435234237,-1.592722011733661,0.8230045335673289,-1.760586788195969,-1.192584696007428,0.8159507333303636,-1.654296727384342,-1.4673394254886925,0.9879213151835939,-1.7518853346348453,-1.292296820482854,0.9908768299741324,-1.6419576019910076,-1.4331188834100164,0.6130809523176424,-1.7033302059117366,-1.3174782811557129,0.6188997759325803
8.299999999999981,0,0-ACCAD_Female1Walking_c3d_B21 - put down box to walk_poses,247,-1.7304490632377565,-1.4010020759887993,0.7074298922201272,0.32363487227242077,0.011726102661752258,0.04270260277154282,-0.9451452034910379,0.30909135937690735,-0.001848725718446076,0.15447206795215607,0.4248323440551758,-0.814223432881223,0.06699396054782825,-0.6568500399589539,0.2226366102695465,-0.04122895747423172,0.4184205234050751,0.15959704254244356,-0.11556001758926326,-0.14038360118865967,0.06938735395669937,0.013155669905245304,-0.1908799260854721,0.38909080624580383,0.7265389561653137,0.23544666171073914,-0.23872122168540955,0.9763669967651367,-1.730038485981666,-1.4076253463772939,0.7821357401550625,-1.749159322396775,-1.4213831463463977,1.300667396471203,-1.5308171141326787,-1.310617210773876,0.02774377827070563,-2.0198867528800024,-1.602805518526821,0.0012697927864830337,-1.4142390994322542,-1.1869372971657346,0.02415972213411991,-1.899785550045091,-1.48257618250423,-0.00326979278648315,-1.6106769126720715,-1.411836863427875,0.318049099649358,-1.9177297196765952,-1.4419566124680316,0.38718757190213604,-1.7807805661884422,-1.7293651605149816,0.7283667770336606,-1.8633852990819306,-1.209938635989384,0.6519331014103951,-1.6733433895427856,-1.6192758968772918,0.8298417557736892,-1.8004302719355818,-1.2268116901672481,0.824303426013795,-1.6907516008648915,-1.4999184578802902,0.9976535815758779,-1.790034458292661,-1.3258179769028262,0.9996837649155912,-1.6820775052189345,-1.4690679325897245,0.6219341167818938,-1.7430141127003045,-1.3533135514992036,0.6284984833359266
8.333333333333314,0,0-ACCAD_Female1Walking_c3d_B21 - put down box to walk_poses,248,-1.767936450894922,-1.4359962013550103,0.717713800839732,0.3200135173823965,0.008421447536679245,0.04050579430580407,-0.9465092226394783,0.3091004490852356,0.0013197525404393673,0.1595613658428192,0.4969959855079651,-0.8821054492874532,0.06507090517741743,-0.6100119352340698,0.21723540127277374,-0.040609218180179596,0.4469524323940277,0.09117352733836648,-0.11678883122008754,-0.11600212007761002,0.07141873240470886,0.01851377822458744,-0.146900936961174,0.35044950246810913,0.7465847134590149,0.2267807424068451,-0.24023455381393433,0.9803741574287415,-1.767187737302613,-1.442151314094277,0.7924570548170884,-1.7875650060915405,-1.4535294743859066,1.310984429395281,-1.5597730260604656,-1.3419499502316878,0.05161062370129029,-2.038846566668055,-1.614295945404129,0.001373016555849458,-1.4427907904547386,-1.2186749019386454,0.04731888500535493,-1.9165102891916561,-1.4963497272243154,-0.003373016555849404,-1.6517174474893026,-1.4523566347312047,0.32509871205422075,-1.951201874081315,-1.47064858281257,0.39060788309153316,-1.8029605287031427,-1.7501552976800725,0.7251988500338781,-1.906023214131,-1.2482477674174568,0.6608727259322482,-1.7029773248372855,-1.6431090420323133,0.8370202357375133,-1.8424562739108317,-1.2628761196408336,0.8332235879157105,-1.727066335501599,-1.5326462982628686,1.008532667710609,-1.829243416009407,-1.3602187205375362,1.0094041943455399,-1.7205199805098863,-1.5049613044956054,0.6324037594529168,-1.7812972116467234,-1.3893410400875572,0.6391983320359548
8.366666666666648,0,0-ACCAD_Female1Walking_c3d_B21 - put down box to walk_poses,249,-1.80465624993667,-1.4688014057464898,0.7284749769718644,0.3136082031608397,0.006350235188123989,0.03484052435756947,-0.9488918311829725,0.2826386094093323,0.004844368435442448,0.16536258161067963,0.575883686542511,-0.929954629786033,0.05583125003786571,-0.5530778765678406,0.20899538695812225,-0.03776010498404503,0.4695015847682953,0.019861320583596465,-0.12275507562659582,-0.08294256031513214,0.07040280103683472,0.027401749044656754,-0.10147549211978912,0.3098104000091553,0.7699087858200073,0.20496881008148193,-0.23953573405742645,0.9774837493896484,-1.8039211617449415,-1.4740591119670936,0.8032868488281961,-1.8287705680540933,-1.4827225677264806,1.3216362840127072,-1.5956224486932271,-1.383386244531563,0.06965917722981854,-2.052427693178889,-1.6222225654644584,0.0014427538306465426,-1.4776695356342817,-1.2610708784951308,0.06455412754520098,-1.9269942543025684,-1.507581454921374,-0.003442753830646468,-1.6966459416389228,-1.4982182918366174,0.3310466612192809,-1.9808127513743325,-1.4956659836091633,0.3923521545496658,-1.8229011885799993,-1.7666338354487205,0.7229749165297747,-1.952562223419464,-1.2887810577696612,0.669495685046242,-1.7321494017717913,-1.6633817244168607,0.845705022708944,-1.8867692195735426,-1.2983686355548838,0.8413645978877183,-1.7640903605615978,-1.5625364117376004,1.0202348072867522,-1.869595650806669,-1.3921264343339819,1.0191130980545662,-1.7577498977808261,-1.5390710240020864,0.6441857896738831,-1.8184036121507774,-1.423686865777234,0.6501486918638861
8.39999999999998,0,0-ACCAD_Female1Walking_c3d_B21 - put down box to walk_poses,250,-1.8369540995918214,-1.49658825667575,0.7381071619777235,0.3043312917302555,0.0016241594121637452,0.026833757326900905,-0.9521868390435351,0.2268652766942978,0.009999576956033707,0.16988703608512878,0.6528810858726501,-0.9396102718569264,0.04665623270563102,-0.48525792360305786,0.19890305399894714,-0.033105723559856415,0.482472687959671,-0.04549656852107398,-0.12927635418072247,-0.041501227766275406,0.066368468105793,0.039323143661022186,-0.057793740183115005,0.2723064124584198,0.7952759861946106,0.1703876256942749,-0.23700983822345734,0.9672064185142517,-1.8359611222699463,-1.5004950116408464,0.8129987587138122,-1.8637842182030586,-1.5058632785390533,1.3311892621466113,-1.6416773912104379,-1.4342577684810751,0.07533473373885949,-2.06151296330468,-1.6256171799226835,0.001460469668286949,-1.5219686958397507,-1.3136962485855312,0.06943997563319176,-1.9324070711055317,-1.5151298369574933,-0.0034604696682869543,-1.7459109462888658,-1.547312897976825,0.33482598487386805,-2.00462083049139,-1.5145404894373553,0.3924157669999032,-1.8375213550524707,-1.7775769227592233,0.721814847098989,-1.9995205549546862,-1.3290274551374812,0.6778513627195177,-1.7564227822751173,-1.678246730222868,0.8541632454585273,-1.9285383359839252,-1.3305625208494578,0.8479064489928044,-1.7955814898988747,-1.5866142199880688,1.0308156574196756,-1.9048202840188677,-1.4185979441628582,1.0277169775335655,-1.790722142114821,-1.5685194624502572,0.6552878648852909,-1.8513884538547765,-1.4535460403210692,0.6598410832229944
8.433333333333314,0,0-ACCAD_Female1Walking_c3d_B21 - put down box to walk_poses,251,-1.8672476834617555,-1.523907330352813,0.7472241227288757,0.2956475012996856,-0.0016747210667714622,0.020372393922209707,-0.9550783820454105,0.14271757006645203,0.019057350233197212,0.1704908162355423,0.7123953700065613,-0.9061397006209435,0.03975447062329107,-0.4109807014465332,0.18613021075725555,-0.026772944256663322,0.4837281107902527,-0.10921670636816416,-0.1314655355563057,0.005908492021262646,0.061103831976652145,0.051900465041399,-0.013417480513453484,0.23833541572093964,0.8226318359375,0.12874341011047363,-0.23403595387935638,0.9512684345245361,-1.866104302874942,-1.5267516462418407,0.8221614468601597,-1.897400286818062,-1.5320785444201876,1.3401003624212877,-1.6987927413264519,-1.4942121209215078,0.07076029840601611,-2.06619384644946,-1.6256171480272739,0.0014205464491863877,-1.5771275998673802,-1.375657123184631,0.06425600249076391,-1.9336411625750305,-1.5192858270666325,-0.0034205464491863097,-1.7991220059467876,-1.5994668492740287,0.3398813252303363,-2.023516180899862,-1.5302111182086335,0.3912821415540931,-1.8475312543480418,-1.787060352554176,0.7199467199572047,-2.0476624430473374,-1.372688183579627,0.6876048600661812,-1.7776496246649705,-1.6925951488436808,0.8619060356956966,-1.9704846513531007,-1.3648527633081782,0.8547627460977378,-1.824789142118394,-1.6114667679895907,1.0403975750909258,-1.9389136998885244,-1.4467559563961234,1.0361409616490682,-1.82085990731901,-1.5966995297289024,0.6657340794295675,-1.8824994627791682,-1.482718140849306,0.6691717147173674
8.466666666666647,0,0-ACCAD_Female1Walking_c3d_B21 - put down box to walk_poses,252,-1.8950346536003053,-1.5506152180023491,0.7548733315137529,0.29423917380040676,-0.003694674606130697,0.016213141364229,-0.9555871451772007,0.039959173649549484,0.03155352920293808,0.16642850637435913,0.7486437559127808,-0.8337729713482331,0.035315728943180025,-0.33521008491516113,0.17130646109580994,-0.01965399645268917,0.47283366322517395,-0.1664244106665027,-0.12785191029365883,0.0545852966606617,0.05559186264872551,0.06270025670528412,0.029506053775548935,0.20743496716022491,0.849968433380127,0.08390054851770401,-0.2327403426170349,0.9310575723648071,-1.8937894848684627,-1.5527761107224034,0.8298318540277516,-1.9277527610186507,-1.5611707052135846,1.3475171238406374,-1.7643474747305574,-1.558507821461176,0.05915549818471662,-2.067371349117049,-1.6254507507570808,0.0013371451248174702,-1.6421167409080928,-1.4405573906705438,0.05227483066433081,-1.9331451714889738,-1.5212323058923711,-0.003337145124817538,-1.8521853107555335,-1.65126220823308,0.34727631547086185,-2.0379457687990823,-1.5447837383543144,0.3893234240922121,-1.8518577807717247,-1.7944529731643097,0.7173221070859411,-2.096298100293006,-1.4205842276959317,0.6981494839553376,-1.7944366886819367,-1.705364976381891,0.8680726003411208,-2.012655762386432,-1.4017619161514479,0.8612728854090012,-1.849888100185604,-1.6363701940988116,1.048053001491323,-1.9714449814245132,-1.4770730595223345,1.043521728028654,-1.846858804738341,-1.622853752537729,0.6742276181020316,-1.9117286350551086,-1.5111106355501458,0.6771542406087047
8.49999999999998,0,0-ACCAD_Female1Walking_c3d_B21 - put down box to walk_poses,253,-1.9215419120155275,-1.577455070335418,0.7605857543241588,0.29945959354055807,-0.0044040986765939314,0.014005871066190945,-0.9539960122175816,-0.07422497868537903,0.04350626841187477,0.16001003980636597,0.7613705396652222,-0.7295939373914844,0.03573604081035042,-0.26180437207221985,0.15620625019073486,-0.012966941110789776,0.4513051509857178,-0.21441873604435346,-0.1204208570072769,0.10136260837316513,0.0499163381755352,0.07041870057582855,0.06764775514602661,0.18011459708213806,0.8749734163284302,0.03733242675662041,-0.23508566617965698,0.9072721004486084,-1.9202825592607955,-1.5792614746671942,0.8355534202477374,-1.9555414730177285,-1.5927888135281956,1.353009817701096,-1.8371267098591464,-1.6267807494643396,0.04472845253430236,-2.0682973207302067,-1.6268573958045898,0.0012221205270067266,-1.7158063814656221,-1.5079020319513836,0.03771215429646871,-1.9340110840397644,-1.5227062779182587,-0.003222120527006652,-1.9038256237119602,-1.7022809091883864,0.35751061420443814,-2.0502220014282178,-1.559395069221644,0.38695411645158667,-1.8551595897623776,-1.800943588971948,0.7143950682202171,-2.1447988756131635,-1.4727863581961163,0.7090311958160875,-1.8097323019335187,-1.7177269721113981,0.8724169667120609,-2.0550079440999713,-1.4415734638963693,0.8669011044484616,-1.8723773247319921,-1.6616765021748037,1.0534520771859723,-2.0029322790099107,-1.509655525899999,1.0493033923406356,-1.870227570574794,-1.6478959820765364,0.6802240384631588,-1.9400877601167879,-1.5395045140604733,0.6832259804945268
8.533333333333314,0,0-ACCAD_Female1Walking_c3d_B21 - put down box to walk_poses,254,-1.9473963803611696,-1.6028670337982476,0.7644974021294394,0.30935188899490107,-0.0030583505966664637,0.01142160364776464,-0.9508741253378533,-0.1945590376853943,0.051680512726306915,0.15360118448734283,0.7515355944633484,-0.5994752024863277,0.03724681716845746,-0.19254715740680695,0.14214389026165009,-0.0074289897456765175,0.4225802421569824,-0.25443396495051096,-0.11548318502966248,0.14528000354766846,0.045013587921857834,0.07477239519357681,0.10072345286607742,0.1576034277677536,0.8967397212982178,-0.009995008818805218,-0.24324996769428253,0.8808495402336121,-1.9464301701943143,-1.604354193924883,0.8394764311487006,-1.9833139366136643,-1.6221106835034287,1.3566705735711033,-1.91381558924432,-1.69954908055668,0.03192974483116373,-2.068430734329515,-1.6303880981724084,0.0010750252579684767,-1.79453192076157,-1.578622104717955,0.024996279045729805,-1.9352650922117085,-1.524796011157957,-0.0030750252579684577,-1.951901283917691,-1.7514489996452411,0.3711985396346743,-2.0607771957629626,-1.5736172018202201,0.3842470086823532,-1.8595030923019145,-1.8059448498722852,0.7125244427527461,-2.192162324055524,-1.52676376667979,0.7192022066910251,-1.825414077963895,-1.7282259577374328,0.876100960355248,-2.0974921459035354,-1.4816491683037367,0.8707337037014036,-1.8943355163995879,-1.6844477252423644,1.0573487349539799,-2.0344305854434275,-1.5411772822835237,1.05297418309357,-1.8918760780365282,-1.6707809421654496,0.6842413784481729,-1.9677422944455665,-1.5666116693480756,0.6872948280162061
8.566666666666647,0,0-ACCAD_Female1Walking_c3d_B21 - put down box to walk_poses,255,-1.971102578099817,-1.6280130413360894,0.7664813137217371,0.31860015764526683,-0.001921272291728954,0.009087299965888331,-0.9478436945195774,-0.3152056932449341,0.05400572344660759,0.1489771455526352,0.720974862575531,-0.4476091520365797,0.045107947007496874,-0.1267741471529007,0.12899570167064667,-0.002927427412942052,0.391934871673584,-0.2887169375127441,-0.1102318605607191,0.18619304895401,0.04263533279299736,0.07600173354148865,0.1311536282300949,0.14101366698741913,0.9156544208526611,-0.05661825090646744,-0.2599942684173584,0.8533827066421509,-1.970395135945486,-1.629213224683767,0.8414683731755538,-2.0079931039718333,-1.6489848212931197,1.3585304244828373,-1.9944387021845569,-1.7765690335237458,0.02362329358028273,-2.069095066683327,-1.6344455148448565,0.0009238995307466989,-1.8769503054367276,-1.6538806320813977,0.016987573487795546,-1.93710380932008,-1.5273777679644285,-0.002923899530746659,-1.9966466178282498,-1.7984114262763806,0.3873826065701336,-2.0700360755784164,-1.5873072795259315,0.3814668154480412,-1.864688340853355,-1.8117488526221486,0.711049596454436,-2.235891102519778,-1.5800045508696623,0.7293275123157382,-1.84045676028168,-1.7391343739193785,0.8786787472304615,-2.1368921088814403,-1.5210058612982198,0.8731256976019822,-1.914311436235298,-1.7059889414693716,1.0595807556040728,-2.062781567353866,-1.5714381919613982,1.0545906782020749,-1.9116473973889467,-1.6933461362633906,0.6859294271245897,-1.9931445289502328,-1.5934210209201287,0.6893288436104177
8.59999999999998,0,0-ACCAD_Female1Walking_c3d_B21 - put down box to walk_poses,256,-1.9957221574150026,-1.655224469024688,0.7661982562724851,0.32913210027596157,0.000345344458809173,0.006444613009239789,-0.9442618324746057,-0.42937323451042175,0.050560362637043,0.14654111862182617,0.6723522543907166,-0.28537136710772293,0.05514509360115927,-0.06170317158102989,0.11667218059301376,0.0006866282783448696,0.36513030529022217,-0.3281424807349853,-0.10718176978807459,0.22432267665863037,0.04454256594181061,0.07461823523044586,0.1612057089805603,0.13205936551094055,0.9328600764274597,-0.10139790177345276,-0.283940851688385,0.8261384963989258,-1.9954529024014496,-1.6561543289301992,0.8411920084275399,-2.0356656596261216,-1.6753560060288821,1.3580857819783363,-2.0755627916200696,-1.8573352651606796,0.022076873205299614,-2.068806755493618,-1.6397725008559543,0.0007837173876691604,-1.9599438794166484,-1.732859556650729,0.015907178574006316,-1.9383993803797857,-1.5307716296436378,-0.002783717387669162,-2.037780210549054,-1.84418284454159,0.403957780464478,-2.0798288068035222,-1.6030274521273062,0.3776375729394965,-1.8710146026629322,-1.8203523387990759,0.7098562291722461,-2.2786399799513126,-1.635544881507555,0.7375810395582199,-1.8571472093412835,-1.7521114908709425,0.880474066108131,-2.177054406515106,-1.5624970432505116,0.8728731265396028,-1.936506843566056,-1.728187393869669,1.0601377952993314,-2.0927705467348674,-1.6028579960612295,1.0533273608826796,-1.9322551671955472,-1.7178282683098336,0.6852181606325803,-2.019316176581038,-1.6224011175230026,0.688935896395734
8.633333333333313,0,0-ACCAD_Female1Walking_c3d_B21 - put down box to walk_poses,257,-2.0205141133628786,-1.6826708582229912,0.7633061011007668,0.3384667597562301,0.0026190883202057945,0.0038366338476197377,-0.9409668820724822,-0.5297287106513977,0.044453855603933334,0.1449299305677414,0.6092170476913452,-0.1216253796740725,0.06491367041727636,0.002059746067970991,0.10532668977975845,0.003494921140372753,0.34478890895843506,-0.37297399072505266,-0.10511111227366476,0.25931280851364136,0.051028020679950714,0.0721297487616539,0.1916205883026123,0.1303630918264389,0.949863851070404,-0.14343200623989105,-0.3120991289615631,0.8005101084709167,-2.020688998714443,-1.6833453511819667,0.8383028641933303,-2.0653607810480317,-1.6998758624727668,1.354942419763967,-2.153140994435479,-1.9372354143182222,0.02670833715753791,-2.0684305669122627,-1.64399205521748,0.0006704086795037388,-2.0387789226958835,-1.8115768089235866,0.02111982772273712,-1.939480975373799,-1.5332633697676965,-0.0026704086795036677,-2.074809565992236,-1.8862208071579964,0.4181645214241887,-2.0903937019168133,-1.6187677422077595,0.3725966383834756,-1.8780275525353576,-1.830008678185977,0.7080719807119198,-2.318919118214451,-1.68966639698792,0.7433389581483157,-1.8749360469251506,-1.7659594185269818,0.880836847320744,-2.2161957903775695,-1.6034202750563276,0.8697078173425239,-1.9603691165493724,-1.7498875075962423,1.0585099403567086,-2.1231544404276907,-1.633346421371962,1.0489549180387945,-1.9536067630570568,-1.7428491553387049,0.6817910046613835,-2.0455032398585127,-1.6515932657594727,0.6858239225020087
8.666666666666647,0,0-ACCAD_Female1Walking_c3d_B21 - put down box to walk_poses,258,-2.0466881818138063,-1.7118246820755303,0.7575513653829526,0.3435833599378506,0.003933100151549318,0.0024654352124064472,-0.9391107107930508,-0.6119033098220825,0.03734325245022774,0.14380709826946259,0.538381814956665,0.03281129368184743,0.07625059062951389,0.06411153823137283,0.09481094032526016,0.005690030753612518,0.33229339122772217,-0.4234522675523429,-0.10073352106562106,0.2903563678264618,0.0594526045024395,0.06874365359544754,0.22108787298202515,0.13269999623298645,0.9672597646713257,-0.18236038088798523,-0.34034600853919983,0.7771737575531006,-2.0471151619085495,-1.7123746817324972,0.8325481332358143,-2.0959208502754625,-1.7257602925381488,1.3489335582257862,-2.228125956279689,-2.011857419666608,0.03507841108829478,-2.0707305947913626,-1.647324888132312,0.0006018022093979072,-2.1137562824418197,-1.8861794431957037,0.03011615994610381,-1.9423963020482422,-1.5358796270179382,-0.0026018022093980374,-2.1111184090702846,-1.9249961746050461,0.4273767858731379,-2.103645264141199,-1.6352517769813635,0.36621132815071017,-1.8888929464747615,-1.8428956594593722,0.7040281900249974,-2.357884247948179,-1.7414086655188818,0.7470168231963807,-1.8954390974962523,-1.7835212191461067,0.878359449265727,-2.2542732303572985,-1.6440708825479935,0.864275840948802,-1.98629419338454,-1.774074374628068,1.0539007216119294,-2.153694565847289,-1.664512168388713,1.0418415689344809,-1.977522924611688,-1.7702859735782213,0.6752767711127963,-2.0729291732645048,-1.6821511461182808,0.679864870487604
8.69999999999998,0,0-ACCAD_Female1Walking_c3d_B21 - put down box to walk_poses,259,-2.07432017987594,-1.7421232727356255,0.7488253783047546,0.3479099657162646,0.006160466805046479,0.0010339937305708475,-0.9375071387786956,-0.6754369735717773,0.02485663630068302,0.14575481414794922,0.474059522151947,0.15968700215991505,0.09046540659010849,0.1235332041978836,0.08375611156225204,0.007922696880996227,0.32819968461990356,-0.48174610863912815,-0.09676856520336652,0.3169805407524109,0.06634196639060974,0.0653814822435379,0.24962402880191803,0.13731198012828827,0.9862673282623291,-0.21686673164367676,-0.36538010835647583,0.7569013237953186,-2.075132541608628,-1.7425901723804458,0.823819525230611,-2.12857018744171,-1.7535029737100811,1.339832120057315,-2.2953236214313746,-2.0756101741564685,0.04343905616074297,-2.0736730151987506,-1.6504437897442379,0.0005724901996331938,-2.1805296835385097,-1.950299702699298,0.039007626794208224,-1.9459237313520756,-1.5383267545758483,-0.002572490199633286,-2.145880878915459,-1.9605286359609635,0.43038532646518474,-2.1187612163818965,-1.6529881734023806,0.3578101635830838,-1.9025611345257536,-1.8571572041278668,0.6975450144648905,-2.3953815978473,-1.7916508582608799,0.7468940419850816,-1.9184102035417707,-1.8032956682279555,0.873065116350675,-2.291926385668131,-1.684932174141072,0.8558330420579109,-2.014480730313731,-1.8001696279131727,1.04622958555289,-2.185541038390069,-1.696726948774624,1.0317324122605722,-2.0032194153912712,-1.799205979720227,0.6660445319253501,-2.101547494317816,-1.7137465792999238,0.6708105186160085
8.733333333333313,0,0-ACCAD_Female1Walking_c3d_B21 - put down box to walk_poses,260,-2.1036251611076295,-1.775453355628997,0.737293202591933,0.3502208304677517,0.008059713168348685,-0.00028983175505644813,-0.9366324396088765,-0.7144794464111328,0.011260449886322021,0.14800523221492767,0.43031957745552063,0.24094892535575796,0.10302487588167564,0.17973093688488007,0.07101476937532425,0.01068813819438219,0.3334377110004425,-0.546147583364188,-0.09060509043622789,0.3380378782749176,0.068646140396595,0.06236240267753601,0.2733660340309143,0.14453335106372833,1.0061357021331787,-0.246281236410141,-0.3845200836658478,0.7402710318565369,-2.104772735196435,-1.7758360376712976,0.8122834461451126,-2.160617179352414,-1.7853580118933319,1.3280836793760598,-2.3510023118504195,-2.127162547196993,0.04549587274592702,-2.0795314509411758,-1.6555062534998917,0.0005975458810894389,-2.2352884246043994,-2.002689863799119,0.041391315991793035,-1.952134299843851,-1.5429906666644821,-0.0025975458810896523,-2.1799735859251217,-1.9956439033493147,0.4261286644584755,-2.1369808209390015,-1.6739765899262757,0.34739239124234156,-1.9203655155999317,-1.8769139115214972,0.687812397332539,-2.431828115866451,-1.8408578734916488,0.7438340525902203,-1.943759110478886,-1.8286540186139977,0.8641169255198891,-2.328529779864169,-1.726933763241113,0.8453737743101046,-2.0438562161190137,-1.8305871492617733,1.0353076016179803,-2.217442089878403,-1.7316564701703625,1.0194063417401726,-2.0312974205072787,-1.8317876031291258,0.65428750977086,-2.131684888451787,-1.7482128062354756,0.6588899504893599
8.766666666666646,0,0-ACCAD_Female1Walking_c3d_B21 - put down box to walk_poses,261,-2.134141547139734,-1.8096134928055108,0.7232186416347631,0.3490845423471435,0.009013733081259353,-0.0023872976648430396,-0.9370448418939644,-0.7294859290122986,-0.0011292312992736697,0.14944230020046234,0.41104093194007874,0.27517794641117854,0.11001918845104153,0.23258048295974731,0.057376861572265625,0.013708077371120453,0.3492802679538727,-0.6160779922204274,-0.08455960907276405,0.3523060083389282,0.06464876979589462,0.06090168654918671,0.29088085889816284,0.15337249636650085,1.0260398387908936,-0.26759761571884155,-0.39534100890159607,0.7289013266563416,-2.135533493260151,-1.8097499252942013,0.798205599648633,-2.1906522221794704,-1.818531580934802,1.3140895830667316,-2.3955613632197097,-2.1657144928292125,0.038052794987471106,-2.087073656333496,-1.6625565279467733,0.0006757431920211346,-2.278282972273434,-2.0427104029538663,0.034081285074301804,-1.9594365578150095,-1.5503177707334126,-0.0026757431920211155,-2.213913204199255,-2.0294373965526806,0.4153273451918458,-2.157463505847145,-1.69711216538089,0.3347199991262175,-1.9423842753163365,-1.9015848784798004,0.674538405492898,-2.4667943837636943,-1.8844874378946916,0.7372438118146698,-1.970944941757631,-1.8582780345469363,0.8513670508113865,-2.3629938447897154,-1.7661886498418984,0.8331104330032769,-2.073626832848181,-1.8632070523586268,1.0213340713942625,-2.248376667956042,-1.7663665059370133,1.0053156882505527,-2.061465807209663,-1.866208945655636,0.6403880227561332,-2.1628523441365513,-1.7834046078275902,0.6443466226875835
8.79999999999998,0,0-ACCAD_Female1Walking_c3d_B21 - put down box to walk_poses,262,-2.1690987176261842,-1.8438495662994683,0.7061505219694819,0.34904771982801547,0.010748686116211194,-0.005705744470755817,-0.9370259332108546,-0.7228805422782898,-0.013181423768401146,0.15070022642612457,0.41297996044158936,0.26542799319759647,0.110218564191078,0.28068384528160095,0.04312512278556824,0.01695975288748741,0.37724757194519043,-0.6945114921256392,-0.08210769021775155,0.3586311936378479,0.05644714832305908,0.060869988054037094,0.3033614456653595,0.16205303370952606,1.044651985168457,-0.27790603041648865,-0.39721184968948364,0.7234506607055664,-2.170908223836625,-1.843610372375864,0.7811283085035033,-2.2248381587600385,-1.8522613253333924,1.2971187511127396,-2.428855662485508,-2.194278748882342,0.019367225632091773,-2.098708958345183,-1.6709886135187788,0.0008028480581230048,-2.3106328997071994,-2.0721821428370077,0.01539266235115131,-1.9713002142428593,-1.5584985655954806,-0.0028028480581227602,-2.248233514352011,-2.0619385174674294,0.39760245156044133,-2.1832741504291873,-1.7221981563387019,0.31885068847021664,-1.9707101451665718,-1.9288061001961312,0.6580683606384409,-2.5030131122889903,-1.9238255855863484,0.723915763594229,-2.0033268146960586,-1.8897391348177506,0.8351827002304028,-2.3993720296613037,-1.8032109097247362,0.8170296195058351,-2.108013034655489,-1.8965591767382806,1.0042259040704178,-2.2833949071402593,-1.8008398416504678,0.9883768475028276,-2.096065730556736,-1.900946302570222,0.6241179507623619,-2.1982387384038873,-1.8187952080306187,0.6266656772607786
8.833333333333313,0,0-ACCAD_Female1Walking_c3d_B21 - put down box to walk_poses,263,-2.203357321675867,-1.8854658869095147,0.6944806923362368,0.3487156765147077,0.010195390081706376,-0.007857974465418647,-0.9371401619882014,-0.6994460821151733,-0.027635231614112854,0.1527269035577774,0.4270768463611603,0.2288621163692779,0.1147984884007538,0.31931954622268677,0.028214726597070694,0.020530693233013153,0.4177747964859009,-0.7735765791227891,-0.07401415899066821,0.35546404123306274,0.04964347556233406,0.06175660714507103,0.31313738226890564,0.16745954751968384,1.0603351593017578,-0.2743012607097626,-0.39181992411613464,0.7244508862495422,-2.205201527935034,-1.8848945772424526,0.7694558382749942,-2.2563229568275998,-1.8933420292919705,1.285717391964474,-2.456400464565846,-2.219983185031671,0.0010436811674864356,-2.115947275142692,-1.6884857268045548,0.0074426259078686045,-2.3372718392775425,-2.0987740100239116,-0.0030436811674865068,-1.9889541370620878,-1.575540986754737,0.003414155289911569,-2.2816255430372903,-2.0992260186789125,0.3823297383719375,-2.212786403706552,-1.7563553767314117,0.3078843039418723,-2.001041350260847,-1.9661461409456038,0.6460298369669456,-2.5359296328379664,-1.9636969714315575,0.7124924964038403,-2.035702248610871,-1.9305462364225567,0.8234864038437093,-2.43200652980959,-1.8436041719967544,0.8059658743519689,-2.141150590160974,-1.9381668865783335,0.9922507205427339,-2.316244979987347,-1.841785237932205,0.9772601449839267,-2.1306745496822717,-1.9432662101255376,0.6131112191047623,-2.233132501272052,-1.8613458444955355,0.6145745557875342
8.866666666666646,0,0-ACCAD_Female1Walking_c3d_B21 - put down box to walk_poses,264,-2.23870907491073,-1.9259937074966729,0.7029390632234507,0.3478489090197091,0.006782096474834278,-0.011698639654105022,-0.9374530822880939,-0.661821722984314,-0.044679272919893265,0.15518735349178314,0.44711774587631226,0.17824193338045724,0.11981609270707239,0.34381431341171265,0.01563764549791813,0.02310740016400814,0.47054746747016907,-0.8448468360571595,-0.06938133827098536,0.3405481278896332,0.04697856307029724,0.06390632688999176,0.3170018494129181,0.16694678366184235,1.0698813199996948,-0.25221431255340576,-0.3760969042778015,0.7337283492088318,-2.2402731633535407,-1.9247025403552707,0.7779116349730981,-2.2889525060609355,-1.9292860044073672,1.2944464272551073,-2.4815395473249784,-2.2400434861128233,0.0011197154470389097,-2.140339507297239,-1.7134375663958403,0.031712378555920594,-2.3613829106591577,-2.1198585873490754,-0.0031197154470388247,-2.013638059672146,-1.600185595483084,0.02715889043338185,-2.315840745925833,-2.1346117607321298,0.3859549144386038,-2.2476746518299713,-1.7947592892276534,0.3150423580182894,-2.0366324341630238,-2.007318038148575,0.653974804157685,-2.566111742899106,-1.993682894884019,0.7154996326052625,-2.0710017547861685,-1.9722410163428516,0.8315921359282993,-2.461968137296857,-1.877105605134427,0.8130875884757028,-2.1759704684461028,-1.977793420356303,1.0007140339375715,-2.349500536021882,-1.8785860808702988,0.9859693962935238,-2.1670091932009896,-1.9851800457247606,0.6224456679412238,-2.2691687939335856,-1.9029599402422546,0.6227148572465769
8.899999999999979,0,0-ACCAD_Female1Walking_c3d_B21 - put down box to walk_poses,265,-2.273731572087854,-1.9668056038208306,0.7143073434550775,0.3498243348301983,0.0036280619100438304,-0.01277527972639151,-0.9367211773816682,-0.6115623116493225,-0.06416093558073044,0.1575242429971695,0.4694025218486786,0.10972420919405734,0.1309274770125617,0.34872591495513916,0.007220057770609856,0.02389047108590603,0.5337534546852112,-0.9101714182732619,-0.061401410425952374,0.3130140006542206,0.04670983925461769,0.06659585237503052,0.3084421157836914,0.16148728132247925,1.0706419944763184,-0.21616318821907043,-0.3511522114276886,0.7488117814064026,-2.274911710011336,-1.9652009502124883,0.789280887864281,-2.321865778744213,-1.968055804443707,1.3059799905324443,-2.499832442913779,-2.2520669935926287,0.0011967474736043655,-2.1718165298972183,-1.7426164691740829,0.05704749188549581,-2.379557024145295,-2.1320065053285266,-0.0031967474736042736,-2.0458817195988286,-1.6285404159644505,0.05184387398813728,-2.3470722342224475,-2.1667128635496713,0.38933243144127055,-2.287169178282871,-1.8361309202500695,0.3238619709322946,-2.076811981745127,-2.0544552188506,0.6638695821830638,-2.591754636454275,-2.018913639160362,0.7164262274770875,-2.1081699528145803,-2.017616638321657,0.8416873564329627,-2.488497120468744,-1.9086211717525718,0.8219393604500373,-2.2110853104119004,-2.019542865489311,1.0119163928351949,-2.3823181230264616,-1.9163537435432325,0.9976505631676305,-2.2029810910348306,-2.026685640942244,0.6344423995537513,-2.3047889731608877,-1.9443164882895911,0.6341044165964205
8.933333333333312,0,0-ACCAD_Female1Walking_c3d_B21 - put down box to walk_poses,266,-2.306112868245691,-2.0034126308746636,0.7251862549859436,0.35662973692426575,0.0007784408816734396,-0.01306694023116812,-0.9341540985534013,-0.5544189214706421,-0.08364546298980713,0.15901316702365875,0.485624223947525,0.03979599331913386,0.1435013359582593,0.3294248580932617,0.0045872158370912075,0.02270762249827385,0.6041231155395508,-0.9597646385279681,-0.057227016036462075,0.2729254364967346,0.04466167092323303,0.0695740208029747,0.2791110873222351,0.15457993745803833,1.0598092079162598,-0.17866134643554688,-0.3260916471481323,0.7654802799224854,-2.3069209547252627,-2.0016232927838153,0.8001605523513619,-2.351551523806862,-2.004176680121675,1.3170552066136174,-2.5105632548597314,-2.259434654343499,0.0012281483466907266,-2.20955984712016,-1.7758949297170477,0.07648389547736231,-2.3916437894758285,-2.1380332450741366,-0.0032281483466909434,-2.0852644418837722,-1.6600684599320166,0.07057787022687323,-2.3720891134079496,-2.193229791385882,0.39108779461765153,-2.3295706672612515,-1.87879953130679,0.3303581119455561,-2.120490534794115,-2.1055513354381956,0.6723620156708221,-2.613654128701452,-2.0387909754215943,0.7171473438341253,-2.1449741913238243,-2.062741600210939,0.8499216995432469,-2.511605373948033,-1.9358041710355292,0.8308985371456279,-2.2434512929626456,-2.0580099939134064,1.0224148435821447,-2.412068177794091,-1.9504799976245437,1.009079516519931,-2.2358224066251897,-2.0632537956695165,0.645899270129041,-2.337577300661732,-1.9812841168691688,0.645247622145007
8.966666666666645,0,0-ACCAD_Female1Walking_c3d_B21 - put down box to walk_poses,267,-2.333644730504602,-2.036165860015899,0.734672967947029,0.36634454894173474,-0.0040246159601852035,-0.0131748929972532,-0.9303772869763971,-0.4897336959838867,-0.09985150396823883,0.15847305953502655,0.4889988303184509,-0.020212963867532352,0.15530386615334746,0.28123995661735535,0.004620166961103678,0.022840332239866257,0.6723248958587646,-0.9746644198328132,-0.05023784354444483,0.2238791286945343,0.04233180731534958,0.07477182149887085,0.2299187183380127,0.14725834131240845,1.0374561548233032,-0.14411979913711548,-0.30483847856521606,0.7831566333770752,-2.3338070513477436,-2.034106057417661,0.8096445016461615,-2.3748818641155447,-2.0367354284893544,1.3268158580766474,-2.515834173444914,-2.2656675159450814,0.0011872726106573472,-2.256438460258341,-1.8170542172449013,0.08384394976119083,-2.399364077902943,-2.1419113839816477,-0.003187272610657453,-2.134682784428356,-1.6985975537375457,0.07724286849455528,-2.3900660041015422,-2.215122034439787,0.3912090255869247,-2.3749618666990133,-1.9247290531075725,0.3342214519918151,-2.1659533113126574,-2.160228055539674,0.6796332609058118,-2.6310264911625025,-2.054254893859346,0.7185394254726741,-2.1791911061333016,-2.107443722513575,0.8556961450678195,-2.529765105068089,-1.9591045847199062,0.8395853446978806,-2.2703831053950068,-2.0929009179390565,1.0313127678551874,-2.436008455416985,-1.9806593919094257,1.0193851459364267,-2.2638804499273144,-2.095775936409213,0.6557926052684372,-2.365448152955644,-2.0142072637269046,0.6552887352782494
8.999999999999979,0,0-ACCAD_Female1Walking_c3d_B21 - put down box to walk_poses,268,-2.359413248952478,-2.0662483242340386,0.7442376527581099,0.3742092772693423,-0.006963632483296589,-0.012638171679351329,-0.9272320104724585,-0.41816261410713196,-0.11008737981319427,0.15501683950424194,0.4767175614833832,-0.07397871220994001,0.16097276787977544,0.2051389515399933,0.0056973849423229694,0.0263960100710392,0.7244452834129333,-0.9486172922280001,-0.04139834150837873,0.17057651281356812,0.04079796001315117,0.08104368299245834,0.16950443387031555,0.14078061282634735,1.0063929557800293,-0.11111149936914444,-0.28621575236320496,0.8015691637992859,-2.359154111673847,-2.064099668251986,0.819206420423996,-2.3992085306269786,-2.067888998249485,1.336432671913068,-2.516240318191249,-2.269507056980113,0.0010684687497699852,-2.3109121642207677,-1.867045231498436,0.08110971889661342,-2.402248089896363,-2.143456838271491,-0.0030684687497700286,-2.191692668961225,-1.7460671991698176,0.07396635526624694,-2.403189863234584,-2.2320100573938433,0.3905409684050335,-2.4223107852790444,-1.9730700195822362,0.33927162792102905,-2.215178113374764,-2.2166416554100254,0.6895149681745014,-2.6462839414460824,-2.0648614580686813,0.7195707649802149,-2.2146862274532704,-2.1524299292950992,0.8622464837753032,-2.5460000303292594,-1.978876743150543,0.8480594032939885,-2.29744326846745,-2.1263596466812755,1.040423138621894,-2.4589342526330036,-2.0081578061531222,1.0294153309837704,-2.2902896829984254,-2.12586377229108,0.6658199871169372,-2.390734319147315,-2.0436322212005775,0.6654409530117769
9.033333333333312,0,0-ACCAD_Female1Walking_c3d_B21 - put down box to walk_poses,269,-2.384444577153772,-2.0945660141296685,0.7532005518507849,0.3761817119816457,-0.009239049952139948,-0.0117501334985789,-0.9264253309842653,-0.3428732752799988,-0.11280148476362228,0.14852727949619293,0.4481966495513916,-0.11534113918047839,0.1589625955051015,0.10846558213233948,0.010789833031594753,0.031294193118810654,0.754240095615387,-0.8798587696421571,-0.03556991485004879,0.11663322150707245,0.040616899728775024,0.08644267171621323,0.1044379472732544,0.13890932500362396,0.9691070318222046,-0.07841026037931442,-0.2679470181465149,0.8199018239974976,-2.3838237114676146,-2.092411836688127,0.828167037998597,-2.4240044393962155,-2.096389743142593,1.3453693814038374,-2.5162420368292353,-2.273732190721684,0.0008934798477002459,-2.3710518132338367,-1.9280936469386791,0.0700325621251972,-2.4034547523550382,-2.1465917667912833,-0.002893479847700147,-2.2530667793912693,-1.8059301240899068,0.06257565429784309,-2.4145565013446313,-2.2457648370544616,0.3897023541807574,-2.4704440893984745,-2.0235697696447335,0.34687898571872317,-2.2685382788544817,-2.27374668166679,0.7021256706659129,-2.6592021719120575,-2.0707055997712356,0.7202502002883829,-2.2520355526013085,-2.197904382577933,0.8692638467337919,-2.5598962028554717,-1.9951037149682782,0.8558313336666702,-2.3252976284988702,-2.1586279925454304,1.0490924924917322,-2.4807508734172297,-2.03254591824353,1.0386147024536272,-2.316706972637777,-2.1550932171376007,0.6751882447354739,-2.414535861584634,-2.0704125167067473,0.6748739922158536
9.066666666666645,0,0-ACCAD_Female1Walking_c3d_B21 - put down box to walk_poses,270,-2.4090193337760866,-2.1214758423157036,0.7613743547074803,0.37308452973756745,-0.009213677818931476,-0.010203627039171242,-0.9276954930400343,-0.2679254412651062,-0.10960883647203445,0.14045153558254242,0.4048369824886322,-0.14513817150862818,0.15003635919038616,0.00013482173380907625,0.020260639488697052,0.03620875999331474,0.761573314666748,-0.7802797112133106,-0.03478384612522212,0.06385994702577591,0.04316144064068794,0.09053321182727814,0.0387895368039608,0.14454269409179688,0.9279544353485107,-0.044652700424194336,-0.24990546703338623,0.838252604007721,-2.4083082329773737,-2.119540341394734,0.8363460038279245,-2.451434370285071,-2.1230268163989185,1.3533102677822566,-2.51518622926941,-2.278867576047071,0.0006770093004745924,-2.4340091726263746,-1.9963576697830598,0.056353140124209423,-2.4023628375745223,-2.1517470315010128,-0.002677009300474289,-2.3160891613591454,-1.8741364481240366,0.04881364949735549,-2.4237408647343863,-2.2569991173213686,0.389102657490786,-2.517035304691752,-2.073220525148803,0.35789032921015884,-2.3246033290401105,-2.329165682352916,0.7176825721580142,-2.6689230498715357,-2.0734316421454206,0.7194180736542715,-2.2913160405654245,-2.2430184036249354,0.8771509608685506,-2.5718423039385296,-2.009132697735343,0.8622485281134271,-2.3550656209293095,-2.189908546279553,1.0572755950402444,-2.502733871806747,-2.054812443453363,1.0465370856476992,-2.3430526794635926,-2.183455345021626,0.683727090019121,-2.4370752555231427,-2.095022379604702,0.683228146122611
9.099999999999978,0,0-ACCAD_Female1Walking_c3d_B21 - put down box to walk_poses,271,-2.434025628026575,-2.147446778137237,0.7679250381554023,0.36713050437292283,-0.008926433357439461,-0.007123519533097627,-0.9300993318005664,-0.19425135850906372,-0.10582610964775085,0.13331668078899384,0.3518952429294586,-0.16545492019089791,0.14328388033823303,-0.1132647842168808,0.0349184013903141,0.03960750624537468,0.7475554347038269,-0.6545775462292758,-0.03508649222430438,0.014003712683916092,0.04836410656571388,0.09232337772846222,-0.02521011419594288,0.15932847559452057,0.8847494721412659,-0.010437948629260063,-0.23340736329555511,0.8557552099227905,-2.433172546769272,-2.145961366126451,0.8429054742939488,-2.478979739858259,-2.14809612982362,1.3596528811241355,-2.5176649401411044,-2.2829059681597506,0.0004232884888107531,-2.5028370427665023,-2.0699215207205666,0.043115008981719424,-2.4039944097121673,-2.156529912233343,-0.0024232884888106924,-2.3844052114733807,-1.948188573412813,0.03569942563815873,-2.433593625419767,-2.2659073736171464,0.38848202774445983,-2.563609561277404,-2.1207706251868963,0.37197122515778036,-2.3826260638702053,-2.381582343890362,0.7346405968258944,-2.6769019656517394,-2.0758103262692083,0.7181479906625093,-2.33194886151478,-2.287007028176932,0.884463475663876,-2.582935204547445,-2.022752882097813,0.8675291127286388,-2.3856168804704128,-2.220024272449142,1.0638381622627207,-2.524507123739577,-2.0759360426474682,1.0528715193282414,-2.3702892879654285,-2.211029260018442,0.6902689115817403,-2.459796006585333,-2.1182465794364713,0.6897592571496789
9.133333333333312,0,0-ACCAD_Female1Walking_c3d_B21 - put down box to walk_poses,272,-2.4569834298454225,-2.1715387371368706,0.7726327113755866,0.36014616839698727,-0.008484990086853102,-0.0017192487919777714,-0.9328557158080697,-0.11973845213651657,-0.10226279497146606,0.12717744708061218,0.2960532605648041,-0.1858263896620973,0.14103092293446928,-0.22658094763755798,0.05523689091205597,0.04016315937042236,0.7138100862503052,-0.510033158507404,-0.03574109161051875,-0.031705982983112335,0.054415054619312286,0.09129244834184647,-0.08571416139602661,0.18500426411628723,0.8412216305732727,0.02368965558707714,-0.22108930349349976,0.8716688752174377,-2.455889016250001,-2.170839789977197,0.8476214687446092,-2.502451253871596,-2.1723088186006985,1.3643192895836196,-2.5190224880058087,-2.2819156587638534,0.0001479606419109089,-2.5742570999637446,-2.1450050475100193,0.03373240572733584,-2.4042284891585166,-2.1565479333553323,-0.002147960641910803,-2.455278584809268,-2.0237876962391876,0.02662841512206182,-2.4412652469039524,-2.270990694105112,0.3874272939490016,-2.6067016799078493,-2.163725593367117,0.38841123333839467,-2.4379121497813325,-2.429447961771307,0.751889430700699,-2.6821000533847164,-2.0778294120693195,0.7173320368570971,-2.3701052107607987,-2.328667947049067,0.8904721563825774,-2.5915365620218473,-2.035842386664619,0.8722349352612289,-2.4133010682560285,-2.2484448156466077,1.0682581751693399,-2.5431760917916586,-2.096142663902704,1.0578313954269403,-2.3958006651548813,-2.236504692533644,0.6944546370951519,-2.480478178878261,-2.139277789604557,0.6943241673615204
9.166666666666645,0,0-ACCAD_Female1Walking_c3d_B21 - put down box to walk_poses,273,-2.482488018926233,-2.1964785126037896,0.7750673338521816,0.3563952817151906,-0.006816488442811537,0.0037605147945127906,-0.9343028401888434,-0.04447394236922264,-0.09669298678636551,0.12096208333969116,0.24124448001384735,-0.21006928442375306,0.13589973242479036,-0.3347688913345337,0.08079826086759567,0.037026625126600266,0.662760853767395,-0.3543782399871056,-0.04242593165261477,-0.07301566749811172,0.05892216041684151,0.0887877345085144,-0.14023135602474213,0.21892324090003967,0.7998851537704468,0.05877942591905594,-0.2122860550880432,0.8865146636962891,-2.4813316847899602,-2.19664112690392,0.85005824295425,-2.528176476474762,-2.198552694225515,1.366745485414596,-2.518545900200432,-2.2820630425681907,-0.00011676844783417226,-2.6474586809885685,-2.225506787473559,0.0295226900852065,-2.4034321810232124,-2.15698022494207,-0.0018832315521660238,-2.5290514829233888,-2.103703742079765,0.02290804125471968,-2.44889861926639,-2.2768100327232075,0.38606122479422833,-2.6481699985921052,-2.2064656577680686,0.40483621067618586,-2.491439012651359,-2.4747797270042637,0.7682052554098953,-2.689807918722276,-2.0838223435246084,0.7155644022211691,-2.4088837457686023,-2.369460465589808,0.8949019218585378,-2.603771093047223,-2.0519908588197233,0.8753892607801905,-2.442788548405977,-2.277329903657707,1.0702666798923688,-2.5649655724606997,-2.11873214258398,1.060690152571222,-2.4232902699429664,-2.262295242402801,0.6962776619393164,-2.5038524766750436,-2.161407863870682,0.6963753846351353
9.199999999999978,0,0-ACCAD_Female1Walking_c3d_B21 - put down box to walk_poses,274,-2.5085600442253053,-2.221252348739654,0.7748991923464947,0.35312101531367956,-0.005169443396662065,0.009807468633075783,-0.9355119662290889,0.029567772522568703,-0.09046004712581635,0.11510109156370163,0.19004207849502563,-0.23720251333261433,0.1314914549191224,-0.43354368209838867,0.1105012446641922,0.02995053492486477,0.5976868867874146,-0.19377553026472993,-0.052213763983754324,-0.11114273965358734,0.06076379492878914,0.08561111986637115,-0.19014176726341248,0.25628387928009033,0.7615452408790588,0.0938941091299057,-0.2060534805059433,0.9005164504051208,-2.507315149309652,-2.2223547835142274,0.8498807559085917,-2.5527201990716826,-2.226440310218222,1.3666956992566799,-2.5181531366091443,-2.281502030388536,-0.00036575575871464205,-2.7185314979024757,-2.3072185785494734,0.031186613284146826,-2.4026935165673944,-2.156732374314696,-0.0016342442412854083,-2.6011466378236983,-2.184398203143041,0.025190780622306605,-2.4571091360719772,-2.282642505383274,0.3841796356218614,-2.6861161172443753,-2.2464306726749763,0.41962653158310204,-2.5435279218109996,-2.5167189769915987,0.7821098620566983,-2.6979652716965776,-2.0911401051883973,0.7132006958731872,-2.447415571807016,-2.4090035787474178,0.8966496951366241,-2.616664246798055,-2.069333960828823,0.8771342178349488,-2.4718314490405837,-2.3064783433009994,1.069294366898641,-2.5867225676358108,-2.1424340963241963,1.0614393811092737,-2.4513129881981874,-2.2877249093000587,0.6952413738083076,-2.528067468513698,-2.183530841779576,0.6957450737024269
9.233333333333311,0,0-ACCAD_Female1Walking_c3d_B21 - put down box to walk_poses,275,-2.5353578156791627,-2.246420052368194,0.7718825206056272,0.34985225694125205,-0.004066760045329029,0.013964308981529432,-0.9366919759720984,0.10164310038089752,-0.08635563403367996,0.11042845249176025,0.14557527005672455,-0.26704791064627686,0.12684222684527668,-0.5189898014068604,0.14230506122112274,0.019577354192733765,0.523576557636261,-0.03457581162945522,-0.068062322764737,-0.1468896120786667,0.060659077018499374,0.08126082271337509,-0.23798151314258575,0.2952371835708618,0.7255610227584839,0.1276952475309372,-0.20411373674869537,0.9139796495437622,-2.5340536037016914,-2.2481686760170985,0.8468507895362376,-2.5768485371100662,-2.2531889242057757,1.363889923996778,-2.518526530874627,-2.282893970498959,-0.0005814146337646126,-2.784178733401257,-2.390026013731725,0.03788441513279886,-2.402594033540975,-2.1585599236447393,-0.0014185853662353753,-2.668105879565029,-2.2659336485121258,0.03257616716200446,-2.4667290491219434,-2.2908284775775734,0.38177371059594445,-2.7203614937750467,-2.285092391686009,0.430823887536114,-2.595393754777372,-2.556285207843925,0.7951463768988596,-2.7073607063864777,-2.09999976530892,0.7090941234852897,-2.486614892947883,-2.447475933971936,0.8965725339920845,-2.6306949450911716,-2.087448661550773,0.8762000630674347,-2.5010024985980044,-2.334933425774334,1.0656252026249324,-2.60878849394666,-2.1660721043566835,1.0592834177196675,-2.4800095143992738,-2.313788205092071,0.6914863099828561,-2.553254670249793,-2.206624178288844,0.6920958388076763
9.266666666666644,0,0-ACCAD_Female1Walking_c3d_B21 - put down box to walk_poses,276,-2.5636776513420045,-2.2733143833465874,0.7658935989704343,0.34997141245819896,-0.0027805632127320995,0.017110759973349158,-0.9365999684088013,0.1710975468158722,-0.0846082791686058,0.10691149532794952,0.11025471240282059,-0.30370645472477564,0.12328212699622765,-0.5882043242454529,0.17153006792068481,0.008222038857638836,0.44947105646133423,0.1082852764461466,-0.08554442842259369,-0.1803339570760727,0.05949840322136879,0.07611207664012909,-0.2819835841655731,0.33227577805519104,0.692690372467041,0.1607581377029419,-0.20774665474891663,0.928156316280365,-2.562388768504008,-2.2755723062889124,0.8408485225246375,-2.6023158712259056,-2.2815289059621553,1.358116478137035,-2.519747243808327,-2.285536704447772,-0.0007581886734775514,-2.8419825090614217,-2.469630953443392,0.046971433433917395,-2.4042127194210705,-2.160830891496892,-0.001241811326522558,-2.728157870717471,-2.3434478528192124,0.0423048690941744,-2.4783932589847257,-2.301486342429337,0.3783060727009335,-2.752182220703325,-2.3235917365011263,0.4366784562810285,-2.645008858531741,-2.5947146323903905,0.8056063861782329,-2.719791273918585,-2.111946371476799,0.7028350478877365,-2.525705149984505,-2.485594652019722,0.8940316043851972,-2.6480453590018453,-2.1080584889425107,0.8725317545921614,-2.5309095714699046,-2.3643814620761483,1.0590625976903438,-2.633037218703624,-2.1919942095703338,1.054086279372393,-2.5095998279094416,-2.3412425348996417,0.6848054721660071,-2.58047131585699,-2.2319888063603526,0.6854764600837215
9.299999999999978,0,0-ACCAD_Female1Walking_c3d_B21 - put down box to walk_poses,277,-2.591707570012659,-2.3016485241241753,0.7575609420951015,0.3510852850407101,-0.002306800028463671,0.020642423268564327,-0.9361130763231083,0.23680801689624786,-0.08254358917474747,0.10367292165756226,0.08509533852338791,-0.34615369780818006,0.12169494133140546,-0.6379793286323547,0.19302703440189362,-0.0011209414806216955,0.3889135718345642,0.2178590587341167,-0.0968947948792851,-0.20976106822490692,0.059087157249450684,0.07079917937517166,-0.31784409284591675,0.3629671335220337,0.6643640398979187,0.19317378103733063,-0.21450504660606384,0.9438430070877075,-2.5902965685034163,-2.3044255879446514,0.832496227450386,-2.626493374260796,-2.3114560563611244,1.3500374689599446,-2.521913153221337,-2.2891779367785166,-0.0008935585498189499,-2.891493155919538,-2.5364829952409798,0.05437194683785948,-2.4069383087944356,-2.163955175948544,-0.001106441450181149,-2.779808530922023,-2.4083849941053876,0.05019502880774076,-2.491671071507961,-2.3146143229072584,0.3736313847831005,-2.782304545135698,-2.359550274850018,0.4371259739974151,-2.6903033989422926,-2.631046369302014,0.8119816003382924,-2.732674975048071,-2.126309735744457,0.6951044515744836,-2.5625423381148513,-2.5226995357844992,0.8887776888268537,-2.66603052345548,-2.130750460850799,0.8668553212567675,-2.559544009539358,-2.394942039114862,1.0501299792956675,-2.656989344374851,-2.219830106720505,1.0466082251996447,-2.538812329476089,-2.369925258073955,0.6755692339460926,-2.607971727721596,-2.2591084587012653,0.6767548753672491
9.33333333333331,0,0-ACCAD_Female1Walking_c3d_B21 - put down box to walk_poses,278,-2.621533257421106,-2.3313452270813286,0.7465944202984502,0.35434731000935493,-0.0006442687158257755,0.022797143274380684,-0.9348357390822642,0.2973959147930145,-0.08082367479801178,0.10081630945205688,0.07034453004598618,-0.3955861900873363,0.11778415770090134,-0.6666100025177002,0.21162672340869904,-0.010005381889641285,0.34976863861083984,0.28253197095404037,-0.11205797693842823,-0.23405340313911438,0.0609511099755764,0.06563761830329895,-0.3416648507118225,0.38266289234161377,0.6417649388313293,0.22406969964504242,-0.2209421843290329,0.9609653949737549,-2.620231198648661,-2.334507720490653,0.8215164015749026,-2.655001562047509,-2.341176418198564,1.3391786491825215,-2.524624413072446,-2.2950676116851323,-0.0009722828803532951,-2.927035431709979,-2.592807620340312,0.054188924649349005,-2.4107232891148147,-2.168867251589634,-0.0010277171196465887,-2.817652793023069,-2.4627300237048977,0.050282877101860454,-2.5072319556690834,-2.3306421745510586,0.36755005152441134,-2.810444437855964,-2.395186373260467,0.43072301672126806,-2.731869164554225,-2.665054534026992,0.8122174547281638,-2.7483038288647874,-2.144572798904224,0.6839505161728379,-2.5986115010300685,-2.5576572312233528,0.880538598357016,-2.687930914025767,-2.1557856340007664,0.8577001857757071,-2.5903778167333638,-2.425592465670111,1.0390214710565533,-2.684764940160752,-2.2488057927070266,1.0359024818378384,-2.5691268508655525,-2.3997717278865123,0.6639158564503953,-2.6375351999736045,-2.2880978950597153,0.665559579602389
9.366666666666644,0,0-ACCAD_Female1Walking_c3d_B21 - put down box to walk_poses,279,-2.6526149339042604,-2.3625642326660454,0.7334725394711437,0.35793367184244357,0.0016932137174696632,0.02655091284807464,-0.9333679170700194,0.3505547344684601,-0.07960923761129379,0.09840233623981476,0.06564272940158844,-0.4508243665707026,0.11824438645831026,-0.6726625561714172,0.22717566788196564,-0.01793850027024746,0.33437657356262207,0.296868026881981,-0.1243755809842857,-0.2504176199436188,0.06748496741056442,0.059340815991163254,-0.3521108329296112,0.391187459230423,0.6249379515647888,0.25098204612731934,-0.22441281378269196,0.9781731963157654,-2.6514264727493826,-2.3663724069297087,0.8083663667792798,-2.6855319938902844,-2.372317932896177,1.3261171275411552,-2.5309624010828426,-2.300804779853858,-0.001018567510117141,-2.951338596100452,-2.6333515741993616,0.04334296699434053,-2.418210889841114,-2.1735762636568334,-0.0009814324898827984,-2.8437381077080572,-2.501793636319732,0.039516234892702826,-2.5263368063768508,-2.3484378534662937,0.3596797741273534,-2.8374689773397708,-2.4282167643329418,0.4179980859063937,-2.7691959311071215,-2.6978347677469925,0.8053977188059642,-2.7671192359994836,-2.167660743732083,0.6705403308175442,-2.63283178853724,-2.591317292930637,0.8687886675612567,-2.713081427872556,-2.183991151327801,0.8459621005177816,-2.6220797077328175,-2.457373808015952,1.02589065535942,-2.7149024343851065,-2.2797592212567652,1.0228599974774382,-2.6004788416102165,-2.4306828494516783,0.6498487936887105,-2.668711174584358,-2.3186484838209114,0.6526972424647001
9.399999999999977,0,0-ACCAD_Female1Walking_c3d_B21 - put down box to walk_poses,280,-2.6847411221824586,-2.396329310256988,0.7185758605760466,0.3595125746894179,0.006006161963438027,0.03076883749244774,-0.9326134854793908,0.39490440487861633,-0.07543564587831497,0.0955740213394165,0.07041477411985397,-0.5108546670542284,0.1164046847041802,-0.6627835035324097,0.23689651489257812,-0.023553645238280296,0.338011771440506,0.27147708844017826,-0.1331271808581953,-0.2561025321483612,0.07452333718538284,0.05304519459605217,-0.34652742743492126,0.38822445273399353,0.615997850894928,0.2696772813796997,-0.2274848371744156,0.992016613483429,-2.6839220687308534,-2.4009575187864063,0.7934284412747215,-2.7193355175993417,-2.4074194670828613,1.311125011315129,-2.5375301404516213,-2.3112661418355844,-0.0010095468247259924,-2.9692964013744763,-2.660691243461517,0.023164818454871214,-2.4251723877441256,-2.1836897527898294,-0.0009904531752739122,-2.8621093527126305,-2.52879748160746,0.019295427915225805,-2.5470644616303355,-2.3710514909689144,0.35019158328719463,-2.8641481993419076,-2.45944335680687,0.40002121570311167,-2.8023265632644914,-2.7305743889278196,0.7893924470814984,-2.7909437899912013,-2.195959684728754,0.655714350367932,-2.6653405330547435,-2.624956491084501,0.8529475522006049,-2.742204505464191,-2.216186673936361,0.8322785462162372,-2.655362537473477,-2.49210910581936,1.0109055049299058,-2.7477164618651964,-2.3142488579727925,1.0079610549972198,-2.6327246229345884,-2.4640211706625323,0.6340402472910186,-2.7007121896411457,-2.351719226591177,0.6383525173650886
9.43333333333331,0,0-ACCAD_Female1Walking_c3d_B21 - put down box to walk_poses,281,-2.7183786458335817,-2.431378271896392,0.7060091979329297,0.36175526253250423,0.00816414115773089,0.03401977692880816,-0.9316164079742851,0.42729416489601135,-0.06791779398918152,0.09230414777994156,0.08271659910678864,-0.5619258698116503,0.11272656584289753,-0.648813784122467,0.2403838336467743,-0.02646510675549507,0.350297749042511,0.23763352304785101,-0.1353209600840768,-0.2526516318321228,0.07969947159290314,0.04889249429106712,-0.32544177770614624,0.37375834584236145,0.6161296367645264,0.27836132049560547,-0.22767679393291473,1.0000905990600586,-2.717673498012389,-2.4365752924079476,0.7808255981694603,-2.753461429758627,-2.4437095645846414,1.2985173259227758,-2.5511252095692654,-2.329760799118512,-0.0009503824994447525,-2.9907994615306968,-2.685493419806253,0.004643703254281935,-2.438981599873178,-2.2019961680317115,-0.0010496175005552597,-2.883828974386723,-2.5534261947532317,0.0006987131433207096,-2.572731134596261,-2.399001972155441,0.34139728757607546,-2.894270650411165,-2.4918073238305865,0.38447274261524755,-2.8298109381406236,-2.762282158888245,0.7698420331655424,-2.822174064422789,-2.22973782825948,0.6432413258524082,-2.6948501723575573,-2.6567417432782454,0.8377123254611039,-2.776006564706422,-2.2513718550116892,0.820329143221622,-2.688570298391136,-2.52752611475154,0.9982498516641464,-2.782355831067536,-2.3504143856546102,0.9954401938736832,-2.666434146509846,-2.4986481491946915,0.6207028753331209,-2.734620589076951,-2.386433789277632,0.6263011725243907
9.466666666666644,0,0-ACCAD_Female1Walking_c3d_B21 - put down box to walk_poses,282,-2.7528751916252077,-2.467890885192901,0.7102402940375475,0.3629001556566259,0.013948226292967594,0.039681339668563284,-0.9308782494449986,0.4410817623138428,-0.060392770916223526,0.08965319395065308,0.094109907746315,-0.6021176470949916,0.11199636863568041,-0.6348127722740173,0.23961766064167023,-0.02711748518049717,0.3631936311721802,0.19455186550184056,-0.13195328992177147,-0.24632181227207184,0.08368875831365585,0.04599561169743538,-0.3022776246070862,0.35625332593917847,0.6203484535217285,0.2791149616241455,-0.2253904640674591,1.0024666786193848,-2.752662752045019,-2.474190931617774,0.7849749197773558,-2.791797290003228,-2.4866110372934043,1.3023475710312002,-2.5704915321159105,-2.352545012404447,0.013553102749711634,-3.012948876040165,-2.7040043782464966,0.0009947286887895118,-2.4582776696669844,-2.2248421887838927,0.013358388520377757,-2.9055361311622065,-2.5722979377524378,-0.002994728688789434,-2.601085680144775,-2.4293078514621587,0.3483416523093068,-2.9247555500758526,-2.5220859578577772,0.38441458135582773,-2.8576788921298273,-2.794890823022206,0.7623636344842689,-2.857058923906795,-2.2670331800923966,0.6485455498487356,-2.7257205798850173,-2.690318372710556,0.837271382210969,-2.8125288463764826,-2.2900164274244306,0.8258825362373259,-2.7242288060425146,-2.566881894860691,1.001702067970946,-2.819505563823724,-2.3905534886168796,1.0000235334261238,-2.7004240422831005,-2.533971474845691,0.6241435353024446,-2.768892847182015,-2.4220182622640425,0.6312892072700292
