timestamp,motion_id,motion_key,frame,qpos_0,qpos_1,qpos_2,qpos_3,qpos_4,qpos_5,qpos_6,qpos_7,qpos_8,qpos_9,qpos_10,qpos_11,qpos_12,qpos_13,qpos_14,qpos_15,qpos_16,qpos_17,qpos_18,qpos_19,qpos_20,qpos_21,qpos_22,qpos_23,qpos_24,qpos_25,qpos_26,qpos_27,pelvis_x,pelvis_y,pelvis_z,head_x,head_y,head_z,ltoe_x,ltoe_y,ltoe_z,rtoe_x,rtoe_y,rtoe_z,lheel_x,lheel_y,lheel_z,rheel_x,rheel_y,rheel_z,lknee_x,lknee_y,lknee_z,rknee_x,rknee_y,rknee_z,lhand_x,lhand_y,lhand_z,rhand_x,rhand_y,rhand_z,lelbow_x,lelbow_y,lelbow_z,relbow_x,relbow_y,relbow_z,lshoulder_x,lshoulder_y,lshoulder_z,rshoulder_x,rshoulder_y,rshoulder_z,lhip_x,lhip_y,lhip_z,rhip_x,rhip_y,rhip_z
0.03333333333333333,0,0-ACCAD_Male2General_c3d_A6- Box lift_poses,0,0.6345799412811175,0.5419611930847168,0.8140080027656272,0.7271069224510939,-0.0018657733333979419,0.0017599921795965472,0.6865194422892152,0.07010200619697571,-0.046596843749284744,-0.34048914909362793,-0.0594005212187767,-0.002926864195615053,0.0,-0.05860286206007004,-0.034258753061294556,-0.07986033707857132,0.15045742690563202,0.006785002537071705,0.0,0.1069754958152771,0.08222060650587082,0.21548724174499512,-0.09098577499389648,0.1744389832019806,0.3540189266204834,-0.05286763608455658,-0.2704085111618042,0.17252862453460693,0.6345797632054618,0.542345925918118,0.8890070159632366,0.6738826643613287,0.6585213412548403,1.393082615311992,0.5528007425575534,0.6361729185366347,0.027267671236065213,0.7758580022741524,0.6368765425083358,0.01716949052991222,0.4864705247559012,0.4796480095085744,0.02777270602975908,0.7514988083575096,0.46951846499917155,0.034429373616652964,0.5028231642291024,0.5294175602419998,0.42516194465714874,0.7581036070449234,0.5572197423001168,0.4250531565331079,0.4350366046317845,0.7363313770438268,0.8376708885274058,0.8291082754285246,0.7612753504497058,0.834421441034792,0.46068243257315483,0.5789961425767127,0.9301234693921279,0.8330026135367098,0.5907913188461564,0.9042755268356039,0.5528486690740223,0.5902147650147062,1.1065837274662746,0.7523562680711435,0.6000275050578845,1.0900727318800343,0.5453759569203076,0.5484428240422085,0.7362121146041856,0.673883122714837,0.5378370235894089,0.736285313095941
0.06666666666666667,0,0-ACCAD_Male2General_c3d_A6- Box lift_poses,1,0.6337632384384051,0.5419437885284424,0.813025122173281,0.7262846935050544,-0.0018458251471113918,0.0016935530283413405,0.6873894593226868,0.06991617381572723,-0.04687117785215378,-0.3404061198234558,-0.05953513830900192,-0.00293447426520288,0.0,-0.05864917114377022,-0.035125017166137695,-0.07958941161632538,0.15065418183803558,0.006797388661652803,0.0,0.10585150122642517,0.08286455273628235,0.21242812275886536,-0.08924512565135956,0.16732686758041382,0.3509306013584137,-0.05393407121300697,-0.26871806383132935,0.1712561547756195,0.633757418572242,0.5423194972862003,0.888024180894431,0.6733393428406947,0.6568928502874608,1.3924449925988007,0.5520138130319461,0.6362136990091614,0.026332539586310794,0.7754553269601929,0.6372165322237027,0.016210248930831686,0.48606726571790926,0.47952648629541206,0.026745176659042677,0.7514914494413785,0.46980079252427676,0.033464311500479585,0.5021363959373876,0.5291724719858107,0.4241617701098408,0.7575130538185496,0.5575526967239403,0.42408559159008047,0.43578991364299824,0.7359815854657235,0.8371846283035362,0.8275742106743058,0.7618768035896246,0.8342878769430475,0.46114161042029933,0.5782551614807114,0.9290499147374236,0.8318505339422957,0.5910306423880064,0.9032289130982031,0.5521661731788483,0.5893611985725974,1.1058212530368905,0.7516516619704214,0.5994281738959673,1.089196552455352,0.5445486326363953,0.5482165516758769,0.7352247212548788,0.6730810102365328,0.5379219309867307,0.7353043607887734
0.1,0,0-ACCAD_Male2General_c3d_A6- Box lift_poses,2,0.6356645073974505,0.542462944984436,0.8109535031394676,0.7300683845362902,-0.0010423552436241354,0.0025901744659638,0.6833683914202892,0.07055247575044632,-0.04723232239484787,-0.34020915627479553,-0.05959494411945343,-0.0029381185304373503,0.0,-0.0601557120680809,-0.03648516163229942,-0.0791904553771019,0.1503250151872635,0.00678185885772109,0.0,0.10385379195213318,0.08257898688316345,0.2099698930978775,-0.08622018247842789,0.1525140404701233,0.3466755747795105,-0.056273844093084335,-0.26375648379325867,0.16873688995838165,0.6358413111767369,0.5428426000795055,0.8859523338132349,0.6780269308229442,0.6556155106615473,1.3905654789234192,0.5533064764117719,0.6371572972587299,0.02441065827686763,0.7775293454101866,0.6372136761371429,0.014008280748249877,0.485658989893937,0.4811977138623593,0.025063279644784976,0.751745186574266,0.47004192418488416,0.031001882554120463,0.5030704620099573,0.5309304650155586,0.4224126358652813,0.7590486981636703,0.5570698503733734,0.4217639414940825,0.4439806133081125,0.7386546674281097,0.8352463070053995,0.831120673424565,0.760562473018784,0.8328649898267496,0.46641725996524963,0.5802801926640732,0.9267541582213823,0.8336609778601551,0.5892075279628286,0.9006189112070883,0.5553460785574409,0.5903851792087031,1.1040501364796822,0.7549108292895002,0.597848394582086,1.0870091393978933,0.5463408096040001,0.5497327944471051,0.7333638683548542,0.6747478972413932,0.5379653559119874,0.7331377022342338
0.13333333333333333,0,0-ACCAD_Male2General_c3d_A6- Box lift_poses,3,0.632941409596242,0.5441706776618958,0.8070566706733421,0.72987054463135,-0.0016958771210932283,0.002430605437250934,0.6835789670824688,0.07010035216808319,-0.04812953621149063,-0.3399561941623688,-0.05975931137800217,-0.0029477255884557962,0.0,-0.060773495584726334,-0.03998856619000435,-0.07814809679985046,0.14993761479854584,0.006763795856386423,0.0,0.10243638604879379,0.08266228437423706,0.2084205597639084,-0.08243050426244736,0.1446579247713089,0.3442186713218689,-0.05655241012573242,-0.2623790502548218,0.16732341051101685,0.6330336238037721,0.5446055698887229,0.8820553530970419,0.6748324031161882,0.6569011785414213,1.3868066570424968,0.552046020269876,0.6385587299367974,0.020439300599507573,0.7781141135474322,0.6388035684601878,0.010375949864627226,0.48451354368058686,0.4825488766195608,0.020978071099282743,0.7523820208588714,0.4716110628061532,0.027243832333773536,0.5010394283413716,0.5323755684495163,0.41835389826892055,0.7577155990426222,0.5586493080927076,0.4180362593430311,0.44322661989015755,0.7397193107641945,0.8306717697304994,0.8282143240713082,0.7622827274738344,0.8295589861279504,0.46500261657452757,0.5813786772904104,0.9223975238222001,0.8306373299381988,0.5907654797180825,0.8969053072526351,0.5523729911834215,0.5920191409883827,1.100117552363339,0.7519616800737067,0.5993029071009174,1.0832804825982383,0.5437001049375562,0.5513202527168611,0.7293621721230793,0.6721139098563216,0.539623243204328,0.7292873560368907
0.16666666666666666,0,0-ACCAD_Male2General_c3d_A6- Box lift_poses,4,0.6321480717742816,0.5454891920089722,0.8061180167274192,0.7287999554150428,-0.001861494565823112,0.003248901223325287,0.6847164409197827,0.06962122023105621,-0.04919205605983734,-0.33963197469711304,-0.059800826013088226,-0.00295072328299284,0.0,-0.06026464328169823,-0.04321620613336563,-0.07715339958667755,0.14968019723892212,0.0067532360553741455,0.0,0.10172402113676071,0.08312992751598358,0.20691365003585815,-0.07974498718976974,0.14415067434310913,0.34293249249458313,-0.05515642091631889,-0.26364511251449585,0.166597381234169,0.6323120522442024,0.546026376994839,0.8811159136492426,0.6746305203675617,0.6583252339032278,1.3858241874612864,0.550916177899749,0.6388475568368726,0.0195316474006942,0.7784691849178937,0.6390692426948463,0.00921246769165738,0.48390503056184864,0.48261358549110944,0.0202042022233738,0.7532590672247264,0.47182261059171177,0.026330119868735447,0.5002017959329603,0.5328634474493501,0.41753633475286567,0.7573654719157269,0.5596061872451052,0.4169711024705982,0.4420208804875582,0.74002230068002,0.8298488660890485,0.8272651165011945,0.7638333095344884,0.8283291610742172,0.464368534297064,0.5818511732983609,0.9217294463886614,0.8301021578476833,0.5923522908413011,0.8957515284941852,0.551890416506986,0.5931989681488329,1.0993105481299748,0.7514365686330927,0.6009396459042398,1.082175788734184,0.5428084222291961,0.552242570352595,0.7285022377642765,0.6712595296175773,0.540970961312367,0.7283172991513448
0.19999999999999998,0,0-ACCAD_Male2General_c3d_A6- Box lift_poses,5,0.6318039145553485,0.5465520620346069,0.8061190896110252,0.7284644949586371,-0.0019859955380398093,0.0037955338490206023,0.6850701638001626,0.06944181770086288,-0.05003578960895538,-0.3392808437347412,-0.05964650213718414,-0.0029430703725665808,0.0,-0.059680476784706116,-0.04467261582612991,-0.07664798200130463,0.14942766726016998,0.006743030156940222,0.0,0.10094649344682693,0.08335162699222565,0.20596352219581604,-0.07832706719636917,0.14451786875724792,0.3416561186313629,-0.05410158634185791,-0.2646971344947815,0.16574370861053467,0.6320145693593295,0.5471591021694469,0.8811163370727038,0.6747755151300326,0.6594402158771363,1.3857916594170117,0.5505272287875067,0.6391357695347202,0.019519334678708672,0.7785306353484054,0.639146611355871,0.009033232904933068,0.4837094505937241,0.48281966019466793,0.020330801274001848,0.7534965299180901,0.47189478245360766,0.026357184363877427,0.49986769645181767,0.5334724300070713,0.4176170930364844,0.7571507420751045,0.5602209521289873,0.4168807946142687,0.44153967008186873,0.740823507966974,0.8300515782234441,0.8271632578022452,0.7647718409925096,0.8281950116281906,0.46404772281462064,0.5826665699474834,0.9219174300000795,0.8300279490065349,0.5932993842776323,0.8956379826232227,0.551790078144603,0.5943018527843957,1.0993859942272475,0.7513201624289995,0.60206517265971,1.0820752683621901,0.5424086283046948,0.5531418739069917,0.7285537402819735,0.6708716820005317,0.5420141651621503,0.728298723087411
0.2333333333333333,0,0-ACCAD_Male2General_c3d_A6- Box lift_poses,6,0.6328305449569598,0.5459040403366089,0.8060011916236595,0.7281111294756626,-0.0012655677775097478,0.0037660128344136645,0.6854475899871605,0.06913299113512039,-0.050545841455459595,-0.33895814418792725,-0.059381403028964996,-0.002929461421445012,0.0,-0.05928140506148338,-0.04496043920516968,-0.0764576718211174,0.14917507767677307,0.0067327856086194515,0.0,0.10004165768623352,0.08328839391469955,0.2058447003364563,-0.07779613882303238,0.14431901276111603,0.3402050733566284,-0.05378227308392525,-0.26512113213539124,0.16471406817436218,0.6331117342782736,0.5464294720973769,0.8809988239464892,0.6763031229654053,0.6581025294122989,1.3857721197813468,0.5510242744826548,0.639365073930575,0.019589905869166816,0.7789079635301527,0.6393178730117771,0.008867274875554776,0.4844094208887817,0.482961725423204,0.020263594483200337,0.7540778938149145,0.4720212415063395,0.026051707507161976,0.5006997673692077,0.5331959929427985,0.4175970282703004,0.7578698337397981,0.5599938439998013,0.4166542663063006,0.44263783599125517,0.740113293197672,0.8304761436682708,0.8282597309624637,0.7641189469613707,0.8283134850883522,0.46520997491176924,0.5817609128358795,0.9219889098950401,0.8312114008042343,0.5925171505734033,0.8954229130827547,0.55307225245828,0.5932964715858019,1.0993965682188316,0.7525860923138515,0.6011035811685965,1.0819191071318328,0.5433545127972926,0.5524787805663516,0.7285284292422994,0.6718297051254046,0.541501207007667,0.7281394477861574
0.26666666666666666,0,0-ACCAD_Male2General_c3d_A6- Box lift_poses,6,0.6328305449569598,0.5459040403366089,0.8060011916236595,0.7281111294756626,-0.0012655677775097478,0.0037660128344136645,0.6854475899871605,0.06913299113512039,-0.050545841455459595,-0.33895814418792725,-0.059381403028964996,-0.002929461421445012,0.0,-0.05928140506148338,-0.04496043920516968,-0.0764576718211174,0.14917507767677307,0.0067327856086194515,0.0,0.10004165768623352,0.08328839391469955,0.2058447003364563,-0.07779613882303238,0.14431901276111603,0.3402050733566284,-0.05378227308392525,-0.26512113213539124,0.16471406817436218,0.6331117342782736,0.5464294720973769,0.8809988239464892,0.6763031229654053,0.6581025294122989,1.3857721197813468,0.5510242744826548,0.639365073930575,0.019589905869166816,0.7789079635301527,0.6393178730117771,0.008867274875554776,0.4844094208887817,0.482961725423204,0.020263594483200337,0.7540778938149145,0.4720212415063395,0.026051707507161976,0.5006997673692077,0.5331959929427985,0.4175970282703004,0.7578698337397981,0.5599938439998013,0.4166542663063006,0.44263783599125517,0.740113293197672,0.8304761436682708,0.8282597309624637,0.7641189469613707,0.8283134850883522,0.46520997491176924,0.5817609128358795,0.9219889098950401,0.8312114008042343,0.5925171505734033,0.8954229130827547,0.55307225245828,0.5932964715858019,1.0993965682188316,0.7525860923138515,0.6011035811685965,1.0819191071318328,0.5433545127972926,0.5524787805663516,0.7285284292422994,0.6718297051254046,0.541501207007667,0.7281394477861574
0.3,0,0-ACCAD_Male2General_c3d_A6- Box lift_poses,8,0.6321996297920123,0.547028660774231,0.8056519084052757,0.7276466650215949,-0.0015512587175372395,0.004026538888396844,0.6859385624557949,0.0692119300365448,-0.05108166113495827,-0.3382375240325928,-0.0587439239025116,-0.002896804129704833,0.0,-0.05830688029527664,-0.04599602147936821,-0.07585737109184265,0.1488344520330429,0.006721003446727991,0.0,0.09849397093057632,0.08346419036388397,0.2067544013261795,-0.07706835865974426,0.14523324370384216,0.3371318578720093,-0.053223900496959686,-0.2662544548511505,0.16299094259738922,0.6324795042048649,0.5476122697536081,0.8806491154924214,0.6757511444977891,0.6601518713680796,1.385224064632475,0.5505352500352328,0.6394891564334133,0.01909822136573423,0.7788702673135526,0.6394197384646192,0.00840456549083797,0.4842345137650469,0.4829534808389475,0.019989645067143142,0.7543077700393993,0.4721064531364249,0.025809975004649332,0.5002831407233369,0.5338202044318696,0.41725101087632344,0.7575034997237634,0.5606706636183364,0.4162846854386285,0.4418715736409595,0.7413320678000949,0.8302541233540278,0.8278680430916837,0.7652007992850905,0.8278267106946502,0.4644305588961902,0.5829096881466619,0.9216489044597668,0.8308042922227497,0.5936312462012329,0.8950192035775143,0.5524779598899889,0.5948765792030245,1.098973322626261,0.7519905812080517,0.6026309340203562,1.0814585055800516,0.5427155218112049,0.5534245741598113,0.7281733231138722,0.67120677772753,0.5426428906362932,0.7277950912884852
0.3333333333333333,0,0-ACCAD_Male2General_c3d_A6- Box lift_poses,9,0.6324409093940631,0.5460637807846069,0.8052594714240745,0.7276604780341213,-0.0011560431648040366,0.003755453557534839,0.6859262269660875,0.06865659356117249,-0.051224324852228165,-0.3378920555114746,-0.05840824544429779,-0.0028797548729926348,0.0,-0.05810852721333504,-0.0459013357758522,-0.0756969228386879,0.14869901537895203,0.006716820411384106,0.0,0.09771551936864853,0.08354585617780685,0.20778264105319977,-0.07722406089305878,0.14560984075069427,0.335170179605484,-0.05346577614545822,-0.2666572630405426,0.16205614805221558,0.632731869614763,0.5465763564362863,0.8802571554439913,0.6761804130862812,0.6591476242108101,1.3848105897797796,0.5507347133817346,0.6395364031290638,0.018817843937496567,0.7789448629739176,0.6391178497429135,0.00806827880258465,0.48447849125510767,0.4829809831699499,0.01953444070876439,0.754409564960953,0.4717857543784149,0.025330637052295983,0.5005412665056993,0.5333900225987231,0.41685282142736,0.7576694926383293,0.5600067670056108,0.4158826882571927,0.4422454319836157,0.7406825811394948,0.8302252467028849,0.8283121992293451,0.7641730750922333,0.8275894427291718,0.46465141954716904,0.5820523436651415,0.9212965576866422,0.8311630096154858,0.5925285549553709,0.8945938887853598,0.552807034312714,0.5939384766566784,1.0985879393921008,0.7523220229006878,0.6015460749630165,1.0810357692484942,0.5429448117821956,0.5525227491999573,0.7278012356693031,0.6714366928737187,0.5417551583791886,0.7273930349349269
0.36666666666666664,0,0-ACCAD_Male2General_c3d_A6- Box lift_poses,10,0.6314753737533465,0.5469508171081543,0.8056994729118064,0.7274849655499157,-0.0016826162586687317,0.003825417006147076,0.6861108947437673,0.06888560950756073,-0.05131736025214195,-0.33746883273124695,-0.058093927800655365,-0.0028640241362154484,0.0,-0.057657208293676376,-0.046122513711452484,-0.0754140093922615,0.14857059717178345,0.006712757516652346,0.0,0.09712017327547073,0.083779476583004,0.2088344246149063,-0.07665148377418518,0.14647074043750763,0.33316391706466675,-0.05342237278819084,-0.2672862112522125,0.1611323356628418,0.6317196445551743,0.5475281278555283,0.8806968531598947,0.6749586996843361,0.6610902825965329,1.3850475305072112,0.5502171205958872,0.6394414783695481,0.01907087234812769,0.778581798268033,0.6391141950201764,0.008490938382294679,0.484104686343784,0.482826223862538,0.01996981226034397,0.7541555913725497,0.47178487028005944,0.025933916875531697,0.499876386972811,0.5338098772392068,0.41722583943189795,0.7570028779049117,0.5604818394701493,0.41638156077172045,0.4410898692000223,0.7415829165220338,0.8304951151673244,0.8274348318982007,0.7651104326568079,0.8278694444807575,0.46347661779148347,0.5829923611016026,0.9216402380379971,0.8302656453269273,0.593534702782876,0.895050689019151,0.5517087897092174,0.5953307869300357,1.098897609084012,0.7512312397361399,0.6029064087095934,1.081416568213764,0.5420242734979535,0.5533028121787091,0.7281799161562652,0.6705222181840466,0.5426064176956122,0.7278614786446711
0.39999999999999997,0,0-ACCAD_Male2General_c3d_A6- Box lift_poses,11,0.6323307004058734,0.5468272566795349,0.8052322917060569,0.7278815747610803,-0.0013451066828493899,0.003793616580814696,0.6856910472542129,0.06899145990610123,-0.05122186243534088,-0.33705711364746094,-0.05791002884507179,-0.002855615923181176,0.0,-0.05742355063557625,-0.04598613083362579,-0.07521146535873413,0.14836327731609344,0.0067040929570794106,0.0,0.0965324342250824,0.08386699855327606,0.21016351878643036,-0.07616858184337616,0.14721772074699402,0.3308368921279907,-0.05355939269065857,-0.26767677068710327,0.15995121002197266,0.632606546806001,0.5473643057740419,0.8802298615802443,0.6762580766606007,0.6612846561743069,1.3844651888728419,0.5507628042330811,0.6397028565959529,0.018651754323556907,0.7791397557962135,0.6391619406881155,0.008004475733585759,0.48453481630342066,0.4831364301009727,0.019550480856325207,0.754567394211631,0.47184637378642025,0.02537399266759515,0.5005613100743287,0.534012846613232,0.4168096894627945,0.7576858332958608,0.5603444879192839,0.4158650762243081,0.4421470893899604,0.7417975964305104,0.8302964720226536,0.8286894878402998,0.764734857478488,0.8273743836393718,0.4643091877340662,0.5830695030881425,0.9212568919043299,0.8313033865656838,0.5931204290443594,0.8944655133872667,0.5527732629391403,0.5954985925234392,1.0984226680491185,0.7522999578616281,0.6027351034739661,1.08084666672426,0.5428552311873429,0.5533267400634255,0.7277528529947419,0.6713407567757393,0.5424849817100325,0.7273761784766618
0.4333333333333333,0,0-ACCAD_Male2General_c3d_A6- Box lift_poses,12,0.6322244849288836,0.5467280149459839,0.8051350169257835,0.7279168616570882,-0.0013306173136923094,0.0036957511060806787,0.6856541499886235,0.06921017915010452,-0.05103384330868721,-0.33662179112434387,-0.05777188017964363,-0.002849850570783019,0.0,-0.05689041316509247,-0.04587923735380173,-0.07496551424264908,0.14821277558803558,0.006698358338326216,0.0,0.09603112190961838,0.08408131450414658,0.2113294005393982,-0.0762387216091156,0.14918844401836395,0.3279919922351837,-0.053088415414094925,-0.2682047188282013,0.1586630493402481,0.6324911633683973,0.5472534028253228,0.8801327025579825,0.6762304776301153,0.661688186926813,1.3842453099586653,0.5506108263466954,0.6395471902008177,0.018516904076762587,0.7790731629142786,0.6388585301021373,0.007896944607478876,0.4844374356610516,0.48295790650551934,0.019454239106779545,0.7545276370623011,0.4715428607703189,0.025303378955026535,0.5004817466102263,0.5339206401554197,0.4167014111580344,0.7576068064690524,0.5601332633875516,0.4157741057410521,0.4417624972508399,0.7420485110141342,0.8305837850133577,0.828781743076394,0.7644686456974725,0.8272132301046787,0.46387129317503806,0.583127617126602,0.9212199523690996,0.8313208688066863,0.5928654857583897,0.8943360469676163,0.5526994243631163,0.5956738364983635,1.098275357820428,0.7522289184827917,0.6027922433616418,1.0806829117120769,0.5427595318129315,0.5532540817433905,0.7276451694471362,0.6712444698758052,0.5424071268978394,0.7272836937061437
0.4666666666666666,0,0-ACCAD_Male2General_c3d_A6- Box lift_poses,12,0.6322244849288836,0.5467280149459839,0.8051350169257835,0.7279168616570882,-0.0013306173136923094,0.0036957511060806787,0.6856541499886235,0.06921017915010452,-0.05103384330868721,-0.33662179112434387,-0.05777188017964363,-0.002849850570783019,0.0,-0.05689041316509247,-0.04587923735380173,-0.07496551424264908,0.14821277558803558,0.006698358338326216,0.0,0.09603112190961838,0.08408131450414658,0.2113294005393982,-0.0762387216091156,0.14918844401836395,0.3279919922351837,-0.053088415414094925,-0.2682047188282013,0.1586630493402481,0.6324911633683973,0.5472534028253228,0.8801327025579825,0.6762304776301153,0.661688186926813,1.3842453099586653,0.5506108263466954,0.6395471902008177,0.018516904076762587,0.7790731629142786,0.6388585301021373,0.007896944607478876,0.4844374356610516,0.48295790650551934,0.019454239106779545,0.7545276370623011,0.4715428607703189,0.025303378955026535,0.5004817466102263,0.5339206401554197,0.4167014111580344,0.7576068064690524,0.5601332633875516,0.4157741057410521,0.4417624972508399,0.7420485110141342,0.8305837850133577,0.828781743076394,0.7644686456974725,0.8272132301046787,0.46387129317503806,0.583127617126602,0.9212199523690996,0.8313208688066863,0.5928654857583897,0.8943360469676163,0.5526994243631163,0.5956738364983635,1.098275357820428,0.7522289184827917,0.6027922433616418,1.0806829117120769,0.5427595318129315,0.5532540817433905,0.7276451694471362,0.6712444698758052,0.5424071268978394,0.7272836937061437
0.49999999999999994,0,0-ACCAD_Male2General_c3d_A6- Box lift_poses,13,0.6320499625289813,0.5475839376449585,0.8055745415763572,0.726527466855017,-0.0014267227206133282,0.0036424419070847343,0.687126288963291,0.06948179751634598,-0.05087994039058685,-0.33614450693130493,-0.05760931596159935,-0.002842850284650922,0.0,-0.05583135411143303,-0.04587199166417122,-0.0746498629450798,0.14822626113891602,0.006701543927192688,0.0,0.09594675153493881,0.08469103276729584,0.2122431993484497,-0.07654068619012833,0.15288905799388885,0.3245914578437805,-0.05194828286767006,-0.269174188375473,0.1573536992073059,0.6322998618395101,0.5481148432701322,0.880572246138242,0.6757897781134605,0.6632462596105599,1.3845505233604734,0.5500807355682785,0.6397923897913678,0.018886381837029047,0.7786569765827664,0.639519791034996,0.008251606260738488,0.4846185502541145,0.48290494513020726,0.019902256625232838,0.754837946171528,0.4721187927211313,0.025845910844607446,0.5004275144784497,0.5341378033739146,0.41712380988144443,0.7574539146516838,0.5611697213551223,0.4162151025188755,0.440033119413662,0.7425212490254455,0.8317099126565118,0.8279392511900552,0.7658979331625062,0.827452469087049,0.4629189712298546,0.5834338247996739,0.9218597515028722,0.8311646310235626,0.5943580162211679,0.8947073427012077,0.5524186623905072,0.5964491563477157,1.098693314407023,0.7519111093661224,0.6043563106340308,1.0810177547051694,0.5425748304398619,0.5537498483124136,0.7280663305729147,0.6711038074121386,0.543442881808882,0.7277323914333085
0.5333333333333333,0,0-ACCAD_Male2General_c3d_A6- Box lift_poses,14,0.6325529661262408,0.5471856594085693,0.8051060490684226,0.7270066115761702,-0.0009648478953581196,0.0034605204218409904,0.6866210604048526,0.06969188898801804,-0.05061511695384979,-0.3356587588787079,-0.05742909386754036,-0.0028349808417260647,0.0,-0.0554405115544796,-0.04545234516263008,-0.07443048059940338,0.1481075882911682,0.006697324104607105,0.0,0.09572114050388336,0.08504565805196762,0.2139095813035965,-0.07638072967529297,0.15538057684898376,0.32071805000305176,-0.05143532156944275,-0.26988184452056885,0.1556178778409958,0.6328309665774107,0.5476472869586725,0.8801041131484649,0.67683276109342,0.6631295849079316,1.383959927032579,0.5502181889984238,0.6400394895612513,0.01848439253463311,0.7787234826599364,0.6394378511283142,0.0077757574684248695,0.4846173468579251,0.4832097268147178,0.01946164752867068,0.754735766637278,0.47205116319084367,0.025276791190469043,0.500735440314286,0.5342174430308866,0.4166994059821938,0.7577337245785548,0.560842227503351,0.4157026161206038,0.4403651501142868,0.7426555066059828,0.8319581511061682,0.8288870740507881,0.765131612349286,0.8269333194711788,0.4631004701088476,0.5832561855488733,0.9215936679253707,0.8319201888899684,0.5935549771393749,0.8941034219616882,0.5531761764093897,0.596299125571677,1.09823389062904,0.7526684640779961,0.6038984777144689,1.0804220432303069,0.5430585536682672,0.5535528679360571,0.7276358980737745,0.6715731518093273,0.543071404884114,0.7272463168633951
0.5666666666666667,0,0-ACCAD_Male2General_c3d_A6- Box lift_poses,16,0.6324472274864092,0.5474586486816406,0.805608039386721,0.7268486918001262,-0.00141315200054397,0.0031907411612514245,0.6867887603919492,0.06978791207075119,-0.049939870834350586,-0.3346317410469055,-0.057335663586854935,-0.0028343359008431435,0.0,-0.05541758984327316,-0.04432525485754013,-0.07397978752851486,0.14770399034023285,0.00667954608798027,0.0,0.09416592866182327,0.08387206494808197,0.21963758766651154,-0.07422187924385071,0.15649275481700897,0.3119036555290222,-0.05100443586707115,-0.2698405385017395,0.149846151471138,0.6326495248556436,0.5479414256091073,0.8806062127125608,0.6754558062573465,0.6665083531141666,1.3838476906708435,0.5503992784048104,0.6399835408959609,0.01883810237611377,0.7786766433110291,0.6397292854341478,0.008407290380588545,0.48504134250962744,0.48305270903945213,0.019864858601000457,0.7548826289611822,0.47231212623787433,0.02588126210337975,0.5009243397711871,0.5342753732067097,0.41708439909770406,0.757752688214554,0.5610532533083874,0.4163202034823017,0.4403027325886001,0.7430855792682726,0.831966182511537,0.828710640953487,0.7653769392756333,0.8274966562735603,0.4625908240340558,0.5835886078346242,0.9215402930981407,0.8316777012414969,0.5938491171428756,0.8947942564670917,0.5524464136248194,0.5980518437912085,1.0982272698932272,0.7519853305084228,0.6054307616101249,1.0808503564521093,0.5430280264925944,0.55376496586982,0.7280458919351864,0.671547700464211,0.5433412673030565,0.7277888030582651
0.6,0,0-ACCAD_Male2General_c3d_A6- Box lift_poses,17,0.6327147331321612,0.546962320804596,0.8054829888419822,0.7273784979177119,-0.001176514710256772,0.0030682042852379736,0.6862286227654554,0.06997479498386383,-0.04974374920129776,-0.3340272605419159,-0.05740254744887352,-0.0028404826298356056,0.0,-0.05520587041974068,-0.043725982308387756,-0.07370548695325851,0.14759615063667297,0.00667592603713274,0.0,0.09395771473646164,0.08364222198724747,0.22214262187480927,-0.07346150279045105,0.15949931740760803,0.3060872554779053,-0.050875019282102585,-0.27130934596061707,0.14619071781635284,0.6329283912954139,0.5474065099701579,0.8804813691323223,0.6758150977987147,0.6669536722404097,1.3834850949142872,0.5505700341884644,0.6399164394351846,0.018758159080475994,0.7785903499550098,0.6393302805241164,0.00828324553875813,0.4850677564881852,0.48304553756465257,0.019743939178370532,0.7546170880075299,0.47193287158498193,0.025701345092431317,0.5011026599647116,0.5341083935328163,0.4169782220013075,0.7578468046188496,0.56050458563336,0.4161761070520862,0.4403358175931494,0.7431288147933027,0.8324114804440044,0.8295087181450459,0.7647261035378567,0.8276321014696361,0.4623730739345542,0.5833058764924334,0.921465126803869,0.8322769670504782,0.5930906648119223,0.8946632671727752,0.5527516298450943,0.5981215210535948,1.0979782702534504,0.752304708057236,0.6051602348167535,1.0806228565557254,0.5432946626125637,0.553450849110999,0.7279364424619672,0.6717980980916475,0.5428296001017054,0.7276563580580605
0.6333333333333333,0,0-ACCAD_Male2General_c3d_A6- Box lift_poses,18,0.632717176922597,0.5477380752563477,0.8057620577888206,0.7273709794707264,-0.0013628024138868586,0.003085566534557734,0.6862361694581084,0.07070394605398178,-0.04959001764655113,-0.3333333730697632,-0.05752792954444885,-0.0028500091284513474,0.0,-0.05458592623472214,-0.04351706802845001,-0.07327289879322052,0.14753885567188263,0.006675197277218103,0.0,0.09358470886945724,0.08328501135110855,0.2245558500289917,-0.07192929089069366,0.16237114369869232,0.29924723505973816,-0.050482653081417084,-0.27314239740371704,0.14169342815876007,0.6329135490092314,0.5482043787992322,0.8807603510961318,0.675461352288463,0.6691458571500561,1.3834601167395968,0.5506372797314368,0.6400062755420539,0.018937769890579575,0.7786447057681066,0.6394707020956655,0.008507205414495254,0.4852494749285712,0.4830885319528299,0.020058809554847404,0.7547523384838244,0.472076669168353,0.026068313747478616,0.5011873788889674,0.5345339600686851,0.4172480497358473,0.7579017869707868,0.56098898880944,0.41646634830361084,0.4398557552782501,0.744071487241551,0.8330756870620789,0.8297901649353749,0.765635649032394,0.8282353053477184,0.4618107666722909,0.5839944320953355,0.9216921533342743,0.8325758821160294,0.5939055609190553,0.8950228851851585,0.5525805477703174,0.5995642529378965,1.098056302213712,0.7521462642837965,0.6065285298825668,1.080816565002848,0.5433158806530654,0.5542198810674205,0.7281916095985954,0.6718194628704278,0.5435987421921995,0.7279464054879861
0.6666666666666666,0,0-ACCAD_Male2General_c3d_A6- Box lift_poses,19,0.63276414538268,0.5481917858123779,0.8055944495277122,0.7277103217875401,-0.0014148363734814878,0.003222235666776634,0.6858755739922648,0.0710580125451088,-0.04945329576730728,-0.33261507749557495,-0.05770573392510414,-0.0028625905979424715,0.0,-0.054251812398433685,-0.04352058842778206,-0.07273828238248825,0.1473768800497055,0.006668832153081894,0.0,0.09324108809232712,0.08292132616043091,0.22717447578907013,-0.06980399787425995,0.16554342210292816,0.291301965713501,-0.05004633963108063,-0.27562031149864197,0.13637962937355042,0.6329703132493067,0.5486777323778946,0.8805925918430138,0.6754693404228281,0.6710635130758176,1.3829477810209505,0.5505963232124441,0.6401535666537955,0.018743020059024673,0.7787194869703697,0.6393906010329254,0.008279500932491642,0.4851679229754204,0.48325336231460236,0.01994731269092806,0.7547492306388818,0.47201581181062796,0.025917719215363837,0.5011764940877362,0.5348862689199072,0.41710993573658056,0.7579406309377411,0.5611086574169265,0.41627454189878976,0.4395653155252602,0.7448038788967749,0.8334401670936343,0.8304402470563241,0.7660806698479178,0.8284480026009939,0.4613155235498639,0.584420781345527,0.921552338074274,0.8331105671040836,0.5942131689088463,0.8948859113276307,0.5526054593493759,0.6008017921784261,1.0977033482728324,0.7521844249278344,0.6074959448650363,1.0805100438074087,0.5433601790286265,0.5547504210068744,0.728032707146054,0.6718531221734015,0.5440014745197174,0.7277754386544178
0.7,0,0-ACCAD_Male2General_c3d_A6- Box lift_poses,20,0.6322162594879046,0.5485011339187622,0.8057686142997459,0.7278242772390843,-0.0017037449882022755,0.0034031588185157984,0.6857531168171791,0.07108841836452484,-0.04927627369761467,-0.3318764567375183,-0.057787131518125534,-0.002870020689442754,0.0,-0.054323021322488785,-0.04349697753787041,-0.07216721028089523,0.14718513190746307,0.006661039311438799,0.0,0.09292511641979218,0.08240434527397156,0.22955632209777832,-0.06762909144163132,0.1694910228252411,0.28197941184043884,-0.04938371852040291,-0.27857697010040283,0.1298159658908844,0.6324125424636288,0.5490371969784811,0.8807664416642066,0.674575467618771,0.6729719111823887,1.382770440563663,0.5500767492677205,0.6399757364537072,0.018847192308638246,0.7783477922506153,0.6392319333033303,0.00843747276385394,0.4847140946196799,0.48304891008956,0.020148939072702383,0.7544118476946539,0.47185915859247424,0.02614128150104171,0.5006782384410307,0.5349474610516717,0.4172790517671636,0.7574785377327565,0.5611233129931138,0.4164603174463131,0.43842334661401194,0.7453951164217327,0.8343004006072268,0.8304066539615735,0.7665602565954097,0.8292486809545987,0.4600232089599475,0.5846156114459525,0.9217244300873861,0.8330773176539135,0.5945017249121559,0.8951902720380208,0.5518889891870502,0.6019019760746249,1.097649902118094,0.7514834162459383,0.6084560805260646,1.080582585343809,0.5428249196817466,0.5550384079712892,0.7281904454637325,0.6713141561252286,0.5442439532784048,0.727957586797372
0.7333333333333333,0,0-ACCAD_Male2General_c3d_A6- Box lift_poses,21,0.6320127692306414,0.5486776828765869,0.8059873633460716,0.7281403005526818,-0.0021246423393541315,0.0034334671723262353,0.6854162238444291,0.07064354419708252,-0.04872110113501549,-0.3311886191368103,-0.0575820654630661,-0.0028617940843105316,0.0,-0.05476038530468941,-0.0428958423435688,-0.07171633094549179,0.14711779356002808,0.0066604409366846085,0.0,0.09275488555431366,0.08153289556503296,0.23138149082660675,-0.06575499475002289,0.1744675636291504,0.2710542380809784,-0.04847961664199829,-0.2817172110080719,0.12153775244951248,0.6321693364540717,0.549262741648911,0.8809849179257875,0.673675059339355,0.6744224167211222,1.3827383944684133,0.5500042841148622,0.6399719234975652,0.018959564585092382,0.7783090992189485,0.6391019716492037,0.008711593056422634,0.48461224085234705,0.48305789361794343,0.020326277755623005,0.7543133246148693,0.4717400433461007,0.026436935248246578,0.5005875557285677,0.535114147238331,0.417434938589061,0.7573781446783547,0.5610582813586011,0.4167436402664344,0.43756980605036,0.7461949969144097,0.8355408779614809,0.8307939962048508,0.7668750628439353,0.8306336267184741,0.45883825517375654,0.5847904595327666,0.9218878095147874,0.833392101568726,0.594494498668703,0.8957316692951516,0.5513405326841345,0.6027693980543115,1.0976125667823426,0.7509657937710987,0.6090963382420684,1.080822395138732,0.5426684272444297,0.5552353362174816,0.7283578338536568,0.6711477790065327,0.5443225764868854,0.7281996290935266
0.7666666666666666,0,0-ACCAD_Male2General_c3d_A6- Box lift_poses,22,0.632264718064107,0.5486775636672974,0.8057768397407249,0.7282022319710705,-0.002586695538980432,0.003429800097038727,0.6853488562986256,0.06936993449926376,-0.047406502068042755,-0.3306417465209961,-0.05709930136799812,-0.0028383785393089056,0.0,-0.055627986788749695,-0.041318926960229874,-0.07149992883205414,0.1471794694662094,0.006667429115623236,0.0,0.09288614243268967,0.08036290854215622,0.23254083096981049,-0.06464550644159317,0.18112137913703918,0.25832974910736084,-0.047339554876089096,-0.28518956899642944,0.11148013174533844,0.6323734379526038,0.5493127007231104,0.8807740715623473,0.67289884358089,0.6753927277703203,1.382374305514081,0.5498983651450188,0.6402295610288561,0.01864930091809038,0.7780837057149201,0.639192628647295,0.00857828586672426,0.4845830894317513,0.4832837245716174,0.02003464464350803,0.7541650362499034,0.4718179557124311,0.02628749564498992,0.5008212301291537,0.535266108254224,0.4171412927448304,0.7575106294008367,0.5610523289814436,0.4166107619787222,0.43672738742165546,0.7470211152596025,0.8369120037827766,0.8314185884087749,0.7672815841438961,0.8320972434653501,0.45774440380437154,0.5847373216202538,0.9216576204750756,0.8341539083432579,0.5944474649369601,0.8959756393984569,0.5510943503452213,0.6032237749410828,1.0971516963386805,0.7507498879065022,0.6095324398870668,1.0807184383623933,0.542969291216482,0.5551677129238812,0.7280883248297982,0.6714473582932023,0.5442418323389567,0.7280160635944936
0.7999999999999999,0,0-ACCAD_Male2General_c3d_A6- Box lift_poses,23,0.6351009454810992,0.5483831763267517,0.8047678523139671,0.7269520989892129,-0.0027139574282795524,0.0035482041319787366,0.6866736418836046,0.06710082292556763,-0.045595116913318634,-0.3302002549171448,-0.0564347468316555,-0.002805064432322979,0.0,-0.05734656751155853,-0.03878043219447136,-0.07151731848716736,0.14715808629989624,0.006670501083135605,0.0,0.0929119661450386,0.07905509322881699,0.23342366516590118,-0.06445198506116867,0.18888622522354126,0.24355633556842804,-0.04629286378622055,-0.2894010543823242,0.09988811612129211,0.6352083111926278,0.5490445826221279,0.8797648590163444,0.6745426097098847,0.6758827521739236,1.381265158840888,0.5511988916422405,0.6407698823279617,0.017676749012363886,0.7789509843468715,0.6404626355267751,0.00765346033607682,0.4865536877440956,0.48354609627848455,0.018972400676778283,0.7557751598440817,0.47296236014931137,0.02516171287851099,0.5033238215444665,0.5350482244750224,0.41611804890112464,0.7596794917137935,0.5616113532470716,0.415613019217093,0.43767320833546774,0.7472459452918832,0.8382357551185281,0.8339007553307314,0.7682527905478093,0.8331065723930655,0.45897407495791526,0.5838720621734564,0.9207876272966163,0.8375098534006437,0.594849098338433,0.8953777386214714,0.5533877160377452,0.6029214435603861,1.0959674751938195,0.7530397809695837,0.6099599968340195,1.0797904347887535,0.5457782545019944,0.554464684710494,0.7270827294113645,0.6742960444983124,0.5440205490239627,0.7270060156536692
0.8333333333333333,0,0-ACCAD_Male2General_c3d_A6- Box lift_poses,24,0.6352192607009783,0.5470167994499207,0.807293658740969,0.7269714260053295,-0.0033483184905207064,0.0036309712133736375,0.6866499476320606,0.06503086537122726,-0.044579874724149704,-0.3295576572418213,-0.05558396130800247,-0.0027616354636847973,0.0,-0.05931181460618973,-0.03618403524160385,-0.07150165736675262,0.1470000147819519,0.006666920147836208,0.0,0.0927717536687851,0.07813739031553268,0.23353669047355652,-0.06418673694133759,0.19703318178653717,0.2263699620962143,-0.045676231384277344,-0.2952057719230652,0.08699146658182144,0.6352703341416682,0.5477559001591142,0.8822899994626691,0.6737514770914276,0.6751476938013825,1.3837131468057084,0.5512129319443247,0.639770483246737,0.020094815263510573,0.7780249653104826,0.6397923266116837,0.010350179519107189,0.48667406587878087,0.48250294248053643,0.021381434214573645,0.7549676411181663,0.4722582096298686,0.027690290482244254,0.5035694980593282,0.533911460445366,0.4185319914656644,0.759464787099251,0.5604304040710749,0.4182433295692307,0.43671218068898177,0.7473635289874648,0.8434540359571681,0.8347216374506208,0.767616241435247,0.8381091319601202,0.4575064130925095,0.5826458700689547,0.923424386358561,0.8385570062859172,0.5935383011834253,0.898455837485348,0.5530609908545713,0.6018896743397146,1.0982946851986233,0.7527411136871367,0.6088745004629885,1.0824439549441778,0.5459523521169988,0.5529713540137956,0.729539129729275,0.6744697077794712,0.5425223989415723,0.729563467626375
0.8666666666666666,0,0-ACCAD_Male2General_c3d_A6- Box lift_poses,24,0.6352192607009783,0.5470167994499207,0.807293658740969,0.7269714260053295,-0.0033483184905207064,0.0036309712133736375,0.6866499476320606,0.06503086537122726,-0.044579874724149704,-0.3295576572418213,-0.05558396130800247,-0.0027616354636847973,0.0,-0.05931181460618973,-0.03618403524160385,-0.07150165736675262,0.1470000147819519,0.006666920147836208,0.0,0.0927717536687851,0.07813739031553268,0.23353669047355652,-0.06418673694133759,0.19703318178653717,0.2263699620962143,-0.045676231384277344,-0.2952057719230652,0.08699146658182144,0.6352703341416682,0.5477559001591142,0.8822899994626691,0.6737514770914276,0.6751476938013825,1.3837131468057084,0.5512129319443247,0.639770483246737,0.020094815263510573,0.7780249653104826,0.6397923266116837,0.010350179519107189,0.48667406587878087,0.48250294248053643,0.021381434214573645,0.7549676411181663,0.4722582096298686,0.027690290482244254,0.5035694980593282,0.533911460445366,0.4185319914656644,0.759464787099251,0.5604304040710749,0.4182433295692307,0.43671218068898177,0.7473635289874648,0.8434540359571681,0.8347216374506208,0.767616241435247,0.8381091319601202,0.4575064130925095,0.5826458700689547,0.923424386358561,0.8385570062859172,0.5935383011834253,0.898455837485348,0.5530609908545713,0.6018896743397146,1.0982946851986233,0.7527411136871367,0.6088745004629885,1.0824439549441778,0.5459523521169988,0.5529713540137956,0.729539129729275,0.6744697077794712,0.5425223989415723,0.729563467626375
0.8999999999999999,0,0-ACCAD_Male2General_c3d_A6- Box lift_poses,25,0.6348808851325884,0.5457891225814819,0.8094824605064109,0.7270274826310443,-0.0033292183766402764,0.003354779383076624,0.6865920923368241,0.0642479732632637,-0.04462389647960663,-0.328600138425827,-0.05445669963955879,-0.0027030850760638714,0.0,-0.0597127266228199,-0.03439103811979294,-0.07118012011051178,0.1472225785255432,0.006685508880764246,0.0,0.09316132217645645,0.07783188670873642,0.23146039247512817,-0.06398414075374603,0.20664727687835693,0.2065030038356781,-0.045413028448820114,-0.30295878648757935,0.07262706011533737,0.634903865402378,0.5464976923191999,0.8844791097704546,0.6730626890752984,0.6726011560662861,1.386249261738736,0.5510959928464068,0.6390412657820387,0.02222223235253413,0.7768325891591016,0.6391380711380599,0.012615031885751068,0.4866791417414278,0.4817235992251455,0.02349544985677829,0.7538898723276869,0.47158003526633563,0.029875864982779284,0.5034838555049798,0.5331100435868484,0.4206501393865384,0.758848494881338,0.5594934923487107,0.4204808034046569,0.43511564846144163,0.7477451678452794,0.8498410899920054,0.8353110201535867,0.7673570807908289,0.8437803984264867,0.45541847066353464,0.5812338280232185,0.9261387526394316,0.8395451930955226,0.5923150182394206,0.9012426671026775,0.5525500426290774,0.6000448191673178,1.1005765309224724,0.7522392257320618,0.6070827913845407,1.0848640518458816,0.5456430650530618,0.5517700702963605,0.7316982428101735,0.6741592801361336,0.5413101048923763,0.7317647123815932
0.9333333333333332,0,0-ACCAD_Male2General_c3d_A6- Box lift_poses,26,0.6347145881736651,0.5450361371040344,0.8107051901893333,0.7257418708277192,-0.003059479375813935,0.0030696963041556727,0.6879534529879412,0.06350307166576385,-0.04511522129178047,-0.32752975821495056,-0.053221479058265686,-0.00263864709995687,0.0,-0.059256039559841156,-0.03334822505712509,-0.07057562470436096,0.14758165180683136,0.006712930742651224,0.0,0.09338777512311935,0.07744304090738297,0.22780656814575195,-0.06499815732240677,0.2168433517217636,0.1841271072626114,-0.04577795788645744,-0.3119484484195709,0.05656226724386215,0.6347330423343223,0.545685967172739,0.8857023726719156,0.6722798936184715,0.6696236805692415,1.3880531495004245,0.5507906832321269,0.6386769582819345,0.023444213821768287,0.7756505777648376,0.6391323593757927,0.013815409517808873,0.48712101889051107,0.4810550187632467,0.024668152134391885,0.7534882457076734,0.4714719442130717,0.031101711182769866,0.5036050638441139,0.5324030869233827,0.42183841157808266,0.7584082787272453,0.5594088808226578,0.42170061589365015,0.43311252300132574,0.7483094216942818,0.8563802911433913,0.8353629164153651,0.7685303233921654,0.8493326337562318,0.453315809721652,0.5797390253355131,0.9280420862737955,0.8407703068246842,0.5923656612914342,0.9031502531764968,0.5521126685575053,0.5978923200333758,1.1020267887458417,0.751778743848711,0.6057365169755651,1.0864027095045332,0.5454559448978376,0.550725310037652,0.7329245464505963,0.6740120308228239,0.540776588561663,0.7329856294552901
0.9666666666666666,0,0-ACCAD_Male2General_c3d_A6- Box lift_poses,27,0.6348261680686846,0.5444945096969604,0.8114080481605247,0.7243398199824178,-0.002753308781456776,0.002920187841945707,0.689431444729322,0.06229100376367569,-0.045904625207185745,-0.32641589641571045,-0.05203462019562721,-0.0025768952909857035,0.0,-0.0587640143930912,-0.03327689319849014,-0.06962714344263077,0.14775727689266205,0.006731627508997917,0.0,0.09284225851297379,0.0765671506524086,0.22340480983257294,-0.06705506145954132,0.22597214579582214,0.15954068303108215,-0.04719819128513336,-0.32150375843048096,0.038741763681173325,0.6348587166713993,0.5450956497734409,0.886405631929583,0.6717438852569683,0.6665096616881784,1.38941454531434,0.5507548841640048,0.6387151335658778,0.0242118180530623,0.7751985516595232,0.6392730832382747,0.014481174658602464,0.4878874603869328,0.480770674268816,0.02532303585026115,0.7538787368676689,0.4715049981389813,0.031782478637125015,0.5039945872551526,0.5319411821710304,0.42252896028597275,0.7584084854898404,0.5594874442784505,0.42237501297479046,0.43197270048549485,0.7494782247897791,0.8629733525336853,0.8357101294319447,0.7701009098560943,0.8550762590508088,0.45169040774824293,0.5786990019445957,0.9293452838666207,0.8423666777739052,0.5927341983483979,0.9046373750318368,0.5519407408262313,0.5958468318620669,1.1029697859362637,0.7515880503889119,0.6044075414291346,1.0874826643156548,0.545526239082592,0.5498404223526299,0.7336529626781555,0.6741238912912664,0.5404578736626123,0.7336776912395344
0.9999999999999999,0,0-ACCAD_Male2General_c3d_A6- Box lift_poses,28,0.6332545723998919,0.544743537902832,0.8099212699012474,0.7235984511944907,-0.0024644583432637955,0.0032582960905550434,0.6902090925079116,0.06100421026349068,-0.04704727604985237,-0.3252324163913727,-0.050940822809934616,-0.0025202513206750154,0.0,-0.05818304792046547,-0.035168666392564774,-0.06803634762763977,0.14765465259552002,0.006736257579177618,0.0,0.09227371960878372,0.07565844804048538,0.2178795486688614,-0.0701645165681839,0.23558032512664795,0.1331137865781784,-0.04950302466750145,-0.3323316276073456,0.019605685025453568,0.6333530783670965,0.5453483654770325,0.8849187663939965,0.6701829811175835,0.6639220377276012,1.3886016760087492,0.5489320483849157,0.6392259911500949,0.02280986765434417,0.7740778153803258,0.6393383745013492,0.012851468331309603,0.48656866221793726,0.4810817797000046,0.02391279585575113,0.7532851995419816,0.47151331874384395,0.030241631832245763,0.5025060242208051,0.5322638237805916,0.42112159220184303,0.7570257944869332,0.5597773288531311,0.420778783341653,0.42974816596211923,0.752102446206034,0.8681648061809065,0.8349166804730512,0.7722765795818096,0.8590639684184155,0.4484524534977449,0.5790321473082026,0.9286328594931148,0.8426418334888719,0.5936959085445116,0.903883943283632,0.550396364501297,0.594695855310829,1.1017994248716414,0.7500301058032377,0.60357267872352,1.0863153608092018,0.5438721837484223,0.5498620607293727,0.7322482910057796,0.6724918371903053,0.5408019527038569,0.732156621870259
1.0333333333333332,0,0-ACCAD_Male2General_c3d_A6- Box lift_poses,29,0.6319398727500811,0.5478121638298035,0.806501274593325,0.722742193539245,-0.0025478725879260248,0.0031791208173649523,0.6911057250625152,0.06031063199043274,-0.04802165925502777,-0.32404106855392456,-0.0497349351644516,-0.002457309514284134,0.0,-0.056834183633327484,-0.03808102011680603,-0.06605690717697144,0.1474905163049698,0.006738549098372459,0.0,0.09144551306962967,0.07416066527366638,0.21135181188583374,-0.07434159517288208,0.2452506422996521,0.10536152869462967,-0.0523468516767025,-0.3434898853302002,-0.0013607449363917112,0.6320203980632045,0.5484179483728938,0.8814987848237407,0.6679425548888072,0.6635884739493786,1.386027294941919,0.5480691726512696,0.642122337027554,0.019312282642956414,0.7747632035928975,0.6417564070073605,0.00940200189843661,0.4862661478423829,0.48375858624988566,0.020456207509680593,0.7545423933684738,0.47387891834925666,0.026959553997634916,0.5016640597539347,0.5352156521658781,0.4176479822361828,0.7566024373728579,0.5627070280389154,0.4173811679872222,0.42792059916643105,0.7576617919059202,0.8717698823858246,0.8341656423433593,0.7773280975800242,0.8621662209341278,0.4452849999695855,0.5823152428103209,0.9257293997037188,0.8430751557582822,0.5975446483219962,0.9016389475661143,0.548645623118455,0.5961063786177636,1.0986059352806636,0.7482906888569533,0.6053163579317905,1.083466288412063,0.5425613596113263,0.55269093401155,0.7288097987568378,0.6712053890120425,0.5440008258570036,0.7287469541225413
1.0666666666666667,0,0-ACCAD_Male2General_c3d_A6- Box lift_poses,30,0.631139024742879,0.5484727621078491,0.805934434421511,0.7217946400128534,-0.0024884645091209894,0.0034722659894045388,0.6920941038341543,0.05958137288689613,-0.04899252951145172,-0.3228641152381897,-0.048601001501083374,-0.002398191951215267,0.0,-0.0556483194231987,-0.04013950005173683,-0.06423134356737137,0.14708252251148224,0.006728075910359621,0.0,0.09095004200935364,0.07254117727279663,0.20522050559520721,-0.08002305030822754,0.25562262535095215,0.07673764228820801,-0.056091684848070145,-0.35503947734832764,-0.023103103041648865,0.6312566264477022,0.5491026563822626,0.8809316970585039,0.6665059747108003,0.6612445213611041,1.3861813664056362,0.5471255745416524,0.6423960434478171,0.01871332142694588,0.7747870824122528,0.6417963841941962,0.00869754242078831,0.48592271992924824,0.4838002664504053,0.01997431543175463,0.7552166145466026,0.47386015430421746,0.026429419869603045,0.5010499151518457,0.5356154948075819,0.41712732992322266,0.7561784390986355,0.5631905349065274,0.4167411419956128,0.4266164770480571,0.7608691436857808,0.8787129688293495,0.8336979990702498,0.7801760392103235,0.8681898831016697,0.44256780827653314,0.5834249200290657,0.9258156940909865,0.8440938711592537,0.599345327468417,0.9021272333015994,0.5475636054123554,0.5952361581862098,1.098271245210959,0.7472040108278923,0.604892569477274,1.0833498797741814,0.5417066186198929,0.5530640112886998,0.7282889114021488,0.6703759059920015,0.5447737033421481,0.7281624392383451
1.1,0,0-ACCAD_Male2General_c3d_A6- Box lift_poses,32,0.631587490090169,0.5492188334465027,0.8063247256355003,0.7198078552311414,-0.0014341017074324968,0.0036527095526705093,0.6941622667739588,0.05910070613026619,-0.05037407949566841,-0.32061243057250977,-0.04662318900227547,-0.002295325044542551,0.0,-0.052689723670482635,-0.04068750515580177,-0.06128428131341934,0.14603684842586517,0.006696189288049936,0.0,0.09031838923692703,0.06948381662368774,0.1947251856327057,-0.09347199648618698,0.2765767276287079,0.017836246639490128,-0.06887613981962204,-0.37914958596229553,-0.06745344400405884,0.6318325525507001,0.5497540110690765,0.8813224157952828,0.6661048644154536,0.6558085353545212,1.3879394796202755,0.5463477952816947,0.6432946719522147,0.019210897764755056,0.773854014504445,0.6426657243430899,0.008773963413346658,0.4863836028702971,0.4842273289281287,0.02058057353173489,0.755723727720839,0.47458271452380174,0.026645575294574984,0.5014335855910748,0.536268455856915,0.4177024610861355,0.7561463221494162,0.5642297954949976,0.41688707473441966,0.4264773167122227,0.7661175821155213,0.8951822945854663,0.8341941919431789,0.785934658708434,0.8828550892019176,0.4392312898341111,0.5851884842226437,0.9277639137816285,0.8482518635018902,0.6034782015454807,0.904571150402304,0.5476682149115977,0.5927116621457917,1.0991693742504982,0.7472759441622787,0.6034111598304273,1.0845249188941763,0.5419942653402239,0.5533844527537324,0.7288417120608354,0.6707116213565081,0.5459173507406629,0.7284833540447722
1.1333333333333335,0,0-ACCAD_Male2General_c3d_A6- Box lift_poses,33,0.6313146200263873,0.549329400062561,0.806210165508242,0.7187780437872777,-0.0010562712271484204,0.0035466256779803557,0.6952297674199006,0.05911044403910637,-0.05084776505827904,-0.31955793499946594,-0.04577663913369179,-0.0022513491567224264,0.0,-0.05081348493695259,-0.0408383347094059,-0.0596700981259346,0.14541885256767273,0.006675788201391697,0.0,0.090083047747612,0.06767354160547256,0.19031725823879242,-0.10179993510246277,0.28767725825309753,-0.011254184879362583,-0.07816024869680405,-0.39171797037124634,-0.09003012627363205,0.6315868528464795,0.549813141709299,0.8812081113688512,0.6649387882064178,0.6532252042692951,1.3884266300024088,0.5457072703619689,0.6433987235259367,0.019102803543029304,0.7731957257252413,0.6426587077873455,0.008545869319967384,0.48637206742458644,0.48409604747064283,0.02051386484633885,0.7558243534355287,0.47450650543030076,0.026520080491745448,0.5012552545061427,0.536268474378706,0.4176228765693798,0.7557968267981469,0.5644043885825134,0.41670502898188966,0.42592926229198363,0.7683249698489376,0.903124973890763,0.8335629706959288,0.7888794520047763,0.8905297847966102,0.43687067731220824,0.5861042322032165,0.9283331553676691,0.849754640411632,0.6059389639523348,0.9057012009177312,0.5469960014252875,0.5913406576214812,1.099192415148451,0.7465943247037349,0.6025987301266271,1.0848414553233623,0.541679746241601,0.5532835611020783,0.7287642316977322,0.6704200818206612,0.5462448729951622,0.7283537159381652
1.166666666666667,0,0-ACCAD_Male2General_c3d_A6- Box lift_poses,34,0.6309696283424273,0.5496795177459717,0.8063683562354759,0.7182697146440461,-0.0005545796304013043,0.0033511589619946275,0.6957564798118703,0.05958409234881401,-0.05143008381128311,-0.3184918165206909,-0.045018866658210754,-0.0022119719069451094,0.0,-0.04882611334323883,-0.041165661066770554,-0.05788443982601166,0.14479409158229828,0.006655537057667971,0.0,0.08967704325914383,0.06566420942544937,0.18653251230716705,-0.11155631393194199,0.29936572909355164,-0.0395292267203331,-0.08952360600233078,-0.40483641624450684,-0.11259080469608307,0.6312728058854176,0.5500890069933061,0.8813666255617326,0.6637720562910313,0.6509681300266986,1.3891443850375196,0.5451786362561775,0.6438154092082549,0.01927046744534756,0.7727048856941025,0.6428365509133298,0.008607770295598116,0.4862337878169962,0.4843683220634962,0.02073034536273209,0.7558589049689043,0.47463829077241365,0.0266510022393195,0.500992507723618,0.5366826872381222,0.41782359719129963,0.7554383948728985,0.5647137877730198,0.4167956747404472,0.4256982574105118,0.7710668986418102,0.911433799612611,0.8330873962639825,0.7918819551477024,0.8988876455001903,0.43438905475389095,0.5878506584919205,0.9292057885570807,0.8512947434384202,0.6086918770635911,0.9072214324289996,0.5462754071702633,0.5904017001587453,1.0994499354390999,0.7458841186565344,0.6018883562782597,1.0854283831005527,0.54129677116147,0.5535916076470787,0.7289633360617555,0.6700482814755178,0.5467792355026782,0.7284946301596112
1.2000000000000004,0,0-ACCAD_Male2General_c3d_A6- Box lift_poses,35,0.6309902515495196,0.5503541827201843,0.8063751511649803,0.7177092282592497,6.937056211987825e-05,0.003210691260151217,0.6963355156250967,0.06020987406373024,-0.05203213542699814,-0.31745731830596924,-0.04434505105018616,-0.002176899230107665,0.0,-0.04707423970103264,-0.04147443175315857,-0.05598195642232895,0.14414234459400177,0.006634307559579611,0.0,0.08898930251598358,0.0636262446641922,0.18380452692508698,-0.12296077609062195,0.31170594692230225,-0.06669056415557861,-0.10341457277536392,-0.4187948703765869,-0.1345410794019699,0.6313431487394163,0.5506820722894165,0.8813736041623839,0.6630768130596748,0.6495281062189406,1.3895938610539276,0.5448264296308412,0.6445452186949863,0.01931456681795609,0.7723700438815942,0.6436126055553575,0.0085182823566047,0.4862909192461266,0.4849479235854395,0.020830290314251328,0.7560986249461521,0.4753591364717778,0.026574058916150157,0.501000538122654,0.5373946244164016,0.41790636480831406,0.7553516782970344,0.5654709561529344,0.41671081343656363,0.425901061749375,0.7741884128699885,0.9196016883319803,0.8329105041836359,0.7954381102669257,0.9072778181940971,0.43219982000663193,0.5903096743689585,0.9300179916999977,0.8532899581539248,0.6122922223690709,0.908629042138305,0.5459751829414048,0.590013376003939,1.099521742054584,0.7455920955464531,0.6017023683599897,1.0857870939073349,0.5412597148308851,0.5542223905473536,0.7290335516462216,0.6700225288986289,0.5476457161700722,0.7284740322619915
1.2333333333333338,0,0-ACCAD_Male2General_c3d_A6- Box lift_poses,36,0.630768283852376,0.5497404932975769,0.806455617435427,0.7174516233534625,0.0008196476657269013,0.0029617414165200766,0.696601553553369,0.060447923839092255,-0.05286671593785286,-0.316453754901886,-0.043943941593170166,-0.0021565521601587534,0.0,-0.04603860154747963,-0.04159407690167427,-0.05401400476694107,0.14329755306243896,0.006602884270250797,0.0,0.08810266852378845,0.06160209700465202,0.1831989884376526,-0.13632947206497192,0.3244921565055847,-0.09225751459598541,-0.12021486461162567,-0.43363380432128906,-0.15533828735351562,0.6311726649560582,0.5499617577161195,0.88145420087525,0.6621840384185497,0.6476953252750381,1.3899287012091484,0.5444944035022755,0.6446717095556899,0.019541220246847527,0.7717585642341716,0.643812261263735,0.008615188740906797,0.4862200317090519,0.48497778577792805,0.020937035624152694,0.7559359199455757,0.4754950883224992,0.026475010150615427,0.5008029252865843,0.53715765895142,0.4180520411367221,0.7549903348507249,0.5651574850956244,0.41671628477865374,0.42612426519623486,0.776366841129325,0.9275637720295105,0.8326300992129776,0.7978461945184553,0.9157528828711409,0.4297419621652188,0.5921514295191556,0.9309042208174116,0.8551560196449929,0.6150320209159337,0.9101739006265295,0.5454485624716308,0.5888240991660326,1.0995778160691878,0.7450853004752842,0.6005052659981994,1.086127608609831,0.5409817804159301,0.5536587906191385,0.7291810439009395,0.6697495745757229,0.5471976450539019,0.7285249803848546
1.2666666666666673,0,0-ACCAD_Male2General_c3d_A6- Box lift_poses,37,0.6304421272361651,0.5493937134742737,0.8063446335868553,0.7173391247214895,0.0014375517686993067,0.002677451788639205,0.6967175502602466,0.06078573316335678,-0.05377659946680069,-0.3154793083667755,-0.04369772970676422,-0.0021444126032292843,0.0,-0.04528971016407013,-0.041748449206352234,-0.05190823972225189,0.14230066537857056,0.006563452538102865,0.0,0.0867764875292778,0.059567444026470184,0.1842063069343567,-0.15149901807308197,0.3374963402748108,-0.11621904373168945,-0.13938815891742706,-0.44925570487976074,-0.17506751418113708,0.6308804585065462,0.5495188458028167,0.88134324829138,0.6610669899841608,0.6470412795000542,1.3899025082941885,0.5443493767131254,0.6449706908608831,0.0195553122699646,0.7713126187592059,0.6443595220725585,0.008584801695430348,0.4862635080061002,0.4852070486552352,0.020824361416342443,0.7558848430746355,0.47597922012527794,0.0261932557323192,0.5006009274832867,0.5371513010569751,0.4179786596070566,0.7546424434326694,0.5650779370863146,0.4165645607621783,0.42646154667766256,0.7791423632576526,0.9349587529260157,0.8323265709383328,0.8006203078610611,0.9240226852062591,0.4271655533837676,0.594894223657619,0.9315394499776902,0.8569889386865803,0.6184156672434413,0.9116614248084517,0.5447525897140729,0.5883926966836546,1.0993376564398603,0.7444219543765778,0.5998921183143672,1.0862192336142762,0.540619578188986,0.5533909422932963,0.7291153263436303,0.669389422007526,0.5469820363755484,0.7283939581874632
1.3000000000000007,0,0-ACCAD_Male2General_c3d_A6- Box lift_poses,38,0.630285068997182,0.5492815375328064,0.8061933569984153,0.7177425669703421,0.0020970028128514677,0.0024740941758130052,0.6963010045921492,0.06161399930715561,-0.05456238612532616,-0.3145456612110138,-0.04346049949526787,-0.0021324155386537313,0.0,-0.044142309576272964,-0.04182382673025131,-0.04968893527984619,0.1412341296672821,0.00652044452726841,0.0,0.0853159949183464,0.05735430121421814,0.18588940799236298,-0.1682610958814621,0.35062873363494873,-0.13891954720020294,-0.16005313396453857,-0.4653715491294861,-0.1939873844385147,0.6307704551776663,0.5493141784445416,0.8811917792139972,0.6602574252492931,0.6469622889816462,1.3897622949901485,0.5442881213929776,0.6452566027356679,0.019490873723922556,0.7709862464900505,0.6446370308765097,0.008450477457108432,0.4861504722752616,0.4855116124617475,0.020736601402998812,0.7557301321133904,0.4762220468030305,0.025875864501762567,0.5004445599861915,0.53741065691121,0.4178978441164978,0.7544028735805023,0.5649095563929086,0.41634245641087003,0.4274414215609353,0.7825493143922152,0.9422471028685608,0.8325151293706966,0.8033296530106071,0.9323002041238351,0.42485292342221126,0.5985615136310388,0.932179677546286,0.8591293180035159,0.6219796241009521,0.9132367264229518,0.5442839547247252,0.5885082393635409,1.0990220202991088,0.7440033457843725,0.5995012793734349,1.086235198719665,0.5404195658510724,0.553498645058582,0.729024052668322,0.6691816429390509,0.546948793742302,0.7282166475326627
1.3333333333333341,0,0-ACCAD_Male2General_c3d_A6- Box lift_poses,39,0.6305736150825396,0.5495883822441101,0.8064037613944725,0.7172810156782349,0.0026949555051789275,0.002348985281314236,0.6967748302217676,0.06264840811491013,-0.05531581863760948,-0.3136562705039978,-0.04317361116409302,-0.0021173276472836733,0.0,-0.04227827116847038,-0.04175614193081856,-0.04737139493227005,0.14020800590515137,0.006479930132627487,0.0,0.0844985619187355,0.05507345497608185,0.18842178583145142,-0.18678314983844757,0.363975465297699,-0.1606123298406601,-0.18144497275352478,-0.4819745421409607,-0.21139958500862122,0.6311080140394852,0.5495439332539029,0.8814018443169185,0.6595388062645372,0.647953815228171,1.3898801222257542,0.5443814930709777,0.6454422342530822,0.01974621274333065,0.7707403997192718,0.645023792330115,0.008578593845623192,0.4865827624440473,0.4855747214903951,0.02104432714029416,0.7560994791672844,0.47655202798861335,0.025982848068425206,0.5007410402166045,0.5376377841292207,0.41818830371351856,0.7545235474991808,0.5651929271352566,0.4164609263124016,0.42823299406196275,0.785872590508591,0.9498280256848853,0.8323484355300508,0.8070494264733393,0.9406519081796622,0.4228308962297601,0.602421050198186,0.9332173694389898,0.8615107344242797,0.6268667080262792,0.9152883023555833,0.5441169280984055,0.5890260456266473,1.0990160008218204,0.7438512736314629,0.6001337499108252,1.0865663012263875,0.5406529072342172,0.5537926618310283,0.7292959516412983,0.6694235839881472,0.547434330640729,0.7284013327032636
1.3666666666666676,0,0-ACCAD_Male2General_c3d_A6- Box lift_poses,40,0.6301529254997149,0.5496811270713806,0.8063215069846824,0.7168892426729248,0.00333292850753941,0.0019329678931473023,0.6971764259945455,0.06364914774894714,-0.05608795955777168,-0.3128192126750946,-0.04280969500541687,-0.0020976385567337275,0.0,-0.04012870043516159,-0.04187428578734398,-0.04486279934644699,0.13907687366008759,0.006433809641748667,0.0,0.08375266939401627,0.05366900935769081,0.19191385805606842,-0.20736972987651825,0.37787628173828125,-0.18147103488445282,-0.20300601422786713,-0.49976974725723267,-0.2258710116147995,0.6307093299608165,0.5495248689294286,0.8813192802680856,0.6583586083452244,0.6489911689420336,1.3896320212869573,0.5440742921589206,0.645792362663543,0.019716403547848902,0.7702272495149345,0.6453714527892299,0.008495209912455878,0.48657308532210736,0.4858173142733393,0.02097937815645555,0.7561831770409941,0.47684104963174523,0.02582343082293432,0.5004694013336722,0.5378713873917667,0.4181329197085685,0.7541363426961429,0.5653284529069488,0.4163362170740882,0.42845940323491477,0.7891107704956223,0.9573824866583873,0.8317684828140237,0.8104328253380604,0.9481405697058396,0.42008319812737255,0.6064882114006432,0.9341789459422513,0.8633541597215795,0.6315482450430222,0.9171209605669797,0.5433505068367992,0.5894410831369409,1.09873074425689,0.7430944203382932,0.6006417729894464,1.086520155985407,0.540205693631008,0.5539254839371611,0.7292447322802369,0.6689839515258154,0.547741053630326,0.7283069457822149
1.400000000000001,0,0-ACCAD_Male2General_c3d_A6- Box lift_poses,41,0.6302903142059222,0.5503553748130798,0.8064774327354148,0.7163987732019164,0.0038365684134343014,0.0020374979371047567,0.6976775237169064,0.06458535045385361,-0.05687139555811882,-0.3120369613170624,-0.04242810606956482,-0.002076628850772977,0.0,-0.03793468698859215,-0.041977062821388245,-0.04221923649311066,0.13779577612876892,0.00637957826256752,0.0,0.08333124965429306,0.05290869250893593,0.19579270482063293,-0.23068813979625702,0.39217954874038696,-0.20190925896167755,-0.22544224560260773,-0.5185855031013489,-0.23792655766010284,0.630910766491842,0.5501563253546771,0.8814746021371597,0.6583382445190471,0.6513840500356647,1.389450370866752,0.5438661324949721,0.6460163587143137,0.019889215617435764,0.7698008480683807,0.645632164290717,0.008494388997893773,0.4866999212458032,0.4859224239864452,0.021287913141690738,0.7564349039826619,0.4770535834416597,0.025890182098965518,0.5005427882944752,0.5383145113777755,0.4183979482776324,0.7540897527877394,0.5657030747704996,0.4163669726106257,0.42944875823250106,0.7931514241494734,0.9655818111563577,0.8318864248683201,0.8147032653620434,0.9551676309099117,0.4179739240480223,0.6116677677668316,0.9357225604860195,0.865905078101488,0.6372310496548139,0.9190302805873406,0.5434397798725135,0.5907509131914751,1.0987295517842635,0.7431715139834115,0.6021544462270482,1.0865074929004213,0.5402722645380118,0.5545418112271076,0.7294782067965699,0.66905907784327,0.5485698267015537,0.7284310402412982
1.4333333333333345,0,0-ACCAD_Male2General_c3d_A6- Box lift_poses,42,0.6299639787757769,0.5500159859657288,0.8064744525031761,0.716022061931749,0.004690504122159948,0.0016370063894292305,0.6980599732173215,0.06534917652606964,-0.057642605155706406,-0.31132423877716064,-0.042065251618623734,-0.0020563078578561544,0.0,-0.03584175556898117,-0.04203973710536957,-0.03944731876254082,0.1363782435655594,0.006317964289337397,0.0,0.0829596072435379,0.05233167111873627,0.20011486113071442,-0.25752124190330505,0.4070076048374176,-0.2215661108493805,-0.2494061440229416,-0.5382651686668396,-0.2481851428747177,0.6306309366566137,0.5496836195962257,0.8814707504103502,0.6578270077109377,0.6522912808560676,1.3891817880736335,0.5434086853202541,0.6463282988613315,0.020016734327717497,0.7691157130781476,0.6459147015237967,0.008505454993645627,0.48651293577404403,0.48613719132389965,0.021313942678713386,0.7563911936892646,0.4772680425645869,0.025721465803874063,0.5002329786777883,0.5383056215750447,0.4184567900866882,0.7536753902680526,0.5655156046472688,0.41628966433442616,0.4302383405533822,0.7963353891012263,0.9743892326804068,0.8316598676744911,0.8178627835864279,0.9623724739838213,0.4153870597331329,0.6164224502512339,0.9373711547113233,0.8680434878551408,0.6419865366075532,0.9211009082836419,0.5430468380490284,0.5908244371564633,1.0985893434236018,0.7427701047885853,0.6023885954807346,1.0863798444522659,0.5398944763113794,0.5542629194998859,0.7295370803694625,0.6686877875801112,0.5484635207140547,0.7284033008178055
1.466666666666668,0,0-ACCAD_Male2General_c3d_A6- Box lift_poses,43,0.6296918239677325,0.5499905347824097,0.8066139273719505,0.7152370891856439,0.005602724685625603,0.0011586639182726809,0.6988584786831085,0.06625457853078842,-0.058260705322027206,-0.3106897473335266,-0.04165025055408478,-0.0020327530801296234,0.0,-0.03374628350138664,-0.04181215912103653,-0.03661813586950302,0.13475264608860016,0.006244897376745939,0.0,0.08241403102874756,0.05143565684556961,0.20440830290317535,-0.2878604531288147,0.4227910339832306,-0.23999936878681183,-0.2750294506549835,-0.5586637258529663,-0.2575051188468933,0.6304034586265115,0.5495109046235457,0.8816090174180538,0.6570730144070184,0.6533990136472025,1.3890870189414375,0.5428092148669489,0.6468977785769735,0.02027956312368536,0.7682108156710467,0.6469105222859918,0.008697204667568882,0.4863614515029817,0.48654752082937736,0.02148158287602662,0.756349399906603,0.4781758107091231,0.025664936547049117,0.49995963458241777,0.5385011407565146,0.41865574353742263,0.7532401248341897,0.5658550713787522,0.4163614655900055,0.43091770304867405,0.7997812989523664,0.9839162166441823,0.8311555907632525,0.8215414822306375,0.9701545377689672,0.412683537224848,0.6218821638786372,0.9394305207308178,0.8701191498652492,0.6475261403995087,0.9236780267804174,0.54257559755414,0.5910567771095177,1.098569521727952,0.7422828670494562,0.6029813866999677,1.0864453682795474,0.5395685203254634,0.5542115614239366,0.7297361690012535,0.6683744869408722,0.5487317094367585,0.7285194917859429
1.5000000000000013,0,0-ACCAD_Male2General_c3d_A6- Box lift_poses,44,0.6295790519798175,0.5500748157501221,0.8070110135154441,0.7147935153359806,0.006004160713334369,0.0007776279377428101,0.6993093562812887,0.06696634739637375,-0.05861125886440277,-0.3101823329925537,-0.0412115603685379,-0.0020075286738574505,0.0,-0.03168901428580284,-0.040881358087062836,-0.03385269641876221,0.1328379511833191,0.006155807990580797,0.0,0.08185099065303802,0.05001562088727951,0.20911887288093567,-0.3215208053588867,0.4400446116924286,-0.25665518641471863,-0.3023489713668823,-0.5796164870262146,-0.26615890860557556,0.6302922433554216,0.5495126258525684,0.8820055153177819,0.6559425642626224,0.6552976588642148,1.3891430756150644,0.5427367026265872,0.647106576054691,0.020674035777814747,0.767544186551913,0.64733152260003,0.00915916679748572,0.4865653190428581,0.4866592829273763,0.021874783214660267,0.7564000355462693,0.4785317299193516,0.025965055328693764,0.49998194250498984,0.5386559604340789,0.41904837456434735,0.753021006966712,0.5658468848459964,0.41674489178725316,0.4318163278756911,0.8038552326279541,0.9936899256964007,0.8308338490273758,0.8253268303216641,0.978424651024658,0.4099432405580545,0.6283802196257917,0.9418280700869638,0.8723007147866612,0.6533159380244165,0.9269240085104702,0.5419951053734512,0.5918276549245103,1.098653550292232,0.7417109279265501,0.6039035654839923,1.086823609206222,0.5394499035444515,0.5542856130754525,0.7301379641262266,0.6682634209866636,0.5490030070921467,0.7289168448718811
1.5333333333333348,0,0-ACCAD_Male2General_c3d_A6- Box lift_poses,45,0.62931035424117,0.5500097274780273,0.8072444253043846,0.7135586624764794,0.006552767008480794,-8.585100364230918e-06,0.7005648409502194,0.06771019846200943,-0.05859808251261711,-0.30980685353279114,-0.04075631499290466,-0.001981019275262952,0.0,-0.02895372360944748,-0.0396403893828392,-0.03103788010776043,0.13089844584465027,0.006065309513360262,0.0,0.08144104480743408,0.04825369268655777,0.21297696232795715,-0.3585759103298187,0.4594402313232422,-0.27161121368408203,-0.33155161142349243,-0.6012572050094604,-0.27402615547180176,0.6299980310718221,0.5493074577657929,0.8822379844800088,0.6540218306144032,0.6561836706782885,1.3892247713563606,0.54234734902592,0.6475694699127631,0.020932895826206343,0.7665896707718215,0.6480848235043037,0.009517128954558696,0.48679985033758905,0.4869042516631771,0.022011336498080146,0.7565623746032885,0.47919648827252315,0.026135900094031814,0.49992178828039585,0.5386724743942113,0.41922344820764557,0.7526815969612716,0.566081608770846,0.41701099009788695,0.4317585359855103,0.8071110739853321,1.004233055728982,0.8295242340318352,0.8291983992628456,0.9875200438274031,0.4065499289154496,0.6345801599761383,0.9445910064272727,0.8739682972634933,0.6596359609827561,0.9306617201435369,0.5409726694625446,0.5918036789364657,1.0985845591766386,0.7406749006844185,0.6045191363244213,1.0872038347524076,0.5391954827220744,0.5540687464852608,0.7303448073210773,0.6680281445937615,0.5492905571168053,0.7291655034394339
1.5666666666666682,0,0-ACCAD_Male2General_c3d_A6- Box lift_poses,46,0.6296821680152789,0.5502344965934753,0.8074389748649314,0.7118900609587779,0.007252192734686391,-0.0008226896306636563,0.7022529957148048,0.06931222230195999,-0.058348048478364944,-0.3094802796840668,-0.040321432054042816,-0.001955260057002306,0.0,-0.025121284648776054,-0.03824452683329582,-0.02812938764691353,0.1290609985589981,0.005980464164167643,0.0,0.08092302083969116,0.04632903262972832,0.2149433046579361,-0.39838945865631104,0.4808788001537323,-0.2855425179004669,-0.3633987307548523,-0.6235499978065491,-0.28175076842308044,0.6303582494405956,0.5493734215656266,0.882430984197278,0.6527020572220643,0.656222288983678,1.3894976350041324,0.5421858033872581,0.64784152210136,0.021106844840829884,0.765909646965899,0.6487021439489808,0.009719878275624455,0.48745849739036734,0.4868950226068638,0.02217748894171467,0.7572340015775598,0.479736532665776,0.026313713901803433,0.500385607655429,0.5386771478543143,0.41939304408159406,0.7528631841584497,0.5665496650043738,0.4172034467214746,0.43204067112298233,0.809955779117552,1.015973448393801,0.8283967375799702,0.8332288674552194,0.997832644750496,0.40350585800811856,0.6410078775506473,0.9481358835730662,0.8760727542749188,0.6666899713884074,0.9349728186839321,0.540584688538217,0.5914511053510285,1.0985835265117359,0.7402553724810659,0.6050301613629252,1.0876559416175022,0.5395648980175305,0.5540728288788831,0.7305271749715188,0.6684197909961872,0.5499631830300508,0.7293704570827003
1.6000000000000016,0,0-ACCAD_Male2General_c3d_A6- Box lift_poses,47,0.6295502033317462,0.5503852963447571,0.8078284316138938,0.711518990734062,0.008230694305390916,-0.001902163501174816,0.7026160852628182,0.0720643624663353,-0.05811240151524544,-0.3091336786746979,-0.040054403245449066,-0.001938403001986444,0.0,-0.02097233757376671,-0.03666410595178604,-0.025140630081295967,0.1270078718662262,0.005883692763745785,0.0,0.0794622004032135,0.044921375811100006,0.21649830043315887,-0.43972939252853394,0.5039396286010742,-0.29820266366004944,-0.39840659499168396,-0.6465337872505188,-0.28891611099243164,0.6302146422453384,0.5493063784480664,0.8828177272306837,0.6516979581786724,0.6554424810663646,1.3900694740358266,0.5418754376693166,0.648223338338444,0.021464076017881334,0.7649456702808546,0.6491968301911384,0.010175337442832597,0.48737647567059317,0.4871995617578481,0.022562491596809838,0.7570186863428965,0.4801810948878144,0.02663268065259964,0.5002888002306315,0.539042394309354,0.41976986764541124,0.7525477587881605,0.5666793229234591,0.41759544194317993,0.43304219407099065,0.8130305378768443,1.0286684330274602,0.828009534048675,0.8359928491206059,1.0092879031824096,0.4003188160101217,0.6483576136795803,0.9526975651320904,0.8781657590158247,0.672786569824925,0.939950844550874,0.5400394577066611,0.5911338313034757,1.0988764007189875,0.7397330229805418,0.6046541249865099,1.088299702418909,0.5394427203640793,0.5544241678334395,0.7309089458408956,0.6683024546811923,0.550484792491379,0.7297699108428615
1.633333333333335,0,0-ACCAD_Male2General_c3d_A6- Box lift_poses,48,0.6298371996963397,0.5508311986923218,0.8083202891425804,0.7106901458185096,0.009197870128177497,-0.003156951203279414,0.703437949986117,0.075475312769413,-0.05786198377609253,-0.30880817770957947,-0.039861202239990234,-0.0019252478377893567,0.0,-0.016181837767362595,-0.035049956291913986,-0.022031087428331375,0.12476609647274017,0.005776445381343365,0.0,0.07724358886480331,0.04389098286628723,0.21672272682189941,-0.48280248045921326,0.5286957621574402,-0.3092004358768463,-0.43671339750289917,-0.6705260872840881,-0.29508623480796814,0.6304711772157702,0.5495175654505335,0.8833061040692112,0.6511669044991634,0.6541474245443715,1.3909015862693535,0.5420696611091839,0.6485458826351562,0.021869139887019322,0.7644727712238377,0.64997085640895,0.010750583427431376,0.4880050788240723,0.4873762241671108,0.023036243836966362,0.7575311509138244,0.48090168281188433,0.02710382306601281,0.500725106630801,0.5394357019312127,0.4202209100445857,0.7527368258325693,0.5671619824278222,0.41812014374486384,0.43426655624202437,0.8156118644609164,1.0422742286090703,0.8278522163468413,0.8387646701992586,1.0220168430103893,0.3974312588120027,0.6558027478532826,0.9582279835025953,0.8805819130766159,0.6795005997923087,0.9457666025887077,0.5399371425609105,0.5906954875620228,1.0993566997389295,0.7396445450518033,0.6042654809934654,1.0891100627974173,0.5397552396916101,0.5549887761386944,0.7313688485052537,0.6686246778113142,0.5513860779501589,0.7302841036610702
1.6666666666666685,0,0-ACCAD_Male2General_c3d_A6- Box lift_poses,49,0.6301911320770159,0.5511908531188965,0.8088033251838401,0.7092615888568445,0.010480018921351239,-0.004391367649050774,0.7048538030441798,0.07878364622592926,-0.05772863328456879,-0.3085271418094635,-0.039718493819236755,-0.00191450712736696,0.0,-0.010587182827293873,-0.03349456191062927,-0.018777724355459213,0.12240063399076462,0.005662310402840376,0.0,0.07469157874584198,0.04345117136836052,0.21287421882152557,-0.5294975638389587,0.5553324222564697,-0.3192596137523651,-0.4790436625480652,-0.6957545280456543,-0.30034172534942627,0.6308319699965163,0.5496116010599856,0.883783957947877,0.6513310893275109,0.6504166012413313,1.3921575577001797,0.5418969183830993,0.6490533880783741,0.022366731288465995,0.7635809830826377,0.6507065420475212,0.011235758334564375,0.4885307573614549,0.4876510699992058,0.02352629003337813,0.757939717684499,0.4815831957060048,0.0275290037741701,0.5010994677686279,0.5397180754960167,0.42071431428866163,0.7528137330706018,0.5676947598605548,0.418579035337467,0.43562691573993184,0.8165666413528553,1.0582213037382404,0.8275965588606392,0.8406621992500133,1.0367640893164283,0.39459892784111583,0.662718639241364,0.965447058069276,0.8830078082830617,0.6863780895801991,0.9525882546308908,0.5402120692883838,0.5889902136939487,1.1001370251890001,0.7399034160073273,0.6028857786178589,1.090014563975437,0.5400920576165412,0.5553451372984816,0.7318632388323275,0.6689753092593815,0.552320040091322,0.7307741599605063
1.700000000000002,0,0-ACCAD_Male2General_c3d_A6- Box lift_poses,50,0.6305284943664446,0.5516456961631775,0.809013252742739,0.70788055286251,0.011998319941283872,-0.00541016250782239,0.7062095250981063,0.0811070054769516,-0.05794619396328926,-0.3083038032054901,-0.03975352272391319,-0.0019132253946736455,0.0,-0.005071211606264114,-0.032106488943099976,-0.01535435114055872,0.11967594921588898,0.0055282870307564735,0.0,0.0724201649427414,0.043641794472932816,0.20660720765590668,-0.5801360011100769,0.5836871862411499,-0.3275803327560425,-0.5254263281822205,-0.7221274375915527,-0.3034953773021698,0.6312250312165341,0.549798583315856,0.8839872683117729,0.6522968160606126,0.6455036972199433,1.3933193324804432,0.5414798843837119,0.6504211361470688,0.022777286742066687,0.7623066496251522,0.6517170556198734,0.011416330895369697,0.48877300332486173,0.48880108119268684,0.023748124313858563,0.7579716003556479,0.4825416522113653,0.027568427644693586,0.5012936497203107,0.5404009988215767,0.42099856080055953,0.7526863691224569,0.5683194685325729,0.41869571228088515,0.43740308355800467,0.8164943017335266,1.0756819481815827,0.8276799096666532,0.8418297973177348,1.0525391668161312,0.3919656841141941,0.6696354993985594,0.9740576444314918,0.8855123885004691,0.6933496026592432,0.9599724320228977,0.5408638758498135,0.5868041437564482,1.1008578967853195,0.7405236323405642,0.6010547338043766,1.0906066909372207,0.5403632696805337,0.555787276775551,0.7321438146112432,0.6692567425548367,0.5533438723253513,0.7309680394191979
1.7333333333333354,0,0-ACCAD_Male2General_c3d_A6- Box lift_poses,51,0.6307141032302752,0.5521709322929382,0.8094373993949607,0.7061483329524347,0.012994483365991695,-0.006284135856500939,0.7079167923612812,0.083321712911129,-0.05850871652364731,-0.3080759048461914,-0.03983475640416145,-0.001914148568175733,0.0,0.0004681382270064205,-0.031166093423962593,-0.01168745942413807,0.11674824357032776,0.005383139941841364,0.0,0.07089906185865402,0.04336923360824585,0.20527885854244232,-0.6296453475952148,0.6123434901237488,-0.3317209780216217,-0.5728619694709778,-0.7486896514892578,-0.30315399169921875,0.6314283253688348,0.5501272305832228,0.884406147350749,0.6521698931231262,0.6438356645559357,1.3941218076826798,0.5414792429333496,0.6511194473477576,0.023287417928988117,0.7615361950348205,0.6522270841533739,0.011819411058786596,0.4895862661491882,0.4892356050081573,0.024147969987797904,0.7586842728615335,0.4830183228681241,0.027952037758392723,0.5016484615087341,0.5406912333642085,0.4214313466612452,0.7527405463043504,0.5687507075053574,0.4190863588661061,0.437811880065267,0.8167426822807202,1.0908913151733144,0.8270282331526949,0.8441435646576952,1.0670774363247464,0.3888730565605818,0.6761047822703523,0.9823301027684265,0.8872830289180091,0.7011785160047359,0.9676293661820565,0.5409343808281954,0.5859425684652493,1.1014245590806322,0.7405468442382124,0.6008844175777832,1.091236796986684,0.5405207169156319,0.5561351580432884,0.7325855753299664,0.6694242414567544,0.5544036684426432,0.7313970831830885
1.7666666666666688,0,0-ACCAD_Male2General_c3d_A6- Box lift_poses,52,0.630712553509511,0.5526233911514282,0.8098343663291648,0.7051883997206233,0.014185867641176237,-0.007110016176442715,0.708842387085242,0.08616729080677032,-0.05912074074149132,-0.30785202980041504,-0.03981189429759979,-0.0019089822890236974,0.0,0.006083679851144552,-0.030337877571582794,-0.00787945557385683,0.11364831775426865,0.005228586494922638,0.0,0.06930819153785706,0.04285815358161926,0.20673879981040955,-0.6763680577278137,0.6405958533287048,-0.33273783326148987,-0.6200740337371826,-0.7748549580574036,-0.3008386790752411,0.6314688000123401,0.5503668526305401,0.8847965976535505,0.6520365143066953,0.6433970377765339,1.3946432121439631,0.5412421615687402,0.6516298374747084,0.02375106137895065,0.7605865408332088,0.6525399068600298,0.012182164103103889,0.48980845687579744,0.48959946212059957,0.024606329854793597,0.7588710576918287,0.4833090851036714,0.028244109354512704,0.5016634062478357,0.5410936862823996,0.4218907168938455,0.7525435555908091,0.5688885154811405,0.41941285474721035,0.4382283173058321,0.8173397335256897,1.1044586073913751,0.8269803976516135,0.8459287931114843,1.0806740840111502,0.38601547182864804,0.6823841098812431,0.9903518038339962,0.8890256851285944,0.7081439896594952,0.9751975726744376,0.5408923198304101,0.5857980439617422,1.101853265159045,0.7404886896548715,0.6009797761080428,1.0917049124880558,0.5404710274993517,0.5566388044506956,0.7330336818892926,0.6693778125358303,0.555322986505655,0.7317859502067818
1.8000000000000023,0,0-ACCAD_Male2General_c3d_A6- Box lift_poses,53,0.6309668865287676,0.5534372329711914,0.8103182368354515,0.7043301457872976,0.015415195218707507,-0.008244156274692823,0.7096572774085613,0.08954524248838425,-0.059460729360580444,-0.30770543217658997,-0.039716579020023346,-0.001899483846500516,0.0,0.012122192420065403,-0.02953443117439747,-0.003965781070291996,0.11062269657850266,0.005078237969428301,0.0,0.06735580414533615,0.04218321293592453,0.2080356478691101,-0.7213431596755981,0.6682960987091064,-0.33113962411880493,-0.6670241355895996,-0.8003494143486023,-0.29802700877189636,0.6317368211805849,0.5509310461423672,0.8852723976820046,0.6519276254574126,0.6429279846178263,1.3953208936116246,0.541406126480135,0.6525259788136712,0.02424869136380771,0.7602469326058843,0.6532424377457455,0.012687328936802252,0.49037566630398804,0.4903681984105901,0.025112629415285515,0.7596265355972127,0.4839974263970167,0.028679240677437382,0.5020070009119035,0.541939549950613,0.4223932041165621,0.7527746409386302,0.5694246029818123,0.4198791904119782,0.4386678007775966,0.8178213566933811,1.1175710558634755,0.8272717916103003,0.8471036724222301,1.0945889667141175,0.3836058000311334,0.6883716984728113,0.9985310362711458,0.8908750900441775,0.7146909497890387,0.9833187752099919,0.5409849802629734,0.5858928745761515,1.10234417984501,0.7405806528210209,0.6011841783166364,1.0923477591847484,0.5407068837901056,0.5575823416835208,0.7335362490673748,0.6696158357314688,0.5566404386443973,0.7322789788549048
1.8333333333333357,0,0-ACCAD_Male2General_c3d_A6- Box lift_poses,54,0.6307963576400653,0.5542117357254028,0.8103494696693138,0.7032081769338685,0.016222084428632204,-0.009210247694785558,0.7107392455799356,0.0934121310710907,-0.05961449071764946,-0.30762219429016113,-0.03972378373146057,-0.0018953389953821898,0.0,0.018508683890104294,-0.028612080961465836,3.214880962332245e-06,0.10768663883209229,0.0049329097382724285,0.0,0.065024733543396,0.04139665514230728,0.20877663791179657,-0.7652684450149536,0.6952299475669861,-0.3271510601043701,-0.7140437364578247,-0.8250493407249451,-0.29512229561805725,0.6315543002237624,0.5515186976881046,0.8852972719664424,0.6511169439718295,0.6426148788668637,1.3955308375874704,0.5412638218367583,0.6523635536329279,0.02413898125517462,0.7596345583774,0.6530652547770339,0.01266805268476448,0.49075251397533737,0.4900444588182102,0.02519692107361635,0.7602451543092154,0.4838339740418269,0.028804991469106218,0.5020319099870396,0.5421841641520492,0.4224132712165355,0.7526974647101843,0.5695945217130313,0.41992571869330775,0.4382511699051309,0.8179611101374279,1.129638512100883,0.8268672497621884,0.8477089677160581,1.1080598579122891,0.3808643377368024,0.6937339939514181,1.0062126667444105,0.8919748576631408,0.7209008777969064,0.991268283179176,0.5405196930446907,0.5860274359934527,1.1023368088179575,0.740113532894589,0.6014922769434194,1.0925734749424123,0.5405430835114737,0.5583674202520499,0.7335483344434994,0.6694540640919863,0.5578913834314938,0.7323323449110674
1.8666666666666691,0,0-ACCAD_Male2General_c3d_A6- Box lift_poses,55,0.63067834044341,0.5545734763145447,0.8105312638358787,0.7019950090416404,0.017386267874494377,-0.010172892674549197,0.7118969287928243,0.09747370332479477,-0.05985012650489807,-0.3075697124004364,-0.0399414598941803,-0.0019025355577468872,0.0,0.024860968813300133,-0.02753548137843609,0.004008573479950428,0.10461527109146118,0.004780102521181107,0.0,0.06226537376642227,0.040919169783592224,0.20980490744113922,-0.8080515265464783,0.7211081981658936,-0.32119762897491455,-0.7611735463142395,-0.8488040566444397,-0.2914959490299225,0.6314637270661058,0.5516564076656887,0.885470398327483,0.6508417771024709,0.6417602771143578,1.3958868543100087,0.540838469345346,0.6520967724812773,0.024285179701528287,0.7585475054284156,0.6529739282841539,0.012803625827985957,0.49088083170735836,0.4896073000064645,0.02547083415733512,0.7604520861167177,0.48375510833893465,0.028970367885346265,0.5019363416024242,0.5421141398434097,0.42264543225031126,0.7524429058978135,0.5695801055509176,0.42007464854910637,0.43801231622200765,0.8173105235238752,1.1416228742865417,0.8268064567922103,0.84718801461224,1.1214802298700137,0.37858522706120684,0.6981043298321672,1.01427347827864,0.893085486870886,0.7261514483857461,0.9993458611931435,0.5403412345658833,0.5856933259508397,1.1025563986869396,0.7399275376871617,0.6013009064909814,1.0928664071459646,0.540391283508975,0.5587609417794793,0.733758628009037,0.6693021009633695,0.5587769676614938,0.7325192590221244
1.9000000000000026,0,0-ACCAD_Male2General_c3d_A6- Box lift_poses,56,0.6305939998710528,0.5554907917976379,0.8107919745521263,0.7010348643440567,0.018529364895385893,-0.011248123558933534,0.712797489703132,0.10166168957948685,-0.060075148940086365,-0.30757012963294983,-0.04033713787794113,-0.0019193016923964024,0.0,0.03112385794520378,-0.026440443471074104,0.008077211678028107,0.10136988759040833,0.004617593251168728,0.0,0.05924927070736885,0.04050752893090248,0.21115811169147491,-0.8500403761863708,0.7456513047218323,-0.3136059641838074,-0.8087424039840698,-0.8715463876724243,-0.28693097829818726,0.6313923535725472,0.5523396870412635,0.8857214959050728,0.650616226190697,0.6415437831459452,1.3963018037518586,0.5406761240673655,0.6525240831198219,0.02451753320416632,0.7576953343326279,0.6535683114621854,0.013083435405329795,0.49114680644964687,0.48990419661286033,0.02579001455415319,0.7607799031896758,0.48436320535788724,0.029211594109884532,0.5019293281509205,0.5426991532469077,0.42293466004566616,0.7523083815099656,0.5701004428851827,0.42033268563405385,0.4379262801087964,0.8171404999969487,1.1532541839946013,0.8270574834314781,0.8465082552091966,1.1348730316117053,0.3767302839209268,0.7028185405930475,1.0223148703688034,0.8941672208874839,0.7313121560134833,1.0076499752388706,0.5401919837979041,0.5860441792045753,1.1028347531924836,0.7397868551274145,0.6015996867392506,1.0932379607963305,0.5402890064483927,0.5597883098912567,0.7340325951496871,0.6691984571205258,0.560197674024635,0.7327933952918354
1.933333333333336,0,0-ACCAD_Male2General_c3d_A6- Box lift_poses,57,0.6305653896415606,0.556205689907074,0.8109420590476707,0.6998994824049699,0.01949558968760002,-0.012169762911942706,0.7138715104153233,0.10602743178606033,-0.060083307325839996,-0.3076614737510681,-0.04085352271795273,-0.0019425045466050506,0.0,0.03737299516797066,-0.02527267299592495,0.012181852012872696,0.09793409705162048,0.004444404970854521,0.0,0.056531861424446106,0.039448484778404236,0.21268205344676971,-0.8915957808494568,0.7688806056976318,-0.3042507767677307,-0.8568630218505859,-0.893322229385376,-0.2811870872974396,0.6313753499356103,0.5528557998826426,0.8858628318756807,0.6499876723276616,0.6414737411181425,1.396566904884902,0.5404390542273693,0.6522570879035238,0.024582916038143676,0.7568398972764606,0.6537273208217814,0.013237347415131925,0.49140903393059726,0.48948745312364556,0.02603312406569754,0.7611971248360418,0.48455047071929325,0.029368310107862654,0.5019458616795359,0.542782515829116,0.4231185831863531,0.752233202893897,0.570292605537269,0.420485135441164,0.43736182854826505,0.8165604764710923,1.1642091613831558,0.8269951002022472,0.8454306689294765,1.1480515542926797,0.37495308611194716,0.7068454382400259,1.0299432928325778,0.8948548042221931,0.7361808509864796,1.0160701084227564,0.5398909374628992,0.5862856685338231,1.102918110018933,0.739489036187256,0.6019371382260224,1.0935471238330488,0.5402433700508196,0.5605372812418625,0.7341894908085741,0.669150028259622,0.5613984011270599,0.7329574616490035
1.9666666666666694,0,0-ACCAD_Male2General_c3d_A6- Box lift_poses,58,0.6306691017234698,0.557002067565918,0.8109785370902732,0.698974997074594,0.020548932629567813,-0.01315326374110411,0.7147297996343189,0.11042365431785583,-0.06000199168920517,-0.30782464146614075,-0.041423432528972626,-0.001968473894521594,0.0,0.04367958381772041,-0.024045340716838837,0.016311943531036377,0.09436290711164474,0.004263562615960836,0.0,0.05407227203249931,0.037969332188367844,0.21418753266334534,-0.9332720041275024,0.790835440158844,-0.2931448519229889,-0.9054316878318787,-0.9142634272575378,-0.2729862928390503,0.6314930715258804,0.5534374346134897,0.8858892470433846,0.6493208256587915,0.641327463539693,1.3967455305873044,0.5403086920950181,0.6522850809918211,0.02456171003020367,0.7560950921390903,0.6540619995463444,0.013304463769785412,0.49167051835791936,0.48939929138803717,0.026157830536814395,0.761630840614924,0.48491502728438557,0.029387288876850038,0.5020438562678339,0.5430952338618295,0.4231947270289197,0.7522744400227023,0.5705514156033072,0.4205262146035169,0.4368079663327154,0.8158037268914062,1.1749038130751999,0.8272801837379448,0.843933035320409,1.1610970060524186,0.3735499291864671,0.7106712840883334,1.0374077970935336,0.8955037978349132,0.7405621190627474,1.0246435108396994,0.5396400631787016,0.5865685146891838,1.1028608304543044,0.7392503143549567,0.6022439803187009,1.093793730441059,0.5403282179930047,0.5614388075550825,0.7342382928703567,0.6692312149801856,0.5626748257387476,0.7330078290655827
2.0000000000000027,0,0-ACCAD_Male2General_c3d_A6- Box lift_poses,59,0.630578025826253,0.5576022267341614,0.8111299328880027,0.6978460976413535,0.021620448468524928,-0.014341300166276591,0.7157776940672956,0.11459088325500488,-0.0600312277674675,-0.3080309331417084,-0.0420171357691288,-0.001995611935853958,0.0,0.050208501517772675,-0.02275174856185913,0.020449601113796234,0.09078719466924667,0.004082327242940664,0.0,0.05145837739109993,0.03704313188791275,0.21555858850479126,-0.9754555225372314,0.8114756345748901,-0.2809886634349823,-0.9537503719329834,-0.9343225955963135,-0.2617071270942688,0.6313981379852573,0.5537992874807673,0.8860289653856368,0.64858226259519,0.640756988864861,1.3970662060116967,0.5402272659620548,0.6524859008639703,0.024689586493269244,0.7552785164617128,0.6543686648057685,0.013537848529256831,0.49206076051808434,0.489460337272735,0.026318503027666362,0.7620853150035815,0.48526187461343284,0.029555370324333616,0.502088432147108,0.5433320229582174,0.4233416672167831,0.7522137307860519,0.570743060597577,0.4207237223987698,0.43603847870023227,0.8142808503234297,1.1858521524218821,0.8276706655767144,0.8419709830620298,1.1739722953707428,0.37219605674680845,0.7138344101639527,1.0451602122739911,0.8957825754323673,0.7442834924016366,1.033339844960252,0.5392511189294358,0.5865035016354408,1.1029575708819621,0.7388639632013149,0.6022881887514692,1.0941404877849474,0.5402363883891849,0.5621133834418989,0.7343792621267885,0.6691337932603281,0.5638067060852615,0.7331865010135847
2.033333333333336,0,0-ACCAD_Male2General_c3d_A6- Box lift_poses,60,0.6304645981872454,0.5585829615592957,0.8111817889289573,0.6970764291795745,0.022743528334015984,-0.015260531006067755,0.7164735166037796,0.11881416290998459,-0.05987488850951195,-0.3083094358444214,-0.04259109124541283,-0.002021552063524723,0.0,0.05679376795887947,-0.02143206261098385,0.024591894820332527,0.08716924488544464,0.003898597089573741,0.0,0.048702362924814224,0.03653240203857422,0.21652577817440033,-1.018109679222107,0.8308007717132568,-0.2678791284561157,-1.0013070106506348,-0.9534183740615845,-0.24778547883033752,0.6313132050768989,0.5545647999843188,0.8860692661458072,0.6484473555677862,0.6405373762918443,1.3972746705135428,0.5397288065389999,0.6528592782847509,0.024718436660169176,0.7541389372601391,0.6546504866502147,0.0135870415818172,0.49186522389680465,0.48974586238067075,0.02647656315059,0.762058033977458,0.48559079736548466,0.02959045890850968,0.5018654919465663,0.5439387091995133,0.4234578496191445,0.7519608193374714,0.5710529410839266,0.4207654636577177,0.435876438597314,0.8129974168388507,1.1968551443302844,0.8290157752408388,0.8399619452939336,1.1861582963785209,0.3714565803121712,0.7174027020717351,1.053079984545,0.8963293416845808,0.7475782723856443,1.041611746932447,0.5391294597253184,0.5869284541032341,1.1030429417349474,0.7387543369056052,0.6025962053371183,1.0942899489879763,0.54008970294745,0.5632350942056913,0.7344622441218487,0.6689814266831661,0.5652573781301086,0.7332463302604384
2.066666666666669,0,0-ACCAD_Male2General_c3d_A6- Box lift_poses,61,0.630610391148366,0.5594603419303894,0.8114105515556053,0.6961548242425623,0.023761840462554383,-0.016448656521783542,0.7173097499130119,0.12288378924131393,-0.05935246869921684,-0.308702677488327,-0.04314204305410385,-0.002046154113486409,0.0,0.06320911645889282,-0.01985609158873558,0.028666101396083832,0.08358298987150192,0.00371645949780941,0.0,0.04583374783396721,0.03595441207289696,0.21698755025863647,-1.0613292455673218,0.8487309217453003,-0.2535337507724762,-1.047685980796814,-0.9713520407676697,-0.2323792427778244,0.631449459385824,0.5552092366953492,0.8862852740510743,0.6482284719461517,0.639807285143889,1.3977311334419857,0.53963354866915,0.6533749088056281,0.024899724697961652,0.7534682464576371,0.6551695220933927,0.013918172082180678,0.492125308875714,0.49015831927241343,0.026719629331590847,0.7625574308240731,0.4861614837196437,0.029845183497077522,0.5020177134343081,0.5445290763032178,0.4236803734289582,0.7521082116331553,0.5714516259330801,0.4210566603118038,0.435674628804293,0.8109665288112446,1.2080670936530358,0.8305579698696682,0.8373561310761397,1.198369059356891,0.37106719195098875,0.7203846132952745,1.061164541296475,0.8968524152146307,0.7501852113429255,1.0501602827158385,0.53909957734328,0.5870352652063997,1.103278034656861,0.7387371186900532,0.6026438860121189,1.094710191196651,0.540241095231621,0.5642321400672494,0.7346753433256741,0.6691260362003297,0.566634517482348,0.7335062426222704
2.1000000000000023,0,0-ACCAD_Male2General_c3d_A6- Box lift_poses,62,0.6307297196472064,0.5606581568717957,0.8114483409003929,0.6961535747373415,0.02461879567361504,-0.017613000832546577,0.7172544161465122,0.12731219828128815,-0.05848782882094383,-0.3091586232185364,-0.04365720599889755,-0.002068751957267523,0.0,0.0693717822432518,-0.017886193469166756,0.032622020691633224,0.08009547740221024,0.0035396283492445946,0.0,0.04248432442545891,0.0358157679438591,0.2164401412010193,-1.1053462028503418,0.865323543548584,-0.23835478723049164,-1.0926021337509155,-0.987949788570404,-0.21694639325141907,0.6315392076110583,0.5561924370853979,0.8863108954655808,0.6484559120211009,0.6389886400369963,1.39804642361502,0.5396329322996192,0.6539659230516593,0.024807366510081356,0.7528387130313174,0.6556058484500051,0.014061628159627262,0.4920577158453449,0.4907709787605667,0.026809599552489217,0.762658293306528,0.4866332539993398,0.029931037973154016,0.5020685828374124,0.5455613613712235,0.4237106667662646,0.75220361654819,0.5718274054455675,0.42117122124905315,0.43638532829344345,0.8092052305090531,1.2193496440564071,0.8331068228013845,0.8338161726598332,1.2099898752972786,0.37149414020533367,0.7241066513118846,1.0693265467303457,0.8979057916355895,0.7517026271521812,1.0582729563780144,0.5392315602474714,0.5875930903433806,1.1033853173233827,0.7389246968106076,0.6025362125857853,1.094927232006646,0.5403873959079769,0.5657695381554353,0.7346847590142919,0.669271769347295,0.5682055574515547,0.7335789088399464
2.1333333333333355,0,0-ACCAD_Male2General_c3d_A6- Box lift_poses,63,0.6306265440071002,0.561546266078949,0.8116005711631492,0.6954432295532077,0.025487010343873705,-0.019070122900489275,0.7178756557962499,0.13208167254924774,-0.05746134743094444,-0.3096334934234619,-0.04421381652355194,-0.002093658084049821,0.0,0.07559417933225632,-0.015693115070462227,0.03648538142442703,0.07679284363985062,0.00337289203889668,0.0,0.03917568922042847,0.03596867620944977,0.21471457183361053,-1.1494094133377075,0.8810198307037354,-0.22237928211688995,-1.135911464691162,-1.003148078918457,-0.20250870287418365,0.6313816914681504,0.5568340542136735,0.8864485825705929,0.648248814428971,0.637015941117015,1.3986009974484326,0.539489880388116,0.6541988134173609,0.02480171597083923,0.7520059446402028,0.6562114423139604,0.014397493975410014,0.49216417930722867,0.49093316682597377,0.02694802915832932,0.7628695575929817,0.48729449115862755,0.0301786702940208,0.5020624795491876,0.5461064434482094,0.4237999711352744,0.75217123312801,0.5722948109266557,0.4214619069622756,0.4362631212092781,0.8057313385486973,1.230989203123049,0.8347665332465178,0.8292758900464291,1.2216316399759988,0.37152055657163235,0.7262853776859738,1.07783469345746,0.8982277053031427,0.75265189469817,1.0665155312630816,0.5390526361688162,0.5872565719121271,1.103648748873518,0.7387713111030974,0.6019375101644616,1.0953357569616935,0.5403352725530072,0.5668644771121555,0.7347703710389811,0.6692146956924869,0.56957803298119,0.7337875869274593
2.1666666666666687,0,0-ACCAD_Male2General_c3d_A6- Box lift_poses,64,0.6306513395393267,0.5620863437652588,0.8121392779426292,0.6950169533731265,0.026268932527310523,-0.020455483785970115,0.7182220763043244,0.13712790608406067,-0.0566265806555748,-0.3100530803203583,-0.04484884440898895,-0.0021229626145213842,0.0,0.0817183256149292,-0.013337437994778156,0.040260281413793564,0.07356688380241394,0.003210284048691392,0.0,0.0358799584209919,0.03643202409148216,0.21212217211723328,-1.1931205987930298,0.8957253098487854,-0.20559631288051605,-1.177729845046997,-1.016808032989502,-0.1896979659795761,0.6313488424255315,0.5571440037417491,0.8869730053976728,0.6484321948854004,0.6343615789147234,1.3995727296204559,0.5396941713498304,0.653816510083326,0.02515417217115131,0.7512585887797643,0.6562252226827986,0.015103115645250617,0.49249381711017287,0.49051736045590405,0.027502424843189436,0.7630226836752307,0.487363453122788,0.030829172123348444,0.5022281380408595,0.5462347299541288,0.42428368953791074,0.7522316903538278,0.5722601557871541,0.4221396541894196,0.4364999312139085,0.8014553419474515,1.2429761680324876,0.8367141821669736,0.8234733122709125,1.2331890885844075,0.37204700936276325,0.727799002553889,1.0868347938353882,0.8987880380915608,0.7525450762532401,1.0748363622098893,0.5391165278842385,0.5865086861625224,1.104349399388871,0.7388684885645884,0.6007740824220291,1.0961130425537633,0.5404145897001514,0.5676724145131211,0.7352414306376427,0.6692910046200194,0.5705517572368537,0.734381967732496
2.200000000000002,0,0-ACCAD_Male2General_c3d_A6- Box lift_poses,65,0.63092909718398,0.5628575682640076,0.8123563580589012,0.695236126332568,0.027125901820374068,-0.021746678800180757,0.7179401061743792,0.14210979640483856,-0.05573437735438347,-0.3104795515537262,-0.04557209461927414,-0.002157245995476842,0.0,0.08769534528255463,-0.010812245309352875,0.04393213242292404,0.07033547013998032,0.0030472632497549057,0.0,0.03295041248202324,0.03651972487568855,0.2091231793165207,-1.2360591888427734,0.9094576835632324,-0.18765287101268768,-1.218217372894287,-1.0289480686187744,-0.17811588943004608,0.6315824515994839,0.5576868102952651,0.8871750481706402,0.6489356412584815,0.6316976327910169,1.4002370605400087,0.5400518939720699,0.6538703807423613,0.02522607918416065,0.7505660764256167,0.6563215004348667,0.015464236787875812,0.4926840700336754,0.4906227156305548,0.027773448589010978,0.7629205450406426,0.4874943714731742,0.031109288139419457,0.5024862640471335,0.5468233693986916,0.42448638673995115,0.752397645407734,0.5722639842046306,0.4224619337407361,0.4371296827545695,0.7972631830724062,1.2543508043445666,0.8391020158163796,0.8170080236747373,1.2439743056015242,0.37319078784068893,0.7294169437967958,1.095390841657365,0.8997501224592581,0.7518646680150797,1.0826122450724103,0.5394571698231747,0.5860312324736761,1.104727884229128,0.7392620900197933,0.5995908467905989,1.0965844436295273,0.5407340501817728,0.5688688053515522,0.7354185079015049,0.6696122309093671,0.5716804913313253,0.7346437198480985
2.233333333333335,0,0-ACCAD_Male2General_c3d_A6- Box lift_poses,66,0.6312444057548419,0.5637900829315186,0.8128849320487693,0.6958620309162227,0.02777025636037187,-0.02323519128392627,0.7172621366535588,0.14675424993038177,-0.05450182035565376,-0.31098511815071106,-0.04636193811893463,-0.0021953603718429804,0.0,0.09354251623153687,-0.00818971823900938,0.047504972666502,0.06700336188077927,0.0028785504400730133,0.0,0.030886290594935417,0.035741083323955536,0.2057104855775833,-1.2779234647750854,0.922700822353363,-0.1682361215353012,-1.257383942604065,-1.0398491621017456,-0.16666775941848755,0.6318069156573765,0.5583915844411402,0.8876882728609211,0.6486708546664831,0.6289395024922612,1.4012514203500595,0.5407480472090985,0.6544250255278432,0.025589239922527596,0.7503615859293543,0.6565526608686635,0.016224357014711158,0.49301557111285876,0.49128564769251887,0.028263959576096044,0.7630887821288987,0.48774265741876355,0.031755010965625524,0.5028757233000776,0.5478075779582262,0.4249314927349447,0.7527884122703675,0.5723138619618605,0.42316406471154266,0.43694641344771185,0.7929094613227782,1.265463173752797,0.840966429765277,0.8101928521617726,1.2549127744167912,0.3740912570227052,0.7307213162116946,1.1037800635569608,0.9003570223966675,0.7508322445781529,1.0908742424239577,0.5394475046880575,0.5856377316870848,1.105292224557267,0.7393188189301233,0.5984206891093724,1.097530868832306,0.5411407291188066,0.5703209769055747,0.7358601193326993,0.6700238694760152,0.5729209980386685,0.7352384275932912
2.2666666666666684,0,0-ACCAD_Male2General_c3d_A6- Box lift_poses,67,0.631623312481679,0.5646541118621826,0.813253884799929,0.6950920710570686,0.028466238038586684,-0.024554357407171424,0.7179371626945124,0.15110258758068085,-0.05313682556152344,-0.31151944398880005,-0.047293659299612045,-0.002241529757156968,0.0,0.09924636036157608,-0.005729091819375753,0.05102989077568054,0.06353135406970978,0.0027019863482564688,0.0,0.029586942866444588,0.034834783524274826,0.20181390643119812,-1.3183192014694214,0.9357638359069824,-0.14804790914058685,-1.2954663038253784,-1.0498743057250977,-0.15409336984157562,0.6321287271356365,0.5590418405558621,0.8880418983235667,0.6481741717702486,0.6260169731324507,1.4021065385945861,0.5409422573710154,0.6546833497013969,0.025834729188320346,0.749814182744313,0.6572056315018062,0.016820952183084256,0.4934783386838759,0.49146721076776584,0.02860391940538219,0.7635578757833452,0.48846253095888525,0.032211758556061634,0.5032856526602085,0.5482400220682444,0.4252389659089311,0.753181249975179,0.5727431363156019,0.4236893889592004,0.4354723951769199,0.7872008049666088,1.276036603008722,0.8418845760409395,0.8040661271427648,1.2652671456757247,0.37424868038399095,0.7302069556685775,1.1118326989950977,0.900094564067173,0.7506039832643825,1.098795043898637,0.539406363873827,0.5846767988998705,1.105699414743763,0.739282446644233,0.5976098614006384,1.098318877452411,0.5415731382791925,0.5713342702149424,0.7361578304113975,0.6704502316572164,0.5742281863863635,0.7356663441675995
2.3000000000000016,0,0-ACCAD_Male2General_c3d_A6- Box lift_poses,68,0.6315336670959368,0.5653042197227478,0.8135125689582542,0.6954937276085249,0.02899525590716019,-0.025708240544394252,0.7174864712035962,0.1553412228822708,-0.05163869634270668,-0.31205716729164124,-0.04838063195347786,-0.0022965576499700546,0.0,0.10441911965608597,-0.0033229801338166,0.05447039008140564,0.05979476496577263,0.0025106698740273714,0.0,0.02839760296046734,0.03411787003278732,0.19807928800582886,-1.3571197986602783,0.9478884339332581,-0.1278880536556244,-1.3330870866775513,-1.0590715408325195,-0.13963349163532257,0.6319722346653363,0.5595125197123151,0.8882873231837026,0.6475556638775142,0.6232015510120537,1.4027814660501396,0.5407991861222605,0.6547682629268756,0.025962831922168125,0.7490151302192116,0.6573395026896424,0.017322992935710116,0.49307559542582446,0.4916302918765165,0.02887166203257699,0.7632113379850863,0.4886158711932713,0.032515223178334066,0.503094148771745,0.5487116347694566,0.4254595670135172,0.7530944725831206,0.5725157021352871,0.4240900055076847,0.4342225051179702,0.7819655307041596,1.2858589839535213,0.8434079204019771,0.797329960075389,1.2749247614268133,0.374567000721667,0.7301049092626798,1.119391987395362,0.8999304728890178,0.7492488229502019,1.106244681046032,0.5390340540134474,0.5839705053735568,1.105997682193421,0.7389519345101085,0.5964246482306444,1.0989322534436585,0.5415502818452476,0.5723863191101128,0.7363528894775448,0.6704305008703433,0.575144692099022,0.7359759926821313
2.333333333333335,0,0-ACCAD_Male2General_c3d_A6- Box lift_poses,69,0.6316954341018572,0.5661947727203369,0.8139296822623924,0.6953930801916317,0.029309659031011515,-0.026864142510493905,0.7175289023839087,0.1593044102191925,-0.05010538175702095,-0.31258106231689453,-0.04952026158571243,-0.0023548456374555826,0.0,0.10942850261926651,-0.0007416097214445472,0.057744815945625305,0.0560273751616478,0.002317501464858651,0.0,0.0274762362241745,0.033722493797540665,0.19437001645565033,-1.394892692565918,0.9590339660644531,-0.10744386166334152,-1.3707314729690552,-1.0673571825027466,-0.12287452071905136,0.6320478424018606,0.5602461428060398,0.8886925715225916,0.6470313891036067,0.620847033349035,1.403576038998092,0.5410457011818312,0.6549433429647156,0.02622098177517518,0.7484911011581489,0.6577651236323991,0.01801943718554449,0.49329083216496794,0.49181666685412495,0.02924753530892575,0.7633469572159036,0.48908211189012096,0.03303093578980497,0.5033069501229283,0.5492074402417203,0.42579340860118664,0.753334397307097,0.572628104647985,0.4246926968599434,0.4326934907640628,0.7766162778031822,1.2953151991250922,0.8449743884798228,0.7913460419412337,1.2844134967750236,0.3748870641546383,0.7296259348354484,1.1267628662590292,0.899562997884053,0.74848012349562,1.1137027444385217,0.538847489964815,0.5834439504804674,1.106433173580218,0.7387854950795678,0.5957533815692264,1.099690999079053,0.541797727762891,0.5735239839957156,0.7366726086309554,0.6706770523289896,0.576329044328708,0.7364558518795832
2.366666666666668,0,0-ACCAD_Male2General_c3d_A6- Box lift_poses,70,0.631752833374776,0.5668314695358276,0.8144623093681053,0.6953590393410148,0.0296628593536567,-0.02797364748920934,0.7175049799324431,0.16314072906970978,-0.048588234931230545,-0.3130551278591156,-0.05059799179434776,-0.0024101375602185726,0.0,0.1144108697772026,0.0018367809243500233,0.06087531894445419,0.052290115505456924,0.002125779166817665,0.0,0.026878321543335915,0.033899132162332535,0.18976928293704987,-1.432663083076477,0.9692849516868591,-0.08604075014591217,-1.4093667268753052,-1.074690341949463,-0.10355556756258011,0.6320275614738244,0.5607268342211303,0.8892129478412725,0.6467956929250733,0.6177869926883064,1.4045067450947921,0.5411067997214205,0.6549368977876351,0.026610712572640083,0.7477662240932469,0.6579108571007055,0.018819359467403374,0.4932976192658824,0.4918283203308595,0.029753040403529676,0.7632261273894969,0.48926609497423,0.03364958527064428,0.5033700045083761,0.5495064883172013,0.4262582232055722,0.7534134667021286,0.5724677972940653,0.42539827053124685,0.4312246517786717,0.770407723706917,1.304971648942792,0.8469643555279762,0.7846924906530213,1.29397169838824,0.3753795410034607,0.7283976195270683,1.134454673384724,0.899113366366528,0.7471208580886206,1.121262644487831,0.5387419950776902,0.5824476224929143,1.1070640507730294,0.7386929072543826,0.5946484262447074,1.1005098149274988,0.5419324725068169,0.5744202705597112,0.7371199180017391,0.6708111322080306,0.5772505929914316,0.7370464647324461
2.4000000000000012,0,0-ACCAD_Male2General_c3d_A6- Box lift_poses,71,0.6321077194297686,0.5676571130752563,0.8147769026832298,0.6950500729348302,0.030069611872307212,-0.028955377906455373,0.7177484243420046,0.16681569814682007,-0.04694093018770218,-0.3134880065917969,-0.051482584327459335,-0.002455240348353982,0.0,0.11923976242542267,0.004209320992231369,0.06389547884464264,0.048571858555078506,0.0019348034402355552,0.0,0.026622600853443146,0.034322816878557205,0.18351657688617706,-1.4714288711547852,0.9785916805267334,-0.06278989464044571,-1.4498370885849,-1.080979585647583,-0.08159380406141281,0.6323262662821967,0.5614047286562232,0.8895155133630512,0.6471081653289418,0.6141153127272196,1.405272623683739,0.5411148589638171,0.6550063208860115,0.026781614728092255,0.7472137079895198,0.6583511202995407,0.019381282004761705,0.49338644148931515,0.49187724289304957,0.03008344430360722,0.7633831983051208,0.4897564178667631,0.0340227947181681,0.5036290362113954,0.5499064042087339,0.4265350361420161,0.7537438086542279,0.5725948480410811,0.42586130465748273,0.42993030223254525,0.7632530610587698,1.3147579036051655,0.8495049867791965,0.7775759817019005,1.3035669673246189,0.37630976672637506,0.7264591356268083,1.1423322401222986,0.8987456213509153,0.7456857538222399,1.128873128060248,0.5390620305520661,0.581178584150813,1.1075515566089493,0.7390088995326516,0.5934973742278739,1.1010954048218617,0.5423416471588973,0.5754235433696193,0.737369108165241,0.671217239221795,0.5783791729463014,0.7374096292981895
2.4333333333333345,0,0-ACCAD_Male2General_c3d_A6- Box lift_poses,72,0.6323250379646197,0.5683369636535645,0.8153636508063987,0.6950307246913717,0.030411441763657447,-0.030003871945079797,0.7177096931302696,0.17015714943408966,-0.04552243649959564,-0.3138096034526825,-0.05217447876930237,-0.0024902462027966976,0.0,0.12369566410779953,0.006565737538039684,0.06674622744321823,0.04496893286705017,0.0017498246161267161,0.0,0.026654228568077087,0.03478937968611717,0.1758747398853302,-1.5115984678268433,0.9864497184753418,-0.03759278729557991,-1.4923666715621948,-1.085785984992981,-0.057540617883205414,0.6324709840157658,0.5619363202334153,0.8900898875881226,0.6472765041091878,0.6095391496452247,1.406344695761233,0.5413034269419967,0.6551744028443901,0.027223627420681254,0.7467122523665294,0.6587696834130378,0.020255929100654484,0.49353482191150433,0.4920595696510382,0.030645843916725354,0.7634204309817731,0.4902076204405574,0.034666608953550705,0.5038606834259418,0.5503713777787783,0.427055342985737,0.7539903478741246,0.5725900959772752,0.426614600724514,0.4285027884839983,0.7551682599271103,1.3250062647001695,0.8521269097699719,0.769238971665476,1.3137339852975842,0.377406768760069,0.7239569915547168,1.1507231108982992,0.8980930404888764,0.7434262693571289,1.1371543051799633,0.5392329421347344,0.5794822159399374,1.1083181892860567,0.739183015660603,0.5918138234752617,1.1019869609222643,0.5426316257436297,0.576346444327927,0.7378778512320303,0.6715064177830761,0.5793209920935855,0.7380515872606034
2.4666666666666677,0,0-ACCAD_Male2General_c3d_A6- Box lift_poses,73,0.6322198953712359,0.5690304040908813,0.815961723812075,0.6950563294423219,0.030483731906856645,-0.030882142132610892,0.7176445737887932,0.17305873334407806,-0.044420454651117325,-0.31400325894355774,-0.052652757614851,-0.0025140494108200073,0.0,0.1277594268321991,0.008815418928861618,0.06943418830633163,0.04166587442159653,0.0015809620963409543,0.0,0.026831943541765213,0.035484958440065384,0.16735756397247314,-1.5533455610275269,0.9922816157341003,-0.010740600526332855,-1.5368530750274658,-1.0886626243591309,-0.03159637749195099,0.6322816438366028,0.5625278572105824,0.8906792791200248,0.6471821054943508,0.6048769404162283,1.407392779551345,0.5414727176250207,0.6551117080015029,0.02763052026806119,0.7460744731945163,0.6588612406557676,0.021107959769236635,0.493659850756254,0.49201339749712886,0.03121812007969167,0.7632676988527219,0.4903363280869411,0.03538195133205472,0.5039121662100556,0.5507591735693026,0.42756649752996195,0.7539831555556791,0.5724717138982318,0.42739282153955693,0.4268405998976297,0.7467266276314755,1.33521989915978,0.8545135667711095,0.760521948761608,1.323845689101538,0.3785170411982546,0.721289555106662,1.1592160548263006,0.8968622741810139,0.7410075615302635,1.1455612537857662,0.5391059920570486,0.5777702122228021,1.1090952634694555,0.7390580510974779,0.5901222222355551,1.1028673557840836,0.5426117950643546,0.5772336515492834,0.7383811298086821,0.6714858980990248,0.5802143575186509,0.7387043520489807
2.500000000000001,0,0-ACCAD_Male2General_c3d_A6- Box lift_poses,74,0.6320201602065936,0.569970428943634,0.8166945033149436,0.694694948548343,0.030471869770699565,-0.03166062057787279,0.7179610008341097,0.1754978895187378,-0.043353524059057236,-0.31412938237190247,-0.052818864583969116,-0.0025212361942976713,0.0,0.13149677217006683,0.010748323984444141,0.071996308863163,0.03886036574840546,0.0014390553114935756,0.0,0.027003172785043716,0.03648536652326584,0.15845367312431335,-1.5967497825622559,0.99576336145401,0.0177747942507267,-1.5829890966415405,-1.0894206762313843,-0.0033129516523331404,0.6320026313467692,0.563385467217687,0.8914048638535389,0.6471231943013884,0.6004304288848828,1.4085255810739463,0.541460994872485,0.6552032465323856,0.028149617815418297,0.7454807423413131,0.6591690603214325,0.02205484896986011,0.49379018773422795,0.49206755440097144,0.03192322346407283,0.7633066539706881,0.4907051801078493,0.03627307452599692,0.5039143714567864,0.5512991839315639,0.4282028954061161,0.7539563036006538,0.5727508349368182,0.42830751457754046,0.42514837705257347,0.7380159910138792,1.345507031832053,0.8568144690229319,0.7520772271343215,1.3338847715292714,0.379817681876003,0.7184586261762179,1.1679621029842155,0.895147799024713,0.738952129329791,1.1541131057341185,0.538952676095771,0.5761893082407321,1.1100157216543052,0.7388911652522403,0.5887813502504792,1.1038330093164073,0.5424911722319943,0.5782385059851712,0.7390155196481359,0.671360980700131,0.5813686759768,0.7394904759026354
2.533333333333334,0,0-ACCAD_Male2General_c3d_A6- Box lift_poses,75,0.6322985138976946,0.5712557435035706,0.8172873311118797,0.6946231580710767,0.030493551774710092,-0.032442864535713184,0.7179946184423979,0.17752525210380554,-0.04227147996425629,-0.314195841550827,-0.0525982603430748,-0.0025077015161514282,0.0,0.13491258025169373,0.012661595828831196,0.07435214519500732,0.03666341304779053,0.0013301594881340861,0.0,0.027045119553804398,0.0377468578517437,0.1495530754327774,-1.6419092416763306,0.9967422485351562,0.04826648533344269,-1.6305274963378906,-1.0879466533660889,0.02784649282693863,0.6322023100553097,0.5645844440968629,0.8919899716880118,0.6477736963391891,0.5962919500124171,1.4094605084309682,0.5418791354291757,0.6559047011563973,0.028528028085953415,0.7453933532670118,0.6597750353503395,0.02282560702157066,0.49422792881696587,0.4927676669893157,0.03248663788851196,0.7636798773661931,0.4913595194685437,0.037031839690319215,0.5043515571281121,0.5524430192442966,0.4286991507117124,0.7543655235207696,0.5734178858854285,0.42906934364498805,0.4243995136017669,0.729619917322369,1.355591538655459,0.8600458626658384,0.7437201742106425,1.3435088275028064,0.38224044796972906,0.7160682402587496,1.1767102108485437,0.8938828133866293,0.7368204079650881,1.162492203415836,0.539379188974542,0.5750263091059609,1.1108051344634082,0.7393132744389899,0.5876763246106051,1.1045984060798624,0.5428495880482973,0.5796548386132379,0.7395184542882934,0.6717173445797637,0.5828325184141755,0.7401345888379355
2.5666666666666673,0,0-ACCAD_Male2General_c3d_A6- Box lift_poses,76,0.6324503269279376,0.5720333456993103,0.8179862551765159,0.6943101505216723,0.030710299270662288,-0.03320379121022515,0.7182532983916933,0.1792575567960739,-0.04118434339761734,-0.3141925036907196,-0.052020858973264694,-0.0024750917218625546,0.0,0.13815869390964508,0.014582072384655476,0.07648737728595734,0.035221632570028305,0.0012623090296983719,0.0,0.02673848159611225,0.03926393762230873,0.14057812094688416,-1.6888868808746338,0.9950222373008728,0.0809113010764122,-1.6794112920761108,-1.0841056108474731,0.06200926750898361,0.6323009335988407,0.5652576649395554,0.892679413041712,0.6486210051995058,0.5914743229846903,1.410444947594186,0.5418490954754837,0.6563077481694554,0.029040087907829935,0.7449086773166024,0.6599853310776812,0.02363376354907263,0.49433902209883435,0.4931339174928868,0.03317456611915544,0.763734394439066,0.49163327420419656,0.037887791796975094,0.5045719526728388,0.5531863387423686,0.4293258579275017,0.7545164525574244,0.5738366794792199,0.4299002210159016,0.4239523321466847,0.7203335066465393,1.3658075956575912,0.8634562367601706,0.7348092708625036,1.3529511324003158,0.38511855283118934,0.7128435489124738,1.185820367440183,0.8923142089141043,0.7339883699912797,1.1709453419180058,0.5398377382053259,0.5732370684182706,1.1117306485095213,0.7397593806600969,0.586016567707272,1.1053898144863719,0.5430542653909483,0.5805147345970568,0.7401554000001922,0.6719177160114437,0.5838294506418895,0.7408768686145557
2.6000000000000005,0,0-ACCAD_Male2General_c3d_A6- Box lift_poses,77,0.6327933516586199,0.5730701684951782,0.8191666655616477,0.694459786755314,0.030567665811410866,-0.03383920825911779,0.7180850439683324,0.18077898025512695,-0.040158770978450775,-0.31409764289855957,-0.0511019304394722,-0.002424220321699977,0.0,0.1413111835718155,0.016483381390571594,0.07840623706579208,0.03452698513865471,0.0012350186007097363,0.0,0.0260081198066473,0.04081980884075165,0.1316388100385666,-1.7373042106628418,0.9902639985084534,0.11560332030057907,-1.7296348810195923,-1.0776125192642212,0.09878232330083847,0.63256088380311,0.5662410518904379,0.8938547444303334,0.6495634919472131,0.5873075815857451,1.4118461760571914,0.5423456949305028,0.6565785959341879,0.02992978130368927,0.7449856151449987,0.6595681667910842,0.024833088000548204,0.4947807820797983,0.49342854677920367,0.03436154463571935,0.7640932414679268,0.4912722249310049,0.03937181455180379,0.5050950490576935,0.5541629235321874,0.4304045058770264,0.7549568953817029,0.5741575244958538,0.4312437650352836,0.4240995950305205,0.7120304535272939,1.3761552094036886,0.8671384982497257,0.726187242933321,1.3626009133264179,0.38881988610105456,0.7104336359331619,1.1952896335867538,0.8907800055017298,0.7310483997196789,1.179907146345385,0.5404253664462036,0.572069984811746,1.113093244161337,0.7403572549464673,0.5846367941835106,1.1066511821520204,0.5434833867549665,0.5816896522568699,0.7412432077806536,0.6723462733376833,0.5849805548778247,0.7421040666526898
2.6333333333333337,0,0-ACCAD_Male2General_c3d_A6- Box lift_poses,78,0.6325996365630999,0.573986828327179,0.8199116044120506,0.6946988694400353,0.030465591042556077,-0.03425079802847724,0.7178385691752547,0.18187184631824493,-0.039317745715379715,-0.3138993978500366,-0.05000471696257591,-0.002364060375839472,0.0,0.14378732442855835,0.018186155706644058,0.08016736805438995,0.03415911644697189,0.001225039828568697,0.0,0.024976318702101707,0.042158838361501694,0.12334735691547394,-1.7868345975875854,0.9825663566589355,0.1526385098695755,-1.7810282707214355,-1.0684173107147217,0.13803990185260773,0.6323109444053896,0.5671241850015851,0.8945964140015766,0.6500623048930435,0.5835051458632935,1.4127453899619633,0.5421179834329868,0.6567766683308762,0.030415162750402375,0.7443651347785589,0.6591509640770812,0.025552435441544466,0.4944772316919449,0.49365751761411764,0.03515873134290532,0.7636895730214612,0.4909031568782985,0.040359239938041636,0.5049815185046999,0.5550749187342303,0.4310886970093691,0.7547437611231417,0.5744384760726348,0.4320979843218911,0.42412617641548434,0.7042933228823561,1.3857710219116832,0.8702608562947195,0.7178712978401214,1.371448615564209,0.39257628377054704,0.7081703269193766,1.204252049575572,0.8884783581942517,0.7279495928089578,1.188347237089797,0.5405240854406622,0.5710579405867864,1.1140095958734466,0.7404713056572786,0.5833025968585109,1.1074245810340368,0.5433485822153363,0.5827327800134477,0.7419282713337292,0.6722120572359859,0.5859653727144144,0.742878416439391
2.666666666666667,0,0-ACCAD_Male2General_c3d_A6- Box lift_poses,79,0.6324543204391375,0.574918270111084,0.82037616301343,0.694730912832981,0.030205145237365692,-0.03439025123984987,0.7178118963733484,0.18255779147148132,-0.03860429301857948,-0.31361162662506104,-0.04878639802336693,-0.0022977101616561413,0.0,0.14571596682071686,0.019497403874993324,0.08182168751955032,0.033999692648649216,0.001225847052410245,0.0,0.023957667872309685,0.04272009804844856,0.11552692204713821,-1.8375059366226196,0.9725167155265808,0.19246895611286163,-1.833431601524353,-1.0566051006317139,0.17981919646263123,0.6321227667311349,0.568067743173748,0.8950619069865574,0.65021679344714,0.5803157320883753,1.413325930704942,0.5418539316485433,0.6566904558362564,0.030602758057975694,0.7438952612765125,0.6586425748118527,0.025946963660515868,0.49424957022485105,0.4935717695486892,0.03571342897877453,0.76350926767029,0.49045659841676104,0.0410720453863946,0.5049162193788934,0.5558069226387113,0.4315084088121229,0.7546158150837549,0.5747400672543018,0.4326516618759463,0.42395307071925753,0.697128818024232,1.3946987170419463,0.8727400824520307,0.7104128973240039,1.3798728608461288,0.3964641454802108,0.7058918606578761,1.2126901120883036,0.8855377172327294,0.7251381291855721,1.1966272543645244,0.5404960800810112,0.5702884417412354,1.1145660813000864,0.7404557436455516,0.5823173599739558,1.107961312318027,0.5432476677216572,0.5836784325171318,0.7423395462792938,0.6721099425169387,0.5869281403297405,0.7433608096124174
2.7,0,0-ACCAD_Male2General_c3d_A6- Box lift_poses,80,0.632651373394765,0.5756245255470276,0.8213504605369285,0.6949905904885313,0.03008732641889616,-0.03466415820474337,0.7175522476149886,0.18278606235980988,-0.038239724934101105,-0.31319186091423035,-0.047464534640312195,-0.002226070500910282,0.0,0.14728093147277832,0.02065368928015232,0.0833183228969574,0.03391982987523079,0.0012303473195061088,0.0,0.02312188223004341,0.042466528713703156,0.10850629210472107,-1.8889957666397095,0.9603808522224426,0.2349052131175995,-1.8862282037734985,-1.0420807600021362,0.22380758821964264,0.6322760681323303,0.5687569625391898,0.8960344328756664,0.650245078282741,0.577062295068315,1.4143921832527546,0.5421577204102856,0.6570336448227895,0.03137001651903648,0.7438762622829957,0.6583755262029778,0.026898852016077508,0.4944994559720494,0.49393812503224294,0.03671241813128512,0.7636400837007387,0.49022570970123824,0.04222955889472016,0.5052568226739932,0.5566854715272598,0.43242090332753563,0.7548359012810031,0.574997680318398,0.43370552794030665,0.423955899840928,0.6901558890679959,1.4037757983252457,0.8747825211357406,0.7030662004323357,1.3887815990634667,0.4008110459882336,0.7032875781449669,1.221426028140879,0.882335828704043,0.7218397820189113,1.2056148324725837,0.5405905840048529,0.5694047803166025,1.115537898588509,0.7405739189141778,0.5811126603853087,1.1090744472781318,0.5434915123400846,0.5844760746829581,0.7432693291783881,0.6723546284122576,0.5876611967960055,0.744356219457833
2.7333333333333334,0,0-ACCAD_Male2General_c3d_A6- Box lift_poses,81,0.6323256340110675,0.5764186978340149,0.821910267360659,0.6951232223138274,0.029613354573490635,-0.034573022435349494,0.717447880441939,0.1824032962322235,-0.038153983652591705,-0.3126705586910248,-0.046206071972846985,-0.0021582969930022955,0.0,0.14854349195957184,0.021595560014247894,0.08468133211135864,0.03393225371837616,0.0012392825447022915,0.0,0.022364536300301552,0.04182339459657669,0.10309065878391266,-1.9404774904251099,0.9463484883308411,0.27925944328308105,-1.9385082721710205,-1.0251121520996094,0.269742876291275,0.6319076631677382,0.569610307015811,0.8965994306632474,0.6494551340217463,0.5753636206771532,1.415014809872933,0.5421006911861391,0.6570674089770453,0.03169923408111168,0.7434534679098627,0.6576091460629404,0.027368058410996626,0.4944649786126125,0.49397446758024516,0.03731451271643302,0.7634037817535636,0.489513262540291,0.043044758327677776,0.5051617603798271,0.5573757025826209,0.43291740800181017,0.7545832363039872,0.5750869938622857,0.4343454820010242,0.42339584004037845,0.6848519392273792,1.411811093437384,0.8754639910165104,0.6977973558300518,1.3968576188019284,0.40466674151036874,0.7013030680490718,1.2292237296004707,0.8779977194674095,0.7194492415527826,1.2138703507504187,0.5400291170553039,0.569244427570801,1.1160413471771995,0.7400331183935647,0.5807124741155579,1.1097908866235862,0.543211294973909,0.5852313273470893,0.7437750700483013,0.6720736968788106,0.5884116070462851,0.7449261121166184
2.7666666666666666,0,0-ACCAD_Male2General_c3d_A6- Box lift_poses,82,0.6322631087386981,0.5773119330406189,0.8224868826942161,0.6947305907327901,0.029485303443541618,-0.03440465657468678,0.7178414468299309,0.18156835436820984,-0.03816951438784599,-0.31208595633506775,-0.04501895606517792,-0.0020947596058249474,0.0,0.1494583636522293,0.022358965128660202,0.08591560274362564,0.03398333117365837,0.0012497315183281898,0.0,0.02152341604232788,0.041299156844615936,0.09968871623277664,-1.9912455081939697,0.9308928847312927,0.32500773668289185,-1.9895576238632202,-1.0063040256500244,0.31712278723716736,0.6318526795634042,0.5705347184307398,0.8971789231672391,0.6492532308727166,0.5746594112489771,1.4156202883605449,0.5418273001289056,0.6576930764179664,0.03216862868907433,0.7428558395044744,0.6576267487469962,0.027845966562720106,0.49446677220311674,0.49452516118820267,0.03793159963843972,0.7632217613137046,0.4896017641470234,0.04374671431366725,0.5051735373805104,0.5582453997958067,0.433480162397166,0.7544204439984489,0.5756993061201838,0.4349324832064249,0.4235902530141586,0.6805324751057197,1.4195352141159794,0.8760220225147701,0.6943649021358713,1.4043910739418832,0.4090245772972554,0.6993521490144666,1.236797081343844,0.8736654012628691,0.717825163093013,1.221624483186718,0.5399027295402544,0.5694252052897505,1.1166023958256572,0.7399068899439482,0.580936179287663,1.1104365058791104,0.5431397125414139,0.5859716206204145,0.744349881022966,0.6719971161440633,0.5893392326341313,0.7454963076157486
2.8,0,0-ACCAD_Male2General_c3d_A6- Box lift_poses,83,0.632192000397481,0.5782982707023621,0.8232189469413475,0.6943036692830954,0.029175877955674015,-0.034138052899673546,0.7182797340241229,0.18077772855758667,-0.03844278305768967,-0.3113829493522644,-0.04394172504544258,-0.00203753006644547,0.0,0.1500760316848755,0.023122262209653854,0.08698960393667221,0.034042514860630035,0.0012600558111444116,0.0,0.020334865897893906,0.04135899618268013,0.09812000393867493,-2.0404858589172363,0.9144162535667419,0.37149372696876526,-2.038992404937744,-0.9862719774246216,0.36469095945358276,0.6317801403676058,0.5715816321009531,0.8979164511648077,0.6492512432742433,0.5752836914730175,1.416361801761336,0.541821844528717,0.6581022431308223,0.03276697112917126,0.7423337848382545,0.6576367482702596,0.02848288847297273,0.49476723383162896,0.4948523056434421,0.03871016240255,0.7631047774074764,0.48968462246536587,0.04462752551771561,0.5053006899248924,0.5590237762486866,0.43418789710081096,0.7542862688359854,0.5763484541361931,0.4356873778416496,0.42435649672027803,0.6780018183473968,1.426936158288991,0.8761960482490685,0.6926006535848954,1.4114842702758377,0.4136488143229971,0.698116276281232,1.2440692167061145,0.8693167068406482,0.7168177640227685,1.2289307974850021,0.5398625617391347,0.5702751624383892,1.1173540090558447,0.7398660539269533,0.5817887044017365,1.1111712617590928,0.543068903624764,0.5867659836655682,0.7450652464074532,0.6719208120810439,0.5903263473663035,0.7462227387782715
2.833333333333333,0,0-ACCAD_Male2General_c3d_A6- Box lift_poses,84,0.6318017091834918,0.5785419940948486,0.823778992183657,0.6939212552187534,0.028841176257580953,-0.03383114599479387,0.7186772096486627,0.17992150783538818,-0.038677316159009933,-0.31064411997795105,-0.043014924973249435,-0.001988793956115842,0.0,0.1505599021911621,0.023728810250759125,0.08794829249382019,0.03425585478544235,0.001278379582799971,0.0,0.01883406564593315,0.04180620610713959,0.09837464988231659,-2.0872433185577393,0.8975751399993896,0.41810092329978943,-2.0864031314849854,-0.9657293558120728,0.4113716781139374,0.6313894109007299,0.5718929172698385,0.8984825382005708,0.649117930648514,0.5762072387896824,1.4169147138551113,0.5414752886553565,0.6578016230861348,0.03320959586376788,0.7415881026146608,0.6568566284296427,0.028933181957138274,0.49471411832276424,0.49447333793794107,0.03931403848178043,0.7627197662783801,0.48897528848508776,0.045343803189263336,0.5050864429773645,0.559049393721776,0.43472801817502915,0.753853118639929,0.5762502660283866,0.4362658064626944,0.4253134050908929,0.6763955507568067,1.4336322325424318,0.8756904787943046,0.6913077389295791,1.4178281475914916,0.4181080352800318,0.696745901866581,1.2506199103896167,0.8647780929669145,0.71543692363268,1.2354596566582003,0.539589909922099,0.5708841332823927,1.1179633694306343,0.7395945600463777,0.5823201373176261,1.1116750755148743,0.542678268128378,0.5868195275065609,0.7456103572138733,0.6715249403684997,0.5905555846025127,0.7467752272679078
2.8666666666666663,0,0-ACCAD_Male2General_c3d_A6- Box lift_poses,84,0.6318017091834918,0.5785419940948486,0.823778992183657,0.6939212552187534,0.028841176257580953,-0.03383114599479387,0.7186772096486627,0.17992150783538818,-0.038677316159009933,-0.31064411997795105,-0.043014924973249435,-0.001988793956115842,0.0,0.1505599021911621,0.023728810250759125,0.08794829249382019,0.03425585478544235,0.001278379582799971,0.0,0.01883406564593315,0.04180620610713959,0.09837464988231659,-2.0872433185577393,0.8975751399993896,0.41810092329978943,-2.0864031314849854,-0.9657293558120728,0.4113716781139374,0.6313894109007299,0.5718929172698385,0.8984825382005708,0.649117930648514,0.5762072387896824,1.4169147138551113,0.5414752886553565,0.6578016230861348,0.03320959586376788,0.7415881026146608,0.6568566284296427,0.028933181957138274,0.49471411832276424,0.49447333793794107,0.03931403848178043,0.7627197662783801,0.48897528848508776,0.045343803189263336,0.5050864429773645,0.559049393721776,0.43472801817502915,0.753853118639929,0.5762502660283866,0.4362658064626944,0.4253134050908929,0.6763955507568067,1.4336322325424318,0.8756904787943046,0.6913077389295791,1.4178281475914916,0.4181080352800318,0.696745901866581,1.2506199103896167,0.8647780929669145,0.71543692363268,1.2354596566582003,0.539589909922099,0.5708841332823927,1.1179633694306343,0.7395945600463777,0.5823201373176261,1.1116750755148743,0.542678268128378,0.5868195275065609,0.7456103572138733,0.6715249403684997,0.5905555846025127,0.7467752272679078
2.8999999999999995,0,0-ACCAD_Male2General_c3d_A6- Box lift_poses,85,0.6317118253791705,0.5787696838378906,0.8249429516868308,0.6936212456334548,0.028467082817327644,-0.03368499952326849,0.7189885351025309,0.1792137622833252,-0.0387859083712101,-0.3098795711994171,-0.0421476736664772,-0.0019434785936027765,0.0,0.15112152695655823,0.024536022916436195,0.08871409296989441,0.034720443189144135,0.0013101266231387854,0.0,0.01695362851023674,0.04233990237116814,0.09995657950639725,-2.130727529525757,0.8809086680412292,0.4640194773674011,-2.1315603256225586,-0.9454221129417419,0.4563460052013397,0.6312772566059176,0.5721750085520702,0.8996511935872792,0.6491511287320372,0.5777151543233506,1.4180646124580334,0.5415887354592226,0.6575633220385717,0.0342387726781936,0.7412511844343134,0.6560233381997502,0.030005277627193593,0.4950850909400216,0.4941668096707367,0.040483033439863036,0.7626717424618036,0.48820788900892953,0.04671260256788928,0.5052429336512441,0.5591129648323606,0.43583996013215875,0.7537600966156602,0.5761606637642633,0.43748022050066526,0.42671213278059555,0.6761046612355819,1.4402854825692073,0.8749198230809073,0.6905728943538134,1.4243947386151463,0.42270072267945774,0.6958033631915246,1.2571040590175286,0.8606025971296718,0.7140791683687527,1.242180479219335,0.5395478462386812,0.5717975343059717,1.119152031007032,0.7395615548659825,0.5830328270730112,1.1127904700671392,0.5426112201950162,0.5868968706697538,0.7467366687452117,0.6714531397060531,0.5907744663772422,0.7479443298557283
2.9333333333333327,0,0-ACCAD_Male2General_c3d_A6- Box lift_poses,86,0.6316511478507891,0.5788296461105347,0.8257539324836448,0.6936289523347182,0.02786467152469136,-0.03329115555798601,0.7190230424162193,0.17872793972492218,-0.03870032727718353,-0.3091144263744354,-0.04127573221921921,-0.0018979957094416022,0.0,0.15166021883487701,0.02567218244075775,0.08927028626203537,0.03530995175242424,0.00134834845084697,0.0,0.014691847376525402,0.042745184153318405,0.10214929282665253,-2.17069935798645,0.8646930456161499,0.5083475112915039,-2.174346685409546,-0.9258168935775757,0.499155193567276,0.6311926925823763,0.572339918479783,0.9004712213400101,0.6491761074559071,0.5797557782632099,1.4188539759312022,0.5416331330897288,0.6565421152723089,0.03484562106621679,0.7407463033995877,0.6543586353025209,0.030661604220837885,0.4952556351858652,0.4931214505669379,0.04138886456098719,0.762294530444233,0.4866020493262726,0.0477905788785937,0.5053454180081359,0.5587871490535012,0.43662665072540563,0.7535760505863223,0.5755496100158095,0.43833560740621175,0.42843588134808663,0.677151090178014,1.445934401481078,0.873873738155958,0.690125304008432,1.4301597859653774,0.4272340483899673,0.6954287348345696,1.2625657904607686,0.8567438330151744,0.7125874683825605,1.2480565687349685,0.5395118944560258,0.5729953865949335,1.1199816175550916,0.739548033505438,0.5837817262911674,1.1135486672085,0.5425759492018449,0.5868331955638236,0.7475088062160259,0.6714165135207084,0.5907404298104441,0.7487504213044964
2.966666666666666,0,0-ACCAD_Male2General_c3d_A6- Box lift_poses,87,0.6316318955505267,0.5791859030723572,0.8265196137504295,0.6931281575537899,0.02747783332903395,-0.033016009535823974,0.7195333689245836,0.17804697155952454,-0.03836032375693321,-0.3084127604961395,-0.04053972288966179,-0.0018600882031023502,0.0,0.1514430195093155,0.026828870177268982,0.08971976488828659,0.03572344407439232,0.0013764037285000086,0.0,0.012227309867739677,0.042740531265735626,0.10325757414102554,-2.207859754562378,0.8492757678031921,0.5502549409866333,-2.21490740776062,-0.9071715474128723,0.5395866632461548,0.6311649293695233,0.572765635988555,0.9012428505189103,0.6491092033851997,0.5812387899375315,1.4196086785962174,0.5413833032719013,0.6562346982223073,0.03547441591605318,0.7400660547713197,0.6540983662936867,0.03136490083651604,0.49535660114695906,0.49272235045938195,0.04220158623930205,0.7619630402674217,0.4864056694074461,0.04867621035379201,0.5054119744911,0.5588104210024193,0.4373681678971515,0.7533862864042469,0.575792033527746,0.4391229208271773,0.43015983035562166,0.6775061573957176,1.4512124545305387,0.8722994340608502,0.6892732736993712,1.4358067423766816,0.4313478208934727,0.6944195974438705,1.267712894780692,0.8528748092560949,0.710866661998983,1.2538287938853745,0.5394642486302768,0.5739818907602577,1.1207408977619298,0.7395116594644598,0.5845546386345853,1.1143038704258486,0.5425646023215247,0.5869727987307456,0.7482475966650944,0.6713987855705789,0.5910753885298924,0.7495146916948962
2.999999999999999,0,0-ACCAD_Male2General_c3d_A6- Box lift_poses,88,0.6317523565376177,0.5793561935424805,0.8275752120094017,0.6931483991143446,0.027149570836753095,-0.03290634419705587,0.7195313545080481,0.1769857406616211,-0.03799556940793991,-0.3077612817287445,-0.03997776657342911,-0.0018318418879061937,0.0,0.1504676789045334,0.028138402849435806,0.09004517644643784,0.03598560765385628,0.0013956675538793206,0.0,0.00973130576312542,0.042586639523506165,0.10362537205219269,-2.2424895763397217,0.8344892859458923,0.5894728899002075,-2.2530598640441895,-0.8893683552742004,0.5777474641799927,0.6312612546892556,0.5729818193463576,0.9023022230066464,0.6490768623380814,0.5819134951752568,1.4206638286246491,0.5414417704420956,0.6564503130950436,0.036457102652336086,0.7395687100533073,0.6543253568844286,0.03245414696434637,0.49551921679600575,0.49291014970880176,0.043219796362929636,0.7615541619718339,0.4866414116680213,0.049738082297453835,0.5056046237489425,0.5590599982259628,0.43837402708351214,0.7533094102451533,0.5760021233969871,0.44019695163431727,0.43229756286617316,0.6774165125229153,1.4564570019925198,0.8706454150852831,0.6872580221046362,1.441583341365427,0.43549300153107795,0.6930537953448237,1.272868252985794,0.84944669258939,0.7080999437472693,1.2597158273038098,0.5394966143744913,0.574648350211406,1.1217725172176722,0.7395719675657274,0.5847076561694419,1.1153812490301596,0.5427113521326529,0.5870728683672839,0.7492724834408252,0.6715452513114177,0.5911722046210252,0.750577305141104
3.0333333333333323,0,0-ACCAD_Male2General_c3d_A6- Box lift_poses,89,0.6321095075691119,0.5794060826301575,0.8283457808570579,0.6931948096022107,0.026678718683558506,-0.03262819197285009,0.7195169233579857,0.1756603717803955,-0.03726843744516373,-0.3072320222854614,-0.03945086523890495,-0.0018055469263345003,0.0,0.1493801772594452,0.029561659321188927,0.09025322645902634,0.03634478524327278,0.0014199101133272052,0.0,0.00744963763281703,0.04202067852020264,0.10384981334209442,-2.2747609615325928,0.8203301429748535,0.6260829567909241,-2.2887415885925293,-0.8721827864646912,0.6136782765388489,0.6315962220087183,0.5731105697869596,0.9030793279157558,0.6490640993220298,0.5826446816814097,1.421440596416585,0.5414733162072697,0.6563875727256191,0.037136643372917014,0.7392096210053362,0.6541148577051734,0.03322192812881261,0.4956343008857294,0.4928272316952842,0.04397766057740764,0.7612598386632866,0.48644380144961336,0.05054834712934089,0.5059178286732368,0.5590971026320783,0.439105511347947,0.753418741817627,0.5759489397488542,0.4409813620559542,0.434620343234997,0.6773996713059159,1.4609490318133762,0.868700860184659,0.6854072284602624,1.4468147102002658,0.43949566886125285,0.6916522118485938,1.2772844993301409,0.8462221816249605,0.7053432449601332,1.2649993410465699,0.5396663753801506,0.575274289306641,1.122485007035372,0.7397696843303401,0.5848422203757976,1.1162156097564544,0.5430930439735884,0.5870163327460817,0.7500123631246496,0.6719267793438369,0.5911096946969824,0.7513487257381586
3.0666666666666655,0,0-ACCAD_Male2General_c3d_A6- Box lift_poses,90,0.6325604167068377,0.5793503522872925,0.8292902760581687,0.6933597125520263,0.02609818325001155,-0.032311739173851606,0.7193935955736478,0.17406058311462402,-0.03630353510379791,-0.3067948520183563,-0.03897909075021744,-0.0017822913359850645,0.0,0.14806048572063446,0.031149517744779587,0.09035134315490723,0.036796607077121735,0.0014489530585706234,0.0,0.005366125144064426,0.04117313027381897,0.10451559722423553,-2.304741859436035,0.8067816495895386,0.6602243185043335,-2.3219614028930664,-0.8556272983551025,0.6474735140800476,0.6320160978619169,0.5731493092283115,0.9040315015095602,0.6489148834860965,0.5836235594672547,1.4223907564298437,0.541536574857109,0.6562881385044218,0.03798574068108694,0.7389261519158143,0.653722749294088,0.03416652207718365,0.4957177628335039,0.4927248897461123,0.044892268055456014,0.7609731965542983,0.48605686222835315,0.051546917273177346,0.5062838837137293,0.5590646330818101,0.43999990928408317,0.7536041273421693,0.5757389695149793,0.44194721217567984,0.43694623672092164,0.6777389465399283,1.4651277792913597,0.8663843888026815,0.6839033403432005,1.4519250734279572,0.4432297935052859,0.6904493496937439,1.2813928431197834,0.8430778256530799,0.7027312882237524,1.2700958219392904,0.5398210426026457,0.5759719895484099,1.1233312030483087,0.7399547989055835,0.5850169978764357,1.117260592500575,0.5435783427470804,0.5868602046219357,0.7509172289784336,0.6724130726343569,0.5909068734766089,0.7522958302325192
3.0999999999999988,0,0-ACCAD_Male2General_c3d_A6- Box lift_poses,91,0.6330799307907,0.5790374279022217,0.830165391452761,0.6941603411810169,0.025578722413384426,-0.032189252778868284,0.718645254417429,0.17240869998931885,-0.03536418825387955,-0.3063783049583435,-0.03864562138915062,-0.0017666610656306148,0.0,0.146232470870018,0.032902516424655914,0.090360127389431,0.03713234141469002,0.0014713199343532324,0.0,0.0033277557231485844,0.04039471596479416,0.10593036562204361,-2.332435131072998,0.7936055064201355,0.6919742822647095,-2.35274076461792,-0.8396649360656738,0.6792254447937012,0.6324855595084647,0.5729041696376878,0.9049118285975466,0.6488002422433083,0.5845056365483337,1.4232618682170337,0.5419211815133236,0.6564726360926554,0.0388045892645682,0.7387995502502489,0.653569705557852,0.03512584595762891,0.49582616472871976,0.492985539215061,0.04567616711562478,0.760534453740433,0.48585121503915674,0.052391473904585435,0.5067278401194485,0.559154362610305,0.44080266173075755,0.7538416259137216,0.5753372456406826,0.4428479327342557,0.43962881603828513,0.6784692848039612,1.4688570674607644,0.864063317955411,0.6820995749965615,1.4566245495442975,0.4470198729607342,0.6895150453268607,1.2850557408708618,0.8403047885505935,0.6997081281292761,1.2747316268088023,0.5400187813349729,0.5766444395716576,1.1240939814804518,0.7401961951219492,0.5848213513345766,1.118235139992655,0.5441541720442858,0.5866336034663718,0.7517460869739524,0.6729970338227643,0.5903914338535977,0.7531831387883884
3.133333333333332,0,0-ACCAD_Male2General_c3d_A6- Box lift_poses,92,0.6333462443435565,0.5787452459335327,0.8308427386359886,0.6947825146418815,0.024849546558812014,-0.032020809343693134,0.7180768936212195,0.17097267508506775,-0.0342898890376091,-0.30599501729011536,-0.038488294929265976,-0.0017607389017939568,0.0,0.14400282502174377,0.03458330035209656,0.09034311771392822,0.03730771690607071,0.0014846168924123049,0.0,0.0012925631599500775,0.03976496681571007,0.10771413147449493,-2.3579916954040527,0.7809315919876099,0.7214959263801575,-2.381258964538574,-0.8244346976280212,0.7090097665786743,0.6326857023581817,0.572706480870943,0.905596313806708,0.6483583157164164,0.5858354429838359,1.4239254742216725,0.5421535997538008,0.6562587265267771,0.039375163599156715,0.7386211394178126,0.6535445785029887,0.035928695997451354,0.495859046245195,0.49282893886117957,0.04626855311495537,0.7601169007958355,0.48578050099200587,0.053050218700414105,0.5069938203906569,0.5589919595793664,0.4413892574867286,0.7539424229611585,0.5749854381734313,0.4435789357037689,0.44202072988156893,0.6796577177147196,1.471991223136484,0.8612296200549141,0.6810133405236487,1.4607759105610294,0.4502556674064993,0.6888912715945716,1.2881258063477998,0.8372998467369039,0.6972135581441037,1.2787745833621138,0.5399284323067074,0.5774864030848075,1.1246431943817004,0.7401423991218964,0.5848954379247672,1.1190165972869481,0.5444931902238019,0.5863606791276935,0.752350956368441,0.6733418696953437,0.5898786743370068,0.7538797809495456
3.166666666666665,0,0-ACCAD_Male2General_c3d_A6- Box lift_poses,93,0.6341932859504595,0.5788458585739136,0.8316022210197166,0.695520371511117,0.024166283049938373,-0.03172900123443786,0.7173985461772648,0.16976338624954224,-0.032905299216508865,-0.30567750334739685,-0.03845345228910446,-0.0017615576507523656,0.0,0.1417207568883896,0.03614143654704094,0.09031358361244202,0.03749831020832062,0.0014985997695475817,0.0,-0.0006026005721651018,0.03910236060619354,0.10942596197128296,-2.381770372390747,0.7690408825874329,0.7489004135131836,-2.4076220989227295,-0.80999356508255,0.7369438409805298,0.6334835893905018,0.5729102863455868,0.9063636102063489,0.6486316708790255,0.587586207062433,1.4246627772894689,0.5426055841227309,0.6562590687074854,0.04003161878424074,0.7389314323586846,0.6538270376708675,0.036781403529875856,0.49605822322039583,0.4929045807098533,0.04700689254655552,0.760134249951735,0.4860119624776324,0.053767900049308426,0.5076553867542949,0.5591463407258288,0.44210113847530785,0.7545564381363291,0.5749634695204673,0.44436276829519383,0.4451418619154669,0.6812833578116575,1.474986029406096,0.8590676127397683,0.6804527958982093,1.4646687496877606,0.4539750647195599,0.688753618177972,1.291068292516884,0.8351471821521451,0.6952091721555195,1.2825434451185616,0.5404864063813717,0.578754469748353,1.1252913837121308,0.7407337672715937,0.5853606213996837,1.1198564856578135,0.5453955153367552,0.5865047290271703,0.7530588269850077,0.6742511144183464,0.5897362618815833,0.7546476811918633
3.1999999999999984,0,0-ACCAD_Male2General_c3d_A6- Box lift_poses,94,0.6347200121963397,0.5786993503570557,0.832194691188784,0.6967287857879557,0.023405947874380394,-0.03157978585889444,0.7162568518231774,0.16889187693595886,-0.03152066096663475,-0.30535027384757996,-0.038494694977998734,-0.0017665657214820385,0.0,0.1396820992231369,0.0378023125231266,0.09022001922130585,0.03782764822244644,0.0015201499918475747,0.0,-0.0023047577124089003,0.03837282583117485,0.1109064519405365,-2.403961420059204,0.7579532265663147,0.7743295431137085,-2.431966781616211,-0.7962610125541687,0.7630761861801147,0.6339343308985692,0.5728603250105644,0.9069629229981652,0.6484097988479646,0.588890711594214,1.4252374568892792,0.5430596716854889,0.6560130881160575,0.04049028839198817,0.7391694746696085,0.653588228724848,0.037476506047177754,0.4960414759800934,0.4927975191361505,0.047559044659842634,0.7598441844239154,0.48569889395804033,0.05437998640283049,0.5080739539780956,0.5591634633947103,0.44261965272783005,0.7549163162508319,0.5745118218163563,0.44501416090501716,0.4478069674158514,0.6826316410657581,1.4775573756297076,0.8564455677815471,0.6793305249708689,1.4682349775168217,0.45713999596214805,0.6884692010480556,1.293605257740907,0.8327985953353574,0.6927181764301393,1.2859682617218025,0.5406352079830123,0.5797988597408503,1.125740203306782,0.7409208667545897,0.5853737988260365,1.120567211461461,0.5460079519674104,0.5865361842386333,0.7535768347271247,0.6748732409659512,0.5893072569781169,0.7552599515463979
3.2333333333333316,0,0-ACCAD_Male2General_c3d_A6- Box lift_poses,95,0.6355459537589923,0.5786327719688416,0.8332227521018699,0.6973904732886073,0.022951401432066008,-0.031435023214915245,0.7156337053647447,0.1683194786310196,-0.030160648748278618,-0.3050064444541931,-0.03860239312052727,-0.0017752452986314893,0.0,0.13811776041984558,0.03938784450292587,0.09010837227106094,0.038281891494989395,0.001548555213958025,0.0,-0.0037528856191784143,0.037482306361198425,0.11207623779773712,-2.4246952533721924,0.747738242149353,0.7979417443275452,-2.454453468322754,-0.7832137942314148,0.787453830242157,0.6347213003688605,0.5728574643415123,0.9079955129750372,0.6486014423929524,0.5898828149675795,1.4262511974957928,0.5434295018383483,0.6558640418882238,0.0414387215541188,0.7393628919186661,0.6535581491501272,0.03855897800288535,0.49619383695711056,0.4927146055950684,0.0485838877840271,0.7597651247124468,0.4856295599666259,0.055403497345009094,0.508685757390595,0.5591454968113485,0.44361970265267137,0.7554588034619331,0.574360495583164,0.4460623758175571,0.4506252523434693,0.683221076220213,1.4804716260342854,0.8540544717828261,0.6783464529390255,1.472017339305727,0.4602911104787295,0.6876647951630709,1.2964977454081652,0.8307781538348123,0.6904684657417118,1.2896143951612788,0.5411510954096944,0.5805599120238399,1.1266445628503479,0.741460140606496,0.585459721942842,1.121698536657194,0.5468784935302323,0.5865529277556625,0.7545660782162092,0.6757486269461785,0.5890637690335946,0.7562968733991262
3.266666666666665,0,0-ACCAD_Male2General_c3d_A6- Box lift_poses,96,0.6362244930351153,0.5790860652923584,0.8340746216849998,0.6984828058395106,0.022271949219552983,-0.03127317446822029,0.7145961928132604,0.16784806549549103,-0.028994807973504066,-0.30462509393692017,-0.0385144017636776,-0.0017731209518387914,0.0,0.13681648671627045,0.04076431319117546,0.09002995491027832,0.03887306898832321,0.001584544312208891,0.0,-0.004924782086163759,0.03675444424152374,0.1130111888051033,-2.4442298412323,0.7382413148880005,0.819746732711792,-2.475111246109009,-0.7708283066749573,0.8102196455001831,0.6353352443554281,0.5734004255431738,0.9088535140104961,0.6485931327458893,0.591460410469006,1.4270877677246574,0.5440564156968049,0.6559521707350656,0.042138530602181826,0.7398514457492076,0.6534346388988915,0.039435770855286156,0.49640636171142716,0.4929303625088972,0.04944348767672864,0.7597717258670771,0.48545560299623236,0.056353984036315405,0.5092802995691349,0.5596535173936147,0.4444176824166326,0.7560026229642591,0.5743903209393252,0.44697045955341663,0.45324874662022213,0.6844828167391704,1.483007777394423,0.8515386742035207,0.6779121308045034,1.4753953338638295,0.463158300004684,0.6876342722111787,1.2990201873664635,0.8287913404649869,0.6887643324568804,1.2928457440772403,0.5414886122819029,0.5819726864118768,1.1273625036942703,0.7418228469972336,0.5860117156026259,1.1226651060935697,0.5476312830177823,0.5871728266717635,0.7553538354923668,0.6765078030701979,0.5892724753884115,0.7571641038294323
3.299999999999998,0,0-ACCAD_Male2General_c3d_A6- Box lift_poses,97,0.6365091052139178,0.5791898965835571,0.8346197657661155,0.6993741904598583,0.02195566492730622,-0.0312950182401776,0.7137326616665126,0.16724397242069244,-0.028312398120760918,-0.30416759848594666,-0.0381937175989151,-0.001758158323355019,0.0,0.13549207150936127,0.0418914332985878,0.09001167118549347,0.03938804566860199,0.001616395078599453,0.0,-0.005796492099761963,0.03630053624510765,0.1139591634273529,-2.462643623352051,0.7292790412902832,0.8398629426956177,-2.494021415710449,-0.7589787244796753,0.8314830660820007,0.6355766372819288,0.5735361712760562,0.9094005513577575,0.6484674809726434,0.5922587780212734,1.4276182948489615,0.5443516105408047,0.6562685271906846,0.042608651108341146,0.7398790496681471,0.6536792456584917,0.04004411010818587,0.4963805241536077,0.4933427581021279,0.049954986094873255,0.759414063635172,0.48564753172835556,0.05688828842026271,0.5095278570595193,0.5600935793748897,0.4449148383006579,0.7561290341890657,0.5744394545041687,0.44754018930479933,0.45565853311230137,0.6846771015863606,1.4852498815417488,0.8488439590646543,0.6770090771627137,1.4782104311461906,0.46560956501834794,0.6868021126785058,1.301249812259068,0.8266420917458943,0.686693644519103,1.2955280552944193,0.541568359906262,0.5827355918540162,1.1278208366373401,0.7419187619770194,0.5860908255568363,1.123277303113166,0.5479672135623066,0.5874519283120345,0.7558627362290646,0.6768482180063187,0.589211966058221,0.757722907781432
3.3333333333333313,0,0-ACCAD_Male2General_c3d_A6- Box lift_poses,98,0.6367400732124224,0.5793472528457642,0.835448389537783,0.700253706780848,0.02150241037293774,-0.031166153049630548,0.7128892364118867,0.16657547652721405,-0.02791653946042061,-0.3036741316318512,-0.03769963979721069,-0.001733628218062222,0.0,0.13426467776298523,0.042687177658081055,0.09007765352725983,0.03974412754178047,0.0016395944403484464,0.0,-0.0063630747608840466,0.03598998114466667,0.11485464870929718,-2.47989559173584,0.7207571864128113,0.8584936261177063,-2.5113937854766846,-0.7476337552070618,0.8512952327728271,0.6357657666193238,0.5737559792030912,0.9102333371256192,0.6483621342956299,0.5933333482335984,1.4284248137353301,0.5447517009368376,0.6563007803790376,0.04332446233193071,0.740059507072663,0.6536554565360957,0.04090873295210754,0.4964668841341916,0.4934729069701081,0.050785032515270834,0.7592183514709576,0.4855791367451294,0.057739936321051705,0.5097953457180434,0.5604508551642045,0.44569927481849186,0.7562881006415175,0.5743574071336328,0.448396721380697,0.45802265507204065,0.6850917872846624,1.4876090288238442,0.8461498800329161,0.6765991952372502,1.481047388380979,0.467897528406085,0.686205166228051,1.303595954646673,0.824563422527224,0.685056167900879,1.2982303523315735,0.5416304453311894,0.5836274300926927,1.1285735658914535,0.7419930086387736,0.586368807112614,1.124156216363859,0.5482484606346841,0.5877468955785207,0.7566530365429341,0.6771329361326588,0.5891776769472713,0.7585605196609718
3.3666666666666645,0,0-ACCAD_Male2General_c3d_A6- Box lift_poses,99,0.6373871412361041,0.5796215534210205,0.8361734204368308,0.7014304973481414,0.02130543727016985,-0.031157051662853773,0.7117377142349167,0.16601717472076416,-0.02747832052409649,-0.3031941056251526,-0.03698768839240074,-0.001697043888270855,0.0,0.1332913637161255,0.043522488325834274,0.09014078974723816,0.03993353247642517,0.0016537668416276574,0.0,-0.006609257310628891,0.035549260675907135,0.11565510928630829,-2.4959402084350586,0.7126206755638123,0.8758000135421753,-2.527405261993408,-0.7368228435516357,0.8697225451469421,0.6363835477830544,0.5740535635920024,0.9109597179079916,0.6487343119435509,0.5941526407666735,1.4291351854911827,0.5454038226936236,0.6568023955072854,0.04396626776563199,0.740508566934377,0.6539722697586228,0.041685843055797527,0.49666819192800543,0.49411335486440805,0.05152367132621767,0.759153154336153,0.4858286294996732,0.05842189997152586,0.5103671328017545,0.5612205356804126,0.44640167667878716,0.7567624635526701,0.5744186287317256,0.44912446098872116,0.4608731294972872,0.6853647725312197,1.489793893455376,0.8440140648599094,0.6758873738563248,1.4836472375244114,0.47058060350316094,0.6856190897425474,1.3057687199726444,0.8231058954286499,0.6832777710114875,1.3007051847178168,0.5421408483190215,0.5845088795769395,1.129232767207616,0.7425144110255497,0.5865316736462175,1.124928284376153,0.5489353361661824,0.5882783794082722,0.7573642196116064,0.677823700023985,0.5892736429561451,0.7592902597158067
3.3999999999999977,0,0-ACCAD_Male2General_c3d_A6- Box lift_poses,100,0.6374493684852496,0.579925000667572,0.8367784075813011,0.7021837435622484,0.02104395845389509,-0.03124660336462277,0.7109984471626302,0.16573235392570496,-0.027084162458777428,-0.30269989371299744,-0.036127399653196335,-0.0016522177029401064,0.0,0.13272178173065186,0.04441095143556595,0.09020249545574188,0.03994230926036835,0.0016581821255385876,0.0,-0.006652554962784052,0.035190850496292114,0.11616251617670059,-2.510901927947998,0.704731822013855,0.891787052154541,-2.5422210693359375,-0.7266489863395691,0.8868398070335388,0.6364025732140544,0.5743760488678903,0.9115655278199157,0.6483800361333434,0.5948371315243792,1.4297342481460997,0.5456157236200913,0.6570208927657553,0.044431582310373544,0.7404668839586837,0.6542589466152439,0.04236584088085514,0.4966190334526334,0.4944170921877595,0.05213407477875901,0.7587901165414688,0.48607379204798784,0.05903956064896208,0.5104992764885874,0.5618160199562848,0.44695407267434145,0.7567532976236641,0.5745415947823279,0.44977161592118037,0.46285232859858305,0.6852555347911907,1.4917278509953926,0.8411110994435652,0.6753426805375405,1.4860376332580174,0.47234524664963984,0.6847847667815643,1.3076919113299967,0.8209477657621869,0.6817529020054156,1.3029750394826798,0.5419988877862643,0.5852076334371523,1.129755993679822,0.7423796834936016,0.586788832973913,1.125606123836164,0.5490493145590254,0.5887452673892715,0.7579308048158627,0.6779387690993881,0.5894593878179255,0.7599108946194819
3.433333333333331,0,0-ACCAD_Male2General_c3d_A6- Box lift_poses,101,0.6380536403739825,0.580609142780304,0.8372778945045188,0.7033992401544675,0.020829257031728343,-0.0313253398146607,0.7097988264903796,0.165706604719162,-0.026852168142795563,-0.3021736443042755,-0.035301316529512405,-0.0016092028236016631,0.0,0.1327066272497177,0.04539547115564346,0.09025625139474869,0.039841510355472565,0.0016568037681281567,0.0,-0.006558331195265055,0.03501672297716141,0.11630195379257202,-2.5248446464538574,0.6970590353012085,0.9065093994140625,-2.5559802055358887,-0.7172585129737854,0.9027252197265625,0.6369661946701687,0.5750762468289602,0.9120656242750692,0.6487613226668659,0.595658883273674,1.4302332325230362,0.5464798040743365,0.657620997876982,0.04479754829006619,0.7408971232595878,0.654495636948353,0.04290692344793405,0.4970130128453141,0.4951677059056561,0.0526693011560736,0.7586828092224621,0.48625253117733613,0.059578058242916135,0.511143847953233,0.5629048864020871,0.4474206127439354,0.7572055783455872,0.5747496080574038,0.450306062437263,0.4656852048300876,0.6855007548703888,1.4935353339423911,0.8392006737285282,0.6747053689713648,1.4881483653548444,0.47483093089489864,0.6844339922176733,1.3094843032026577,0.8197342810385461,0.6803062908912626,1.3049838124701372,0.5424896699933185,0.5862934410985827,1.1302078111991292,0.7428765645836841,0.5872029182265482,1.126151923160309,0.5497071656259013,0.5897188069826811,0.7584032870118016,0.6785977317852786,0.5899914446076147,0.7604205629341618
3.466666666666664,0,0-ACCAD_Male2General_c3d_A6- Box lift_poses,102,0.6377881612861529,0.5808725357055664,0.837639813907595,0.7038702753632384,0.020607196031157213,-0.03150140080205151,0.7093304171395168,0.16587765514850616,-0.026653723791241646,-0.301653116941452,-0.03469131141901016,-0.0015780135290697217,0.0,0.13285917043685913,0.04633834585547447,0.09035005420446396,0.03948410227894783,0.0016415197169408202,0.0,-0.006470414809882641,0.03500663489103317,0.1162736713886261,-2.537691354751587,0.6896443367004395,0.9200829267501831,-2.5687694549560547,-0.7087625861167908,0.9174497723579407,0.6366548229811512,0.5753450815281195,0.9124272646904813,0.648200735466285,0.5959257190692427,1.4306005944647855,0.5465365786337717,0.6576373402005283,0.04502515031591303,0.7405025455612664,0.6545937153227825,0.04335424110080274,0.49693410496739754,0.4952318348160607,0.05302805147688593,0.7581011242928858,0.48632749542306225,0.05999062494122702,0.5110491708449231,0.5632865740478243,0.4477239236439948,0.7569010414928853,0.5747691569873795,0.4507328112809977,0.4673530644663605,0.6848702699523884,1.4950982170711309,0.8363798643840337,0.6738932534781089,1.4900147502817596,0.47610983699922105,0.6833089381027928,1.3110318013896405,0.8175787474722912,0.6787717577022048,1.306760057562652,0.5420764653562469,0.5866866322909825,1.1305190927376625,0.7424664711924358,0.5873430107613278,1.1265694562637805,0.5494945728146214,0.5901014308004067,0.7587189422963329,0.6783843364504377,0.5901998673165777,0.7608026126062951
3.4999999999999973,0,0-ACCAD_Male2General_c3d_A6- Box lift_poses,103,0.6379144039237872,0.581244707107544,0.8382890276984886,0.704198892879809,0.020277123723039907,-0.03154115427758466,0.7090119273377631,0.16600289940834045,-0.02627529576420784,-0.30120664834976196,-0.03432684391736984,-0.0015602502971887589,0.0,0.13306498527526855,0.04720766097307205,0.09049753844738007,0.03896413370966911,0.0016175389755517244,0.0,-0.006389436777681112,0.03501371666789055,0.1161779835820198,-2.549532651901245,0.6825200319290161,0.932513952255249,-2.580594539642334,-0.7010934948921204,0.9310877323150635,0.636739225421184,0.57574837970834,0.9130781267745423,0.6480497523993519,0.596476434516422,1.431250932531927,0.5468395063165468,0.657562945773473,0.045541619671370555,0.7404958720207074,0.65458880675066,0.04407134972476365,0.4971604925808956,0.49518812344804264,0.053691016522542545,0.7579827046912752,0.48631137690149495,0.060712181630377185,0.5112901717763584,0.5635910989571127,0.4483253769468982,0.7570043415044541,0.5747891510294472,0.45144788619954607,0.4693522578311159,0.6845283515512232,1.4968112374871758,0.8341359556634943,0.6734789153998301,1.4919968543126814,0.47767244122281,0.682470435564339,1.3127294520376436,0.8159566737125094,0.6776376904733208,1.308661689922969,0.5420643132802847,0.5872360677355221,1.1311204085491389,0.7424567153019715,0.5877193970717632,1.1272685901822663,0.5496681857241071,0.5905277122078839,0.7593208615336542,0.6785569358269417,0.5905082501028028,0.7614677055479476
3.5333333333333306,0,0-ACCAD_Male2General_c3d_A6- Box lift_poses,104,0.6380666937911883,0.5811702013015747,0.8386316351966575,0.7044093509847623,0.02023753308105747,-0.031789967558096974,0.7087928515883003,0.16603903472423553,-0.025799082592129707,-0.30082330107688904,-0.03416807949542999,-0.0015536972787231207,0.0,0.13319692015647888,0.04807038977742195,0.09069014340639114,0.03830929845571518,0.001586390077136457,0.0,-0.006370882038027048,0.03516862913966179,0.11609549820423126,-2.560410737991333,0.6756041049957275,0.9438298344612122,-2.5914926528930664,-0.6942482590675354,0.943703293800354,0.6368593540461197,0.5756519999064902,0.9134186112292747,0.6480685270091138,0.596172449916744,1.4316022448276495,0.547015450087364,0.6577026515500097,0.04584144572441322,0.7404085674296875,0.6548294550778051,0.044540114862549905,0.49730451094949624,0.4953371441767098,0.053981749492830695,0.7578458763395021,0.48653187711606277,0.061028459539774135,0.5114894117679176,0.5637000900856255,0.44862077507618064,0.7570997660515816,0.5746877098815504,0.4518388341533607,0.471491688832112,0.6833031573593226,1.4982248478269569,0.8322660947748595,0.6722453255777787,1.4935564310066398,0.4792839458210015,0.6809240690202304,1.3141238297041284,0.8146144415431031,0.6758622982298677,1.3101582280405584,0.5421470407979583,0.5871101096178393,1.131443716951434,0.7425405787931767,0.5874764250167074,1.127638372973876,0.5498566096952482,0.5905326499089617,0.7596322886030987,0.6787444764981202,0.5904350690680786,0.7618285472853792
3.5666666666666638,0,0-ACCAD_Male2General_c3d_A6- Box lift_poses,105,0.6380147185409442,0.5811930894851685,0.8388513379172996,0.7042515125622847,0.020087380502611673,-0.03187714208184233,0.7089500349185206,0.16622573137283325,-0.025328094139695168,-0.3004671335220337,-0.03415209427475929,-0.0015548779629170895,0.0,0.13343968987464905,0.048974327743053436,0.0909164771437645,0.037612397223711014,0.0015531948301941156,0.0,-0.006412760820239782,0.03547084704041481,0.1158750057220459,-2.570374011993408,0.6689562201499939,0.9540984630584717,-2.6015429496765137,-0.6882133483886719,0.9553229212760925,0.6367834320781613,0.575681209121008,0.9136383896608852,0.6479719191127636,0.596134508442317,1.431825929537088,0.546899777489364,0.6574767894164709,0.0459964943749224,0.7399866598827662,0.6549004260845337,0.04485125084158746,0.49732308009039805,0.49507300695467726,0.05419176844683459,0.7575584715785547,0.486609370835456,0.061263202489079883,0.5114878366251449,0.5635705864607593,0.448808223800704,0.7569774644024835,0.5746228978511544,0.4521074189358447,0.47339331695419823,0.6822479065302852,1.4994189236583593,0.8304312844745144,0.671490905453199,1.4948186219599116,0.4806000587622075,0.6795521017884989,1.3152984204180225,0.8132167735566735,0.6745654779765106,1.311368978128623,0.5420682836281967,0.587067747296681,1.131661236504796,0.7424618343574584,0.5875163950118203,1.1278653912304855,0.5498283963457306,0.5905148383972184,0.7598196527864078,0.6787155023544904,0.5904745661948682,0.7620613634014121
3.599999999999997,0,0-ACCAD_Male2General_c3d_A6- Box lift_poses,106,0.6379355039680377,0.5811424851417542,0.8391774945335105,0.7037938498672762,0.020104839719488374,-0.03217064568348067,0.7093906271337108,0.1663626879453659,-0.024889420717954636,-0.3001581132411957,-0.03418082743883133,-0.0015583811327815056,0.0,0.13387826085090637,0.04976710304617882,0.09121128171682358,0.03700379282236099,0.001525143743492663,0.0,-0.006435371935367584,0.03601137921214104,0.11574726551771164,-2.5794949531555176,0.6626111268997192,0.9633960723876953,-2.6106369495391846,-0.6829061508178711,0.966062605381012,0.6366786063098483,0.5755968025821776,0.9139616212799347,0.6479175579710438,0.5957723515225644,1.4321599870869748,0.5467853849747609,0.6575659733948793,0.04629937799884919,0.7396230491463712,0.6552300638721943,0.04529330297472044,0.4974684394743021,0.4950805189603581,0.05444284063533943,0.7574739238071315,0.48695744187874357,0.06159271895490345,0.5115105293083777,0.5634800758842292,0.4490808371845814,0.7568981926693553,0.5747340241027641,0.4524914826213943,0.47521012246732985,0.6807475370144084,1.500692852420195,0.8287863050022031,0.6706239621575433,1.4960784053064253,0.48179366839871024,0.6778625888891611,1.3165518787031754,0.8119270467506976,0.673240882686465,1.312588674415777,0.541993761087477,0.5867382827959643,1.1320014223820811,0.7423861746462381,0.5874442929932919,1.128184743499116,0.5497719041595219,0.590390720937678,0.7601110927247744,0.6786579218400178,0.5905192502597617,0.7624086149628412
3.63333333333333,0,0-ACCAD_Male2General_c3d_A6- Box lift_poses,107,0.6378821578109637,0.5811744928359985,0.8393282942847923,0.7034961206743772,0.020083496976308617,-0.0323495962286829,0.7096783531777942,0.16655698418617249,-0.024474358186125755,-0.29989030957221985,-0.03421959653496742,-0.0015623002545908093,0.0,0.13462680578231812,0.050524480640888214,0.0915481448173523,0.03645782172679901,0.0015008028130978346,0.0,-0.0063830409198999405,0.03673698008060455,0.11561354994773865,-2.587864875793457,0.6565914154052734,0.9718058109283447,-2.618819236755371,-0.6782097220420837,0.9759660959243774,0.6366064089521543,0.5756115222775064,0.9141108178007489,0.6480669717933925,0.5956142689831906,1.4323123713853079,0.5466499949353759,0.6575722564996305,0.04641940423779078,0.7392495532611749,0.655190142635144,0.04550513166914289,0.4975150955778744,0.4950314201597554,0.05455808884048251,0.757312179886466,0.4869386762355083,0.061789651120682285,0.5115067480080097,0.563428598574778,0.4491984626129331,0.756806674050046,0.5747073946616207,0.4526913689487246,0.477206459929505,0.6795737830633392,1.5017347065136335,0.8275622689412924,0.6699994888006996,1.4969810793542209,0.48310972553975345,0.6765019537574989,1.3175736913013505,0.8109628649958626,0.6721421141069395,1.313461507783171,0.5420292350804847,0.586586996067248,1.13219383505975,0.7424193403858684,0.587479142962864,1.1282958009893622,0.5497357199015035,0.5903725646923941,0.76023586504887,0.6786207640339808,0.5906199702018309,0.7625730773905167
3.6666666666666634,0,0-ACCAD_Male2General_c3d_A6- Box lift_poses,108,0.6378511633956805,0.5812805891036987,0.8394596629218772,0.7030020438647842,0.020012726055861185,-0.03263676659162825,0.7101566436950321,0.16684715449810028,-0.02404649741947651,-0.29966825246810913,-0.03422866389155388,-0.0015644481172785163,0.0,0.13549764454364777,0.051198020577430725,0.09193956106901169,0.03580477088689804,0.0014707752270624042,0.0,-0.006255652755498886,0.03752126172184944,0.1156378984451294,-2.5953691005706787,0.6509443521499634,0.9795480966567993,-2.626192092895508,-0.6740256547927856,0.9850546717643738,0.6365414319078754,0.5756936585120469,0.9142398127612157,0.6481149357783383,0.595576193416607,1.4324446920888076,0.5466773917269271,0.6575902373939883,0.046493687372707135,0.7391061909310196,0.6552961207604792,0.04572872545740918,0.49780290388343623,0.49497049963069617,0.054624205673196716,0.7574725987819286,0.48707549536635525,0.06199206627852877,0.5116241288288529,0.563389205683177,0.44926694845797704,0.7568608335294864,0.5748100548940468,0.4529026465378183,0.4789308566819682,0.6785465202024167,1.5026238762968118,0.8263206124228962,0.6696826737525852,1.4978017637917316,0.48420968686613247,0.6752608727594277,1.3184475947702936,0.8099830160641094,0.6713517223800161,1.3142537825277996,0.5420261249277571,0.5864654337389906,1.1323467291165537,0.7424137633339898,0.5876680006996928,1.1284055228699854,0.5497362051959267,0.5903896843471366,0.7603203100620491,0.6786193510939288,0.5908259309841184,0.7627285880485861
3.6999999999999966,0,0-ACCAD_Male2General_c3d_A6- Box lift_poses,109,0.6376589980209246,0.5812194347381592,0.8397921376304344,0.70227588541736,0.020216218462411634,-0.032990967746866,0.7108526438858257,0.1670510470867157,-0.023820459842681885,-0.29946115612983704,-0.0341896191239357,-0.0015638170298188925,0.0,0.1364109069108963,0.05166691541671753,0.09241395443677902,0.03507388383150101,0.0014366618124768138,0.0,-0.006101313978433609,0.038404762744903564,0.1159406304359436,-2.6019654273986816,0.6456227898597717,0.986753523349762,-2.6328325271606445,-0.6702134013175964,0.993372917175293,0.6363392967096505,0.5755720728330053,0.9145675727141651,0.6482060092825335,0.5952477064134667,1.4327746775814387,0.5464067655111343,0.6578027413759521,0.04683566177577751,0.7386746269485396,0.655678446914543,0.0461624061962704,0.49789443234364134,0.4950702360768931,0.05487837585361817,0.7574647320058273,0.48749403923947376,0.0623159496750928,0.5115368129502343,0.5633142407975977,0.44955756107225137,0.7567111576605292,0.5749921867331583,0.4532807958123245,0.48056956465071893,0.6772727693279477,1.5036945966312558,0.8251942810402348,0.6692513029313497,1.4986927746598957,0.48517860782519623,0.6737631419644662,1.3195044681201071,0.8090350199283372,0.6704977744919999,1.3151256512604859,0.5419627150046873,0.5860384386835248,1.1327343787571653,0.7423448311948898,0.5876907301726221,1.1286769973391537,0.5495483033678431,0.590217749501178,0.7606342672202097,0.6784294391391097,0.5909287651358495,0.7630786956893192
3.73333333333333,0,0-ACCAD_Male2General_c3d_A6- Box lift_poses,110,0.6372660842025653,0.580952525138855,0.8397865347938255,0.7017022195488196,0.020544225922844654,-0.03343577516566217,0.7113887676935605,0.16718585789203644,-0.02380380406975746,-0.2992681562900543,-0.03410480543971062,-0.0015605431981384754,0.0,0.13754485547542572,0.05192272365093231,0.09296438097953796,0.03440145403146744,0.0014059790410101414,0.0,-0.005934609100222588,0.03925827145576477,0.11629973351955414,-2.6077940464019775,0.640645444393158,0.9933947324752808,-2.63883376121521,-0.6666624546051025,1.0009605884552002,0.6359390302900237,0.5752222605657122,0.9145555323518708,0.6481242872588707,0.5945582755339522,1.4327688847275886,0.5460490680880535,0.6581268023242667,0.04687427293521114,0.7381706408565066,0.6558834015777176,0.04625107985469534,0.49782198557609736,0.4953022739183711,0.05476866726173842,0.7573163748708879,0.4877283910923915,0.06229269192239057,0.511267438809093,0.5632321683249156,0.44950864850264927,0.7563918265861874,0.5749768083259491,0.4533143522986197,0.48197115996983747,0.6758164049276161,1.5043754804228742,0.8239938984707694,0.6684187731803772,1.4991972138327232,0.48592720379582177,0.6721063262847408,1.3201740981319732,0.8080045737631422,0.6693271844409912,1.315613226272414,0.5417124959074857,0.5853702598400592,1.1327876517501103,0.7420887478611868,0.5873882658054187,1.1286079143288563,0.5491584994245516,0.5899012335652967,0.7606188526162515,0.6780375265947037,0.5908371623820503,0.7630908329686028
3.766666666666663,0,0-ACCAD_Male2General_c3d_A6- Box lift_poses,111,0.6368920650565997,0.5808243751525879,0.8399174265937522,0.7013585156101733,0.02063273115403486,-0.033707861392975276,0.7117122333264558,0.1673775017261505,-0.023864932358264923,-0.29910901188850403,-0.03400477394461632,-0.001556315110065043,0.0,0.13878554105758667,0.05207483842968941,0.09356221556663513,0.0336846187710762,0.0013730169739574194,0.0,-0.00577808590605855,0.03992689400911331,0.11670783162117004,-2.6129117012023926,0.6360207796096802,0.9994862675666809,-2.644261360168457,-0.6632559895515442,1.0078445672988892,0.6355485557873435,0.5750551893014133,0.9146831371665678,0.6479237168930221,0.5943691312058186,1.4328933093846232,0.5458680664843831,0.6581464281425508,0.04699454675256376,0.7378621523854318,0.6556483364247103,0.04643618139385026,0.49781512264171635,0.4952680076299042,0.05483895363638684,0.7572592730556422,0.487521968353039,0.06247600897192011,0.5110523599787159,0.5631294360201737,0.44959756072880813,0.7561466032477473,0.574769785295309,0.45349879042634306,0.4831814520698596,0.6751236279323775,1.505020259726639,0.8227332078777253,0.6680579908636851,1.499778316706628,0.4865583849825743,0.6710823981948577,1.3208143179373482,0.806973572031784,0.668558483275136,1.3161729039609318,0.5414151650861687,0.5850844193628757,1.1329493952478464,0.7417874462387299,0.5873339209073261,1.128698090916184,0.5487991866469984,0.5897351340761595,0.7607280663114522,0.6776762156416308,0.590816842779819,0.7632367358043739
3.7999999999999963,0,0-ACCAD_Male2General_c3d_A6- Box lift_poses,112,0.6368499841773883,0.5806856751441956,0.8400644116477683,0.7008994406994952,0.02114925332993308,-0.033997314894821065,0.7121354265100588,0.16764244437217712,-0.023870615288615227,-0.29901111125946045,-0.03393342345952988,-0.0015535594429820776,0.0,0.1399596482515335,0.05217801779508591,0.09419260919094086,0.032735589891672134,0.0013273656368255615,0.0,-0.005628594197332859,0.04031193628907204,0.11719296872615814,-2.617422342300415,0.6317934989929199,1.0050323009490967,-2.6491568088531494,-0.6599356532096863,1.0140612125396729,0.6355348492092007,0.5748305463182483,0.9148239453972976,0.6482327256166496,0.5938439494194658,1.4330373333774395,0.5455052626457313,0.658578359831569,0.0472282135169442,0.7374299924417215,0.6560605340353165,0.04665183950436892,0.49767621444903537,0.49562857484845824,0.05495800798743955,0.7571468896082193,0.4879552662565159,0.06252202889024186,0.5109330797786957,0.563196398146045,0.44976619465174,0.7560298967025653,0.5748407877434825,0.4536275051846204,0.4847749819385489,0.67407888206452,1.505714969086862,0.8219883501025124,0.6674216534970415,1.5003223184259566,0.48755857687242604,0.6698141686773709,1.3215041441521214,0.8064225113928972,0.6676433938837592,1.3166998260655836,0.5415435693878762,0.5845942455875409,1.1331565303374582,0.7419095595031332,0.5871388662321659,1.1287770542377766,0.5487234836885935,0.5895803590112206,0.7609092287897823,0.6775994146984602,0.5908456258590556,0.7633818088811353
3.8333333333333295,0,0-ACCAD_Male2General_c3d_A6- Box lift_poses,113,0.6364704217994586,0.5802833437919617,0.8401403479652122,0.7000871089785724,0.021402711125081228,-0.03401800071933573,0.7129254795738331,0.16791632771492004,-0.02395421266555786,-0.2989443838596344,-0.03397934138774872,-0.001557174720801413,0.0,0.14113448560237885,0.05220485106110573,0.09485667943954468,0.03161308541893959,0.0012722329702228308,0.0,-0.0054831067100167274,0.040511611849069595,0.11766814440488815,-2.6214094161987305,0.6279855966567993,1.0100539922714233,-2.653569459915161,-0.6568025350570679,1.0196722745895386,0.6351868679468883,0.5743979345470361,0.9148980529027455,0.6480657460128378,0.5935122254902729,1.4331028757694857,0.5448189744535885,0.6580847531099646,0.04734249625926487,0.7366588620957535,0.6557685866700743,0.046758297137875354,0.49737172757112197,0.495022629617931,0.05505629205271481,0.7568673065982796,0.4877150394719288,0.06255779222186528,0.5105248488008269,0.562568066639501,0.44987193912253703,0.7556192209152083,0.574466263527327,0.4536951524857963,0.4856666530615571,0.6731714648608702,1.506181974852844,0.8207255424185889,0.6672338655373136,1.500726394649579,0.4879465008461912,0.6685639010373509,1.3219724830945223,0.8053922236237783,0.6670574211067651,1.317084290527818,0.5412723749609483,0.5839664474622627,1.1332684495757892,0.7416296474603761,0.5870018337138964,1.128803621819491,0.5483044638076621,0.5890127183108872,0.761009221393018,0.6771774028337704,0.5905935204705758,0.763449740277791
3.8666666666666627,0,0-ACCAD_Male2General_c3d_A6- Box lift_poses,114,0.6365147080505267,0.5799209475517273,0.8401982836799339,0.6997828972578429,0.021790157395929394,-0.034247495237161946,0.7132013704530161,0.16795146465301514,-0.024096589535474777,-0.2989232540130615,-0.034026168286800385,-0.0015607294626533985,0.0,0.1423521488904953,0.05223773419857025,0.09553345292806625,0.030467411503195763,0.001215884112752974,0.0,-0.005279429256916046,0.0405789390206337,0.11822455376386642,-2.624933958053589,0.6245750188827515,1.0145714282989502,-2.6574783325195312,-0.6539068222045898,1.024759292602539,0.6352509518519684,0.5739698865499341,0.91495112839653,0.6482370129398155,0.5929524768190803,1.4331573828903774,0.5447399011755462,0.6583238676665047,0.04749225898189646,0.7364519714360686,0.6557453873524804,0.04688880206414053,0.4974308629943024,0.4952149633156576,0.055064592032669835,0.7569105617469335,0.487708001955357,0.06253754614763744,0.5105432712980933,0.5624255812797158,0.44993888550835615,0.7556415700478942,0.5741390484431595,0.4537482382930883,0.48687034941700064,0.6722692033372444,1.5065965407666795,0.8199579928662448,0.6666023108153308,1.5011342675758914,0.48871676934748776,0.6674149095884244,1.322388531250783,0.8048766508214585,0.6661420944488698,1.3174717903869122,0.541381513871163,0.5833847052451322,1.133345793428616,0.74173438278396,0.5866333012811087,1.128833649569367,0.5483257217762121,0.5886457842907483,0.7610921309340061,0.677197270973325,0.5903618047738546,0.7635066397816993
3.899999999999996,0,0-ACCAD_Male2General_c3d_A6- Box lift_poses,115,0.636260673054494,0.5794156193733215,0.8400676302985862,0.6992219509582748,0.022137635118855574,-0.03436575183583994,0.7137349532636088,0.1679648905992508,-0.02434590831398964,-0.2989162802696228,-0.034065596759319305,-0.0015637706965208054,0.0,0.1435864120721817,0.05210396274924278,0.09626118093729019,0.029297513887286186,0.0011582059087231755,0.0,-0.005097448360174894,0.04066629335284233,0.11865727603435516,-2.6280457973480225,0.6215139627456665,1.0186102390289307,-2.6610031127929688,-0.6513073444366455,1.029326319694519,0.6350263404428118,0.5734145455686469,0.9148169683304015,0.6481551912496973,0.5923226482047347,1.433021842632522,0.5443190935358473,0.6581914785670784,0.047446189765840655,0.7359475165947076,0.6554764419742973,0.0468057204762702,0.49726321938885465,0.49500430025430986,0.054908732400832556,0.7567824038496659,0.48747471700934053,0.062340451947145305,0.5102748007010752,0.5619696029730561,0.4498281714488789,0.7553890796737148,0.573665878232927,0.4536062250902333,0.4876625888552526,0.6712185291636849,1.5067892674403298,0.8189781719798636,0.6660408620930154,1.5012893726406211,0.4890991038863612,0.6661258987189542,1.322584040196674,0.8041062662894941,0.6653056853486975,1.3176107126377252,0.5412166576849833,0.5826280970052937,1.133243933463484,0.7415619682070022,0.5862309841094507,1.1286656525251275,0.5480368567830414,0.5880535451713191,0.7609907089881848,0.6769056374714446,0.5900002347498121,0.7633698695666385
3.933333333333329,0,0-ACCAD_Male2General_c3d_A6- Box lift_poses,116,0.6360381093109027,0.5790026187896729,0.8399064593391136,0.6989746415099901,0.02225441477053381,-0.03434825399325546,0.7139743615822748,0.1679842472076416,-0.024678301066160202,-0.29892393946647644,-0.034110117703676224,-0.0015669937711209059,0.0,0.14472347497940063,0.051896218210458755,0.09701549261808395,0.028127018362283707,0.0011004493571817875,0.0,-0.004937902092933655,0.040758855640888214,0.1188822016119957,-2.6307969093322754,0.6188445091247559,1.0222077369689941,-2.664240837097168,-0.6490507125854492,1.0333741903305054,0.6348201877694151,0.5729907621442906,0.914655200109739,0.6480599983487789,0.5919649578737914,1.432854656823442,0.544136487927669,0.6578257918250985,0.04732203391689862,0.7356721534419999,0.6548773036588561,0.04666936106254214,0.49718707935462025,0.4946063223086164,0.05474886402126482,0.7567379454497379,0.48690054224653695,0.06216258643738083,0.5100835123977852,0.5615153644275943,0.4496817584409294,0.7552241284346493,0.5730130600965834,0.4534478138526336,0.48838056142557207,0.6706216416596917,1.5068776923991183,0.8181471398927076,0.665597749205387,1.5013739142100826,0.4894661300254389,0.6652622651292897,1.322677630433362,0.80346618622821,0.6646002539253305,1.3176811304464433,0.5410583182680422,0.5821487170166318,1.1331032415056423,0.7413993259314008,0.5859250980665937,1.1284767423328805,0.5477953508054787,0.5875900633568101,0.7608450718714662,0.6766625916399478,0.5896540920844541,0.7632016351696248
3.9666666666666623,0,0-ACCAD_Male2General_c3d_A6- Box lift_poses,117,0.636112853535451,0.5787160396575928,0.8399899058417991,0.6985678847832846,0.022422468669494763,-0.034383022165554604,0.714365418420388,0.1678323596715927,-0.024936290457844734,-0.2989995777606964,-0.03406360745429993,-0.0015650895657017827,0.0,0.1455443799495697,0.05179837346076965,0.09775398671627045,0.027013005688786507,0.0010457162279635668,0.0,-0.004733494017273188,0.04070304334163666,0.11907799541950226,-2.633221387863159,0.6166148781776428,1.0254085063934326,-2.6671764850616455,-0.647081196308136,1.03695809841156,0.634912697707419,0.5726821908787044,0.9147371619446284,0.6481611044831043,0.5916379509885427,1.4329366810902449,0.5441690208467146,0.6577455633838323,0.047452786888677656,0.7355980066968886,0.6547585849454862,0.04680789005230043,0.4973890297349176,0.4944743876796208,0.054811836810013836,0.7569707995405808,0.48681048220070194,0.06219094925676377,0.5101809870706886,0.5612421376464336,0.4497719561124115,0.7553354391252929,0.5726871136324659,0.4535299761944711,0.4891023486933884,0.669976311613107,1.507172352691112,0.817552272502108,0.6652524310189368,1.5017173593525552,0.4899265844786382,0.6644106677547215,1.3229770529465745,0.8030646965901792,0.6640579198308817,1.318010398430042,0.5411516410821197,0.581701506016342,1.1331920048845818,0.7414870780174325,0.5857469580510302,1.1285517542693362,0.5478489040063718,0.5872211183762661,0.7609440955395655,0.6767135612528401,0.5894553421703342,0.7632807665072423
3.9999999999999956,0,0-ACCAD_Male2General_c3d_A6- Box lift_poses,118,0.6360146250808612,0.578199565410614,0.8400099330024436,0.6986316942889206,0.02251670524511179,-0.03442966897498236,0.7142978031704773,0.16742374002933502,-0.02503086067736149,-0.2991742789745331,-0.0339629091322422,-0.00156009488273412,0.0,0.14606840908527374,0.05187864601612091,0.09845387190580368,0.025971952825784683,0.0009948641527444124,0.0,-0.00441854540258646,0.04037032648921013,0.1192631945014,-2.6353864669799805,0.6147996783256531,1.0282690525054932,-2.669806480407715,-0.6452578902244568,1.0401347875595093,0.6348191213490745,0.572150977283427,0.9147560723843203,0.6479049706771438,0.5911035723711023,1.4329589815347168,0.5440692623787361,0.657653125083083,0.04751671743769367,0.7353840623551342,0.6543946523563589,0.046900112127378865,0.49723113283822756,0.49439491579568107,0.05479316721883101,0.7568420438813891,0.486445017870273,0.062147253000637906,0.510060672746029,0.5609524981442848,0.44978731784170045,0.7552429657135271,0.5720319662824497,0.4535521623268537,0.48940186077147046,0.6693224513961032,1.5073232032466204,0.8167065987462003,0.6645146565796117,1.5020287777200787,0.49007735274462666,0.6635669052537352,1.323133134015499,0.8024670873182462,0.6631550866720075,1.3183035696289525,0.5409816798739784,0.581160151765907,1.13318378679676,0.7413179786947546,0.5852277545152305,1.1286004602028568,0.5477463453005561,0.5867262832264651,0.7609735042996749,0.6766111166493711,0.5889599288007256,0.7632989653687577
4.033333333333329,0,0-ACCAD_Male2General_c3d_A6- Box lift_poses,119,0.6362327184760943,0.5776374340057373,0.8401628785209373,0.6981433169462841,0.022777819084861525,-0.03447950909245545,0.7147644670894888,0.1668693870306015,-0.025068333372473717,-0.2994156777858734,-0.03383588418364525,-0.0015535462880507112,0.0,0.14631877839565277,0.05210050940513611,0.09912294894456863,0.02504550851881504,0.0009501490276306868,0.0,-0.004037993494421244,0.039929769933223724,0.11943679302930832,-2.6373636722564697,0.61324143409729,1.0308213233947754,-2.672149419784546,-0.6434770226478577,1.0429579019546509,0.6350640890073691,0.5715553974891348,0.9149067286825094,0.6479833899415206,0.5904015566032735,1.4331166805304911,0.5439830451040912,0.6576423432459354,0.04775410101790211,0.7351366820949485,0.654463111895988,0.04713551724285955,0.49733142161000915,0.49432510488012577,0.05490292455270232,0.7569429277136003,0.4865397960466956,0.06217704795611537,0.510196675553753,0.560554373278379,0.44995080553592715,0.7553697376027976,0.5716856064228795,0.4536802642947286,0.48983381044982094,0.6682198782745482,1.5076215968018862,0.8160881055240856,0.6638917926702174,1.5024599743513372,0.4903893693429184,0.6623501577259235,1.3234347298999125,0.8020938066816238,0.6624046291100542,1.318716914214032,0.5411446027242156,0.580351436748684,1.1333149164487337,0.7414746628660964,0.584763412091621,1.128777695148897,0.5479334926322498,0.586063454248718,0.7611532176878509,0.6767952395663825,0.5884921252598398,0.7634460097871973
4.066666666666662,0,0-ACCAD_Male2General_c3d_A6- Box lift_poses,120,0.6362688388908282,0.5771560668945312,0.8403573088721946,0.697999533609282,0.022866806461068197,-0.03455148506149218,0.7148985628210077,0.1662893444299698,-0.02512330189347267,-0.29969385266304016,-0.03367592394351959,-0.0015450690407305956,0.0,0.1464727371931076,0.052442461252212524,0.09975796937942505,0.0242613535374403,0.0009130598627962172,0.0,-0.00362460408359766,0.03959262743592262,0.11951455473899841,-2.639233350753784,0.6118497252464294,1.0330721139907837,-2.674208879470825,-0.6417699456214905,1.0454955101013184,0.6351034178833623,0.5710567928057185,0.9150998044785422,0.6478076186691301,0.5898380763862154,1.4333167388994568,0.5439880093486191,0.6576487199940261,0.04799402170073294,0.7348932463768002,0.6543694524995578,0.04741603119888993,0.49735654253758405,0.49432116023998296,0.0550377797772717,0.7568801655285479,0.4864554818104992,0.062298028163290844,0.510228941572985,0.5602904259258036,0.4501285542511353,0.7553666126830573,0.5712600573913763,0.45387719612444627,0.4900254778820055,0.6673821505472926,1.5079239088956031,0.8152934258182811,0.6632963426872052,1.502924631025896,0.49049701417048713,0.6614185781553102,1.3237398225525576,0.8015665750545562,0.6616803245872557,1.3191624851476462,0.5410848204850182,0.5797485814486155,1.133474988055203,0.7414129914986979,0.5843178941447231,1.1290106650607172,0.547965752128853,0.5855504404431242,0.7613517198329302,0.6768261542851318,0.5880478635698669,0.76364219533331
4.099999999999995,0,0-ACCAD_Male2General_c3d_A6- Box lift_poses,121,0.6361712064826861,0.5767480134963989,0.8402433447913841,0.6980323109870724,0.022794968487578567,-0.034673238970770265,0.7148629580059197,0.165851429104805,-0.025024566799402237,-0.3000291585922241,-0.03358941152691841,-0.0015405332669615746,0.0,0.14658935368061066,0.05293300747871399,0.10034380108118057,0.02355784922838211,0.0008801539661362767,0.0,-0.0032264890614897013,0.03934326767921448,0.11950235813856125,-2.6409242153167725,0.6105649471282959,1.0351084470748901,-2.676039695739746,-0.6402085423469543,1.0477951765060425,0.6349850421035623,0.570643277690416,0.914985068178023,0.6473895262776337,0.5893829361479648,1.4332103670145353,0.5440283260130719,0.6575815454103029,0.047881955502825015,0.7346786556849819,0.6541746238423536,0.04740196274682266,0.49732663768248964,0.49427078540399233,0.054849593067621626,0.7567546931854294,0.4862615186535833,0.06216128773625941,0.510185156672648,0.5600607501698375,0.4499705153793078,0.7552932155043763,0.5708033010022668,0.45379894617089406,0.48996666612528983,0.6667530391191188,1.507870707729634,0.8143255118891848,0.6627530390453021,1.5030881283845967,0.4903959081155389,0.6606948463134559,1.3236896059428023,0.800884938750825,0.6610116112417932,1.3193059675879468,0.5408341889005983,0.5792905153266892,1.1333091629020433,0.7411635449609777,0.583914130000664,1.1289552924652533,0.5478904940182291,0.5851468446652047,0.7612155809822151,0.6767502432425319,0.5876441084290784,0.763539759243926
4.133333333333328,0,0-ACCAD_Male2General_c3d_A6- Box lift_poses,122,0.6365138735854998,0.5762209296226501,0.8404201321677879,0.6972271159718062,0.02292596061483315,-0.03477734755839567,0.7156390746600741,0.1655893325805664,-0.024654684588313103,-0.30045121908187866,-0.03364633396267891,-0.001543804886750877,0.0,0.14666219055652618,0.053568363189697266,0.10087782889604568,0.02285955473780632,0.000847231422085315,0.0,-0.00286503741517663,0.039018671959638596,0.1194840744137764,-2.6423404216766357,0.6093830466270447,1.037014365196228,-2.677683115005493,-0.6388137936592102,1.0498980283737183,0.6353377241106203,0.5700900350887224,0.9151598726317913,0.6474730106683875,0.5886872443204013,1.4333961591560462,0.5439816147124177,0.6572930491853508,0.04809690033855038,0.7344491121748764,0.6543062612292532,0.04768115220378831,0.49758584693336494,0.4938913570664848,0.054975835204031404,0.7570076786723766,0.48644185603598555,0.0622637633104568,0.5104599187188333,0.5594526523120976,0.45013440262499504,0.7555485737180956,0.5706107735808413,0.45398320625924116,0.49020450066441107,0.6655659372153575,1.5081291245344293,0.813752930978253,0.6623534441949396,1.503518183058065,0.49059109940012086,0.6594382648074073,1.3239502267843164,0.8005557037007672,0.6605093938275898,1.3197193885174119,0.5410643569597986,0.5784212240537404,1.1334487698466873,0.741382886752416,0.5835616159449949,1.1291770145952056,0.5482185992630964,0.5844404146091212,0.7613911843580117,0.677072120571418,0.5872338073179342,0.7637218732855678
4.166666666666662,0,0-ACCAD_Male2General_c3d_A6- Box lift_poses,123,0.6366571631515399,0.576012372970581,0.8404341988639549,0.6971128374162341,0.02273911757892406,-0.034924884523660514,0.7157491717649612,0.16554465889930725,-0.024189265444874763,-0.3009234368801117,-0.03375677764415741,-0.0015499170403927565,0.0,0.14689496159553528,0.05434197932481766,0.10135410726070404,0.022283749654889107,0.0008207511273212731,0.0,-0.002514466643333435,0.03876902163028717,0.11940477043390274,-2.643555164337158,0.6082320213317871,1.0387766361236572,-2.6791179180145264,-0.6376211047172546,1.0518410205841064,0.6354465010355985,0.5698849947784438,0.915173676609866,0.6471655996583828,0.5884732748845898,1.4334195646950112,0.5441842257346169,0.6570790930049248,0.04806654022559063,0.7344318245954028,0.6541169859746506,0.04779228336336682,0.4977674773410335,0.4936825747957418,0.05492681031377469,0.7571351659676488,0.4862669945635735,0.0623160113226956,0.5106464903073771,0.559200284211474,0.4500927159271135,0.7557237006027457,0.5703225181667205,0.4540611605473759,0.49016356607054373,0.6652310629857857,1.5081285779039766,0.8129735287738771,0.6621629389003416,1.503801472257707,0.4905626597721076,0.6589681133266041,1.323954257245661,0.8000556058240068,0.6601839633449408,1.3199842393153618,0.5409918169854532,0.5781492285736767,1.1333909476426014,0.7413102911332207,0.5834148805936958,1.1292718793117498,0.5483979070846201,0.5842004035223852,0.7613620036272352,0.6772492751634761,0.5870391478342618,0.7637547147766097
4.199999999999995,0,0-ACCAD_Male2General_c3d_A6- Box lift_poses,124,0.6367431726539508,0.5757839679718018,0.8403179698066429,0.69681423898085,0.02267600802035789,-0.03509751961059313,0.7160334343667086,0.16557009518146515,-0.02362297847867012,-0.3014635443687439,-0.033906787633895874,-0.001558105694130063,0.0,0.14718295633792877,0.05509967356920242,0.10181119292974472,0.021871207281947136,0.0008029461605474353,0.0,-0.0021815455984324217,0.03858477622270584,0.11949256807565689,-2.644512891769409,0.6070952415466309,1.0404493808746338,-2.6803367137908936,-0.6366452574729919,1.053645372390747,0.6355102219263967,0.5696441735553485,0.9150560642232596,0.6469013679307801,0.5882138678708374,1.433309494111329,0.5441296069363221,0.6569236086714235,0.04793049767086952,0.7342391819285231,0.6540236437731504,0.047757671103572236,0.49776770709095947,0.4935099632003006,0.054753599353148254,0.7571717539563946,0.4861998743477848,0.06222416881546558,0.5107069656678236,0.5589218027302142,0.44993543750510046,0.7557996573465595,0.5701467932795738,0.4539935410858861,0.49013140456867654,0.6648397347168588,1.5080049866710685,0.8122848261209905,0.6620450827698732,1.503901185712819,0.4905125872828361,0.6584198768038759,1.3238360307412387,0.7995836636411875,0.6599243883211136,1.3200704284090294,0.5409127366288485,0.5777892419755927,1.1332188972586825,0.7412274793871794,0.5832815251192578,1.129215953400274,0.5485061329424965,0.5839131072240958,0.7612147737333351,0.6773541081088476,0.5868625936984521,0.7636545154025638
4.233333333333328,0,0-ACCAD_Male2General_c3d_A6- Box lift_poses,125,0.6367934789741412,0.5756668448448181,0.8402839951591209,0.6966809290135819,0.022582024823978954,-0.03536421069208696,0.7161529919687185,0.1657385379076004,-0.022974494844675064,-0.30205708742141724,-0.03404557332396507,-0.0015655684983357787,0.0,0.14742539823055267,0.05580252408981323,0.10225177556276321,0.021576983854174614,0.0007913181907497346,0.0,-0.0018879222916439176,0.03852575272321701,0.11979082226753235,-2.6452507972717285,0.6059508919715881,1.0420302152633667,-2.681363582611084,-0.6358584761619568,1.0553152561187744,0.6355236709966826,0.569508047145449,0.9150199088726672,0.6465832412402905,0.588118500073328,1.4332785160477954,0.5441484163850764,0.6568953795910818,0.04785609634353648,0.7342119853106478,0.654061271495275,0.04781878859950309,0.4977557063701722,0.49348919852525885,0.05464847788144407,0.7572880440480936,0.4862524182525435,0.062230044148737694,0.5107615861612447,0.5588116332439504,0.4498432473292444,0.7559092155892649,0.5700820531427675,0.454025025410215,0.4900801012392602,0.664758627007142,1.5079281167884675,0.811638956696976,0.6620484106781607,1.5040575387052901,0.49044308929098557,0.6581378329644224,1.3237662381868245,0.7991340729622333,0.6597664751034242,1.3202152561449894,0.5407849606665289,0.5776110371436358,1.1331236457556297,0.7410986027566033,0.5832298071021842,1.1292430379730078,0.5485948082217109,0.5837899578399435,0.7611365008674063,0.6774404390896606,0.5867843383879074,0.7636440710945632
4.266666666666661,0,0-ACCAD_Male2General_c3d_A6- Box lift_poses,126,0.6367575373733416,0.5753825902938843,0.8401758723334983,0.6963323742128682,0.022486916369341435,-0.03566323989784715,0.7164800740671418,0.1661183089017868,-0.0222063809633255,-0.3026960790157318,-0.034234605729579926,-0.001575707457959652,0.0,0.14770443737506866,0.05657535791397095,0.10263516008853912,0.02137800306081772,0.0007845843792892992,0.0,-0.0015830590855330229,0.03851817175745964,0.1201232373714447,-2.645897150039673,0.6048012971878052,1.0434802770614624,-2.6822609901428223,-0.635187029838562,1.0568325519561768,0.63544923122269,0.5692010349997333,0.9149092431203264,0.6461562792264847,0.5878573981920562,1.4331730962526705,0.5440187936606165,0.656545955406138,0.0476911052835491,0.7340650934316051,0.6539598191964728,0.047805639346893164,0.49768666625238395,0.49312220434267595,0.054474287293112635,0.7573764770843101,0.48618022293749424,0.06217875561896642,0.5107355063974994,0.5584118873742963,0.44967350109451676,0.7559414222041486,0.5699295359351547,0.4539910132782223,0.4898750246164237,0.66442404834161,1.5077666409871542,0.810873726028981,0.6619969665699151,1.5041307837745905,0.4902231606763191,0.65761066147663,1.323611758442922,0.7985568311037172,0.6595550446104942,1.320277866145546,0.540561622133921,0.5772037545131679,1.1329516823269525,0.7408705400416099,0.583071574112383,1.1291978842767383,0.5485979493125479,0.5834555681940511,0.7609776873865505,0.6774392796862281,0.586567151618352,0.7635627918933904
4.2999999999999945,0,0-ACCAD_Male2General_c3d_A6- Box lift_poses,127,0.6370061483466998,0.5756295919418335,0.8401625208930686,0.695978113096847,0.022337696407581695,-0.035846813696450396,0.7168197118921654,0.1665640026330948,-0.02132440358400345,-0.30338573455810547,-0.03442923724651337,-0.0015860620187595487,0.0,0.14804674685001373,0.05752783268690109,0.10293499380350113,0.021295318379998207,0.000783911207690835,0.0,-0.0012060898588970304,0.03847265988588333,0.12036961317062378,-2.646559476852417,0.6037029027938843,1.0447770357131958,-2.6830546855926514,-0.6345916986465454,1.0582107305526733,0.6356656738486339,0.5694432543724104,0.9148949258831208,0.6460379270582827,0.5882249584683087,1.433160620997656,0.5440330608012016,0.6564880319826867,0.04760198964717964,0.7340203684285774,0.6541104991456516,0.04784844165246843,0.49776043568143047,0.4930494884303051,0.05443475233890186,0.7575647834186959,0.4863659296279872,0.062250522061441695,0.5109308238202016,0.5584265044753146,0.4496159538814892,0.7561752162139731,0.5702034113045229,0.4540441174793606,0.48996293568747684,0.6646788022349149,1.5076946959627517,0.8104359274745021,0.6626064729043181,1.5042690770655909,0.49029251578392874,0.657676215755636,1.3235468766334741,0.7982919136518839,0.6599841338980295,1.3204071438913194,0.5406359592945305,0.577368694306432,1.1328787603572463,0.7409390402869585,0.5835038041055189,1.129242681054765,0.5488789404086812,0.5836326165408963,0.7609188195797486,0.6777159493132876,0.5868654246445572,0.7635701595488706
4.333333333333328,0,0-ACCAD_Male2General_c3d_A6- Box lift_poses,128,0.6370054926956072,0.5753328204154968,0.8401966147498802,0.6959442215461263,0.02220984807140491,-0.03633177857698296,0.7168321735320161,0.16685886681079865,-0.020351674407720566,-0.3041350543498993,-0.03454786166548729,-0.0015921267913654447,0.0,0.14821672439575195,0.05858656018972397,0.10317195951938629,0.021283555775880814,0.0007867963286116719,0.0,-0.0007365495548583567,0.03838136047124863,0.12070927768945694,-2.647228717803955,0.6026661396026611,1.0459424257278442,-2.683706283569336,-0.6340082287788391,1.0594849586486816,0.6356008690417617,0.5691077299306467,0.9149246234269919,0.6454407316967901,0.5878121732289143,1.4332028436444353,0.544080927634119,0.6564216878024249,0.04756660393009422,0.7340047659815343,0.654091232449121,0.04801681240476707,0.49770670926073474,0.4930098647614554,0.054349520757281757,0.7576155696449343,0.4863508696080752,0.06235907946135933,0.5109712453638326,0.5582451826766421,0.449551257511795,0.7562574139660495,0.5700560126120772,0.4541809510199691,0.48958954046396436,0.6642255940096068,1.5076440735547019,0.8095543676663464,0.662299971513498,1.5045462314228202,0.48997525754275495,0.6571298695043972,1.3234999286023048,0.7976579088793201,0.6595714878925881,1.3206696590988094,0.540345026978466,0.5769549587570023,1.1328136912880964,0.7406485471621094,0.5831911189471493,1.1293793051531973,0.548946091009865,0.5833811565454736,0.7608805716403293,0.6777807360675195,0.5866139805981083,0.7636448974430573
4.366666666666661,0,0-ACCAD_Male2General_c3d_A6- Box lift_poses,129,0.6373339142883196,0.5753405690193176,0.8401701502875999,0.6958154137894782,0.022106615231171974,-0.03651349661391562,0.7169511643487468,0.16706043481826782,-0.019345993176102638,-0.3049291670322418,-0.03470783680677414,-0.0016003980999812484,0.0,0.14827969670295715,0.05960812419652939,0.10337591171264648,0.021328967064619064,0.0007924905512481928,0.0,-0.00019069619884248823,0.03819648176431656,0.12094384431838989,-2.6479411125183105,0.6017143726348877,1.0469707250595093,-2.684297800064087,-0.6333745718002319,1.0606197118759155,0.6359003207544925,0.5691064913888646,0.9148968596068069,0.6453782031147283,0.5878890073661562,1.4331783553255646,0.5440602556552374,0.6563894556196259,0.047490408403962334,0.7339656861800832,0.6541394694964537,0.048050801909764594,0.49763021066067914,0.4929941524296792,0.05428936547609537,0.7576934371979794,0.4864147881920925,0.06238346087393415,0.511159151711398,0.5581980673708713,0.44948768739794687,0.7565040539466419,0.5701261326273511,0.45420430170691817,0.48972616153384396,0.6641818796229388,1.5075629630063472,0.8091844273413097,0.6625614231000286,1.5046740377394,0.49011507625649947,0.6569733640683786,1.3234232056126591,0.7974844945963583,0.6596818657387361,1.3207871596666707,0.5404879907786131,0.5769030978940993,1.1327220652285748,0.7407882258048786,0.583312554007192,1.129417580282755,0.5493046549372254,0.5833734916481059,0.7608180091915527,0.6781371439630163,0.5866456712582212,0.7636365671768768
4.399999999999994,0,0-ACCAD_Male2General_c3d_A6- Box lift_poses,130,0.6372762169921771,0.5752536058425903,0.8401404671745017,0.6957656511242922,0.02191574131392725,-0.03686660468624602,0.7169872470673092,0.16720977425575256,-0.018367301672697067,-0.305745393037796,-0.03490982577204704,-0.001610916806384921,0.0,0.1481744349002838,0.060589052736759186,0.10354911535978317,0.02136669121682644,0.0007974209147505462,0.0,0.00041225060704164207,0.03801187127828598,0.12114816904067993,-2.6486525535583496,0.6008842587471008,1.0478988885879517,-2.68483567237854,-0.632750391960144,1.0616161823272705,0.6357856354648537,0.5690014400284104,0.9148645502357371,0.6447192162838692,0.5877787839713978,1.4331553013966785,0.5439750925926369,0.6564359111583536,0.047397565904319934,0.7338627451763559,0.6542891622913978,0.0481373439021812,0.4974431653586994,0.4930680012711214,0.054158169943359466,0.7576559358126422,0.4865693794851185,0.0624187491117479,0.5110997621714999,0.5581497754540182,0.4493726990976543,0.7565070686847465,0.570168989011855,0.4542633456343505,0.4892159994872843,0.6639427210987542,1.5074398636638666,0.8082062350627327,0.662586376939558,1.504869396377161,0.48968898483600637,0.6566716658406514,1.323302761904168,0.7967705108262124,0.6596028941426559,1.3209675550439244,0.5401403204989778,0.5767305952263856,1.1325927934360924,0.7404393840967384,0.5832765055478327,1.1294910068664146,0.5493072686109062,0.5833012230515657,0.7607221557132753,0.6781374201651384,0.5865782244195752,0.7636412286482547
4.433333333333327,0,0-ACCAD_Male2General_c3d_A6- Box lift_poses,131,0.6375261988723651,0.575299084186554,0.840240722187014,0.6959376919893527,0.021644749864850477,-0.03718228130090316,0.7168121871376639,0.1674509197473526,-0.017430080100893974,-0.3065611720085144,-0.03514320030808449,-0.0016231007175520062,0.0,0.14799095690250397,0.06172775849699974,0.1036447063088417,0.021402332931756973,0.0008019116939976811,0.0,0.0010799320880323648,0.037738099694252014,0.12124516814947128,-2.649369955062866,0.600239634513855,1.048737645149231,-2.685335636138916,-0.6321346759796143,1.0624887943267822,0.6359719992912484,0.5690416677395491,0.9149630696010962,0.6443019424280785,0.5878326402607674,1.4332627944542606,0.5443097284462096,0.6564943755974837,0.04741592276524463,0.7340366830465033,0.6544363865986901,0.048353777671663434,0.4975738342778229,0.49318441325415774,0.05416961773191245,0.7577841386600307,0.4867067357525437,0.06259535689987306,0.5113628890489265,0.5582221681162508,0.4493873327012622,0.7567832364470641,0.5702294654205621,0.4544565529310144,0.48892085876612174,0.6639279066968369,1.5074245149470715,0.8075023837337393,0.662677044046989,1.5052092755794793,0.4895242201619424,0.6566076635335263,1.3232897431107227,0.7963546213656396,0.6596030752061957,1.3212912440710969,0.540066800108954,0.5767656351506159,1.1325815918271365,0.7403684807489705,0.5833354970366105,1.1297078229457183,0.5496254817821095,0.5834052263637572,0.7607515477792721,0.6784552176764181,0.5866038841995451,0.7637757216051998
4.466666666666661,0,0-ACCAD_Male2General_c3d_A6- Box lift_poses,132,0.6374808993423358,0.5753942728042603,0.8403799586372093,0.6960469725110665,0.02146464350594714,-0.037384109752279765,0.7167009902849102,0.1678285300731659,-0.01647893898189068,-0.30738863348960876,-0.03548755496740341,-0.0016413629055023193,0.0,0.14786526560783386,0.06271801143884659,0.1037340834736824,0.021498965099453926,0.0008094626828096807,0.0,0.0017656481359153986,0.03740502521395683,0.12107452005147934,-2.6501362323760986,0.5997442007064819,1.0494587421417236,-2.6858484745025635,-0.6315349340438843,1.0632286071777344,0.6358852945688951,0.5691342285129519,0.9151012132497881,0.6437246347090835,0.5878154981877726,1.4334122692033033,0.544115068308739,0.6564980804391354,0.04749835286876508,0.7337801515832573,0.6545629908906823,0.04856633791437974,0.4972060626271271,0.49323839962655774,0.054267533538370154,0.7575119422539879,0.48682970294469907,0.06279118330512155,0.5112192373365865,0.5582611208473731,0.44948064652402164,0.7566936115520801,0.5703350943719385,0.454656160783626,0.48842226222648044,0.6637457887456704,1.5075091009058899,0.8066421742973305,0.6626830633430073,1.5055714048561324,0.4891349616544785,0.6564533454123983,1.3233736167266463,0.7957411680563725,0.6595856403199153,1.3216389764001402,0.5397665542563513,0.5767780365840134,1.1326340767431138,0.7400686547540909,0.5834125096484346,1.1299438716671188,0.5496244829244529,0.583542487110302,0.7608440881777873,0.6784540000118549,0.5866855045361227,0.763937186732744
4.499999999999994,0,0-ACCAD_Male2General_c3d_A6- Box lift_poses,133,0.6379685249412432,0.5758800506591797,0.8404635243491844,0.6960545935223226,0.021259321517990207,-0.037416133760811224,0.7166980375440288,0.16827793419361115,-0.015463653020560741,-0.3082369267940521,-0.03585593029856682,-0.0016609096201136708,0.0,0.14776739478111267,0.06361767649650574,0.10380219668149948,0.021579859778285027,0.000815845443867147,0.0,0.0025101639330387115,0.03688729181885719,0.12074993550777435,-2.650928020477295,0.5993845462799072,1.0500775575637817,-2.686349630355835,-0.6308959126472473,1.0638697147369385,0.6363474512765537,0.5696379929536862,0.9151857354766325,0.6436848465534188,0.5882726823796658,1.4335054683692032,0.5442412939890398,0.6565981899850633,0.04751597425484418,0.73394329743107,0.6548742062122384,0.048680806895591316,0.4972073472447921,0.49337784235465,0.05436622775864414,0.7577061187994405,0.48714783259509026,0.0629353470093858,0.511522760426372,0.5585205956266874,0.44954960511269104,0.7570876666324321,0.5707501951958686,0.45477972880608775,0.4883935317427261,0.6639574127475858,1.5075312910994076,0.8062780543039393,0.663215618447049,1.5058671714334677,0.4892355278220156,0.6566974620693611,1.3233950687993934,0.7956329044811641,0.6600836405429783,1.321920342964404,0.5400063716561426,0.5771919823292667,1.132632370470674,0.7403063819642783,0.5839594763558384,1.1301240253666127,0.5501389779434117,0.5840231504519643,0.7608950344568054,0.6789678995122077,0.587149192652376,0.7640320650203929
4.533333333333327,0,0-ACCAD_Male2General_c3d_A6- Box lift_poses,134,0.6377827372634783,0.5757578611373901,0.8403775744514183,0.6962517964609618,0.020951667060568342,-0.037601248358247435,0.7165058336776945,0.16878269612789154,-0.01474891696125269,-0.30901479721069336,-0.03623535484075546,-0.0016810395754873753,0.0,0.14752672612667084,0.06435242295265198,0.10387097299098969,0.02160601317882538,0.0008189156651496887,0.0,0.003200645325705409,0.036602411419153214,0.12052543461322784,-2.651662588119507,0.5989653468132019,1.0506517887115479,-2.686788320541382,-0.6302446126937866,1.0644688606262207,0.6361075455068131,0.569528488692587,0.915099650516811,0.6429090560128147,0.5881267307614096,1.4334278830848817,0.5442077886623576,0.6561785505316841,0.047343193449477024,0.7338478234534519,0.6547126166871788,0.04867643368701524,0.496961578626543,0.4930213381840105,0.054236646589075996,0.7575399583911296,0.4869756423398765,0.06292389587883442,0.5113561576187563,0.558258980508195,0.44940238480882533,0.7569766211332735,0.5705634031737264,0.45477133865056646,0.487685320960714,0.6636736349720682,1.5073604248014558,0.8052088037561714,0.6630661094331087,1.5060025854907069,0.4886607281132935,0.6564375762310345,1.3232239204386567,0.7948403821549844,0.6598981541261154,1.322040567408601,0.5395352100848283,0.5770562069133303,1.132449610464621,0.7398371036675251,0.5838399974655882,1.1301438539880848,0.5500114026309155,0.5839520599452404,0.760747387560705,0.6788404472381797,0.5869851645346016,0.7639724662667923
4.56666666666666,0,0-ACCAD_Male2General_c3d_A6- Box lift_poses,135,0.6378743496024981,0.5759474039077759,0.8404810481147483,0.6966391257258873,0.020758471740043475,-0.0377898311721715,0.7161249493062424,0.16933029890060425,-0.014210102148354053,-0.30974259972572327,-0.03662162274122238,-0.0017015357734635472,0.0,0.14732089638710022,0.06498736888170242,0.10391972959041595,0.021671082824468613,0.000823862268589437,0.0,0.003857824020087719,0.03636743500828743,0.12025555223226547,-2.652346611022949,0.5985257625579834,1.0511839389801025,-2.687220573425293,-0.6295678019523621,1.0650075674057007,0.6361553172885086,0.569718893227248,0.9152022002913979,0.6425552885962262,0.5881648570366094,1.4335410187227926,0.5444683565343634,0.656231086294706,0.047392182150124994,0.733996135984726,0.6549116753192906,0.048849420800425467,0.49692936257498815,0.4931598096539628,0.054306138187640386,0.757525235017145,0.4871496023768742,0.06307152967309324,0.5114346866295726,0.5584304999051607,0.4494632757211714,0.7570940818462266,0.5706839327911429,0.4549303129034003,0.4874652921424978,0.6636553540635459,1.5074292279785548,0.8046098811139503,0.6629870824939186,1.506306364246081,0.48852229649329576,0.6564802753775127,1.3232907876902225,0.7944787718529888,0.6598377896782263,1.322330803955939,0.5394091783930013,0.5772265490747884,1.1324797915968696,0.7397159986753415,0.5839157182687452,1.1303309165719184,0.550151192369954,0.5842535347257316,0.760806411415653,0.6789823680653041,0.5871251011431519,0.7640967362730267
4.599999999999993,0,0-ACCAD_Male2General_c3d_A6- Box lift_poses,136,0.6381675448501483,0.5762931704521179,0.8405739121513084,0.6967555468160828,0.020593203750491163,-0.03786447776704026,0.7160125063598691,0.16989758610725403,-0.013743731193244457,-0.31043750047683716,-0.0369281992316246,-0.0017176290275529027,0.0,0.1472034454345703,0.06561359018087387,0.10392532497644424,0.021837962791323662,0.0008341737557202578,0.0,0.004510863684117794,0.03600434958934784,0.11987034231424332,-2.652958393096924,0.5982004404067993,1.0516812801361084,-2.68768572807312,-0.6289410591125488,1.0654666423797607,0.6364219508281316,0.5700741901669397,0.9152952423437164,0.6424241019586853,0.5883774431598736,1.433643887188024,0.5447768419411252,0.6562227352241086,0.04742690231266335,0.7341641343320875,0.6551381410428183,0.04896928916163031,0.49707532266307114,0.4932016479231588,0.05440473534173308,0.7576540508811872,0.4873728180214879,0.06321780529717881,0.5116845380382612,0.558607193869048,0.44953645834604145,0.7573519254303872,0.5709803654630625,0.45506063320110207,0.48737396011563977,0.663706562119676,1.507487345498382,0.804195520086094,0.6631772731477602,1.506592868093023,0.48852763322934323,0.656587765303561,1.3233473010365495,0.7942894015686618,0.6600577758082173,1.322604548473447,0.5395008823303713,0.5774894093962171,1.1325045661225188,0.7398073517526387,0.5842347627097373,1.130503712239294,0.5504729457954133,0.5846336208270189,0.7608683429329338,0.6793044146558384,0.5874448565745143,0.7642019111466523
4.633333333333327,0,0-ACCAD_Male2General_c3d_A6- Box lift_poses,137,0.6378970589721575,0.5762671232223511,0.8405805878715232,0.6971566301526664,0.020299611080433815,-0.03802070926317599,0.7156220961452257,0.17034123837947845,-0.013509848155081272,-0.3110671043395996,-0.03718631714582443,-0.0017310589319095016,0.0,0.14704297482967377,0.06611005961894989,0.10392411798238754,0.022084787487983704,0.0008486578590236604,0.0,0.0051003387197852135,0.035740647464990616,0.11955185234546661,-2.6534571647644043,0.5979342460632324,1.0521442890167236,-2.688143730163574,-0.6284565329551697,1.0658661127090454,0.636100128075115,0.570063053005238,0.9153019405900895,0.6416399852647018,0.588282980954742,1.4336587372633975,0.544942743997399,0.6559482701107432,0.047355634121088314,0.7341303024272241,0.6548776617980852,0.04901673715968143,0.49695132771334194,0.4930138530206909,0.05436988323095096,0.7574367860549364,0.48709108151222785,0.06331608318978871,0.5115226490681688,0.5585318593942977,0.4494849675569482,0.7571751043844983,0.5708055561865485,0.455135462416727,0.486659947280265,0.6636220587260849,1.5074137410355606,0.8032285410022989,0.6629148384781586,1.5068047339175787,0.4879431171016072,0.6565243035448198,1.3232737411692508,0.7935526348024887,0.6598238979309059,1.3228036819371243,0.5389792578885721,0.5774973676447627,1.1324261448869721,0.7392913412034187,0.5841259178310862,1.1306050187262278,0.5502590020232931,0.5847054366107709,0.7608207288366272,0.6790919613123388,0.5873544261316062,0.764231287687864
4.66666666666666,0,0-ACCAD_Male2General_c3d_A6- Box lift_poses,138,0.6381165828788653,0.5767328143119812,0.8407107644157127,0.6975481906635808,0.020252335526490625,-0.03807615532443959,0.7152388209566063,0.1706065982580185,-0.013271775096654892,-0.3116829991340637,-0.037346143275499344,-0.0017390779685229063,0.0,0.14686369895935059,0.06651456654071808,0.10390882194042206,0.02242620475590229,0.0008681465405970812,0.0,0.005677815992385149,0.03535568714141846,0.11920765787363052,-2.6538939476013184,0.5978304743766785,1.0525356531143188,-2.6886000633239746,-0.6281366944313049,1.0662188529968262,0.6363053783783048,0.570528735645377,0.9154317718109274,0.6415709067765514,0.5885465500355378,1.4337984216469688,0.5451885975538544,0.6564079814402062,0.0474717262647096,0.7342579064716209,0.6552522766560996,0.049146270684812296,0.4969215097039602,0.49355572818444665,0.05450250431643043,0.7573908162968201,0.4874434999242365,0.06346698766319414,0.5116591565390947,0.5590755963383651,0.4496114655925162,0.7573203099402069,0.5712154004174546,0.45527330297939034,0.4866314129629951,0.6638724225523865,1.5075347809580268,0.8030577189372836,0.6629823356858352,1.5070944661249965,0.4879998710234549,0.6568447792898372,1.323392706035213,0.7935174999575194,0.6599732793888905,1.323084971787916,0.5390607190638502,0.5779295707986523,1.132508577349687,0.7393774011708852,0.5844466138497766,1.1307939580045105,0.5504956723881348,0.5852763141720357,0.7609418162279049,0.6793313713813798,0.5877723304380301,0.7643661549177448
4.699999999999993,0,0-ACCAD_Male2General_c3d_A6- Box lift_poses,139,0.6380646672332659,0.5766111016273499,0.840666895397158,0.6978468097015337,0.02011223496036541,-0.038188970815578094,0.7149454040011289,0.170726478099823,-0.013108491897583008,-0.31226223707199097,-0.03748029097914696,-0.0017457061912864447,0.0,0.14654342830181122,0.06684979051351547,0.10387983918190002,0.022819798439741135,0.0008903202251531184,0.0,0.0061781322583556175,0.034938324242830276,0.11892373114824295,-2.6542139053344727,0.5978265404701233,1.0528918504714966,-2.6890578269958496,-0.6279913783073425,1.0665384531021118,0.6362240320082161,0.5704103584016714,0.9153874604740999,0.6410803460050777,0.5882844260368235,1.4337628807882845,0.5453649469344004,0.6563094256071862,0.04739849354711629,0.7343169148044046,0.655103838834555,0.049122390393296606,0.4968662536865379,0.49352561501154646,0.054420442081007644,0.7573111380781656,0.4872778722622102,0.0634650066154017,0.5116369052762456,0.5590233390776191,0.44953213545540205,0.7572969630766855,0.5710913882364489,0.4552614366581879,0.48611325520972,0.6636059747292878,1.5074235660051085,0.8024937291385579,0.6625450921852514,1.5072378974327039,0.48763022283645485,0.656617527494279,1.3232811629073127,0.7931080750719497,0.6596062162380663,1.3232193203539828,0.5387984063056307,0.5777859873625679,1.1323913215687529,0.7391188756275437,0.5842253722653977,1.1308328631247397,0.5504767865366235,0.585230302442095,0.7608691665910956,0.6793136843706523,0.5876056914645048,0.7643358644607254
4.733333333333326,0,0-ACCAD_Male2General_c3d_A6- Box lift_poses,140,0.6378281560027972,0.5766317248344421,0.8407793097572044,0.697885216864665,0.020010315516537553,-0.038246895520851906,0.7149076767930983,0.17083792388439178,-0.0130774499848485,-0.3127756416797638,-0.037615980952978134,-0.0017524503637105227,0.0,0.1461210995912552,0.0670434758067131,0.103855200111866,0.023280711844563484,0.0009160458575934172,0.0,0.006541453767567873,0.034747228026390076,0.1187000647187233,-2.654428482055664,0.5976836085319519,1.0532335042953491,-2.6895225048065186,-0.6279306411743164,1.0668232440948486,0.6359701937832254,0.5704355394436696,0.9154998240955963,0.6405893288263994,0.588221463971554,1.43388049633741,0.5453059634648062,0.6562659400002949,0.04749195176970233,0.734149262909357,0.6551906679377583,0.04923980608403114,0.4967038064432556,0.4935126944805157,0.05450703591965862,0.7571262326292698,0.48736428235273216,0.06360515202335071,0.5114412616995504,0.5590091191479761,0.44962048250868303,0.7570891297633585,0.5712175669955843,0.4553919209897456,0.4856176432080399,0.663493235297398,1.5075019846609123,0.8019364977912782,0.6624011701797446,1.5074717144720104,0.4872031953111079,0.6565066380127108,1.3233600891371664,0.7926322453460741,0.6595178702350254,1.3234481244841159,0.5384409668575608,0.5777488111501818,1.1324627384005956,0.738760628784702,0.5842339043020489,1.1309925301814912,0.5502589603107699,0.5852593715261158,0.7609613798888893,0.6790956449853364,0.5876064915008057,0.7644574823372313
4.7666666666666595,0,0-ACCAD_Male2General_c3d_A6- Box lift_poses,141,0.6380500044906512,0.5768077373504639,0.8408148341254905,0.6982312494801522,0.01983502868961048,-0.03822234463144481,0.7145759205690763,0.17088650166988373,-0.013009170070290565,-0.3132627308368683,-0.03770596534013748,-0.0017566988244652748,0.0,0.14567969739437103,0.06722155213356018,0.10380639880895615,0.02381790243089199,0.0009458529530093074,0.0,0.006866869516670704,0.03466821834445,0.11857099086046219,-2.6545825004577637,0.5973660945892334,1.0535553693771362,-2.689939260482788,-0.6278582811355591,1.067092776298523,0.6361728442559489,0.5706334067554522,0.9155366777266541,0.6406564336379496,0.5884886177119056,1.4339162360731097,0.5457069317802088,0.6563169521443596,0.047494731841435,0.7344836830351161,0.6551705528618346,0.049253126055631355,0.496868251284162,0.49363580182186184,0.05453934802359448,0.7572967978821588,0.4873276267268057,0.06368621087513043,0.5116638111905554,0.5591951243844502,0.4496403793956768,0.7573192289675702,0.5713255493331775,0.45544066375640574,0.4858165648011485,0.6638984029364826,1.5074955842228872,0.8020100571042368,0.6624821927794874,1.5075722482748917,0.4874069450581536,0.6568433103645743,1.3233563418990195,0.7927583026216672,0.6596002733636159,1.3235459898669057,0.5385850411817942,0.5780390209760907,1.1324716045405336,0.7389092989096213,0.5843930106220698,1.1310561606617697,0.5505032853354791,0.5855001337229504,0.7609790096198543,0.6793418150463855,0.5877109710444063,0.7644980676766875
4.799999999999993,0,0-ACCAD_Male2General_c3d_A6- Box lift_poses,142,0.6377590146148577,0.5766187310218811,0.8408374838905052,0.6983261469525232,0.019550409290928234,-0.03829053391640847,0.7144873749699127,0.17086203396320343,-0.012925427407026291,-0.31372249126434326,-0.037802960723638535,-0.0017613702220842242,0.0,0.14505928754806519,0.0674394965171814,0.10372886061668396,0.024255886673927307,0.0009700749651528895,0.0,0.007175779901444912,0.03469684347510338,0.11859359592199326,-2.6546826362609863,0.5969184637069702,1.053868055343628,-2.6902823448181152,-0.6277703642845154,1.0673564672470093,0.6358434005547471,0.5704671312635397,0.9155602263668482,0.6400742568047452,0.588493151860109,1.4339360057662929,0.5457794215603008,0.655968915836779,0.04745920431501999,0.7344656017709652,0.6549870584887927,0.049304399032156894,0.4968188083401696,0.49332470562575165,0.05451039130303076,0.7572226993081156,0.48713921882330746,0.06376874247782312,0.5115061220449074,0.5589378788395741,0.44960672880290886,0.75714916777222,0.571185055319269,0.45551182952813135,0.4853426709223414,0.663974515818041,1.5074228661296172,0.801363266647586,0.6624489079330135,1.507672232607095,0.4869603412900747,0.6568065021921873,1.323288222655313,0.7922079602154843,0.6595161896287176,1.3236419532190278,0.5381505019637272,0.5779418800173319,1.132444964487621,0.7384752596125821,0.5843007321150413,1.1311253535877688,0.5502540019633745,0.5853116342476081,0.7609561375461226,0.6790917078082979,0.5874721036004197,0.76453876664818
4.833333333333326,0,0-ACCAD_Male2General_c3d_A6- Box lift_poses,143,0.6376339044654742,0.5765659213066101,0.8407566599921897,0.6985027506377133,0.01948288024409539,-0.0383198549949015,0.7143149959521446,0.1705913543701172,-0.012769504450261593,-0.31418976187705994,-0.03794889897108078,-0.0017687879735603929,0.0,0.14436596632003784,0.06771323084831238,0.10361555963754654,0.02454637736082077,0.0009860715363174677,0.0,0.007560876198112965,0.03464177995920181,0.11865655332803726,-2.6548399925231934,0.5965119004249573,1.0541149377822876,-2.6905252933502197,-0.6276630759239197,1.067633867263794,0.6357064628761822,0.5704187274306478,0.9154794609057744,0.6398306569384582,0.588506274208827,1.4338537796392896,0.5456912807727223,0.6561609941917302,0.04739643335781005,0.7342883982267057,0.6552193051520385,0.04925628201333613,0.49657775633715406,0.493560271504089,0.05438690537146122,0.756954578216509,0.4873541009679667,0.06366175003453207,0.5113434042027295,0.5590097615377517,0.4495077991226536,0.7569838611592057,0.5712645296322933,0.45543315401673096,0.4852291696204827,0.6640319302854716,1.507313008292748,0.8010808664453484,0.6624230231919986,1.5076331987327023,0.4868250846654499,0.6568128913940545,1.3231801683732443,0.7919730368046207,0.6594593017156573,1.3236010602394102,0.5379676272799566,0.5779318751091224,1.1323430262951322,0.7382934125831693,0.5842665713174171,1.1310638599260792,0.5501427314652142,0.5852921008021585,0.7608652612738911,0.6789812905066579,0.5873778334415765,0.7644633818536439
4.866666666666659,0,0-ACCAD_Male2General_c3d_A6- Box lift_poses,144,0.6378056254470721,0.5766164660453796,0.8409115128593162,0.6985436079277719,0.01928643176096462,-0.038250801531899394,0.7142840734297162,0.170290008187294,-0.012689921073615551,-0.31461337208747864,-0.038141023367643356,-0.0017788062104955316,0.0,0.14376294612884521,0.0679560974240303,0.10348530858755112,0.02476801909506321,0.0009982126066461205,0.0,0.007993103936314583,0.03465723618865013,0.1186288371682167,-2.6550939083099365,0.5961374044418335,1.054284691810608,-2.6906814575195312,-0.6275622248649597,1.0679149627685547,0.6358640461668607,0.5704973132519026,0.9156362493191308,0.6398799877243475,0.5887702490245977,1.434004980966463,0.5459740996774499,0.6561998734286991,0.04754678994456512,0.7344459236313071,0.6552966598728102,0.04942422410486154,0.4967755266242971,0.4936236651689335,0.05450932665261364,0.7570805568811936,0.4874272702811867,0.06383052188669586,0.5115302658134037,0.5590148243563486,0.44964072860523413,0.757149290088517,0.5713384920784959,0.4556012082022009,0.48537067630269914,0.6642406991174521,1.5074280884440323,0.8010623092041899,0.6627665425095871,1.5078023592639425,0.48694888203108583,0.6569592816866184,1.323297552054641,0.792001492807677,0.6597081500630002,1.3237694490385172,0.5380803173373611,0.5780560763021612,1.1324777637510604,0.7384043302719887,0.5844539825549526,1.1312361771259618,0.5503299556675723,0.5853153623589346,0.7610018070451676,0.6791682543593865,0.5873802192389139,0.7646226011034968
4.899999999999992,0,0-ACCAD_Male2General_c3d_A6- Box lift_poses,145,0.6373389210784808,0.5763939023017883,0.8409282021598533,0.6988682063170519,0.018968314231634555,-0.038270228493333794,0.7139739651174016,0.17004525661468506,-0.012610320933163166,-0.3149949610233307,-0.03838226571679115,-0.0017915914067998528,0.0,0.1431553214788437,0.06794767826795578,0.10339709371328354,0.02489173412322998,0.0010049052070826292,0.0,0.008383636362850666,0.03492171689867973,0.11858399212360382,-2.6553702354431152,0.5957207083702087,1.054423451423645,-2.690782070159912,-0.6275027990341187,1.0681830644607544,0.6353584765656417,0.5703068575227,0.915654541059795,0.6392847026367171,0.5887736211892501,1.4340175531559485,0.5458993519190276,0.6559909551297799,0.04753345097504057,0.7344024556255626,0.6550394333160963,0.04948152610812545,0.4964890867587766,0.493477453189681,0.05446074366115748,0.7568644370698897,0.48714672734554104,0.06388634028531504,0.5111706386103216,0.558816374040721,0.4496040784509532,0.7568410833365256,0.5710285855285745,0.45566302077499465,0.48494546447924436,0.6643080583010748,1.5074031408315225,0.8004739341920647,0.6627323539189471,1.5078284071645114,0.48649426494774123,0.656967073733128,1.323274719975724,0.79145377233427,0.65957612679562,1.3237951517062294,0.5375433565588736,0.5779972368119388,1.1324728679968317,0.7378708768509797,0.5842921311195081,1.131271277687133,0.5499069555641103,0.5851349311027749,0.760976606368136,0.6787456530995245,0.5870734079899371,0.7646543001275816
4.933333333333326,0,0-ACCAD_Male2General_c3d_A6- Box lift_poses,146,0.6374438848579302,0.5765002965927124,0.841004972942324,0.698795168145508,0.018800954425523514,-0.03810377740082224,0.7140587785588587,0.16977296769618988,-0.012493717484176159,-0.3153586983680725,-0.03860989958047867,-0.0018036897527053952,0.0,0.14250271022319794,0.06806223094463348,0.10326598584651947,0.024907933548092842,0.0010056305909529328,0.0,0.008793273009359837,0.03504504635930061,0.11850259453058243,-2.6556332111358643,0.5954310297966003,1.0545451641082764,-2.6908671855926514,-0.6274724006652832,1.0684232711791992,0.6354636225104867,0.570448343663954,0.9157341668813958,0.6394230624794032,0.5891278398838711,1.434089612190156,0.5459387331202591,0.6559650472535422,0.04761367561615439,0.7344125846118332,0.6552331906636718,0.04956796620480944,0.49650858923598146,0.4934574735058353,0.05453822254813566,0.7568961426833574,0.48734094752703716,0.0639444856373274,0.5112265264192949,0.5587837223491792,0.44968283384652463,0.7569116456121083,0.5711630470642253,0.4557339240204475,0.4851452412489611,0.6645447407493422,1.507478543726736,0.8005652546342791,0.6632348026962137,1.507863572964034,0.4866399797122301,0.6571450772584425,1.3233520248835342,0.7915321548450254,0.6599679476716169,1.3238328826686003,0.5376653369493953,0.5781637403604555,1.1325572210175157,0.7379887335035715,0.5845851228086102,1.1313375733418278,0.5500113661230634,0.5851776263113806,0.761048522055862,0.6788497684216321,0.5871362235889329,0.7647276481602748
4.966666666666659,0,0-ACCAD_Male2General_c3d_A6- Box lift_poses,147,0.6374462094390765,0.5764347314834595,0.8409611039237693,0.6991208862135817,0.01850208639097776,-0.03805898296420831,0.7137500774604841,0.16941852867603302,-0.012447023764252663,-0.3156869113445282,-0.03877736255526543,-0.0018125391798093915,0.0,0.14180226624011993,0.06820458918809891,0.1031179130077362,0.024897119030356407,0.0010048422263935208,0.0,0.009195995517075062,0.03513664752244949,0.11846940964460373,-2.6558611392974854,0.5952188968658447,1.0546578168869019,-2.690919876098633,-0.6274798512458801,1.068650484085083,0.6354359147935389,0.5704197619224748,0.9156924819160059,0.639269764769067,0.5893303456868537,1.4340406803073362,0.5462528014590603,0.6559115416006365,0.04754599966026473,0.7346359908996465,0.6551909667716506,0.04957106321909771,0.4966210368764669,0.4934643611599536,0.0544453845089494,0.7569445242593992,0.48727234817308734,0.06391215338989882,0.5113026181144218,0.5587501311076084,0.44959842944385303,0.7569857418454258,0.5710039525448198,0.45572097538104195,0.4850869459353337,0.6648145260681668,1.5073733933655404,0.8004371347465813,0.6634115232914604,1.5078271217283314,0.48659516970038513,0.6573444895637673,1.323249826107393,0.791445138204722,0.6600340844572068,1.3237964147545218,0.537587205476121,0.5782821206444433,1.1324860037248983,0.7379141663713736,0.5846009342297303,1.1313171438760206,0.5500480373274884,0.585145839403731,0.7609727026528453,0.6788871317008411,0.5869792923756657,0.7646934630831854
4.999999999999992,0,0-ACCAD_Male2General_c3d_A6- Box lift_poses,148,0.6370811309898272,0.5762162208557129,0.8408503584937767,0.6991102537506021,0.018361708858043013,-0.037948952879801476,0.7137699753589443,0.16905279457569122,-0.012482572346925735,-0.3159656524658203,-0.03887094929814339,-0.0018173870630562305,0.0,0.14115504920482635,0.068229079246521,0.10298770666122437,0.024943068623542786,0.0010071726283058524,0.0,0.009555501863360405,0.03525054082274437,0.11847633123397827,-2.6560420989990234,0.5950590968132019,1.0547674894332886,-2.690960645675659,-0.6275027990341187,1.0688544511795044,0.635067461150095,0.5702276685405697,0.9155837671872475,0.6389170558159295,0.5893342445368616,1.4339248227166614,0.5459488232358645,0.6556934097067856,0.047440694392164424,0.7342779769368845,0.6551253233860286,0.049477688057030025,0.49627873312942383,0.4932569677643633,0.05431706537576798,0.7565746538482758,0.48720172025993214,0.06377879682027962,0.5109439311028796,0.5584947604909372,0.4494788566243066,0.756620776901447,0.5708390803323903,0.45560764273136123,0.4847633558931677,0.6647515463368803,1.507249875837942,0.8000693198652148,0.6635303123266962,1.5076792481372527,0.48624451288338105,0.6572203755027421,1.3231285792858987,0.7910635387460243,0.6600505820137976,1.3236511209730857,0.5372280092426893,0.578132016510827,1.132378015398182,0.7375523604704783,0.5845312555910319,1.131199480562126,0.549686644247114,0.5848866887240031,0.7608554925065651,0.6785256256787913,0.586719108023556,0.7645819808312637
5.033333333333325,0,0-ACCAD_Male2General_c3d_A6- Box lift_poses,149,0.6372492160880938,0.5763551592826843,0.8410583787040428,0.6993093550785062,0.018202632358150974,-0.037827274234574146,0.7135854450581934,0.16869856417179108,-0.012664229609072208,-0.3161885440349579,-0.038910992443561554,-0.001819365774281323,0.0,0.1407221257686615,0.06813272088766098,0.10287373512983322,0.02507995069026947,0.0010145151754841208,0.0,0.009886317886412144,0.03529859706759453,0.11838390678167343,-2.656195878982544,0.5949671268463135,1.0548710823059082,-2.691039800643921,-0.6275079846382141,1.0690059661865234,0.6352296411025684,0.5703968197704153,0.9157940429289252,0.6390798927862759,0.5896600202738632,1.434129509495677,0.5463059876801725,0.6558338416057554,0.04764915092821165,0.7345773115628519,0.655154046834731,0.04967298880529511,0.4965083799273534,0.4934359012349377,0.05451262129040371,0.7567617258582989,0.4872172836603678,0.0639941387900504,0.5111444893729346,0.5586560711816739,0.4496784874321773,0.756812939841886,0.5708921783828915,0.455814642008145,0.4849747924288228,0.6651050362276838,1.507442232939845,0.8002521010088822,0.6638439494036916,1.5078678521836375,0.4864438269608547,0.657522512289941,1.3233229469526206,0.7912428423135669,0.6602958024721766,1.323841201626493,0.5373916017193289,0.5783871432495507,1.1325850802432555,0.7377173490262855,0.5847425583142587,1.131406706251412,0.5498624522575255,0.5850337058180265,0.7610578629224457,0.6787023327985956,0.5867947535714682,0.7647880442530323
5.066666666666658,0,0-ACCAD_Male2General_c3d_A6- Box lift_poses,150,0.6367139663780108,0.5761829614639282,0.840958004482241,0.6993196713627821,0.018008755764557627,-0.03770250646191179,0.7135868573392817,0.16837860643863678,-0.013044528663158417,-0.31634438037872314,-0.03898981958627701,-0.0018235816387459636,0.0,0.1403026133775711,0.0676993802189827,0.10283768177032471,0.025198275223374367,0.0010208225576207042,0.0,0.01009933091700077,0.035527151077985764,0.11834161728620529,-2.656275987625122,0.5948412418365479,1.0549949407577515,-2.691150188446045,-0.6275267004966736,1.0691145658493042,0.6346866724283294,0.5702582779244944,0.9156961353405862,0.6385994796725766,0.5897395198486471,1.4340233953305832,0.5461069307074521,0.6555590747589695,0.04754495722475404,0.7344103092619179,0.6548787793621179,0.049555493909691536,0.4962734990581935,0.49317135179182525,0.054390139443270875,0.7565715522702587,0.4869420633722297,0.06391302610909426,0.5107313828359423,0.5584043267321652,0.44956063924284245,0.7564207918832981,0.5706719412861985,0.4557214757491388,0.4845285205358899,0.6651864731214884,1.5073277284105768,0.7997727005691503,0.6639687165487212,1.5077199430219546,0.4859618837096934,0.657514764269004,1.3232118557720047,0.7907376308511254,0.6603411407853714,1.323696106485924,0.5368801440284382,0.5783188404629452,1.132494998743837,0.7372044393088739,0.5847152328764386,1.1312917595783298,0.5493356497831112,0.5848195615643438,0.7609454459750787,0.6781752411697404,0.5865768419645996,0.7646878387826749
5.099999999999992,0,0-ACCAD_Male2General_c3d_A6- Box lift_poses,151,0.6366102542961016,0.576328456401825,0.8409823231773094,0.6992320857190796,0.018007478250301284,-0.03751077962816242,0.7136828164105523,0.1679525077342987,-0.013357451185584068,-0.31649908423423767,-0.03901985287666321,-0.0018251900328323245,0.0,0.14000248908996582,0.06738151609897614,0.10277042537927628,0.025294870138168335,0.0010259294649586082,0.0,0.010340209119021893,0.03542686626315117,0.11825736612081528,-2.656343460083008,0.5949763059616089,1.055096983909607,-2.6912853717803955,-0.6275467276573181,1.069183111190796,0.6346036873637684,0.5704241255878827,0.9157226239981222,0.6385754188191807,0.5900083639138127,1.4340455302339343,0.5459814346438497,0.6557665035649307,0.04761220613002371,0.734292067001619,0.6550071892411744,0.049537558073704746,0.49616361640379164,0.49337260514719083,0.054424455574172664,0.7564817875799653,0.48707543872331505,0.06390917832551896,0.5105981858200512,0.5585326357047239,0.44960791316807175,0.756293411061898,0.5708333231175781,0.455711397294275,0.4844297432993862,0.6653795647628015,1.5073608738774025,0.7997296754007297,0.6642973775121771,1.5077139927649654,0.485865994466781,0.6576694564473209,1.3232466277786397,0.7906649503227806,0.6606402222240076,1.323692200091849,0.5368195648325882,0.5784771652682322,1.1325336618987967,0.7371404811218876,0.5849730218849055,1.1313010858033135,0.5492093218627252,0.5849088406307938,0.7609907086786607,0.6780493494530015,0.5867045568599695,0.7646990951459076
5.133333333333325,0,0-ACCAD_Male2General_c3d_A6- Box lift_poses,152,0.6366012539947405,0.576326847076416,0.8410466961936668,0.6994266314935798,0.01792923270474169,-0.037446885921816185,0.7134974845834581,0.1675594598054886,-0.013690843246877193,-0.31661882996559143,-0.038967233151197433,-0.0018223169026896358,0.0,0.1396782398223877,0.0671728327870369,0.10267762839794159,0.02538321353495121,0.0010305861942470074,0.0,0.010501114651560783,0.03531075641512871,0.11826248466968536,-2.656331777572632,0.5951531529426575,1.055214524269104,-2.691441297531128,-0.6275936365127563,1.0692142248153687,0.6345914209680092,0.5704380808144198,0.9157881371960734,0.6384989854932985,0.5901241506377398,1.43410748982985,0.5462247072512633,0.6559171581647989,0.0476918900163773,0.7344615319439727,0.6549951146636248,0.049596317836765054,0.49629482568265826,0.4935559826706945,0.054463567704934504,0.7565400941336128,0.48704853997705416,0.06396590873860844,0.5106550238857405,0.5586428606591537,0.449661662545771,0.7563260833774058,0.5707896890902522,0.45577148356858405,0.4843083665922111,0.6655837170982579,1.5073852498687765,0.7996886560543897,0.6643149059065961,1.5077924331101562,0.4857980548871193,0.6578182642997821,1.3232737543673092,0.7906368929688966,0.6606470563337848,1.3237702152430642,0.5367777107171982,0.5785723915269277,1.13258474072282,0.7371012973541802,0.5849900622876546,1.131376833895911,0.5492052113703665,0.5849291826397635,0.7610542032081257,0.678046165739354,0.5866576829424687,0.7647620057968026
5.166666666666658,0,0-ACCAD_Male2General_c3d_A6- Box lift_poses,153,0.6361293640220538,0.5761115550994873,0.8409066252784446,0.6991947375949772,0.01787780182106942,-0.03737027956102515,0.713730036727521,0.16724619269371033,-0.013993610627949238,-0.31670641899108887,-0.03887851908802986,-0.001817528624087572,0.0,0.13939113914966583,0.06693068891763687,0.10259512066841125,0.025485549122095108,0.001036028377711773,0.0,0.010549044236540794,0.0353146493434906,0.11828617006540298,-2.6562654972076416,0.59530109167099,1.055342674255371,-2.6916351318359375,-0.6277020573616028,1.069205403327942,0.6341239872228793,0.5702357017059875,0.9156492022395812,0.6380216487273656,0.590036690471093,1.4339642218337219,0.5458801608782833,0.6556810880258328,0.04755768830602543,0.7340905360613578,0.654858963540292,0.049445442656884074,0.4960378297818572,0.4932921965314302,0.054309721340110584,0.756259281077451,0.4869248265798599,0.0638215474063027,0.5102619403024146,0.5583681851686616,0.44951431926779123,0.7559081637746672,0.5706671814499147,0.4556265223258826,0.48372154620408747,0.6654399419444459,1.5072196998041398,0.7991960024644875,0.6642832929034466,1.507644142580936,0.4852439243668743,0.6576054306753005,1.3231113974327604,0.7901264618958985,0.6606070904187493,1.323622966698011,0.5363063103533688,0.5783484303117514,1.1324447305506524,0.7366253248747533,0.58490673101215,1.1312339402696523,0.548727196667412,0.5846336074470064,0.7609139061695978,0.6775670156047546,0.5864478549099292,0.7646200749442553
5.199999999999991,0,0-ACCAD_Male2General_c3d_A6- Box lift_poses,154,0.6363128867233172,0.576400101184845,0.8409721903876975,0.6992514902411388,0.017901615231211476,-0.03731274414625649,0.7136768489252935,0.16699577867984772,-0.014201495796442032,-0.31678223609924316,-0.03878146782517433,-0.0018123543122783303,0.0,0.13922269642353058,0.06679428368806839,0.10249008238315582,0.025536762550473213,0.0010386606445536017,0.0,0.010540632531046867,0.03526267409324646,0.11826727539300919,-2.6561813354492188,0.5953890085220337,1.0554689168930054,-2.691854953765869,-0.6277622580528259,1.0691701173782349,0.6343156331832613,0.5705280552655644,0.915715284082156,0.6382508022938564,0.5903414704319957,1.4340294955769062,0.5461033341604173,0.6560882826468816,0.04764292578794008,0.7342778955197294,0.6551954992266993,0.04949944470392092,0.4962218721703631,0.493710549860957,0.05437431829154869,0.75640202420581,0.4872545307913516,0.06386447345012537,0.5104431697809942,0.5587366497555456,0.4495870003679422,0.756070570432868,0.5709698751866081,0.455675119914241,0.48393127727898677,0.6658180728711814,1.5072853551062144,0.7994614395454216,0.6644785111720778,1.5077113346742195,0.4854583494170018,0.6579434504341182,1.3231788028699425,0.7903677277717778,0.6608450518316421,1.3236905027459638,0.5365124177729965,0.5786620293857786,1.1325174379712053,0.7368324203075872,0.5851874307275847,1.1312924392487946,0.5489024703721995,0.5849254155484576,0.760990170062339,0.6777429779844356,0.5867223424540812,0.764680417613808
5.2333333333333245,0,0-ACCAD_Male2General_c3d_A6- Box lift_poses,155,0.6359972205245867,0.5762141346931458,0.840857153423281,0.6991440483648484,0.017831676056875037,-0.037283489824348016,0.7137853825566414,0.16685709357261658,-0.014471224509179592,-0.31681621074676514,-0.038780782371759415,-0.0018125802744179964,0.0,0.13913823664188385,0.06660842150449753,0.10240238904953003,0.025498349219560623,0.0010363557375967503,0.0,0.01042130496352911,0.0353524386882782,0.11821672320365906,-2.6560773849487305,0.5953479409217834,1.0556002855300903,-2.6920790672302246,-0.6277840733528137,1.0691274404525757,0.6339964394800245,0.5703522366579178,0.9156009493306091,0.6379468385826915,0.59021363105914,1.4339134214098652,0.5459958565211217,0.6558597666422161,0.0475267180676279,0.7341127076161115,0.6550000539820916,0.0493858617977536,0.49615241785305964,0.4934696584182697,0.0542412078291882,0.7562660168914483,0.487063649343084,0.06375927075578362,0.5102257211943959,0.5584987031333554,0.44945871303234475,0.7558246666248458,0.5707869369060469,0.45556821464892244,0.48362168969568475,0.665730259932302,1.5071571209610932,0.7991511464096422,0.6643017843393173,1.5075998461473161,0.48514304135271136,0.657795450594375,1.3230531055402595,0.790048439902038,0.6606968730668634,1.323578897467221,0.5362017330588398,0.5784869542449478,1.132405465192246,0.7365204644149961,0.5850500387121268,1.1311739254499942,0.5485899675668965,0.584698185272309,0.7608680282991078,0.6774296454471516,0.58653576626097,0.7645669598299256
5.266666666666658,0,0-ACCAD_Male2General_c3d_A6- Box lift_poses,156,0.6359373178565875,0.5764592289924622,0.8408275895194725,0.6988675195742724,0.017821801972458067,-0.037155480362551625,0.7140630530545511,0.16683192551136017,-0.014691850170493126,-0.3168320655822754,-0.03882499411702156,-0.0018153563141822815,0.0,0.13918118178844452,0.06643225252628326,0.10231712460517883,0.025386229157447815,0.0010299896821379662,0.0,0.010238921269774437,0.03543348237872124,0.1180863082408905,-2.655965566635132,0.5952866673469543,1.0557256937026978,-2.6923038959503174,-0.6277862191200256,1.069082498550415,0.6339511876457604,0.570611263849828,0.9155728675674948,0.6380139016219637,0.5905112248996137,1.4338833138835987,0.545916707793094,0.6559047359909932,0.04750496951745118,0.7339949860950014,0.6551711526113504,0.049331201672898665,0.4961950022258725,0.4934779984435548,0.05423601142655275,0.7562619074680295,0.48725170848950367,0.06372719064126756,0.5101811242062368,0.5585706049013178,0.44944627054864295,0.7557569608242323,0.5710286964256316,0.4555248636096718,0.48367306123937986,0.6660044057796809,1.5071471546149922,0.7991888335250878,0.6646173607001333,1.5075432213413231,0.48515108486022346,0.6580124639749765,1.3230452575130487,0.7900443502895096,0.661040624639263,1.3235237941341036,0.5362055271612288,0.5786998475308394,1.1324000218689245,0.7365199209122834,0.5853851380325156,1.1311211758829955,0.548512686053613,0.5848572810366942,0.760848516411577,0.6773513424627992,0.5867987033033057,0.7645296211480967
5.299999999999991,0,0-ACCAD_Male2General_c3d_A6- Box lift_poses,157,0.6357084956252947,0.5765807628631592,0.8409928135947898,0.698718168306949,0.01785586254772397,-0.037228645461295486,0.7142045347150744,0.16690672934055328,-0.014900474809110165,-0.31682369112968445,-0.038856569677591324,-0.001817503827624023,0.0,0.1392006129026413,0.06628862023353577,0.10223350673913956,0.02516523376107216,0.0010176080977544188,0.0,0.00999552384018898,0.03550133481621742,0.11802949756383896,-2.6557776927948,0.5952163338661194,1.0558792352676392,-2.692497968673706,-0.6277731657028198,1.0690456628799438,0.6337195566809299,0.5707210004157627,0.9157370930142589,0.6377913014287853,0.5905127848476257,1.434051800315529,0.5458530313263561,0.6560678533859965,0.047678803167103434,0.7338727046829386,0.655516859427005,0.04953209601404702,0.49619433030977717,0.4936205165420649,0.054377770674133005,0.7561883687651393,0.48759906092589234,0.0638716944432249,0.5100401658745836,0.5586763890088425,0.4495991127966117,0.755589419757037,0.5712395697297052,0.45569894663347843,0.4834517301857064,0.6660612012758053,1.5073172988273513,0.7989485227969104,0.6645583583984122,1.5077387679292977,0.4849224538834889,0.65804474700189,1.3232164089955878,0.7898027632200488,0.6610586538782135,1.3237179230388298,0.535979317815055,0.5787464465019745,1.1325679659491352,0.7362925261550323,0.5854667122268834,1.1312867582643937,0.5482859631934022,0.584956498633033,0.7610087068414502,0.6771235786655422,0.5869489504043784,0.7646992256067939
5.333333333333324,0,0-ACCAD_Male2General_c3d_A6- Box lift_poses,158,0.6355565037811175,0.5765502452850342,0.8407328181342796,0.6983625646317796,0.01781922784341109,-0.037033415819150386,0.714563313886708,0.16704867780208588,-0.015117391012609005,-0.31679418683052063,-0.03892041742801666,-0.0018215080490335822,0.0,0.13935330510139465,0.06598856300115585,0.1021902859210968,0.02490970864892006,0.001003304379992187,0.0,0.009717629291117191,0.035657934844493866,0.11789131164550781,-2.6556010246276855,0.595066487789154,1.0560206174850464,-2.6926791667938232,-0.6277140974998474,1.0689910650253296,0.6335870360686404,0.5707141949867203,0.9154794683190541,0.6378387604467362,0.5906120163895006,1.4337891205937794,0.545629440101263,0.6556001809719435,0.04740997618084282,0.7336870398754596,0.6553044655646879,0.04923548709584689,0.496136285507058,0.49310501398718487,0.054173729200400755,0.7561569533988705,0.48741060383811685,0.06361443631995481,0.5098921978269162,0.5583411711244687,0.44936867041444506,0.7554484653952116,0.571143089020004,0.45542250043706206,0.4835102726798435,0.6661563681109118,1.5070796940900621,0.7989448920178422,0.6647231447628102,1.5074171312161144,0.48490151345778276,0.6580421732429466,1.3229824684322307,0.789744428952467,0.6612195050271985,1.3233990881003541,0.5359260139894171,0.5787080533931398,1.1323447361972585,0.7362336618493039,0.5855778371575633,1.1309893101131094,0.5481109804827925,0.584813376538608,0.7607613749639978,0.676947167909719,0.5869379537215145,0.7644279213620265
5.366666666666657,0,0-ACCAD_Male2General_c3d_A6- Box lift_poses,159,0.6352295723045245,0.5767121911048889,0.8407744221763328,0.6984245847809676,0.017876355472904976,-0.03706039054029257,0.7144998689583787,0.1671411246061325,-0.015366525389254093,-0.3167511820793152,-0.038913827389478683,-0.0018216933822259307,0.0,0.13971640169620514,0.06561921536922455,0.10216366499662399,0.024756522849202156,0.0009946287609636784,0.0,0.009483462199568748,0.0358382984995842,0.11770083755254745,-2.6554698944091797,0.5949960947036743,1.0561259984970093,-2.6927833557128906,-0.6276724934577942,1.068952202796936,0.6332628871697125,0.570867451554917,0.9155204666815339,0.6376620946977912,0.5905984009135458,1.433835835608947,0.5454418463415652,0.6558110973055172,0.04746441539191846,0.7335779528339903,0.6553554069974502,0.04926424197276436,0.49592214015643943,0.4933234263977052,0.05421389702337777,0.7560005236277924,0.48745685096197444,0.06366226962238081,0.5096086772984082,0.5585470321529884,0.449413326820413,0.7551955910641834,0.5712213414172479,0.4554636942027852,0.4833985295503364,0.6662497822163642,1.5071775559873009,0.7988005342660325,0.6645817451756485,1.507454421319568,0.48473243609721683,0.6581480311709293,1.323079357931236,0.7895586535914846,0.6611634976452359,1.3234368476218739,0.5356677270216001,0.578828523958455,1.1324137925057824,0.7359777191631294,0.5856196589769362,1.131009359018129,0.5477813806082477,0.5850025004951053,0.7608082161967265,0.6766179854027405,0.5871109767333041,0.764468113963144
5.399999999999991,0,0-ACCAD_Male2General_c3d_A6- Box lift_poses,160,0.635333999642171,0.5769644379615784,0.8409489445762351,0.6982775957166816,0.017946941386646962,-0.03709183405402341,0.7146401209430546,0.16722224652767181,-0.015549399890005589,-0.3167141377925873,-0.038767192512750626,-0.0018142085755243897,0.0,0.14025478065013885,0.06549689173698425,0.10208235681056976,0.02471074089407921,0.000991850276477635,0.0,0.00937724020332098,0.03568090870976448,0.11743306368589401,-2.6553397178649902,0.5953067541122437,1.0562336444854736,-2.692803144454956,-0.6277345418930054,1.068947196006775,0.6333727807910429,0.5711085489831329,0.9156942600474411,0.6377091996572242,0.5906202859123922,1.4340186271352096,0.5455889216845471,0.6560330845149389,0.04763580714706148,0.7337038665326259,0.6554034722832015,0.04941086173126123,0.49613789334580694,0.49352488012263496,0.0543944535670382,0.7561755804063302,0.48751671008942726,0.06386967066109658,0.5097557957240306,0.5587862865930175,0.44958968303798874,0.7553153029926665,0.5714197207198272,0.45564146157053265,0.48330225269891647,0.6662403272417824,1.5073634985878293,0.798840227724181,0.6646094162947952,1.5076839092434564,0.4847113891373716,0.6581822022870186,1.3232639462774574,0.7896071768763925,0.6612702939682094,1.323664439517293,0.5357478942369369,0.5789456182452815,1.132581696017698,0.7360560441202834,0.5857954609168707,1.1311997967140954,0.5478790925394876,0.5852319722112251,0.7609872914040804,0.676714738532128,0.5874041846236313,0.7646415397514063
5.433333333333324,0,0-ACCAD_Male2General_c3d_A6- Box lift_poses,161,0.6351612057769671,0.5768826603889465,0.8407424740867332,0.6981950108051431,0.01802454584892698,-0.037076115282984955,0.7147196683380617,0.16739076375961304,-0.015775293111801147,-0.3166487514972687,-0.03858860582113266,-0.0018050194485113025,0.0,0.140674889087677,0.06529617309570312,0.10202975571155548,0.024711351841688156,0.0009915868286043406,0.0,0.009207328781485558,0.03568721562623978,0.11731896549463272,-2.655075788497925,0.5955588817596436,1.0564064979553223,-2.6927578449249268,-0.6278702616691589,1.0689637660980225,0.633210626585038,0.5710201088686363,0.9154875457001026,0.6376224773267968,0.5904254227114472,1.433815457024191,0.5454337913733583,0.6558223065724793,0.04742039003582467,0.7335538778107152,0.6551233771365201,0.04916612750996409,0.4960268862729282,0.49330234456200506,0.054218895497402345,0.7560494735657772,0.48724480951606025,0.06368283186486343,0.5096038566266571,0.5586680510088117,0.4493978891932793,0.755145698170395,0.5712787325077595,0.4554264771595288,0.48312065097597195,0.6661260987169627,1.5071736256944037,0.798807079554923,0.6644230387074779,1.5074657340397077,0.48455146508678726,0.6580349841341937,1.3230756875202978,0.7895247527513618,0.6611121133505394,1.3234482338214928,0.5356175224322537,0.5788046985907798,1.1323912093970905,0.7359250153962802,0.5856680041731338,1.1309811743089755,0.5476943649671931,0.58514043152496,0.760791964686092,0.6765298153477264,0.5873489603864187,0.7644301512132222
5.466666666666657,0,0-ACCAD_Male2General_c3d_A6- Box lift_poses,162,0.6348288502776995,0.5771125555038452,0.8408438019828514,0.6980672658776519,0.018095439186692916,-0.037204465438903954,0.7148359777894128,0.1676284372806549,-0.015958907082676888,-0.31657999753952026,-0.038319870829582214,-0.0017908960580825806,0.0,0.1410045623779297,0.06492138653993607,0.10202189534902573,0.024718357250094414,0.0009916205890476704,0.0,0.008993716910481453,0.03585498034954071,0.11729247868061066,-2.654733896255493,0.5956636667251587,1.0566023588180542,-2.6926605701446533,-0.6280217170715332,1.0689823627471924,0.6328734580022755,0.571228516875636,0.9155870594076583,0.6373375531727755,0.5904761245354355,1.4339207016251283,0.5452455385132882,0.6559895787146346,0.047492730688416016,0.73352219278668,0.6553844700124651,0.049267908932331475,0.4959002414533794,0.4934520323335341,0.054318247114369486,0.7560591243490571,0.487513073334107,0.06380341349908232,0.5093699453396043,0.5589083782814552,0.4494852841095074,0.754946586434824,0.571565800960839,0.4555424857234715,0.48277795555843267,0.6662782832251468,1.5072853680092346,0.7985715670882125,0.6645050881580555,1.5075682275566722,0.4842184174425269,0.6581509929260462,1.3231890985572907,0.7892479235304662,0.6612315503357531,1.323552147212855,0.5353061772279121,0.5789324320872545,1.1325024364235154,0.7356125367288308,0.5858253275768907,1.1310758197063522,0.5473663574984171,0.5853682741252123,0.7608870516197176,0.6762006506991923,0.587622626535333,0.7645376679644218
5.49999999999999,0,0-ACCAD_Male2General_c3d_A6- Box lift_poses,163,0.6349017467582598,0.5772646069526672,0.8406393580512718,0.6981845149648298,0.01831019470357025,-0.03719388625396984,0.7147165414754085,0.16778434813022614,-0.015995223075151443,-0.3165462911128998,-0.037998300045728683,-0.0017738827737048268,0.0,0.14138326048851013,0.06465183943510056,0.10198681056499481,0.024807371199131012,0.0009961308678612113,0.0,0.008863086812198162,0.035861700773239136,0.11733198910951614,-2.6543664932250977,0.5957622528076172,1.0568009614944458,-2.6924777030944824,-0.6281585693359375,1.0690208673477173,0.6329695072980186,0.5713595599293436,0.9153815607905584,0.6376240789302922,0.59047482450449,1.4337183743735915,0.5450722301339067,0.6561834674449006,0.04729481135805457,0.7335438353293974,0.6554455456798252,0.04901359042679435,0.4956813430129232,0.49366188970645103,0.05417064140302601,0.7560158449128759,0.48756791360241014,0.06357756767753492,0.509323061014415,0.5591839779424644,0.449320129934689,0.7549560695283257,0.5716885841045112,0.4553020003164951,0.4830717642081391,0.6664835938540788,1.5071232226720859,0.7989660785756301,0.6644771674166944,1.507311783486457,0.4844689422221088,0.6583045701169703,1.3230289107869186,0.7895544464265676,0.6612181577823617,1.3232999245189923,0.5354819365300827,0.579053065182638,1.1323329811150944,0.735790847883725,0.5858567154459351,1.1308378973671382,0.5474150425265786,0.5855751557895182,0.760713946197008,0.6762511438369133,0.5877930518757938,0.7643218212909292
5.5333333333333234,0,0-ACCAD_Male2General_c3d_A6- Box lift_poses,164,0.6347278204048052,0.5771452784538269,0.8405849986152366,0.698218160678968,0.018424644129020545,-0.03742925013670515,0.7146684432805199,0.16799132525920868,-0.016127660870552063,-0.3164843022823334,-0.037690382450819016,-0.0017576359678059816,0.0,0.14176656305789948,0.06452872604131699,0.10191304236650467,0.025040315464138985,0.0010085434187203646,0.0,0.008726855739951134,0.03598843514919281,0.11743886023759842,-2.653961420059204,0.5957902669906616,1.0570082664489746,-2.692232608795166,-0.6283462047576904,1.0690759420394897,0.6327828798375514,0.571203189694334,0.915323936173675,0.6374328219848816,0.590117031061372,1.4336682105170855,0.5450953015109409,0.6562245647588922,0.047219269122677404,0.733602991557589,0.655363236496986,0.04896333559807101,0.49569070484412897,0.49370684040451734,0.054087682248361385,0.7560356781450355,0.48748281857023457,0.06355579423973452,0.5092532956504,0.5592294845511502,0.4492390840424452,0.7548703056949432,0.5716493582327552,0.455269518914427,0.4828670818997301,0.6663095281398942,1.5070623465955841,0.7988579364870968,0.6641382014308972,1.5072729992360696,0.4842812612090425,0.6580941259210951,1.322969784368229,0.7894202352585932,0.6609043449408597,1.323262031704535,0.5352961998923658,0.5788377052585827,1.1322755822949353,0.7356067821269401,0.5855937785485178,1.1307886328852805,0.5472548284436456,0.58551092506266,0.7606492160626026,0.6760905088489714,0.5877165627569281,0.7642787676285241
5.566666666666657,0,0-ACCAD_Male2General_c3d_A6- Box lift_poses,165,0.6345977034652606,0.5773497223854065,0.8407092146949485,0.6978065758962269,0.018514242654298234,-0.037526060765062264,0.7150629344458975,0.16832739114761353,-0.016336077824234962,-0.3164041340351105,-0.0374264121055603,-0.001743813743814826,0.0,0.14215734601020813,0.06435340642929077,0.10184658318758011,0.025318846106529236,0.0010234283981844783,0.0,0.008584506809711456,0.03622055426239967,0.11739781498908997,-2.653580665588379,0.5957573652267456,1.0571902990341187,-2.6920037269592285,-0.6285631656646729,1.0690997838974,0.6326556409720732,0.5713867940752912,0.9154465673323077,0.6373949674581327,0.5901565607413131,1.4337956914931698,0.5450341634216541,0.656206005720665,0.04730975797394622,0.7335591693276302,0.6555112434729842,0.04905565144426796,0.4958217788854861,0.49363198478415937,0.05422560389479869,0.7561647430717416,0.4876608377020869,0.06372634734612057,0.5092281327838291,0.5593046411654854,0.4493568226042866,0.7548069218152492,0.5719894548301845,0.4554039261690166,0.48275839651870345,0.6663369697131685,1.5072074397320108,0.7988354137079083,0.6643948958657866,1.5073694847180064,0.4841488236977553,0.6580746230976098,1.323116797534119,0.7893311705369277,0.6611640800955595,1.3233618886917176,0.5352121247212466,0.5788594112799171,1.1324193981754214,0.7355154344304343,0.5858199021511633,1.1308960510788901,0.5471192209896372,0.5856437253502209,0.7607701682701575,0.6759520717414538,0.5879970087357529,0.7644071808598414
5.59999999999999,0,0-ACCAD_Male2General_c3d_A6- Box lift_poses,166,0.6344226446235552,0.5774242281913757,0.8403329901771263,0.697702805029688,0.018649717575935882,-0.03753918179342338,0.7151599777101089,0.1686321496963501,-0.016421368345618248,-0.31636252999305725,-0.037163905799388885,-0.0017300470499321818,0.0,0.14248718321323395,0.0642281249165535,0.10176414996385574,0.025477685034275055,0.001031658728606999,0.0,0.008543729782104492,0.036360979080200195,0.11731254309415817,-2.6532435417175293,0.5957218408584595,1.0573360919952393,-2.6917564868927,-0.628765881061554,1.0690994262695312,0.6324945954990725,0.5714454560893184,0.915069439856819,0.6373954577598274,0.5900666823470242,1.4334227691961736,0.5447415276999612,0.656118472941976,0.04691508208512381,0.7333253742145189,0.6554938141510175,0.048639303585152435,0.49558138031259763,0.4935314906292259,0.0538974234751015,0.7559635651090539,0.48765203898985493,0.06335836686283278,0.509024183270122,0.5593476574395437,0.44900291610162596,0.7545973084187795,0.5720914161541517,0.45501168508373013,0.4827577135607664,0.66633031049481,1.506874483094309,0.7989104724375853,0.6644028934669928,1.506945466256003,0.48409449526420206,0.6580340844957767,1.3227849672249405,0.7893184243308808,0.6611831394147425,1.3229422325856954,0.5351221054695203,0.5788287684295434,1.132074963808817,0.7354230937812205,0.5858424390180547,1.1304914846545386,0.5469284557568548,0.585716476394802,0.7604093111242541,0.6757611857599243,0.5881074743892787,0.7640258322089888
5.633333333333323,0,0-ACCAD_Male2General_c3d_A6- Box lift_poses,167,0.634228452690877,0.5774093270301819,0.8404693656043724,0.6978214102371724,0.01865190847218913,-0.03781966207434757,0.7150294112031554,0.16875052452087402,-0.016465693712234497,-0.3163534104824066,-0.0369090661406517,-0.0017166599864140153,0.0,0.14266337454319,0.06420425325632095,0.10165634006261826,0.025542767718434334,0.0010346738854423165,0.0,0.00859849713742733,0.036486778408288956,0.11735944449901581,-2.6529362201690674,0.5956788063049316,1.057433843612671,-2.6914446353912354,-0.628987193107605,1.0690951347351074,0.6322702466722675,0.5714006462633918,0.9152026325250114,0.6370493475714997,0.5898365205697168,1.4335638480676152,0.5448787918964939,0.6562934467316758,0.04701435175615919,0.733474765267043,0.6556220906094362,0.04882628537585417,0.49565701650732613,0.49372413787302655,0.05397399576713062,0.7560273357967908,0.4877671904158323,0.06352710315909346,0.508986250184193,0.5595169921448946,0.44908662671316574,0.7545449091507825,0.572142571957777,0.45519365586740357,0.48241682519443047,0.6662463569950247,1.5069765261641161,0.7986456591355025,0.6641955907671648,1.5071269821713746,0.4837963823810779,0.6579423052874299,1.3228876787252382,0.7890655149953413,0.6609951807387919,1.3231227908656542,0.5348495691795022,0.5787365924211404,1.132185968983212,0.7351530307717323,0.58569127777865,1.13065609129265,0.5467671522232276,0.5857689446368841,0.7605160748201583,0.6755993425886059,0.5881132446053727,0.7641817960748215
5.666666666666656,0,0-ACCAD_Male2General_c3d_A6- Box lift_poses,168,0.6345045414054766,0.5773389339447021,0.8404923729972557,0.697812904540513,0.018691835857247305,-0.037732541171372765,0.7150412721415241,0.16859260201454163,-0.016394788399338722,-0.3164023160934448,-0.03668981418013573,-0.0017051782924681902,0.0,0.1426972597837448,0.06424577534198761,0.10153152048587799,0.025625739246606827,0.0010386476060375571,0.0,0.008741104044020176,0.03647546097636223,0.11746545881032944,-2.6526572704315186,0.5956482291221619,1.057486891746521,-2.6911211013793945,-0.6291864514350891,1.069061279296875,0.6325598183964071,0.5713353746680445,0.9152264035886111,0.6374135008142802,0.5898669742280108,1.4335833316962012,0.5449390067506593,0.6561980316910764,0.04703307758469516,0.7335805362622945,0.6554456055184129,0.04881690090966216,0.4957183829040538,0.4936299789812729,0.05403010740409217,0.7561223896007377,0.4875917057356581,0.06354555243615881,0.5091744578043003,0.559471140866245,0.4491298840561058,0.7547335121108949,0.5720423765906215,0.45519604343511666,0.4827779738206522,0.6663703123340338,1.5069816188224765,0.7990775145655024,0.6643645003490999,1.5070811102146802,0.48412979517174054,0.6579739292203327,1.322896753790582,0.7894403668857621,0.6610832459471728,1.323081319567199,0.5351701208456516,0.5786950925784864,1.132222900612939,0.7354721145500449,0.5856849571335614,1.130661487295815,0.5470288317763496,0.585686008004045,0.7605543880386173,0.6758614891113867,0.5880398460217414,0.7641966604924891
5.6999999999999895,0,0-ACCAD_Male2General_c3d_A6- Box lift_poses,169,0.6344048228347674,0.5768439173698425,0.8402540736274436,0.6981938948891796,0.0187559326781694,-0.03801996728430343,0.7146523505989116,0.1683283895254135,-0.01629115268588066,-0.3164795935153961,-0.03649110719561577,-0.0016947551630437374,0.0,0.14249858260154724,0.06442797929048538,0.10137396305799484,0.025600703433156013,0.0010366158094257116,0.0,0.008925648406147957,0.036444321274757385,0.11772213876247406,-2.6523516178131104,0.5956164598464966,1.0575246810913086,-2.6907596588134766,-0.6294118165969849,1.069015383720398,0.6324336221849186,0.5708039668681018,0.9149844781890045,0.6371363541808162,0.5892042759713191,1.4333470316459096,0.5450432493971309,0.6563229761167382,0.046806337930258686,0.7336466670866906,0.6553922370770546,0.04866486202070816,0.4956338868700157,0.49380796671794824,0.05370464314062163,0.7559820440539736,0.4875001459542152,0.0632722804828981,0.5091295369424181,0.5594008040033185,0.4488439109399626,0.7546729478220938,0.5716671851067506,0.4549841884722688,0.4825465148663242,0.6659438721530525,1.506688988950284,0.7989233207086639,0.6636422090140347,1.5068848119526084,0.48394783184591866,0.6575315858298572,1.3226052201011336,0.7893086854762952,0.6603665707045333,1.3228837435122813,0.53497958361334,0.5782023611859005,1.1319509779093544,0.7352883469243074,0.5850103031729049,1.1304555961077982,0.5469597261728448,0.585321276474831,0.7602977303143121,0.6757938769473578,0.5875339643210928,0.7639752004162222
5.733333333333323,0,0-ACCAD_Male2General_c3d_A6- Box lift_poses,170,0.6343585100257769,0.5769084692001343,0.8404934458808616,0.6981493598777377,0.01871658671010612,-0.03805407996361243,0.714695073218188,0.1682765632867813,-0.01614999584853649,-0.3165651857852936,-0.036500293761491776,-0.0016957382904365659,0.0,0.14240160584449768,0.06443218886852264,0.10124927759170532,0.025527365505695343,0.001031871186569333,0.0,0.009077079594135284,0.036500632762908936,0.1177063062787056,-2.6520960330963135,0.595561146736145,1.0575120449066162,-2.690471887588501,-0.6297129392623901,1.0689069032669067,0.6323798931370531,0.570868863725644,0.9152236823378685,0.6370464500307825,0.5892690563109914,1.4335866791336522,0.5449799753512501,0.6564078918993379,0.04703669615698374,0.7336657623920043,0.6555549324989173,0.04892832669401673,0.49557861868247616,0.49389015535945346,0.053928087107823985,0.7559994112452313,0.48766040548744316,0.06351036799467637,0.5090860241704992,0.5594626602149294,0.44907037134211003,0.7546596253456452,0.5717657886395432,0.4552356273305077,0.4824417484393616,0.6660555378908574,1.506897325591463,0.7989116116254217,0.6638172802476163,1.5071081832923543,0.4838494835519296,0.6575996192035442,1.3228156048118742,0.7892645106184243,0.6605151445283465,1.3231092877901791,0.5349121155172718,0.5782397841528703,1.1321840215826042,0.7352190998271031,0.585102672541747,1.1307015575315071,0.5469211350577478,0.5853735082169823,0.7605276320729979,0.6757546445422764,0.58760043220861,0.7642191469353272
5.766666666666656,0,0-ACCAD_Male2General_c3d_A6- Box lift_poses,171,0.6343077864730731,0.5769850015640259,0.8403431229667381,0.6977632500380543,0.018610578241420168,-0.03788702101809105,0.715083678258864,0.16834372282028198,-0.016009796410799026,-0.31665897369384766,-0.036663033068180084,-0.0017051220638677478,0.0,0.14237461984157562,0.06431236118078232,0.10114187747240067,0.025476545095443726,0.0010283179581165314,0.0,0.009203242138028145,0.03660137578845024,0.117512047290802,-2.651869058609009,0.5954957008361816,1.057463526725769,-2.6902475357055664,-0.6300389170646667,1.068739652633667,0.6323385789466064,0.5709732763780196,0.9150758559691223,0.6370565772279982,0.5894864450833601,1.4334348207666983,0.5447369602848369,0.6560752629172943,0.046867694712313876,0.733573116187287,0.6554603341448038,0.04874729725240054,0.4955010506191737,0.4935097108066294,0.053815101879691435,0.7560690557728816,0.4875923021537918,0.06338480174004518,0.5089960038549483,0.5592191022863552,0.4489354863250161,0.7546231551644165,0.5718237477430372,0.4550827551899635,0.48238422133440334,0.6661730086456508,1.5067310827656788,0.7989505580858627,0.6642810913355026,1.5068959375048956,0.48376679824970564,0.6576460992331769,1.3226524460336753,0.7892342357616852,0.6609256597329156,1.3229016485624907,0.5348952401932245,0.5782673789266972,1.1320483199417115,0.7351934659080681,0.5853753084451299,1.1305373555322937,0.5468581736088055,0.5853240224294319,0.7603770894513181,0.6756893609448394,0.5876908583698666,0.764063001275399
5.799999999999989,0,0-ACCAD_Male2General_c3d_A6- Box lift_poses,172,0.6340840306365862,0.5766618251800537,0.8401808791236595,0.6980029675248669,0.018571404956904614,-0.03806040902774202,0.7148414967732688,0.1682758629322052,-0.015876268967986107,-0.31677648425102234,-0.03678453713655472,-0.001712141209281981,0.0,0.14225812256336212,0.06430982053279877,0.100997194647789,0.025464599952101707,0.0010268503101542592,0.0,0.009398957714438438,0.03665989637374878,0.11747453361749649,-2.65164852142334,0.5954710841178894,1.0573769807815552,-2.689962863922119,-0.6303545236587524,1.0685677528381348,0.6320904305070866,0.5706363168508208,0.9149118553510446,0.6367022382991757,0.589025680085568,1.4332763322667543,0.5447048122787581,0.6560612774008192,0.046712517769366003,0.7336127735740167,0.6553130941652078,0.04863709288066348,0.4953390682140305,0.4935320312963337,0.05358765221484593,0.7559654742921501,0.48742164556449213,0.06322538467095985,0.508822195497181,0.5590769677911036,0.44873606477870276,0.7544904225519642,0.5715267553013536,0.45495044124676753,0.48205486046610396,0.6658330296724075,1.5065373548365202,0.7987231797530738,0.6637764927162826,1.5067648838803605,0.48346960694208546,0.6573243961198877,1.322458116866439,0.7890007325641049,0.6604568661952234,1.3227702690010479,0.5346038104620525,0.5779269805498692,1.131864058111414,0.7349058385472195,0.5849369394474544,1.1304001861145578,0.5466618929519949,0.5850757214499448,0.7601930150772737,0.6754937067236977,0.5873516667364758,0.7639143189132108
5.833333333333322,0,0-ACCAD_Male2General_c3d_A6- Box lift_poses,173,0.6344457116210833,0.576622486114502,0.8404138140754417,0.6979217745284654,0.018512003038833724,-0.03801801175413452,0.7149245646673436,0.16818170249462128,-0.01569943316280842,-0.31692078709602356,-0.03681261092424393,-0.0017139151459559798,0.0,0.14206403493881226,0.06449200958013535,0.10079985857009888,0.025458697229623795,0.0010256442474201322,0.0,0.009670824743807316,0.036574818193912506,0.11748063564300537,-2.651437997817993,0.5955004692077637,1.0572447776794434,-2.689652919769287,-0.6306489109992981,1.0683711767196655,0.6324508747440087,0.5706074950374347,0.9151456045543046,0.6369766813329841,0.5890806369153186,1.4335077177375695,0.5449593928829819,0.6559572894953745,0.046936294664158384,0.7338533764201943,0.6553119712322903,0.04887934467254032,0.4956115425803817,0.4934230722538179,0.05382236002738753,0.7562184977608739,0.4874212303420633,0.063456740556144,0.5091462078562992,0.558978917068825,0.44896727952899584,0.7548063031537211,0.5715102877965096,0.45518552886280506,0.4822683343749892,0.6658698147403546,1.5067177665841613,0.799049450546409,0.6639808309269057,1.50697944600564,0.4837151476511114,0.6573206992621222,1.322640653503659,0.7893127248203343,0.6606153248615816,1.322986419656195,0.5349264940955277,0.5778841918149071,1.1320827220726386,0.735225245608665,0.5849927277381692,1.130646143043755,0.547024497851543,0.5850022637347293,0.7604218647632432,0.6758557110016441,0.5873057733043432,0.7641474367395847
5.866666666666656,0,0-ACCAD_Male2General_c3d_A6- Box lift_poses,174,0.6344662752235308,0.5763657093048096,0.8401020817832664,0.698331296301958,0.018473282207211963,-0.03811558074857906,0.7145203572704687,0.16795383393764496,-0.015531971119344234,-0.31709712743759155,-0.03680343180894852,-0.0017135540256276727,0.0,0.1418144553899765,0.06463773548603058,0.10060449689626694,0.025471720844507217,0.001025403500534594,0.0,0.009990704245865345,0.03641528636217117,0.11754713952541351,-2.651181697845459,0.5956016778945923,1.0571011304855347,-2.689321994781494,-0.6309605836868286,1.068151831626892,0.6324536102169106,0.5703454848820955,0.9148329728355701,0.6368163859754256,0.5887997220046574,1.433196805418379,0.5450705202610877,0.6560360969562146,0.04663109170257762,0.7339736256840003,0.6551842051554602,0.04860875195133647,0.4955099362349243,0.4935644982243275,0.053466888400132306,0.7561163805712396,0.48725919358433006,0.06313076609674538,0.5091480376453863,0.5589748094116469,0.44863235263355683,0.7548254214629176,0.5712222141049803,0.4548870174950054,0.4821106136343116,0.6657735526461486,1.5063368137304278,0.7990331015773136,0.6636199484233283,1.5066949350383345,0.4836246720478588,0.6572129546523721,1.3222607751124769,0.7893104603549689,0.660257237097196,1.3227011127932202,0.534856919398817,0.5776994562045354,1.1317375538033885,0.7351621056452611,0.5846378251380601,1.130367773047333,0.5470665592853632,0.5848489705194093,0.7600987728183632,0.6758998217374519,0.5870025785464787,0.7638431942752101
5.899999999999989,0,0-ACCAD_Male2General_c3d_A6- Box lift_poses,175,0.6344297971809283,0.5763666033744812,0.8401277117805198,0.6982287201353699,0.01850690155598343,-0.0381228231466098,0.7146193387589318,0.16779081523418427,-0.015441587194800377,-0.31727176904678345,-0.03689689561724663,-0.0017187908524647355,0.0,0.1416378915309906,0.06462932378053665,0.10043664276599884,0.02551821619272232,0.001026923768222332,0.0,0.01027780119329691,0.036319054663181305,0.11752909421920776,-2.650878429412842,0.5957493782043457,1.056941270828247,-2.689005136489868,-0.6313239932060242,1.0678950548171997,0.6324208381417497,0.5703417998461172,0.9148583335230392,0.6367217479712377,0.5887631558116833,1.4332237304960849,0.544935993425146,0.656197190864721,0.04668356414643226,0.733893234773323,0.655360768845306,0.04864362519194329,0.4953968155853757,0.4937171323794524,0.05347329562737514,0.7560576009306939,0.48743598724122245,0.06313529852744332,0.5090692637325491,0.559006044754568,0.4486578801189318,0.754769686169224,0.5713293202234829,0.4549064212430977,0.4819103741862565,0.665710181883792,1.5063295905508094,0.7990111784252333,0.6637162516426142,1.5067120248576262,0.4834668198368985,0.6571428875180366,1.3222542169986822,0.7892553227840337,0.6603594995352517,1.322719851925825,0.5347962560685146,0.5776255014782783,1.1317543690909373,0.7350976120415446,0.5846772194433428,1.1304034549164856,0.547025611565034,0.5848249944395368,0.7601275267641247,0.6758583594575629,0.5870150473334534,0.7638685714114315
5.933333333333322,0,0-ACCAD_Male2General_c3d_A6- Box lift_poses,176,0.6342563476646319,0.5764973163604736,0.8399510436134056,0.6983697282950245,0.018381375422975913,-0.0380379057511095,0.714489303884084,0.16775904595851898,-0.015435284934937954,-0.31743499636650085,-0.03703722357749939,-0.001726543647237122,0.0,0.1415158212184906,0.0645446851849556,0.10027609765529633,0.025605570524930954,0.0010306062176823616,0.0,0.01050672959536314,0.03634202852845192,0.11743013560771942,-2.6505208015441895,0.5958648324012756,1.0567717552185059,-2.688693046569824,-0.6317092776298523,1.0676020383834839,0.6322416637985439,0.5704951154163009,0.91468333002795,0.6365272172198158,0.5890173873409504,1.433045446170471,0.5448380930192428,0.6562012375208116,0.046497466942309294,0.7338396902549612,0.6552755602633756,0.04844698927627939,0.4952093694930541,0.49374912906519586,0.053302043305756136,0.7559094734306983,0.4873423882778629,0.06298571059076018,0.5088918949724419,0.5590773387654207,0.4484801274167543,0.7546209530693848,0.5713387040971766,0.4547345998882077,0.4816796307560847,0.6660885616690911,1.5061005365314186,0.7989544809269561,0.6639959358377667,1.5064950328375122,0.48325699953346196,0.6574554592199499,1.322028415736305,0.7891500924829737,0.6606109737474853,1.3225059565230335,0.5346111671904047,0.5778357752287644,1.1315745198663492,0.734913701076898,0.584855117907563,1.1302296603912383,0.5468590951072159,0.584965605302679,0.7599445018104238,0.6756925625901352,0.5871043099647416,0.7636908642822837
5.966666666666655,0,0-ACCAD_Male2General_c3d_A6- Box lift_poses,177,0.634271725662984,0.5762994885444641,0.8399361424522117,0.6983900610540459,0.018282740670515572,-0.038101381842207446,0.7144685778368528,0.167702779173851,-0.015425757504999638,-0.31761226058006287,-0.037167321890592575,-0.0017336589517071843,0.0,0.14129407703876495,0.06462780386209488,0.1000671535730362,0.025776317343115807,0.0010387988295406103,0.0,0.010724209249019623,0.03628618270158768,0.11747227609157562,-2.650019645690918,0.5960049033164978,1.0566471815109253,-2.6883544921875,-0.6320821046829224,1.0672756433486938,0.632239648263204,0.5703008798737335,0.914668246366505,0.6363638050190555,0.5888724206179067,1.4330297571157322,0.5450441450541085,0.6560563088849131,0.04647705184748793,0.7339825525042709,0.6551240347911205,0.04845158250678251,0.49537483490278994,0.49361509722836444,0.053245536511316346,0.7560074345135498,0.48718541063131093,0.06299541583185887,0.5089784620138514,0.5588837363342457,0.4484365021963034,0.7546860734165924,0.5711839760594062,0.4547433470337136,0.4814224527649279,0.6660684972960214,1.5059885068943477,0.7988816638569377,0.663921559666637,1.506490140328253,0.4830785263848323,0.6573572531386299,1.3219207589058315,0.7890814373388334,0.6605264787323126,1.322501028721584,0.5345403689009061,0.5776482421017882,1.1315291190012806,0.7348422817093072,0.5846964517983676,1.1302440643842626,0.5468932619816307,0.5847686057293195,0.7599094699817325,0.6757261023561955,0.5868946131175357,0.7636852363267972
5.9999999999999885,0,0-ACCAD_Male2General_c3d_A6- Box lift_poses,178,0.6344145979965106,0.5764275789260864,0.8401413016395286,0.6984692387327102,0.01816106215646807,-0.03810449863130442,0.7143941108026816,0.16759102046489716,-0.015286519192159176,-0.3178282380104065,-0.0372338742017746,-0.0017371902940794826,0.0,0.14093783497810364,0.06484340131282806,0.09981885552406311,0.02601948380470276,0.0010508946143090725,0.0,0.010949402116239071,0.03614058718085289,0.1176450178027153,-2.6494181156158447,0.5961982011795044,1.0565379858016968,-2.687979221343994,-0.6324209570884705,1.0669118165969849,0.6323684983513911,0.5704415930246417,0.9148740350903395,0.6363114302618834,0.5891909591865524,1.4332300629497137,0.5452510370523892,0.6561739550447193,0.04666628191741336,0.7341311829072784,0.6552548541568255,0.04866602043249469,0.4955124652007146,0.49375372799098716,0.05342973621014559,0.7560841483275084,0.48730780937051243,0.06322134443446609,0.5091323570831772,0.559009146063229,0.44862248112580755,0.7548182684933227,0.5713319914897403,0.45496342434473264,0.48126368873909364,0.6665877847352515,1.5060587512071235,0.7989165581739577,0.6643103473120204,1.5066870927705522,0.48301369562681795,0.6577344006854974,1.3219986543068758,0.7891334179669254,0.6608615355478035,1.3226980711706953,0.5345899420010216,0.5778666150476802,1.1316987591593615,0.7348923673755097,0.584911886588418,1.1304791534792562,0.5470516693587253,0.5849006828480076,0.7600986903732203,0.6758844681892993,0.5869920158357574,0.7638962496837467
6.033333333333322,0,0-ACCAD_Male2General_c3d_A6- Box lift_poses,179,0.6345193233573809,0.5762791037559509,0.8400321059303001,0.6984708790976305,0.018072766901565118,-0.038020549939683214,0.7143992188765249,0.16741696000099182,-0.015039323829114437,-0.3180794417858124,-0.0372309647500515,-0.0017368134576827288,0.0,0.14043071866035461,0.0651366338133812,0.09954552352428436,0.02631022408604622,0.0010655238293111324,0.0,0.01119229570031166,0.03597225248813629,0.11790203303098679,-2.64876389503479,0.5964159369468689,1.0564085245132446,-2.6875650882720947,-0.6327371001243591,1.066497802734375,0.6324725618999714,0.5703113308714067,0.914766277862121,0.6362979000607748,0.5893267174158636,1.4331128423305384,0.5451945088376422,0.6559483702820197,0.04654310564019053,0.7340437562494436,0.655153450768284,0.04855097633975679,0.4954215828394121,0.4935396775161527,0.053330767362531825,0.7559647532863301,0.4872025251366999,0.06310970116039055,0.5091602450599205,0.5588188795700179,0.448515456398444,0.7548292075203404,0.5712444160231879,0.4548477276076223,0.48112514433838705,0.6669111267315544,1.5058146309468836,0.7989729738308552,0.6645733172655623,1.5065302196059018,0.48295033844580304,0.6578808512677616,1.3217638580724227,0.789188338562759,0.6610399979324146,1.3225428809890056,0.5346408910103402,0.5778276548911776,1.1315664061359396,0.7349419268692708,0.5849186800910212,1.1303843336108648,0.5471571828282359,0.5847282670868323,0.7599870346658878,0.6759901118260078,0.5868123513715137,0.7637856327876689
6.066666666666655,0,0-ACCAD_Male2General_c3d_A6- Box lift_poses,180,0.634344145306386,0.5762282013893127,0.840091829784365,0.6988561840017558,0.017841948482350326,-0.03819737455691425,0.7140186688972607,0.16717948019504547,-0.014732581563293934,-0.31835702061653137,-0.037234507501125336,-0.001736724516376853,0.0,0.1398288756608963,0.06550433486700058,0.0992456004023552,0.026634298264980316,0.001081905560567975,0.0,0.01147432066500187,0.035800982266664505,0.11808686703443527,-2.648132801055908,0.5967467427253723,1.0561997890472412,-2.687138319015503,-0.6331304907798767,1.0659935474395752,0.6322508972390116,0.5702668122041084,0.9148252236020618,0.6357051360582978,0.5894079736947744,1.433169218875393,0.5453229741634608,0.6561142452884497,0.04656099794754501,0.7341287732843693,0.6552410164618009,0.04867683664116484,0.495329682914131,0.49377154586779975,0.05330775827203799,0.7558229162340764,0.487258205951867,0.06320747788170585,0.5090772641345632,0.5589569220265399,0.44850762055257176,0.7547355731350044,0.5712220065008698,0.45496165357466106,0.4804168796992941,0.6672969212781568,1.5056842518579112,0.7985165799577852,0.6645730187224063,1.5066503007714909,0.4824202915975185,0.6581575179411745,1.3216407193674211,0.7888132501715523,0.6610293722852901,1.3226588548693607,0.5342596468357029,0.5779211594176246,1.1315510912307825,0.7345673644981376,0.5848441656879221,1.1305142069326277,0.5470342424878173,0.5847636654156356,0.7600002006757115,0.675867525122894,0.5866963585542498,0.763867849094091
6.099999999999988,0,0-ACCAD_Male2General_c3d_A6- Box lift_poses,181,0.6346628513420001,0.5764252543449402,0.8401581101493553,0.6987840027604286,0.01761503234608393,-0.03798173118106219,0.7141064459995087,0.16694174706935883,-0.01432729046791792,-0.31866374611854553,-0.03733203560113907,-0.0017417611088603735,0.0,0.13908332586288452,0.06593424826860428,0.09892216324806213,0.026903372257947922,0.0010951627045869827,0.0,0.01178041473031044,0.035534556955099106,0.11806832253932953,-2.6475510597229004,0.5971571803092957,1.0558689832687378,-2.6867494583129883,-0.6335601210594177,1.0653555393218994,0.6325685486417534,0.570510439063215,0.9148951749591456,0.6358364636817397,0.5899687946159885,1.4332281892655734,0.5453854996106894,0.6559853361492038,0.046592532810705134,0.7341588498293444,0.6553715097816705,0.04873028984493279,0.4953873416990188,0.4936468818803539,0.05340505591452996,0.7558544211501265,0.4873908269462175,0.06328337814947532,0.5092861681537159,0.5589478953267218,0.44858075944507214,0.754931293926783,0.5714232551196206,0.4550226672799859,0.4803372148875894,0.6679366971354691,1.5055966238757559,0.7987234103125744,0.6652578622599656,1.5066807176740487,0.48246350776640023,0.6586562047761976,1.3215615306344637,0.7890268975607131,0.661654885977971,1.3226900646328346,0.5344933991067281,0.5782472319887649,1.131584662330532,0.7347979514577706,0.5852698188845363,1.1306076870289938,0.5473537228978003,0.5848855301805704,0.7600589268877334,0.6761867057496774,0.5868358201443981,0.7639299913983144
6.133333333333321,0,0-ACCAD_Male2General_c3d_A6- Box lift_poses,182,0.6349109258735552,0.576228678226471,0.8400968365745262,0.6990840806500838,0.017391395565885828,-0.03793381570822333,0.7138207150032231,0.16647475957870483,-0.013865705579519272,-0.3190051317214966,-0.03750668466091156,-0.001750992494635284,0.0,0.13811326026916504,0.06640058010816574,0.09858760982751846,0.027110105380415916,0.0011048944434151053,0.0,0.012154418043792248,0.03522493690252304,0.11812099069356918,-2.6469969749450684,0.597602903842926,1.0554125308990479,-2.686255931854248,-0.633968710899353,1.0646449327468872,0.632795237634227,0.5703432795416644,0.914835621322439,0.6357704958294331,0.5900197298121538,1.4331616152156874,0.5455781033795011,0.6559466092905069,0.04652451977949377,0.734320255978301,0.6553851366367974,0.04871778391727784,0.49539861003006924,0.4936627082367303,0.053303450813393785,0.7558370323378879,0.4873757058282006,0.06320431195068979,0.509460878690899,0.5588418063470773,0.448493907093608,0.75511294599781,0.5712642443176592,0.45497442263980825,0.4801137243195531,0.6681728082130225,1.5053640394496393,0.7987818167436302,0.6652806362749069,1.506631688472455,0.4823989354699912,0.6588123873322703,1.3213348989987284,0.7891383963847027,0.66165713412633,1.322638648168947,0.5345903507133234,0.5782208121411292,1.1314664165701582,0.7348988658426385,0.5851439939308957,1.130598533746994,0.5476267380495179,0.5847213072794357,0.7599763820721132,0.676460701929531,0.5865518251162978,0.763875468101731
6.1666666666666545,0,0-ACCAD_Male2General_c3d_A6- Box lift_poses,183,0.6349100914085284,0.576217532157898,0.8402648024635032,0.6993043717561825,0.017015502185006557,-0.03781072941744154,0.7136204993335071,0.16587457060813904,-0.01343000028282404,-0.31935596466064453,-0.037743136286735535,-0.0017635812982916832,0.0,0.1370203197002411,0.06665420532226562,0.09830116480588913,0.02724422886967659,0.0011105318553745747,0.0,0.012556142173707485,0.03505095839500427,0.11817264556884766,-2.646507740020752,0.5980584621429443,1.054815411567688,-2.685621976852417,-0.6343470215797424,1.063887119293213,0.6327653018262436,0.5703853031570019,0.9150069256774502,0.6354544490413105,0.5904511653844218,1.433319213137536,0.545621905995753,0.6559293725999228,0.04666649186455381,0.7344494776795657,0.6554652761271976,0.04893262000952074,0.4952953801989158,0.4936901283687437,0.05342433416192209,0.7558247385267084,0.48743436487818065,0.06337945663701784,0.5094425569396339,0.5588016932055815,0.44862344899348805,0.7551505216582864,0.5712263572230255,0.45517006493175055,0.4796242663363596,0.6687237321505363,1.5053384254863338,0.7985604008644466,0.6657917612161994,1.5067705953080412,0.4820649981316291,0.6592606444565224,1.321316532756781,0.7889759333659886,0.6620683043131054,1.3227764702506635,0.5344367053664499,0.5784491038559054,1.1315776099542891,0.7347472645627031,0.5853252924446786,1.1308141933078968,0.5476587190610087,0.5846936110709239,0.7601100412813453,0.6764926812114854,0.586434816916009,0.764052113526396
6.199999999999988,0,0-ACCAD_Male2General_c3d_A6- Box lift_poses,184,0.6351222839439288,0.5761930346488953,0.8401801638679222,0.6995884553903451,0.016722898705036432,-0.03755971938676531,0.7133621837629464,0.16528119146823883,-0.013060616329312325,-0.3196897804737091,-0.03807971626520157,-0.0017816568724811077,0.0,0.13594110310077667,0.06690715253353119,0.09800593554973602,0.02725312113761902,0.0011091582709923387,0.0,0.013007420115172863,0.03485000878572464,0.1180998906493187,-2.6460683345794678,0.5986825823783875,1.0540894269943237,-2.6848716735839844,-0.6347366571426392,1.0630676746368408,0.6329702545641872,0.5704191101011995,0.9149266056886954,0.6355190305450081,0.5908404481973515,1.4332255285772786,0.5457047350356297,0.6558927386860435,0.04659039268540044,0.7345591036994702,0.6555007643337782,0.048870843469891026,0.49520840896802104,0.49370560720882395,0.05333245741846511,0.7557682418552136,0.4874440413823142,0.06326217174442647,0.5095317044789117,0.5587369530568912,0.4485392358361251,0.7552836215548546,0.5711209728966026,0.45507771214644743,0.4794929823100303,0.6691941008716054,1.5051141004990078,0.7987518659181688,0.6662656380340104,1.506608589922793,0.4820594675850469,0.6596763617758234,1.3210967371878086,0.7891751005384169,0.6624455918819595,1.3226160438334866,0.534578260258225,0.5786648193441783,1.1314651201973343,0.7348913866454024,0.5854711485472284,1.1307508514983309,0.5478806676648481,0.5846616894545418,0.7600171319188389,0.6767160213464369,0.5862931962262091,0.7639628929721404
6.233333333333321,0,0-ACCAD_Male2General_c3d_A6- Box lift_poses,185,0.6351560201728716,0.576141357421875,0.8400679879264549,0.6999099739375885,0.016309996092294086,-0.037281270619177916,0.7130709076039866,0.16478437185287476,-0.012801791541278362,-0.3199842572212219,-0.038452595472335815,-0.001801707549020648,0.0,0.1348823606967926,0.06715543568134308,0.0976991355419159,0.027136171236634254,0.0011007238645106554,0.0,0.013464060612022877,0.03465929627418518,0.11794283241033554,-2.645570993423462,0.5994816422462463,1.0532797574996948,-2.684013843536377,-0.6351818442344666,1.0621575117111206,0.6329865177582398,0.5704413996593359,0.9148196015597282,0.635337327847587,0.591279800788272,1.4331028154751202,0.5457992536637822,0.6556220287696101,0.0464585424425745,0.7345995304909069,0.6553661643706234,0.04878894317947233,0.4951183996967446,0.49349306085762035,0.05321493237839102,0.7556200709524715,0.4872825819193329,0.06314325225528324,0.5095216962439459,0.5585484551767432,0.44841573166851,0.7552889284815132,0.5708839934749742,0.4549754501133977,0.47905629561645835,0.669732024995024,1.5048274603409133,0.798713969991582,0.666799495107123,1.506418370478099,0.48179474858565075,0.6601471359220696,1.3208160612892164,0.7891596608429436,0.6628603283082364,1.322427168661841,0.5345073337066705,0.5789037969236773,1.1313135248772326,0.7348237491008989,0.5856198748327343,1.1306709354854665,0.5479353837249475,0.5845978240226359,0.7598834566949164,0.6767717131981569,0.5861046928800804,0.763849507614763
6.266666666666654,0,0-ACCAD_Male2General_c3d_A6- Box lift_poses,186,0.6354204263770953,0.5763228535652161,0.8403232150153831,0.6999015883394444,0.01607448513894717,-0.0370101534369217,0.7130986089665413,0.16429093480110168,-0.012749247252941132,-0.3202240467071533,-0.03882800415158272,-0.001821886864490807,0.0,0.13389047980308533,0.06728614866733551,0.09740360826253891,0.027003291994333267,0.0010912817670032382,0.0,0.013880309648811817,0.0345616415143013,0.11771830171346664,-2.644961357116699,0.6003595590591431,1.0523754358291626,-2.683072090148926,-0.6356629133224487,1.0611072778701782,0.6332543105496825,0.5706764865731168,0.9150789939358971,0.6355509598185114,0.5917714755412106,1.4333522696557959,0.5460228936726191,0.6556970449030156,0.04673737846098311,0.734711765062551,0.6557131763868406,0.049068079618670685,0.495314242537143,0.4935756922998203,0.05346788588100712,0.7557004919108987,0.48761945974201565,0.06335008822442251,0.5097331505013918,0.5585715229456657,0.448678808314412,0.755480690396244,0.5710674250890657,0.45521549438023556,0.4789393427471244,0.6701755459157823,1.5049754871707157,0.7990357689944203,0.667510659637883,1.506567205927567,0.48181213294460146,0.6605831068592137,1.3209665297974524,0.7894490731794405,0.6635128347109503,1.3225789539564894,0.534750444659829,0.5791985712258617,1.131561270236477,0.7350638754682943,0.5860042501448179,1.1309311335892234,0.5481962410026546,0.584705787405669,0.7601374109241303,0.6770328813675613,0.5862084506398774,0.7640973214653041
6.299999999999987,0,0-ACCAD_Male2General_c3d_A6- Box lift_poses,187,0.6354589309776202,0.5762748718261719,0.8401817135886863,0.7001719031001997,0.015800640837730234,-0.03674110024615481,0.7128532369365125,0.16375619173049927,-0.012749905698001385,-0.32043543457984924,-0.03908310830593109,-0.0018354180501773953,0.0,0.13304215669631958,0.06737197190523148,0.09709581732749939,0.026938889175653458,0.0010854733409360051,0.0,0.014309844933450222,0.034450337290763855,0.1174352616071701,-2.6442363262176514,0.6013602614402771,1.051339864730835,-2.6820318698883057,-0.6361708641052246,1.0598899126052856,0.6332896987604455,0.5706867452754764,0.9149417782839592,0.6355269532733843,0.592025392146921,1.4332056095376946,0.5461274756038708,0.6555692757294864,0.04660473082780234,0.7347170888115929,0.6555987486997192,0.048932767141555075,0.49526761971685596,0.4934949290417925,0.05332642740748323,0.7555378897789947,0.4874817859753455,0.06318692763620892,0.5097328403229336,0.5584652366298732,0.44854045223971706,0.7554640388538325,0.5708746729414024,0.45506437306461994,0.47860119823007263,0.6705077097569737,1.5047126254078749,0.7991812429565348,0.6678584607120563,1.5063205725039308,0.48162432538794203,0.6609163936350478,1.3207060180226922,0.7895667395925796,0.6638268835304206,1.3223345080461542,0.5347584653680519,0.5793390126041934,1.131408663348604,0.7350741483825267,0.586079976956565,1.1307992061765775,0.5482400236142859,0.5846483410407258,0.7599919754233241,0.677077928360215,0.5860507292741931,0.7639490415765361
6.333333333333321,0,0-ACCAD_Male2General_c3d_A6- Box lift_poses,188,0.6357165422523394,0.5763526558876038,0.8403453879432395,0.7004580509327111,0.015512907468188179,-0.0364522688242839,0.7125932224509248,0.16317158937454224,-0.012843568809330463,-0.3206152021884918,-0.0392213873565197,-0.0018425099551677704,0.0,0.13222743570804596,0.06734418123960495,0.0967961996793747,0.02691228874027729,0.0010815804125741124,0.0,0.014707769267261028,0.034401457756757736,0.11718069761991501,-2.64330792427063,0.6024537682533264,1.050178050994873,-2.680870771408081,-0.6367603540420532,1.0584882497787476,0.6335447083847804,0.5708263887921122,0.9151099752131564,0.6357646581154518,0.5924489964274005,1.433362432127339,0.5464961173784709,0.6555292523970536,0.046767233893906544,0.7350156882078526,0.6555336624326374,0.049089864091635856,0.4954815122061484,0.4935038487873629,0.0534961746893706,0.7556588061486768,0.48739429797480843,0.06333822545000173,0.5099743853877401,0.5584913876440151,0.44870666684365274,0.7556918012674761,0.5707773249707123,0.45521794858331854,0.47850175804110195,0.6710664095843594,1.5047409465469694,0.7996237076349182,0.6683736124070574,1.5063493963191035,0.4816728128498054,0.6614518664807606,1.3207380411990448,0.7899595029853227,0.6643092902201432,1.322366656264989,0.535005121041172,0.5796330492238662,1.131567971781323,0.7353234575616788,0.586295195516699,1.130964017784824,0.5485025128391247,0.5847154295611905,0.7601522743977954,0.6773416677750952,0.5860142037365312,0.7641051179536956
6.366666666666654,0,0-ACCAD_Male2General_c3d_A6- Box lift_poses,189,0.635674461373128,0.5765116810798645,0.8403779320792869,0.7003843994195924,0.015337601206103198,-0.03613979405953929,0.7126853206880533,0.16262446343898773,-0.013031290844082832,-0.3207615315914154,-0.03929292410612106,-0.0018459417624399066,0.0,0.13145828247070312,0.06707676500082016,0.0965319275856018,0.026873229071497917,0.0010768003994598985,0.0,0.015030439011752605,0.03448181971907616,0.11684347689151764,-2.6421713829040527,0.6036173701286316,1.0488389730453491,-2.679608106613159,-0.6375031471252441,1.0568547248840332,0.6335173316646209,0.571036903480635,0.9151467330704735,0.6358568598489349,0.5928456432913187,1.4333915059298932,0.5464167421740023,0.6555190134749231,0.046813344381860626,0.7349714105156826,0.6557139090703601,0.04910242081625048,0.4954161534396426,0.4934896336609202,0.05355278247700587,0.7556072155182287,0.4875721218413373,0.06333277356405323,0.5099004074200014,0.5585062296121085,0.448758963137005,0.7556285358649268,0.5709130096591184,0.45522167506904193,0.4781787781144026,0.6714691676108996,1.5046850561089278,0.7999179475228488,0.6689883479076222,1.5062066067512254,0.4814590972064269,0.661867149914819,1.3206834121842421,0.790135050690464,0.6649450429579242,1.3222296766245958,0.5350298445025914,0.579861771163364,1.1316267612187139,0.7353442811213781,0.5866353256009572,1.130970756356663,0.5484442867878894,0.5847849345521655,0.7601959350371581,0.6772839399514503,0.5861106265193807,0.7641246195670989
6.399999999999987,0,0-ACCAD_Male2General_c3d_A6- Box lift_poses,190,0.6355761733138934,0.5767220258712769,0.8401774220542625,0.7008258186271856,0.015111712472121884,-0.03586503461954357,0.7122699680482352,0.16218508780002594,-0.013303136453032494,-0.32086965441703796,-0.0393182672560215,-0.0018468513153493404,0.0,0.1308497041463852,0.06675074249505997,0.09625079482793808,0.0268547423183918,0.0010729370405897498,0.0,0.015315319411456585,0.034572672098875046,0.11644522100687027,-2.640808582305908,0.6048569083213806,1.0472939014434814,-2.678210496902466,-0.6383789777755737,1.0549683570861816,0.6334204448207441,0.5713015860722802,0.9149502223699473,0.6358830598817496,0.5932576877660565,1.4331889576628418,0.5465054796258425,0.6556032304839701,0.04660933851006209,0.7350843759331724,0.6556867175206673,0.048875127633158474,0.4952874211489406,0.49364360399902796,0.05337616012102974,0.7554624754454259,0.48751473895407155,0.06312008060833961,0.5097974056901233,0.5587272709993023,0.4485703971893617,0.7555428709015487,0.5708827062948569,0.45500338731740136,0.4778768874195386,0.6721515879562419,1.504374765265904,0.800295695579152,0.669362867004534,1.5058341516575533,0.481268849646326,0.6625692652525564,1.3203741188321956,0.7903839804511505,0.6653929025628444,1.3218625193613727,0.534986430705688,0.5802756361584551,1.1314474032381059,0.7353069492251145,0.5868627454929758,1.1307511628176004,0.5483476266512848,0.5850352142063561,0.7600000594783622,0.677189290344445,0.5862023266548447,0.7639139325620453
6.43333333333332,0,0-ACCAD_Male2General_c3d_A6- Box lift_poses,191,0.6356693949783221,0.5770061016082764,0.8402777962760642,0.7005043382077397,0.01497017420036962,-0.03545485303879806,0.7126096543217362,0.16176284849643707,-0.013674904592335224,-0.3209474980831146,-0.039360664784908295,-0.0018487375928089023,0.0,0.13030537962913513,0.06634227186441422,0.09596041589975357,0.026858186349272728,0.0010700420243665576,0.0,0.015530652366578579,0.034728340804576874,0.11605782806873322,-2.639169931411743,0.6061322689056396,1.045532464981079,-2.6766579151153564,-0.6394144892692566,1.052810788154602,0.6335441368230019,0.5716432802274128,0.9150556233681254,0.6362429503134621,0.593812786092508,1.4332849353436916,0.5464996905492928,0.6554799542981677,0.04672184389453005,0.7350910395654859,0.6558127188305322,0.048909159706573925,0.4954176000622807,0.4934795213436788,0.053539450075206454,0.7555725717912068,0.4876570200799385,0.06319789006956797,0.5098609493664662,0.5587036954361387,0.44871304617430213,0.7555919814819582,0.5711268949089102,0.4550596406528143,0.47775196223439076,0.6727068945259843,1.5043783814620844,0.8009188710131423,0.6702279268595148,1.5056870407581473,0.48121956898343315,0.6631218462346886,1.3203792870163351,0.7908129010143188,0.6663152042570473,1.3217247506648044,0.5352128920280159,0.5805863882427964,1.1315986432579381,0.7355252627128537,0.5874056729852595,1.1308008925315944,0.548406018687216,0.5851631667189967,0.7601244824849904,0.6772479084663583,0.5864509490820866,0.7639934232238406
6.4666666666666535,0,0-ACCAD_Male2General_c3d_A6- Box lift_poses,192,0.635659858235158,0.5772002339363098,0.8402675442771629,0.7006450459448834,0.014897373709834074,-0.03520936346931818,0.7124850093675846,0.16127899289131165,-0.014106846414506435,-0.3210102915763855,-0.03931746259331703,-0.0018459232524037361,0.0,0.12978991866111755,0.06596188247203827,0.09563148021697998,0.026912197470664978,0.0010696765966713428,0.0,0.01572895422577858,0.035003695636987686,0.11575528979301453,-2.6372554302215576,0.6074568629264832,1.043515682220459,-2.6748409271240234,-0.6406295299530029,1.0503872632980347,0.633551591639391,0.5718716467240125,0.9150482996242582,0.6365369506889168,0.5941174141438763,1.4332736599186533,0.5465923981865027,0.6556752561487298,0.04674004148250001,0.7351487603542475,0.6559570068725481,0.04886244521775343,0.4954350558886785,0.49369822873538,0.0535495142490332,0.7555068509073891,0.487786333173404,0.06315134498666822,0.509848872636562,0.5589136686811015,0.4487255057098312,0.7555538645771909,0.5712526915810827,0.4550138585779601,0.4776507280756777,0.6732452920929733,1.5042776076041684,0.8016352725865091,0.6706394069490673,1.5054235025523321,0.48117561971676287,0.6637006912477191,1.3202774990775934,0.7913034556440082,0.6668518921136505,1.321471137810244,0.5353465791817201,0.580858727613604,1.1316425191930686,0.7356595729674527,0.587646390599169,1.1307386100209589,0.5483793335365709,0.5853419602654581,0.7601338373029768,0.6772226956324856,0.5865825927353534,0.7639691685548673
6.499999999999987,0,0-ACCAD_Male2General_c3d_A6- Box lift_poses,193,0.6356164064491168,0.5772997736930847,0.84015155363843,0.7008534562885518,0.014726740817885341,-0.034938811119682715,0.712296873073873,0.1608160138130188,-0.014504102990031242,-0.32107314467430115,-0.03918478265404701,-0.0018381881527602673,0.0,0.12947431206703186,0.0655127540230751,0.09527835249900818,0.027020366862416267,0.0010720186401158571,0.0,0.015966465696692467,0.03530579060316086,0.11528819054365158,-2.6351304054260254,0.6089547872543335,1.0411680936813354,-2.672722816467285,-0.6420379281044006,1.0476701259613037,0.6335168301846128,0.5720185597263523,0.9149359140257939,0.6367579980761819,0.5943406432478122,1.4331576505943748,0.54671171794756,0.6556126267465254,0.04661809619005027,0.735314685552508,0.6556959628955539,0.048685916513316,0.495447990313495,0.49367074374124487,0.053463295804702465,0.7555084910400165,0.4875119022218151,0.063050176160957,0.5098303237988743,0.5589845212394413,0.44862385132435756,0.7555344946961009,0.5711408361074813,0.45487792331250376,0.47742992861472355,0.673726052775703,1.504043351044161,0.8023458017532668,0.6709838589969174,1.5050386123951964,0.4810400721297097,0.6642484611762969,1.3200414316915514,0.7917786939027471,0.6673274885760637,1.321096960257381,0.5354258766792801,0.5810627177269171,1.1315749472164205,0.735740523768667,0.5877883495297481,1.1305784843184086,0.5483281017187936,0.5854297645942944,0.7600275087022943,0.6771727035954708,0.5866036685176161,0.7638413809448558
6.53333333333332,0,0-ACCAD_Male2General_c3d_A6- Box lift_poses,194,0.6354617323959246,0.5779410004615784,0.8400907569007591,0.7007252763337065,0.0144913656925507,-0.034487417254682594,0.7124497915492128,0.16044096648693085,-0.014871429651975632,-0.3211328685283661,-0.03901207074522972,-0.0018282574601471424,0.0,0.12921838462352753,0.06493666768074036,0.09491731226444244,0.027035066857933998,0.0010688850888982415,0.0,0.016214141622185707,0.03561566025018692,0.11464386433362961,-2.632744789123535,0.610658586025238,1.0384632349014282,-2.670287609100342,-0.6436269879341125,1.0446186065673828,0.6333854572180893,0.5727322475420482,0.914880849656479,0.6369343099949218,0.5952263410520383,1.4330946317438638,0.5465206549445745,0.6556445281360882,0.04652300997180163,0.7352745060815689,0.6557792593358924,0.048526317210854084,0.49530729988611266,0.4936919917484104,0.05349210038976844,0.7554609066975783,0.48760539100220446,0.06301973778204167,0.509661759116422,0.5593112497665956,0.4486026180756547,0.7553929261407059,0.571524810037109,0.4547855083304924,0.4770321752263049,0.6747365264430649,1.5038477879453584,0.8030021120056329,0.6722016466105978,1.5046405242181928,0.48073182357151395,0.6653210192759852,1.3198444590866758,0.7921593633039261,0.668642179212462,1.320713013506496,0.5354308415500937,0.5817750989393301,1.1315772374048554,0.7357403830142506,0.5886323130936087,1.1304587060187896,0.5481476206167051,0.5859487715600344,0.7599844466798382,0.6769927946552362,0.5871800833435966,0.7637600851409294
6.566666666666653,0,0-ACCAD_Male2General_c3d_A6- Box lift_poses,195,0.6354423608863726,0.5780550241470337,0.8399462752418235,0.7010285269339754,0.014468290486869347,-0.0343116855492141,0.7121603620182324,0.16005446016788483,-0.015259545296430588,-0.32118839025497437,-0.038832295686006546,-0.0018179407343268394,0.0,0.12875491380691528,0.06440544128417969,0.09450747817754745,0.026938531547784805,0.0010592675535008311,0.0,0.01647299714386463,0.03585033491253853,0.11408179998397827,-2.6299617290496826,0.612586259841919,1.0354193449020386,-2.6674647331237793,-0.645357072353363,1.0412013530731201,0.6333799017784316,0.5728683081316166,0.9147382817625974,0.637198792334369,0.5952061159283133,1.4329581683524433,0.5466061210381781,0.6558261169367033,0.04639640423758282,0.735459707294379,0.6559556674367951,0.04836858943067333,0.49524428598244663,0.49392084002384146,0.05337087249525893,0.7554257668687918,0.48775166033046274,0.06281741147414471,0.5096275122735502,0.5595461861800557,0.44847887669542363,0.7553799141922162,0.5715603587563071,0.45460731616222627,0.4767350579016846,0.6750485636125925,1.5035746460632533,0.8038722534761864,0.672322628915882,1.5042037380538669,0.4805596796140917,0.6658053496077957,1.319565136885639,0.7927618214753298,0.6689917789091416,1.3202879205091136,0.5355437225518229,0.5818950578599834,1.1314856295859792,0.7358565381773643,0.5886397552960027,1.1302732547823822,0.5481156277042665,0.5861042668022314,0.759859858605722,0.6769627310576505,0.5872271702236576,0.7636037202304847
6.599999999999986,0,0-ACCAD_Male2General_c3d_A6- Box lift_poses,196,0.6354067173087969,0.5784854292869568,0.8400330596046165,0.7009794341344263,0.014266512618864361,-0.03385169099505698,0.7122347664605053,0.15961235761642456,-0.015734348446130753,-0.3212357461452484,-0.03876270726323128,-0.0018137117149308324,0.0,0.1284046322107315,0.0638028085231781,0.09406876564025879,0.02703743800520897,0.0010600939858704805,0.0,0.016749093309044838,0.03603220358490944,0.11336051672697067,-2.6268186569213867,0.614721417427063,1.0319660902023315,-2.664252281188965,-0.6472163796424866,1.0373578071594238,0.633371482371561,0.5733687968110367,0.9148306390497871,0.6374671780081189,0.5958148984890455,1.4330451836096971,0.5465786442634568,0.6557789831778275,0.046477281376408226,0.7355195085533909,0.6558712154180535,0.04835122093301951,0.4952321302266144,0.4938725806828451,0.053537899436969016,0.7554290686703774,0.4876709636153403,0.06292121439396488,0.5095735718792642,0.559719216909281,0.44861041686215747,0.7553304342467001,0.5717521913778981,0.45465267586201064,0.47629829086298053,0.6758935032270484,1.5034627477936315,0.8047061916170627,0.6733254755296613,1.5039073512330006,0.4802651136822966,0.6667506704053663,1.3194512342166738,0.7933145361348896,0.6701316776078741,1.3200063070696288,0.5356557855664359,0.5823866709415734,1.1316305983890926,0.7359648165109345,0.5892225757489362,1.130308695389415,0.548050541932858,0.586433083048635,0.7599708657907719,0.6768987374683323,0.5875841371239505,0.7636678171963647
6.6333333333333195,0,0-ACCAD_Male2General_c3d_A6- Box lift_poses,197,0.6352730240905657,0.5786449909210205,0.8400915913657859,0.7007754644423652,0.014238760720094465,-0.033559253582667065,0.7124498456928162,0.1590886414051056,-0.01630534790456295,-0.3212769031524658,-0.03870049864053726,-0.0018098782747983932,0.0,0.12792155146598816,0.0631013959646225,0.09361636638641357,0.027187854051589966,0.0010633822530508041,0.0,0.01706347055733204,0.036298252642154694,0.11265253275632858,-2.62325382232666,0.6170244812965393,1.0280721187591553,-2.660552501678467,-0.6492716670036316,1.0330817699432373,0.6332670592948891,0.5735618720420337,0.9148922464946054,0.6376739380143985,0.5958802384379157,1.4331113282440537,0.5464848584885094,0.6558619316622579,0.046575980450601864,0.7355152090259987,0.6560114463850377,0.04834536374401302,0.49522183971721573,0.49392859845917936,0.05362569705446327,0.7554348861881368,0.48781493244106827,0.06294464998863085,0.5094544728911439,0.5597782607706299,0.4487014754303321,0.7552095032577406,0.571949068461485,0.4546645520162501,0.47571422343937536,0.6761350021784222,1.50334290785656,0.8055041686623963,0.6739060464614062,1.5035688556687132,0.4798237975205593,0.66719104045188,1.31932475344327,0.7938028420105704,0.6709275595145406,1.3196836420862645,0.5356884523737,0.5824258045956165,1.131756772880601,0.7359902179879912,0.5894473120975287,1.1303124653655028,0.5478842304446874,0.5864901516628381,0.7600575553202531,0.6767329989733374,0.5877210160245283,0.7637083231318368
6.666666666666653,0,0-ACCAD_Male2General_c3d_A6- Box lift_poses,198,0.6352360096061602,0.5789323449134827,0.8399232678489402,0.7010120534624869,0.014157665783753869,-0.03313289519138208,0.7122386346275382,0.15843388438224792,-0.016827253624796867,-0.3213456869125366,-0.03858734667301178,-0.0018032067455351353,0.0,0.12736016511917114,0.06240829452872276,0.09312127530574799,0.027375206351280212,0.0010683066211640835,0.0,0.017479073256254196,0.036457378417253494,0.11183425039052963,-2.619243860244751,0.6196011900901794,1.0236653089523315,-2.6563735008239746,-0.6515603065490723,1.028290867805481,0.6332645712539701,0.5739038615541319,0.9147285336123091,0.6380267128862386,0.5961587920542706,1.4329488040076237,0.5464210126225918,0.6560560131767823,0.04644472122574365,0.7355743996289501,0.6559996791503939,0.048080158678013796,0.49504133398388667,0.49416087775762385,0.053522415101275374,0.7552940340505478,0.4877849481036612,0.06274100030303366,0.5093349596449601,0.5600618026612749,0.4485871487673252,0.7551123288346377,0.5720544099369368,0.45443161486891104,0.4752832141040598,0.6768174758762932,1.502950845633922,0.8066059836526962,0.6745739854110345,1.502939083269977,0.47954183456938126,0.6680666870142508,1.31892679272183,0.7945652242430029,0.6718152270577057,1.3190723555312316,0.5358386188356915,0.5827519191597726,1.13166077188023,0.7361408355937723,0.5897319929841893,1.1300842468393513,0.547812012789409,0.5867588525872983,0.759929182180574,0.6766633344453021,0.5879138733326879,0.763513521320177
6.699999999999986,0,0-ACCAD_Male2General_c3d_A6- Box lift_poses,199,0.6351072635734454,0.5791666507720947,0.8398164563255027,0.700896040892309,0.013976835429731615,-0.03264437766529145,0.712378924828425,0.15765497088432312,-0.01735478639602661,-0.3214271366596222,-0.038584571331739426,-0.0018026070902124047,0.0,0.12664783000946045,0.06158176064491272,0.09261713176965714,0.02763396129012108,0.0010767533676698804,0.0,0.01788056269288063,0.03671684116125107,0.11090172827243805,-2.6146926879882812,0.6223946213722229,1.0186924934387207,-2.6517224311828613,-0.6541237235069275,1.022874116897583,0.6331687367633864,0.5742089294801254,0.9146273052272351,0.6382774007647303,0.5964705317347752,1.4328459584638427,0.5462729370929862,0.6560402962623069,0.04636992904634398,0.7356247973444365,0.655923450966629,0.04786804485145692,0.4949347173453708,0.49413299299597285,0.05347009398589921,0.7553045049084821,0.4877122130288915,0.06262231683104158,0.509175448712223,0.5601035805488721,0.4485250846136285,0.7549962945399745,0.5721794612245028,0.45426986986319634,0.47460402400827767,0.6774430577705584,1.5025623565498727,0.8076065398665021,0.6754779605393534,1.5023100837858185,0.4790301239356603,0.66888103564111,1.3185333761672826,0.7952048996986506,0.6729424313650719,1.318464130289089,0.5358947061771845,0.5829715870766846,1.1316281112970434,0.7361903436034453,0.5901065499547269,1.1299149759442995,0.547647444074142,0.5868655445560798,0.7598530854231014,0.676499809059535,0.5880724547573417,0.7633820335716429
6.733333333333319,0,0-ACCAD_Male2General_c3d_A6- Box lift_poses,200,0.6349903788650408,0.5791993141174316,0.8396678023414329,0.7008946305106352,0.013897162276158455,-0.03227110297486882,0.7123988782380385,0.15687723457813263,-0.01789090409874916,-0.32150962948799133,-0.038770731538534164,-0.0018124210182577372,0.0,0.1258140653371811,0.06076182425022125,0.09206915646791458,0.027933243662118912,0.001086999662220478,0.0,0.01825813204050064,0.03702854365110397,0.10981729626655579,-2.6095147132873535,0.6254067420959473,1.0130977630615234,-2.646568775177002,-0.6569281816482544,1.0167272090911865,0.6330826308681138,0.5742897625208073,0.9144826190604513,0.6385755899656086,0.5963143003343683,1.432709805160311,0.546192777828548,0.6561620413709655,0.04629791408218808,0.735711685909338,0.6559278235069161,0.0476434409491857,0.49484245863684223,0.4942558549427143,0.05333577705117916,0.7552896569176617,0.4877071719145202,0.062425708333688296,0.509023354094691,0.5600974471706258,0.4484148733279904,0.7548869746693588,0.5722195357748623,0.45406298440658543,0.47393547967448835,0.6777031917449139,1.502129984022659,0.8087468113384335,0.6758431314924788,1.5016270816094115,0.478526539760798,0.6694241727339181,1.3180920960330724,0.7959622746131039,0.6736722759583151,1.317802689291263,0.5359775297616439,0.5828980420353543,1.1315615506986128,0.7362688251779733,0.5901183553923008,1.1297044143341635,0.5474978344805432,0.586824219897058,0.7597370592988619,0.6763516254979987,0.5880364815718164,0.7632119988482788
6.766666666666652,0,0-ACCAD_Male2General_c3d_A6- Box lift_poses,201,0.6348326053703204,0.579632043838501,0.8397593550758079,0.7004056367900471,0.013588291360951478,-0.0316770129236026,0.7129122450504385,0.15633583068847656,-0.018291154876351357,-0.32160359621047974,-0.03902451694011688,-0.001825946499593556,0.0,0.12497147172689438,0.0600089430809021,0.09145616739988327,0.028109604492783546,0.0010899902554228902,0.0,0.018669739365577698,0.0372222438454628,0.10833782702684402,-2.603733777999878,0.6287872195243835,1.00674569606781,-2.6408517360687256,-0.6599797010421753,1.00977623462677,0.6329576805041464,0.574817006898989,0.9145811438543271,0.6387139094083948,0.5967367801549001,1.4328127770907315,0.5459353982224793,0.6559016883016954,0.04639780103890063,0.7356495259161805,0.6560020191537194,0.047629048654627346,0.49479555784499374,0.4939321146947715,0.05350933756461286,0.7553477862776578,0.48780553514097125,0.06252607199759008,0.5088460652932795,0.5599908499075795,0.4485574418582091,0.7547495776277704,0.572568176152314,0.45410887277053663,0.47286924483783216,0.678359619800053,1.5018326208196042,0.8096632264835963,0.6770697752890809,1.5011369829916188,0.47769389203355783,0.6703680742284261,1.3177880007325682,0.7965208941817677,0.6752538588795975,1.3173339749818744,0.5359693751295379,0.5831822631468666,1.1317206568780136,0.7362460971457871,0.590767762015008,1.129750955035736,0.5473019198327619,0.5870160119297481,0.7598504651249274,0.6761551897500777,0.5884072708822239,0.7632790541387463
6.799999999999986,0,0-ACCAD_Male2General_c3d_A6- Box lift_poses,202,0.6347487416351214,0.5798311233520508,0.8396984391288475,0.7005126716789059,0.01344598892998455,-0.031403173003724465,0.7128218872371095,0.15563514828681946,-0.018686918541789055,-0.3217219412326813,-0.03923330456018448,-0.0018369737081229687,0.0,0.12408173084259033,0.05934503674507141,0.09077087789773941,0.028250791132450104,0.0010905541712418199,0.0,0.019189173355698586,0.03739933297038078,0.10678844153881073,-2.597269058227539,0.6324881911277771,0.9995095729827881,-2.634319305419922,-0.6632443070411682,1.0020054578781128,0.6328866828228424,0.5750605301508822,0.9145233960448964,0.6388494721577275,0.5964611116168014,1.432777404021925,0.5459959213185627,0.6562175985264549,0.04639217721036033,0.7358513852598532,0.6562795336876355,0.04754088729837116,0.4947880163503233,0.4942665993395694,0.0534366311376107,0.7553738531140353,0.48806100340874636,0.06242038055899356,0.5087683534118594,0.5601907172908419,0.44851019909901346,0.7547072014846682,0.5727653157206397,0.4540156669444301,0.4718257519399453,0.6785637946859552,1.501367632034052,0.810738738590908,0.6773828309673304,1.5005268891576151,0.4769157607118816,0.6710480309455755,1.317310115723882,0.7972697594775223,0.6760999238461941,1.3167430352554568,0.5359899893264959,0.5831661512864925,1.1317129592078667,0.7362641510510108,0.5908002220186168,1.1296718787097564,0.5472051970638828,0.5871753278193955,0.7598034700129215,0.6760595873488154,0.5885276555437938,0.7632065186083998
6.833333333333319,0,0-ACCAD_Male2General_c3d_A6- Box lift_poses,203,0.6346772160613909,0.5800520777702332,0.8395413212852195,0.7010459261442317,0.013018834937551781,-0.030902585253722425,0.7123272770279696,0.1548251509666443,-0.01913715898990631,-0.32185134291648865,-0.039456821978092194,-0.0018488187342882156,0.0,0.12323438376188278,0.05880448594689369,0.09000128507614136,0.028435470536351204,0.0010930143762379885,0.0,0.019829463213682175,0.03751569986343384,0.10507850348949432,-2.5899925231933594,0.6365475058555603,0.9912852644920349,-2.6269140243530273,-0.6668108105659485,0.9932865500450134,0.6328186470226453,0.5753811444297796,0.9143726523094453,0.6389501011678255,0.5965369298140066,1.4326380011159543,0.5462360844135012,0.6561789455878031,0.04624269957208544,0.7361139042075959,0.655850041860195,0.04730309068341512,0.49476538181609137,0.4943122254917801,0.05330893615776043,0.7552503882928318,0.48759743918441173,0.062298312244983535,0.5087120185107065,0.5603157028332197,0.44837096852462544,0.7546513529036258,0.5725573614494129,0.4538382205994704,0.47072635022565407,0.6793941351615419,1.5006571580175554,0.8119311610445646,0.6779961528242255,1.4997048502489554,0.47610699799561146,0.6722973410134563,1.316591277565573,0.7981502479029394,0.6771904132844605,1.3159414114997168,0.5359954655780276,0.5834465540979862,1.1315971165439822,0.7362753783180237,0.5909135733216719,1.1295030590536983,0.5471335996193818,0.5874010165891927,0.7596508908233772,0.6759903398546641,0.5885677844897919,0.7630337960969416
6.866666666666652,0,0-ACCAD_Male2General_c3d_A6- Box lift_poses,204,0.6344709839904681,0.5799665451049805,0.8395592026786521,0.7007256760406224,0.012868496934060322,-0.03054052449076326,0.7126606521254698,0.15407469868659973,-0.019522294402122498,-0.3220013380050659,-0.039783015847206116,-0.0018663537921383977,0.0,0.12223389744758606,0.0582541897892952,0.0891822949051857,0.028520584106445312,0.0010894299484789371,0.0,0.02053634636104107,0.037619467824697495,0.10335051268339157,-2.581683397293091,0.6410622596740723,0.9819784164428711,-2.6185200214385986,-0.6708576083183289,0.9835168123245239,0.6326365352524396,0.5753491976579423,0.9143944544012252,0.6389421814064523,0.595977713880417,1.4326823045079768,0.5460281826057595,0.6560568741998778,0.04632743373739768,0.7359596140627898,0.6559386024523093,0.047289905658101566,0.4946803958998629,0.4941482004635553,0.05332644576416323,0.7551060741450478,0.4876850218948494,0.06226140177281389,0.5084998432662469,0.5600290256528637,0.44841419490358525,0.754428935392713,0.5725827862437867,0.4538148256491386,0.46918733530849355,0.6792392262569114,1.5000952608149718,0.8129488658954619,0.6784647253932217,1.4989942656046384,0.47487635611352375,0.6727124066324728,1.3160175601773387,0.7988117735238403,0.6782413466151087,1.3152562539539028,0.5358910620023619,0.5830117154640474,1.1316690510052103,0.7361578048578085,0.5908046517952334,1.1295041608443595,0.5468997317805687,0.5871568981415837,0.7596883422223183,0.6757563363634495,0.5884389067420899,0.7630359861215825
6.899999999999985,0,0-ACCAD_Male2General_c3d_A6- Box lift_poses,205,0.634488507756032,0.5802037119865417,0.839670424945803,0.701155748534724,0.012654987215966753,-0.03030944112124028,0.712251223497856,0.15366072952747345,-0.0198347307741642,-0.32215416431427,-0.04011021926999092,-0.0018839763943105936,0.0,0.121275894343853,0.05781957879662514,0.08827590942382812,0.028574364259839058,0.0010835400316864252,0.0,0.021311406046152115,0.0376652255654335,0.10147669166326523,-2.572211742401123,0.6461620926856995,0.9714395999908447,-2.6090152263641357,-0.6754689812660217,0.9725682735443115,0.6326527914436655,0.5756345539531045,0.9145086033074253,0.6390365515784485,0.5955795977487084,1.4328258343119313,0.546327039648508,0.6563112288337335,0.046470910152033675,0.7362748912453074,0.6562128907802187,0.047402996203689,0.49475749906771577,0.4944713175929257,0.05342976162720452,0.7550610231581526,0.4879150742048827,0.062333708970591636,0.5085336430910233,0.5602840219388482,0.4485311553012872,0.754460254014721,0.5727097128939451,0.45390986676053807,0.4677313026419911,0.6796788522660961,1.4994931382722771,0.8143680796365635,0.6788319598592957,1.4983364217457247,0.47379396829850906,0.6738018132674145,1.3154054724662452,0.7998934420284495,0.6793081909087393,1.3146251747457944,0.5359416233392521,0.5830310938924989,1.1318098880034082,0.7362114854748072,0.5907389878756567,1.1296291563486243,0.5469215025636773,0.5874392160437494,0.7598010251061372,0.6757799258127437,0.588555839793571,0.7631411678947356
6.9333333333333185,0,0-ACCAD_Male2General_c3d_A6- Box lift_poses,206,0.6342840638244525,0.5803402662277222,0.8397976212577537,0.7009119738873825,0.012366340994497162,-0.02991191685103215,0.712512986339195,0.15354283154010773,-0.020094577223062515,-0.3223121166229248,-0.0404602512717247,-0.0019029125105589628,0.0,0.12041395157575607,0.05739254131913185,0.08730540424585342,0.028778856620192528,0.0010853727580979466,0.0,0.022135963663458824,0.03760607913136482,0.09957236796617508,-2.561387300491333,0.6519446969032288,0.9595023393630981,-2.5982279777526855,-0.6807045936584473,0.9603049755096436,0.6324608975048424,0.5758432143758908,0.9146404738838594,0.6388613013618331,0.5952888566106121,1.43298002848414,0.5461765167071111,0.6558103414852697,0.04658894543251064,0.7361693654168042,0.6561689328041997,0.04747669429179267,0.4946924103510027,0.49394621293770935,0.053616795904152845,0.7549055552998124,0.48787111164250885,0.06246997881838494,0.508343850050185,0.5599700849150692,0.4486881231250737,0.754250725953109,0.5728021952741782,0.4540163962988665,0.4656409568646382,0.6800362045361883,1.4987268528950968,0.8155120103873881,0.6798052646311684,1.4975335037100044,0.4721277607469166,0.6748021092023342,1.3146342408065148,0.8006790577476934,0.680927785220978,1.3138536526982996,0.5357578693864155,0.5828573155464376,1.1319621416213321,0.7360157012494485,0.5908686653541197,1.129770349711474,0.5467020591246919,0.5874326005946451,0.7599324062524908,0.6755603402263866,0.5886250090352746,0.7632563585042802
6.966666666666652,0,0-ACCAD_Male2General_c3d_A6- Box lift_poses,207,0.6343545761192217,0.5803899168968201,0.8397764020042137,0.7013638654324893,0.012327957363516743,-0.029894625676465,0.7120695619730592,0.15343892574310303,-0.020292911678552628,-0.32249701023101807,-0.04077998548746109,-0.0019202419789507985,0.0,0.11969280242919922,0.05701989307999611,0.08625900000333786,0.029302654787898064,0.001104222610592842,0.0,0.023090358823537827,0.03737318888306618,0.09790471941232681,-2.5490801334381104,0.658569872379303,0.9459531307220459,-2.5858817100524902,-0.6866315007209778,0.9466129541397095,0.6325262790661856,0.5758999013707973,0.9146195519276498,0.638813686266496,0.5944840472771111,1.4329949774817357,0.5464996422970788,0.6561038167909653,0.04661182310821346,0.7365564226799491,0.6563508271497704,0.04744460252416933,0.4947774926040905,0.4943123696327728,0.05356501356971514,0.7548978962317217,0.48800866906738694,0.06242819889204571,0.5084180912075361,0.560174554910575,0.44866446830711976,0.7543266101224948,0.5728995383288278,0.4539826246211121,0.46357669265163937,0.6802588321596729,1.4976659811647977,0.8170923885652808,0.6800889109562605,1.4965397319586515,0.47057323329441775,0.6758467691064354,1.3135704996265039,0.8019369378969681,0.6820225518673585,1.312892958090894,0.5357709255338258,0.582566600553148,1.1319355264859876,0.7360319904278638,0.5905119465860941,1.1297995808119012,0.5467810562844352,0.5875856246440289,0.7599116403081255,0.6756409707967425,0.5885995149037876,0.7632353968280272
6.999999999999985,0,0-ACCAD_Male2General_c3d_A6- Box lift_poses,208,0.6341364231193438,0.5807124972343445,0.8395010285453514,0.7012648009007098,0.012243511113989318,-0.02966681166901185,0.7121781067532791,0.15367713570594788,-0.020595485344529152,-0.32264113426208496,-0.041100822389125824,-0.0019377165008336306,0.0,0.11919694393873215,0.05644278973340988,0.08519523590803146,0.030156945809721947,0.0011406957637518644,0.0,0.02405264973640442,0.03721782565116882,0.09622419625520706,-2.5351321697235107,0.6661073565483093,0.9306001663208008,-2.571929693222046,-0.6934620141983032,0.9312872886657715,0.6323237135873556,0.5762553976616165,0.9143465250535009,0.6386078302934868,0.5941816798176193,1.432748256433778,0.5463442123528935,0.6559940927188538,0.046346390180866996,0.7365411476457672,0.6563891550310006,0.04706056955522618,0.4946410170910467,0.49419858075456785,0.053345812151994576,0.754743202628923,0.4880454204803221,0.06219570192732305,0.5081940331395788,0.5602071265556162,0.448424627900515,0.7541045906813194,0.5732617450991608,0.45367768950026993,0.46098903453472784,0.6808365905637048,1.4961740448068017,0.8186235443754346,0.6813295795538716,1.495025096265883,0.4684836630452765,0.6772638411794283,1.312079965028298,0.8030574993515298,0.6840296568973893,1.311422340216795,0.5355657028143656,0.582503548394462,1.131679210663991,0.735816766729137,0.5906972397181295,1.1295438597573233,0.5465454955625914,0.5878527002666409,0.7596492048120564,0.6754059739541659,0.5888876424151575,0.762949234826309
7.033333333333318,0,0-ACCAD_Male2General_c3d_A6- Box lift_poses,209,0.634021743782796,0.580734372138977,0.8392483048515037,0.7014900730636578,0.01223842998185423,-0.029551305546176965,0.7119611074807666,0.15408068895339966,-0.02087671495974064,-0.32277804613113403,-0.0413273349404335,-0.0019500706112012267,0.0,0.11891201138496399,0.05571726709604263,0.08409849554300308,0.031282052397727966,0.0011915008071810007,0.0,0.02508183754980564,0.037030454725027084,0.09471595287322998,-2.5192596912384033,0.6747773289680481,0.9133612513542175,-2.5561718940734863,-0.7013798952102661,0.9142113924026489,0.6322192445843449,0.5762906945340299,0.914094846027318,0.6384840811712755,0.5935000690573915,1.4325238640086932,0.5463527769697727,0.655742302328481,0.04610085545922468,0.7368215837215244,0.6560153928061947,0.04668038575641677,0.4945209938339923,0.4939898602197124,0.053144556816815985,0.7547185744945862,0.4876561661875355,0.06200580691330061,0.5080585065065315,0.5601220190443272,0.4482037776201946,0.7540205951981696,0.5732757871521508,0.45339741327855687,0.45824146768806506,0.6813247399896151,1.4944805029085662,0.8205780789080025,0.6822012193084446,1.4933406830615974,0.4662858087553835,0.678655656966064,1.3103943035975527,0.8045695331976519,0.6857423568366287,1.3097902785035735,0.5354500789449835,0.5821820828066676,1.1314382836795267,0.7356980622197803,0.590454177039786,1.129316362056304,0.5464213090974962,0.5879260450817972,0.7594095414319163,0.6752831846046927,0.5888641345620328,0.762688441803867
7.066666666666651,0,0-ACCAD_Male2General_c3d_A6- Box lift_poses,210,0.6339175548637286,0.5808649063110352,0.8389629178123191,0.7019282303825338,0.01245434087675197,-0.02980090593547783,0.7115149715858374,0.1546449065208435,-0.021034447476267815,-0.322926789522171,-0.04141240939497948,-0.0019547059200704098,0.0,0.11892242729663849,0.05501757934689522,0.08292493224143982,0.032646819949150085,0.001254939823411405,0.0,0.02624943107366562,0.036668725311756134,0.09351697564125061,-2.501189708709717,0.6847314238548279,0.894142746925354,-2.5383758544921875,-0.7105768918991089,0.8953453898429871,0.632109057787922,0.5763730296822182,0.9138064371221317,0.6381618182653448,0.5925922967334216,1.432271788789475,0.5464655723726206,0.6561586204750524,0.045839668168060205,0.7372921346308529,0.6560586933285325,0.046307467260410795,0.49440344523727786,0.4944783142595644,0.052840632402325116,0.7547639385174923,0.4876680222040315,0.061777371823366754,0.5079615053666686,0.5605120464483678,0.4479158173728971,0.7540000970091483,0.5735739546230458,0.4531032724650222,0.4549698384785865,0.6818297647240612,1.4924746151685397,0.822674440326689,0.6829305920310442,1.4914972698216575,0.4636755436648407,0.6801846493170232,1.308406506858937,0.8062434653967379,0.6874351601583594,1.308005318682089,0.5352430757069727,0.5818454035889585,1.131125867635568,0.7354927839671388,0.5900990093676293,1.1290967709477044,0.5463264882647557,0.588233324799055,0.7591272028914202,0.6751895534194082,0.5889952244725797,0.7624087633017339
7.0999999999999845,0,0-ACCAD_Male2General_c3d_A6- Box lift_poses,211,0.6340662684524432,0.5813238024711609,0.8383989386634544,0.7018973363118611,0.012506019589827076,-0.029808833442997718,0.71154420959003,0.15565966069698334,-0.021092547103762627,-0.3230680823326111,-0.041535526514053345,-0.001961552770808339,0.0,0.11939450353384018,0.05427950993180275,0.08168797940015793,0.034210994839668274,0.0013288244372233748,0.0,0.02748696506023407,0.03618058189749718,0.09245502203702927,-2.480759382247925,0.6959449648857117,0.8728185296058655,-2.5184476375579834,-0.7212323546409607,0.874652624130249,0.6322626452072367,0.5768255657708166,0.9132421936018723,0.6380396031601724,0.5924411697663783,1.4317306718207965,0.5466218808779676,0.6560199102936837,0.04523141283467763,0.7378972248992218,0.6557074494163122,0.045555313371344226,0.4945464929214059,0.4943494406555292,0.052359751782296404,0.7551552077399486,0.48732787345960327,0.061381886876308384,0.5080949693002048,0.5607006343363227,0.44738237600217096,0.7542230690465604,0.5740095730271119,0.45253300608509067,0.45145577971105144,0.6830714520012223,1.4898071771864339,0.825195748618328,0.6849107021232997,1.4890403511553085,0.4608476849411692,0.6823495352740234,1.3057668686761632,0.8082969165444086,0.6902379504823567,1.3056129428880965,0.5352720954533837,0.5819038387214365,1.1305257031966478,0.7355119467796831,0.5904167230122972,1.128597584457589,0.5464695111194255,0.5887163889599245,0.7585666588033821,0.6753328361787899,0.5894758713208544,0.761842287463821
7.133333333333318,0,0-ACCAD_Male2General_c3d_A6- Box lift_poses,212,0.633802815922536,0.5818240642547607,0.8375420622901634,0.7019260865766025,0.012556371445845102,-0.029922187869825333,0.7115102031541449,0.1568603217601776,-0.021016346290707588,-0.3232370913028717,-0.041718658059835434,-0.001971830613911152,0.0,0.12003472447395325,0.053225405514240265,0.08046372979879379,0.03594791516661644,0.001411727163940668,0.0,0.02871362864971161,0.035710155963897705,0.09195312112569809,-2.457737684249878,0.7082218527793884,0.8493408560752869,-2.4962542057037354,-0.7333237528800964,0.8521378040313721,0.6319924392472913,0.5773085262586617,0.9123841123215428,0.6374197410512777,0.5925429562298427,1.4308880356334324,0.5464134691101442,0.6559487455278439,0.044319529549449226,0.7384353972254853,0.6553234296546135,0.04450666289955985,0.4942927754139009,0.4942982950352443,0.051569711903153716,0.755437673340129,0.48695562796542724,0.06073028645511086,0.5078330509010816,0.560955802596403,0.4465414988034741,0.7541690232987434,0.574485299917053,0.45168786161939056,0.4472192904090242,0.6848651800978265,1.4864408614910112,0.8275487265585206,0.6873438064266637,1.4859751277454254,0.4572764139074724,0.684969715918075,1.3024343193699026,0.8101894381622936,0.6934148140349555,1.3026138390905821,0.5348464129242306,0.5821107961232459,1.1296132250333069,0.7350778807000049,0.5908459251367211,1.1278127435763121,0.5462131816434531,0.5892729032578903,0.7577011868509881,0.6750764247048322,0.5900063176532103,0.760989862744507
7.166666666666651,0,0-ACCAD_Male2General_c3d_A6- Box lift_poses,213,0.6337612714851275,0.5817604660987854,0.8367434792594627,0.7024715976673364,0.012981974708604604,-0.030320796646558533,0.7109470951442751,0.15809381008148193,-0.02086186222732067,-0.32343170046806335,-0.0418940894305706,-0.0019818006549030542,0.0,0.12047874182462692,0.05235722288489342,0.07914284616708755,0.03786339983344078,0.0015040296129882336,0.0,0.02987833507359028,0.03506223484873772,0.0925079956650734,-2.4318151473999023,0.7212230563163757,0.8237661123275757,-2.4717774391174316,-0.7465445399284363,0.8277329206466675,0.6319507712969472,0.5771590734768712,0.9115802969029702,0.6370219511684585,0.5920752981644966,1.4300949283237223,0.5463416197960876,0.6561705791199071,0.04354723689272054,0.7390363846674979,0.6550445444785624,0.04356851066308048,0.49393781712825774,0.494611154969394,0.0507856023232423,0.7555307319669211,0.4866485154068953,0.060021896334735536,0.5076716368552419,0.5611947743947684,0.4457636105037902,0.7542029356411719,0.5746515545481699,0.4508688554217306,0.44323270717949925,0.6867432802487828,1.4827324815303158,0.8304632604828007,0.6891111098590095,1.482657175558473,0.45384465692858816,0.6875385625549977,1.2987587925072808,0.8127170688386494,0.6959294264414616,1.2993592010871802,0.5346395654054412,0.5818763090079778,1.128747194276579,0.7348758337672587,0.5905278284522875,1.1270819784230293,0.5461756889021859,0.5894704539982062,0.7569167307790011,0.6750403792780689,0.5899804553500844,0.7601965010509812
7.199999999999984,0,0-ACCAD_Male2General_c3d_A6- Box lift_poses,214,0.6340731825912371,0.5817450881004333,0.8359658770637229,0.7024820872372562,0.013285786393946805,-0.030523336535569427,0.7109224507057142,0.15953519940376282,-0.02057277411222458,-0.32363927364349365,-0.04209064319729805,-0.001993056619539857,0.0,0.12106310576200485,0.051534853875637054,0.0777544155716896,0.04012205824255943,0.0016149014700204134,0.0,0.03095216117799282,0.03426459804177284,0.0937194675207138,-2.4030566215515137,0.7347782850265503,0.7961028814315796,-2.4451000690460205,-0.7606930136680603,0.8014013767242432,0.6322736425908049,0.5770901752749048,0.9107996491347176,0.6368996923393513,0.5922873728747744,1.429306578586859,0.5463809572007146,0.6557997441488524,0.04275073657869943,0.739812385252216,0.6543787550195795,0.0425723744834155,0.49393906068653876,0.4942573667145861,0.05009292854578325,0.7560447730640754,0.48599600712968916,0.05941754586797077,0.5078382486599426,0.561047272743789,0.44503081907685643,0.7545625743329424,0.5748437198515888,0.45006782939847173,0.43935274619551273,0.6894065616361446,1.4785156193405686,0.8336125004425767,0.6920277765604074,1.478957808347595,0.450370073723074,0.6905949737939712,1.2945678811787154,0.815608049818795,0.6993710267610718,1.2957053032122097,0.5347584155722398,0.5818401154147739,1.127885538343085,0.7349871832903381,0.5906903629312256,1.1263694258837442,0.546475697528811,0.5895512795376654,0.756154208214104,0.675341065526609,0.5900329707120248,0.7594178059304979
7.233333333333317,0,0-ACCAD_Male2General_c3d_A6- Box lift_poses,215,0.634010597714223,0.581701934337616,0.8352365546302513,0.7029319099264775,0.013795697186621521,-0.0311343704243528,0.7104414541146432,0.16106930375099182,-0.020133167505264282,-0.323858380317688,-0.0422130785882473,-0.00200033001601696,0.0,0.12169401347637177,0.050859175622463226,0.07628052681684494,0.042613573372364044,0.001738330232910812,0.0,0.031934503465890884,0.03331823647022247,0.09548334777355194,-2.371587038040161,0.7487929463386536,0.7663459777832031,-2.4161739349365234,-0.7755988836288452,0.7732128500938416,0.632197951619679,0.5769294468622089,0.9100626040878634,0.636180247729514,0.5922344582467369,1.4285667250232381,0.5462242120428847,0.6561255827410807,0.042028918813256384,0.7404015481355665,0.654135567500658,0.04169393907920286,0.4935389996864724,0.49466168377557973,0.0493554275191992,0.7561458826757963,0.4857361035596651,0.05883268098960999,0.5076612607436684,0.5613550345537698,0.4443020430859259,0.7545891321972586,0.575194940320947,0.4493376400249923,0.43502383564108776,0.6923150670249022,1.4739096991671141,0.8363060679157609,0.6945395394293995,1.4751129247198151,0.4463104231935936,0.6938459553497471,1.2899808174586542,0.8182977866728137,0.7024714784828987,1.2918853330375177,0.534389738399765,0.5817817465628032,1.1270272381586934,0.7346233816553475,0.5905584120155638,1.1257453832033766,0.5464305784972814,0.5897881075775601,0.7554257161775562,0.675296306873644,0.5900745465249692,0.7587047559754341
7.266666666666651,0,0-ACCAD_Male2General_c3d_A6- Box lift_poses,216,0.6342321481788531,0.5817561745643616,0.8346371703223899,0.7029315621752298,0.014277484688939886,-0.031699580783928843,0.7104072838217323,0.16286230087280273,-0.019747376441955566,-0.32402071356773376,-0.04229028895497322,-0.0020052159670740366,0.0,0.12215349823236465,0.05037109553813934,0.07472193241119385,0.045089155435562134,0.001860657474026084,0.0,0.0327647365629673,0.03236711397767067,0.09751053899526596,-2.3376801013946533,0.7629849314689636,0.7343345880508423,-2.38508677482605,-0.7910942435264587,0.7431539297103882,0.6324111771703924,0.5768728184094624,0.909455863823752,0.6357195977364781,0.5924920788273023,1.4279499487715062,0.5463025689919204,0.6561492012905252,0.041405748166186786,0.7410620466400119,0.6541504494464984,0.0409550552490542,0.49358552671694056,0.494697964272229,0.04878216457525035,0.7565246270465178,0.48575356094211775,0.0583733372887823,0.5078190137236581,0.5614804693060933,0.44370993771749323,0.7548613681749374,0.57579709263913,0.4487379579323727,0.4310142311386052,0.6954794008574181,1.4690140550088662,0.8390891639733099,0.697702476466731,1.4710549295447823,0.442282229786581,0.6972442121199458,1.285086129310116,0.821296267236702,0.7061135497698925,1.2878276638996897,0.5342990175739522,0.5818063159202497,1.1262940031972792,0.7345274487570589,0.5907318913906421,1.1252478920778448,0.5466607807426446,0.5900081856588664,0.7548245113602088,0.6755263915087646,0.5902523371174093,0.7581217191247595
7.299999999999984,0,0-ACCAD_Male2General_c3d_A6- Box lift_poses,217,0.6339324560249224,0.581529974937439,0.8336840920524314,0.7031459589519815,0.01472924017009778,-0.032255800514748426,0.7101608080052453,0.16457538306713104,-0.019520064815878868,-0.32412511110305786,-0.042388394474983215,-0.0020113682840019464,0.0,0.12233056128025055,0.049684103578329086,0.07318412512540817,0.04739377275109291,0.0019734061788767576,0.0,0.0334908664226532,0.03165292739868164,0.0997278243303299,-2.3016583919525146,0.7772907018661499,0.6999508738517761,-2.351775884628296,-0.8071462512016296,0.7113369107246399,0.6320993950222914,0.5765404332783719,0.9084954839750061,0.6348692587446463,0.5926028982203488,1.4269738655064832,0.5460191307670978,0.655970618072765,0.04043668046931203,0.7413763056309058,0.6540412207077663,0.039893127355879104,0.4931789354297205,0.4945611109417807,0.04784510570282398,0.7564516942164239,0.48563126168503945,0.057523168789725444,0.507490621360553,0.5614044178521138,0.4427600383435635,0.7546650616691511,0.576100698114807,0.4477836927875915,0.42693676257837243,0.698666795531911,1.463433962072762,0.8414766163756855,0.7007006856064816,1.4662496060950116,0.4378082935817999,0.7006158688738411,1.2794840364654996,0.8241192731676128,0.7094955753327314,1.282998584936524,0.5337443024540603,0.581680844138714,1.125227148772804,0.7339732152953145,0.5906157592507553,1.124370028973618,0.5463756634444858,0.5899950295386325,0.7538687721415521,0.6752412565428593,0.5901139707042303,0.7571855792114368
7.333333333333317,0,0-ACCAD_Male2General_c3d_A6- Box lift_poses,218,0.6338111009681597,0.5815542936325073,0.8327581935004905,0.7034393760969807,0.015135384832690179,-0.03283906218320875,0.7098348824037771,0.16607122123241425,-0.019448745995759964,-0.32417958974838257,-0.042526789009571075,-0.0020198554266244173,0.0,0.12243536859750748,0.048911385238170624,0.0716397613286972,0.049363117665052414,0.0020675791893154383,0.0,0.03429717198014259,0.030916115269064903,0.10161510854959488,-2.263732671737671,0.7917832732200623,0.6631847023963928,-2.31634783744812,-0.8236523866653442,0.6777400970458984,0.631957601173022,0.5764607230064928,0.9075620709186245,0.6341340340240981,0.5928005062335057,1.426030021800093,0.5461119082822822,0.656208155474267,0.03950842323740849,0.7420046527187424,0.6543103829332999,0.038902443735778724,0.4931169377730139,0.494848489859483,0.04689702347066474,0.7566479616810546,0.4858776107805815,0.056678122839112735,0.5074147875424432,0.5616581703579038,0.4418185227937148,0.7547059704233716,0.5766227649407714,0.4468696537106607,0.4232511307586564,0.7018923977098285,1.4575642291701179,0.8438420573748671,0.7038001227868523,1.461222441025193,0.4333840377015029,0.7041042114272931,1.273575109162616,0.8272425155662616,0.7129778121617182,1.277919987594665,0.5333361669725716,0.5817498589808174,1.124178564452527,0.7335668192023705,0.5906637108953243,1.1235350959797346,0.546278657812021,0.5902450867122043,0.7529325085841213,0.6751437827801253,0.5902131167450763,0.7562805866640556
7.36666666666665,0,0-ACCAD_Male2General_c3d_A6- Box lift_poses,219,0.6338897194946185,0.5810652375221252,0.8322409443931297,0.7036051507894868,0.01559008281019705,-0.033220097690677346,0.7096429850353603,0.16724291443824768,-0.019532181322574615,-0.3241821825504303,-0.04268195107579231,-0.002029374008998275,0.0,0.12206601351499557,0.048128362745046616,0.07008400559425354,0.050812579691410065,0.0021330409217625856,0.0,0.03521285206079483,0.030018728226423264,0.10267658531665802,-2.223994255065918,0.8063926696777344,0.624014675617218,-2.2789244651794434,-0.8405379056930542,0.6423333883285522,0.6320431536532414,0.5758836867438951,0.9070389505572386,0.633721263962734,0.592169928477825,1.4255072716601576,0.5462073425452101,0.6559508159489655,0.03903036379465243,0.7425204150837261,0.6544450889799948,0.03834599307218213,0.4931279236267011,0.4946175819930262,0.0463899092012343,0.7568004564549136,0.4859816953791021,0.05612703451828087,0.5074548255006215,0.561354089638065,0.4413231484855178,0.7548209391815783,0.576700965374909,0.4463214538299657,0.420164711206055,0.7040717110449228,1.4519010840361635,0.8462784252012535,0.706156280351742,1.456341965898904,0.4291150288793249,0.706677164213551,1.2678557971323643,0.8307366503942295,0.7157648577722804,1.2729688689627139,0.5331926698876172,0.5811259525777255,1.1235657848133043,0.7334205089620169,0.5901137188574126,1.1230995049638308,0.5463513220449399,0.5899226508890147,0.7524338535862494,0.6752170465895931,0.5897855830042359,0.7557689464297064
7.3999999999999835,0,0-ACCAD_Male2General_c3d_A6- Box lift_poses,220,0.6336142268264666,0.5805820226669312,0.831344967372866,0.704080164962123,0.016372331068392476,-0.03396879487430116,0.7091186001347618,0.16779708862304688,-0.019906463101506233,-0.3241204023361206,-0.04280921816825867,-0.002037454629316926,0.0,0.12129721790552139,0.047056037932634354,0.06858670711517334,0.051790378987789154,0.0021725210826843977,0.0,0.0362464115023613,0.02934199385344982,0.10205503553152084,-2.182877540588379,0.8212766647338867,0.5822858214378357,-2.239515781402588,-0.8580924868583679,0.6052577495574951,0.6317682022948915,0.5752397219925846,0.9061316775353921,0.6331074121745268,0.5900546132669047,1.4246454160544768,0.5462187569128142,0.6569833733890207,0.038294469881652325,0.7429441001857459,0.6557269951117984,0.03755484860960238,0.4929172732075527,0.49570992861923613,0.04535335413519845,0.756709023322768,0.4871882544645281,0.05502538930140713,0.507209293865209,0.5617349923176232,0.44040777627583083,0.7546656512715051,0.5771528940734874,0.44539238698237454,0.41731615129701044,0.7046003900950479,1.4459814515794465,0.848457946358842,0.7067701836193611,1.4510688068999287,0.4246017793779273,0.7081796947116669,1.261879109372466,0.8342685252423133,0.7172232890342535,1.2676322862184375,0.5327601861199839,0.5798991559810383,1.1226124211347774,0.7329918517792133,0.5888077920248849,1.1222943469785795,0.546079891224634,0.5897485523293795,0.7515653593900062,0.674945793634208,0.5893929502706199,0.7548887785015719
7.433333333333317,0,0-ACCAD_Male2General_c3d_A6- Box lift_poses,221,0.6334072198951617,0.5801120400428772,0.8308177046851829,0.7042902093010855,0.016892390623864665,-0.03441025330139271,0.7088764932549095,0.16830678284168243,-0.02060306817293167,-0.32393699884414673,-0.04278024658560753,-0.0020369975827634335,0.0,0.12118517607450485,0.045775797218084335,0.06710820645093918,0.05269452556967735,0.0022080845665186644,0.0,0.037345994263887405,0.02888861671090126,0.10015475004911423,-2.1401619911193848,0.836449921131134,0.5383781790733337,-2.19807767868042,-0.8763814568519592,0.5666354298591614,0.631568192014421,0.57466857528982,0.9055972919261946,0.6327252759522162,0.5877527913774458,1.4241610728599705,0.5464107265125737,0.6572931701126975,0.0378639502727738,0.7434940743458597,0.6560294909039689,0.037031411497101686,0.49302413738788187,0.4960407987649961,0.04475922665406426,0.7568652886336522,0.48745139362221934,0.05442784059433046,0.5071262058444777,0.5617315167310848,0.43987618733281597,0.7546247634296697,0.5772047381642473,0.44484079436295754,0.4149439367470244,0.7046266249338334,1.440259305745159,0.8506129136202789,0.7073741756507175,1.4458586330714753,0.4200709053804953,0.7092350168231539,1.2561070830569874,0.838067446508998,0.718606024421259,1.2623483580667128,0.5324753377245387,0.578537408257961,1.1220656314693431,0.7327031138139092,0.5875357936573629,1.1218383815875812,0.545867541105399,0.5894544675321615,0.7510616235203463,0.6747337082015469,0.5889992179931502,0.7543680511505112
7.46666666666665,0,0-ACCAD_Male2General_c3d_A6- Box lift_poses,222,0.6329687681281939,0.5792576670646667,0.8301222376899436,0.7044045676769507,0.01742858661963577,-0.03471010916901964,0.708735252210418,0.16871163249015808,-0.02167082019150257,-0.32362329959869385,-0.04270677641034126,-0.002034170785918832,0.0,0.12149210274219513,0.04420360177755356,0.0656757578253746,0.053445469588041306,0.002235349267721176,0.0,0.038332872092723846,0.02862688899040222,0.09844819456338882,-2.0952982902526855,0.8516268730163574,0.49317336082458496,-2.154500722885132,-0.8951262831687927,0.5266254544258118,0.6311541122717412,0.5737261089647896,0.9048959555934312,0.6323437086953854,0.5852815430186192,1.4234989706946426,0.5464216124870598,0.6571068978087584,0.03728286634418581,0.7438167002468087,0.6556004610569037,0.036286960442706045,0.49301108392420556,0.4958560424903602,0.04402653728229882,0.756839810215727,0.48699508926573976,0.05368314421676464,0.5068372151623334,0.5612665033911716,0.4391996162343607,0.7543496773533255,0.5767097069991357,0.4441022620596603,0.412879764329796,0.7046498159529339,1.4340321161698022,0.852487737776956,0.7079400960222436,1.4400309133158073,0.4153706111138578,0.7098984281816303,1.249842507461441,0.8419158368895411,0.719657264994471,1.2564267002185285,0.5320707238147975,0.576872805669507,1.121387648912388,0.7322927800878007,0.5859977513214523,1.121167538350682,0.5454042599929081,0.5887340260413545,0.7504070384422175,0.674271415792062,0.5882293885022833,0.7536683275694964
7.499999999999983,0,0-ACCAD_Male2General_c3d_A6- Box lift_poses,223,0.6323819604003802,0.5785597562789917,0.8298775010184959,0.7046182365702436,0.01802574945474434,-0.03490201644452788,0.7084984561008875,0.1688014566898346,-0.02307874709367752,-0.3232078552246094,-0.04260434955358505,-0.0020298250019550323,0.0,0.121611587703228,0.042395900934934616,0.06428448110818863,0.053992919623851776,0.002251518191769719,0.0,0.03913906216621399,0.028375227004289627,0.09764669835567474,-2.048346757888794,0.866479754447937,0.4474421739578247,-2.1088881492614746,-0.9137618541717529,0.4853007197380066,0.630608753157209,0.5729453617950795,0.9046460392592011,0.631955667406007,0.5834903992138989,1.423271468223739,0.5463285582486096,0.6572561497185528,0.0371983997785474,0.7439658114609911,0.6554516606690788,0.035991417218194544,0.4928634560224108,0.49601548138982293,0.0437504773762766,0.7565981090384966,0.48681053013403225,0.053329068436705804,0.5063910578280596,0.5610561096787324,0.4389947328404254,0.7538925866229458,0.5763582650948985,0.4437843375151034,0.41119887449230513,0.7057930218292756,1.4278030050883248,0.8539821584659986,0.7092241537445454,1.434178795942506,0.4106523713823737,0.7110301131257954,1.2435970377222514,0.8458185418956978,0.720981116986202,1.2504542919045427,0.5315859479061081,0.5756418989293126,1.1211771955860663,0.7318062549452814,0.5848038795167205,1.1209095001337595,0.5447754464043713,0.5881804806076958,0.7502252863979632,0.673644199805482,0.5875954343420102,0.7534088186786922
7.533333333333316,0,0-ACCAD_Male2General_c3d_A6- Box lift_poses,224,0.6322744336212054,0.5775237083435059,0.8296436123923973,0.7049246871141699,0.018599229548393416,-0.0350181726024217,0.7081729885732602,0.16874882578849792,-0.0244767926633358,-0.3227556049823761,-0.04243019223213196,-0.0020215814001858234,0.0,0.1214754581451416,0.04052777960896492,0.06288853287696838,0.054418712854385376,0.002261087065562606,0.0,0.03991076350212097,0.027984222397208214,0.09797515720129013,-1.9998759031295776,0.8808432221412659,0.4018879532814026,-2.0613059997558594,-0.9318476319313049,0.44310900568962097,0.6305473782626114,0.5718372113410763,0.9044077818295663,0.6319933459016887,0.5820481118314572,1.4230385093210511,0.546654984308679,0.6570522898566851,0.037124112345953156,0.7445836760292521,0.6550468026130898,0.03571643155366046,0.49310113386285886,0.49583409124843797,0.043502006978082666,0.7567810806682805,0.4863633119087509,0.05295311580182657,0.5063887324264394,0.5605285463969167,0.43881084831092826,0.7538976404584256,0.5756514834282499,0.4434661199392494,0.4102977142562506,0.707643748697128,1.4210769889425248,0.8554335428565772,0.7110207975932703,1.4278983713313749,0.4064414397117062,0.7121319414563152,1.236890807385488,0.8501756312680305,0.7222003358209597,1.2440317444114501,0.5315564490284016,0.5744094789336782,1.1209611845454106,0.7317777574776558,0.5835483595709737,1.1206555645757363,0.5446219294930122,0.5872966042137436,0.7500608343899371,0.6734922809421559,0.5865959294469623,0.7531558723873246
7.5666666666666496,0,0-ACCAD_Male2General_c3d_A6- Box lift_poses,225,0.6317484226310626,0.5764217376708984,0.8290329032020286,0.70548640182219,0.019095260963830917,-0.035127332962442075,0.7075947839912673,0.16869956254959106,-0.02585219405591488,-0.32226482033729553,-0.04238903149962425,-0.002020749729126692,0.0,0.12103840708732605,0.03852441906929016,0.06150178611278534,0.05471843108534813,0.002263767411932349,0.0,0.040537312626838684,0.02784881368279457,0.09954116493463516,-1.9503288269042969,0.8943794369697571,0.3570401668548584,-2.011838912963867,-0.9491279721260071,0.4006069004535675,0.6300579003290139,0.5706726329915518,0.9037931194251789,0.6316917076475723,0.5812775754931767,1.422412161681486,0.5466788578943165,0.6567968960371491,0.036673217685212485,0.7449835686362951,0.654659051663707,0.035097330837159706,0.49292591210861725,0.49563787410193394,0.04286922190119642,0.7566198921017714,0.485920296616822,0.05218032007892105,0.5059794725666906,0.5599738097753995,0.4382443295212275,0.7535463580112545,0.5748276967990942,0.44277861982656697,0.409497472852435,0.7106250314114689,1.4135433246201201,0.8561596331267836,0.7136036811905926,1.420722456261284,0.40207258043055993,0.713591521377835,1.2294356520098482,0.8542192802312681,0.7234565464815472,1.236715064343548,0.5311398082677096,0.5735245598040407,1.1203760125395068,0.7313697018862974,0.5824703807654342,1.1199927517723052,0.5440630379525236,0.5864014231105921,0.749512300581471,0.6729339935139891,0.5854847637141837,0.7525284631398138
7.599999999999983,0,0-ACCAD_Male2General_c3d_A6- Box lift_poses,226,0.6313811984146014,0.5757188200950623,0.8284711890296653,0.7054111752394947,0.019521710588971543,-0.034921837927098714,0.7076683134765247,0.16875341534614563,-0.027087658643722534,-0.32175585627555847,-0.04256046935915947,-0.002031726995483041,0.0,0.120616115629673,0.03647793084383011,0.06008785590529442,0.055095646530389786,0.0022707676980644464,0.0,0.040895551443099976,0.02811270020902157,0.10172006487846375,-1.899914264678955,0.9066241383552551,0.3130248785018921,-1.9608467817306519,-0.9652932286262512,0.3578731119632721,0.6297582946058509,0.5699462334512689,0.9032310942373865,0.631923960668289,0.5815780371184937,1.4218223260850567,0.5464279648638055,0.6563368165395851,0.03626265634572407,0.7452101053349558,0.6543889826114427,0.03444497626532575,0.4927777917937117,0.4951401283673796,0.04236893605285501,0.7565919276279194,0.48562828614415954,0.05148262425936763,0.5056142612965981,0.5593267933192231,0.4377758964774885,0.753259292023669,0.5744065944657072,0.4421078463731597,0.4093936677851549,0.7145900830782862,1.405766314961025,0.8566669574541065,0.717853263825978,1.4129913041476847,0.39806295868246233,0.7152778254318327,1.221835060830974,0.8583156486485183,0.725673918647653,1.2288835004573635,0.5310682938954938,0.573191463532913,1.1199044084766467,0.7312920024772204,0.5822625897700267,1.1192993542888379,0.5436229690474461,0.5857026175055094,0.7490312088307504,0.6724967830004126,0.5848051195807757,0.7519335804163484
7.633333333333316,0,0-ACCAD_Male2General_c3d_A6- Box lift_poses,227,0.6312164511764422,0.5746774077415466,0.8280048422889427,0.7059099575899113,0.019930315973240978,-0.03488758840285458,0.7071610640130362,0.16879068315029144,-0.028144720941781998,-0.32124239206314087,-0.0427694246172905,-0.0020448369905352592,0.0,0.1201789453625679,0.03468731418251991,0.05856514722108841,0.055581580847501755,0.0022837724536657333,0.0,0.041047822684049606,0.028614740818738937,0.1046033576130867,-1.8486104011535645,0.9170598387718201,0.2698744833469391,-1.9084348678588867,-0.9798359274864197,0.31503984332084656,0.6296364182864241,0.5688663848456613,0.9027626880910387,0.6323737562270932,0.5817820832153382,1.421316091583208,0.5465600007917573,0.6558872313195045,0.03594980324500388,0.745757302750289,0.6537489748449005,0.03392321326755745,0.49275136928551666,0.49473819037164707,0.04191786633208505,0.7565961242472943,0.4849455934814517,0.05089196068220675,0.505459296055168,0.5586417084587866,0.4373754167782259,0.7531792406301313,0.5735466510465506,0.4415561130950416,0.41015854624588227,0.7191895977430868,1.397696517465234,0.8570452186858454,0.7218847854420759,1.4049663437664706,0.39473860281137696,0.7169929173559281,1.214074720981479,0.8626791935230315,0.7270655104432681,1.22084414896051,0.5311935630465666,0.572802895181269,1.1195238256122417,0.731427185780581,0.5816337879536905,1.1186892241178459,0.5434181340177623,0.5848274883070201,0.7486300541012634,0.6722925197573013,0.5837372334308378,0.7514446425072153
7.666666666666649,0,0-ACCAD_Male2General_c3d_A6- Box lift_poses,228,0.6310139741981402,0.573915958404541,0.8275110774116233,0.7060558933908325,0.020464460212566336,-0.03495197870322192,0.7069969168681085,0.16880862414836884,-0.02902148850262165,-0.3207229673862457,-0.042885199189186096,-0.0020528603345155716,0.0,0.11964914202690125,0.03302562236785889,0.05695851519703865,0.05608132481575012,0.002297490369528532,0.0,0.04113243520259857,0.029305800795555115,0.1083674281835556,-1.7964670658111572,0.9255996346473694,0.22777342796325684,-1.854544997215271,-0.9926586747169495,0.2727716267108917,0.6294825131571262,0.5680419593165766,0.902265012169564,0.6328683405713484,0.5825630348792368,1.4207662658557465,0.5464452585689833,0.6558579671605262,0.03562063053583854,0.7460992962111989,0.6538026074310332,0.03340545249505311,0.49264178460247493,0.494701207841424,0.04142451844828132,0.7565530489970458,0.4849613702859808,0.050238624864531144,0.5052391044721848,0.5582413458106551,0.4369445102410047,0.7530246956858586,0.5732322181091664,0.4409759144052282,0.41117573334651386,0.7244647560083151,1.3891863228845134,0.8568550500624773,0.7270939543523511,1.3964204181161444,0.3915320540616579,0.7187324356649633,1.2060447640514538,0.8667065364991844,0.7289013863797502,1.2124115987388608,0.5313244530543584,0.5727215056886918,1.119123078760764,0.7315590985514846,0.581499942130989,1.118022762320485,0.5431657210292259,0.584169421920807,0.7482047598223119,0.6720415383069543,0.5830111359502949,0.7509311889211506
7.699999999999982,0,0-ACCAD_Male2General_c3d_A6- Box lift_poses,229,0.630976602085866,0.5732765197753906,0.8271306805686668,0.705900891734621,0.020807717278695268,-0.03485361045235973,0.7071465164931182,0.16870428621768951,-0.029831333085894585,-0.32018518447875977,-0.042940884828567505,-0.0020576377864927053,0.0,0.1189890131354332,0.03137801215052605,0.055289868265390396,0.05654684454202652,0.0023092252667993307,0.0,0.04130992293357849,0.029816193506121635,0.11317349970340729,-1.743516445159912,0.9321268796920776,0.18710771203041077,-1.7992826700210571,-1.0033873319625854,0.23127754032611847,0.6294932385995627,0.5673763004653025,0.9018835202796796,0.6333450466531908,0.5843282845039334,1.420300276145063,0.5464326919557326,0.6555381975555625,0.03535756478512503,0.746582797328352,0.6537754019066112,0.0329827707743818,0.49277735187186295,0.49432879602703933,0.04107012457033765,0.7567861897997801,0.48491113291136007,0.0497383501070536,0.5052118154775699,0.5576928492273514,0.4366237281109828,0.7530568496062225,0.5729835547208156,0.44051801973759175,0.4122919307357681,0.730793749739081,1.3800776415998584,0.8560531454372458,0.7338742930786369,1.387391001095237,0.3884843464452596,0.720668627617259,1.1976214960841849,0.8703798654704079,0.731402969964367,1.2036841643707308,0.5315402991228005,0.5730624463776175,1.1187948808678387,0.7317676417401174,0.5819764077266767,1.117476752848623,0.5430755027509436,0.5835141741163441,0.7478814642268011,0.6719534745417218,0.5824001615538323,0.7505296742258443
7.733333333333316,0,0-ACCAD_Male2General_c3d_A6- Box lift_poses,230,0.6306983676040545,0.5723021626472473,0.8264347367362693,0.7062154405853828,0.021139885388707355,-0.034828737288799774,0.7068237515699468,0.1681835949420929,-0.030724305659532547,-0.3196258246898651,-0.042992640286684036,-0.0020622832234948874,0.0,0.11804822832345963,0.029742589220404625,0.053556472063064575,0.0569637306034565,0.0023181436117738485,0.0,0.041613802313804626,0.03010796196758747,0.11920736730098724,-1.6897279024124146,0.9365185499191284,0.14822952449321747,-1.7428169250488281,-1.0117852687835693,0.19063140451908112,0.629250204761369,0.5663700988132537,0.9011857463819624,0.6333973159872879,0.5863529951198417,1.4194831604662763,0.5463963369550109,0.6553612986356225,0.034815089941772986,0.7469735387578124,0.6535511949163204,0.0322866689596399,0.4926766825148378,0.49416696708427604,0.04034556935525961,0.7566904454428067,0.48464333627481426,0.04889139761192698,0.5049719086727978,0.5571356168826819,0.43596686710024846,0.7528665466698069,0.5723540534730541,0.4397510971306373,0.41333253595907227,0.7379312761034118,1.369921991396264,0.8546045895419686,0.7409597817502321,1.3774515404800025,0.38550699201308797,0.7226697116415902,1.188394065284451,0.8736004681774727,0.7334012167739551,1.1943079113401038,0.531423584800468,0.573449907009577,1.1181005173450325,0.7316546791552908,0.5822541891915171,1.11662458755984,0.542763467041718,0.5826390095496172,0.7472387410639115,0.6716418298778071,0.5814003599055823,0.7498165693324643
7.766666666666649,0,0-ACCAD_Male2General_c3d_A6- Box lift_poses,231,0.6306432333076373,0.5712605714797974,0.8258925728873924,0.7062146214249068,0.02150758179036767,-0.03486208309974473,0.7068118332152856,0.16727042198181152,-0.031665410846471786,-0.3190538287162781,-0.042987123131752014,-0.002063852036371827,0.0,0.11678960174322128,0.028020227327942848,0.05177765339612961,0.05737336352467537,0.002326493849977851,0.0,0.04196508228778839,0.030361304059624672,0.12646204233169556,-1.6351978778839111,0.9385415315628052,0.11118700355291367,-1.685411810874939,-1.0176790952682495,0.15097466111183167,0.6292304883818735,0.5652860862402048,0.9006408817505139,0.6335669648973765,0.5888959787091915,1.4187742181183671,0.5465882990086499,0.6553906760694623,0.03445658562414695,0.7476243975700972,0.6536835331430328,0.03178812569357668,0.49294868165023425,0.4941609452792367,0.03972587010632442,0.7569928765056954,0.4847339236354723,0.04816680237015872,0.5050090729143002,0.5565628393953477,0.4354442548808637,0.7529445524366929,0.5719039707783187,0.43914480413365053,0.41448773081916357,0.7455838246514833,1.3591702268289283,0.8527870866464278,0.7489897268122112,1.3669746913449448,0.38283912447178814,0.7244511753709881,1.1788612113726162,0.8765388580592595,0.7356446750506938,1.1847184784127016,0.5314855349341348,0.5739304242106573,1.1175234207004991,0.7317122055886562,0.5828113453161596,1.1159126758654536,0.542670748900383,0.581618845736599,0.7467460745471804,0.67155034369448,0.5803711477090884,0.749261401345787
7.799999999999982,0,0-ACCAD_Male2General_c3d_A6- Box lift_poses,232,0.6304296102607623,0.5700989365577698,0.8252188019828514,0.7065291718848674,0.02173236623330908,-0.03464087404320325,0.7065014107410598,0.16652405261993408,-0.03268876671791077,-0.3184167742729187,-0.04298858717083931,-0.0020658981520682573,0.0,0.11518240720033646,0.026059314608573914,0.04998420551419258,0.057772379368543625,0.002334045711904764,0.0,0.04189034551382065,0.03139674663543701,0.1344369798898697,-1.5804334878921509,0.9377524256706238,0.07574412971735,-1.627538800239563,-1.0209602117538452,0.11273383349180222,0.6290614841634815,0.564124679992958,0.899967959098365,0.6341525717874783,0.5920444713073488,1.4178714533536745,0.5465986433356528,0.6548207849366035,0.03392768780956692,0.748193695260413,0.653399220514306,0.031118799003995445,0.4929085425356881,0.4936033433396737,0.03905697635966555,0.7570593024271154,0.48440381796224496,0.047303820654662244,0.5048251458311366,0.5557128344742276,0.43482580614225924,0.7528499996491931,0.5711127806806636,0.4383822994235467,0.4163759330355992,0.7541209889449719,1.3477401016243071,0.8512740467107115,0.7574420786175159,1.3553693142183163,0.38086640663459503,0.7265885553875637,1.169020760641437,0.8795189903009313,0.7376094049581708,1.1743487285898433,0.5316512331328961,0.5747505805371408,1.116888021873241,0.7318823541653385,0.58346109117517,1.1149360806558453,0.5424133498690328,0.5805151348692262,0.7461326205651251,0.6712934587042934,0.5791352715914992,0.7485619941332174
7.833333333333315,0,0-ACCAD_Male2General_c3d_A6- Box lift_poses,233,0.6302820887649432,0.5692825317382812,0.8248195700721458,0.706696823867136,0.021947212298844818,-0.03445148502259828,0.7063363322016993,0.1659567654132843,-0.03365936130285263,-0.3177359998226166,-0.04302046075463295,-0.0020697140134871006,0.0,0.11362864822149277,0.02421930618584156,0.048071712255477905,0.05826517194509506,0.0023465370759367943,0.0,0.04151633754372597,0.032833535224199295,0.14275026321411133,-1.5257534980773926,0.9341580867767334,0.04181826859712601,-1.5696176290512085,-1.0215634107589722,0.07619129121303558,0.6289553925240794,0.563305877619167,0.8995692823299528,0.6349909862097974,0.5957080373773441,1.4171945874736558,0.5466695678146788,0.6544696506550391,0.0336579745727658,0.7487716205134234,0.6534571660811903,0.030724762020503935,0.49300224665682524,0.4932407911692015,0.03866532004075823,0.7571868900688288,0.48442220384787854,0.04673615737171241,0.5047320523027324,0.5551131520887207,0.4344770389935028,0.7528121347518405,0.570716220839279,0.43790403049897836,0.41861107517280854,0.7630433653350824,1.3360752281295296,0.8497861555431417,0.7664533418613237,1.3433624247238767,0.37938252113390425,0.7288506395528256,1.1592941707286748,0.8822959893581289,0.7397422565409344,1.1639489558022351,0.5319690984704,0.5759750950410595,1.1165390857061779,0.7322018991764486,0.5845441133477106,1.114176386683438,0.5422238112711241,0.5797271300848229,0.745786972570432,0.6711046690923587,0.5782648644138302,0.7481403715580608
7.8666666666666485,0,0-ACCAD_Male2General_c3d_A6- Box lift_poses,234,0.6303531375015154,0.5682767629623413,0.824459677226992,0.7062348145848025,0.02226904029023191,-0.034133883643012106,0.706803618058345,0.1652536243200302,-0.03459169715642929,-0.317033588886261,-0.04305295646190643,-0.0020736572332680225,0.0,0.11232126504182816,0.02243165671825409,0.04604606702923775,0.05892600491642952,0.0023680373560637236,0.0,0.04107842221856117,0.03423213213682175,0.15136626362800598,-1.4713919162750244,0.9279253482818604,0.0094231516122818,-1.5117735862731934,-1.0193920135498047,0.04128793627023697,0.6290981326908366,0.5622987943626988,0.8992105224017916,0.6361284714081459,0.5993767785410847,1.416503743524128,0.5465739130139778,0.6538362821266777,0.03345536160711752,0.7491715710757729,0.6532706730006519,0.030302499301745528,0.4932248406353355,0.4924981427565399,0.03834220730965095,0.7574263322716556,0.48421857139746777,0.04621619972451472,0.5047728981341022,0.5541190180060135,0.43419867383816896,0.7528674688247569,0.5702701196706054,0.43743441812297723,0.4209029289495696,0.7713576262463819,1.3239350064725828,0.8481235205165427,0.775743799720965,1.3307137159156006,0.37823236167384044,0.7302703295884512,1.1494339435936458,0.8847026512594067,0.7419191491551748,1.1532949333350442,0.5325577321614079,0.5769233026023625,1.116227916158948,0.732775755331993,0.5856970351494429,1.1134083922886264,0.5422135854930282,0.5785845291885648,0.7455035156233153,0.671098264575546,0.577281018080564,0.7477467967958445
7.899999999999982,0,0-ACCAD_Male2General_c3d_A6- Box lift_poses,235,0.6304785456741229,0.5672440528869629,0.8238703064994529,0.7065344500327917,0.022826564059697147,-0.03400098020254999,0.7064927120893428,0.16424091160297394,-0.03571426123380661,-0.31627506017684937,-0.04308321326971054,-0.0020775790326297283,0.0,0.11120554059743881,0.020795652642846107,0.043877337127923965,0.05981387197971344,0.0024017842952162027,0.0,0.040601834654808044,0.03553732484579086,0.1603500097990036,-1.4172577857971191,0.9190013408660889,-0.02180747501552105,-1.4540997743606567,-1.014424204826355,0.007902318611741066,0.6292941362694576,0.561221673096805,0.8986187386972271,0.6374231995238493,0.6028351024502137,1.4155465224822747,0.5467180854448839,0.6540538316879128,0.03311980034023976,0.7495792957910581,0.6530714848454636,0.029649257175181173,0.4933442070564647,0.49271592938469533,0.03773611772271317,0.7572906684635434,0.48398139935176526,0.04543145344945875,0.5048276868942173,0.5536970580065217,0.43369369200230623,0.752871267392159,0.5697248178603278,0.43671740748686133,0.42379835830216894,0.7796530163190836,1.3111091499662177,0.8468718850207192,0.7841957050838781,1.3173004646001645,0.3778331146538312,0.7317892053896089,1.1391910991867122,0.8871978092043573,0.7430896101765632,1.1422471212891199,0.5332393119761129,0.5779663050894421,1.1156733999738386,0.7334604703194929,0.58650343256214,1.1123885702750445,0.5422677219859369,0.5776467194450162,0.7450116457248581,0.6711535079926851,0.5762337112839103,0.7471226517523967
7.933333333333315,0,0-ACCAD_Male2General_c3d_A6- Box lift_poses,236,0.6304568495834246,0.5666826367378235,0.823324685581179,0.7066018872486057,0.023327558102916347,-0.03346910325262022,0.7064342977921791,0.163227841258049,-0.036746375262737274,-0.3154968321323395,-0.04312631115317345,-0.0020823166705667973,0.0,0.10960517078638077,0.018871786072850227,0.041678931564092636,0.060643188655376434,0.002431961242109537,0.0,0.039908844977617264,0.03706137463450432,0.16973988711833954,-1.3632526397705078,0.9073202610015869,-0.05221050605177879,-1.396694540977478,-1.006759762763977,-0.024083487689495087,0.6293813579241476,0.5606635838826604,0.8980750322052421,0.638951448172818,0.6073692569153774,1.4145407372144123,0.5462363621309944,0.6541740462889856,0.03281007254514018,0.7496061170021208,0.6532672295100331,0.028974335321852736,0.49295708177123143,0.49280096960140374,0.03728761704291736,0.7568837990070884,0.4841471690998019,0.04464087646769424,0.5045454813141389,0.5534036732274606,0.4333004398017923,0.7526209070729781,0.5696207588242264,0.43598624479852277,0.4268469541083663,0.7883899681762068,1.2976979525109187,0.8456004558787609,0.793414025133599,1.3029864285593173,0.37772849500253547,0.7336053190568991,1.1287435699098411,0.8893014518185643,0.7448207687255689,1.1306829677998165,0.5339618404190891,0.5797162989986377,1.1151929039303492,0.7341779183070267,0.5881151714825855,1.111298549533319,0.5421316488450177,0.5770672462509396,0.7445971548075481,0.6710202237895374,0.575624172235348,0.7465182718842063
7.966666666666648,0,0-ACCAD_Male2General_c3d_A6- Box lift_poses,237,0.6310105171287432,0.5661250948905945,0.8227604680137351,0.7064715807801234,0.02386006515587655,-0.03289185843312731,0.7065739370296685,0.1619749516248703,-0.0377664677798748,-0.3147059977054596,-0.0431162565946579,-0.0020842317026108503,0.0,0.10794887691736221,0.01683472841978073,0.03939621523022652,0.06169005483388901,0.0024738244246691465,0.0,0.039342962205410004,0.038735613226890564,0.1792047917842865,-1.3094178438186646,0.8930833339691162,-0.08199077844619751,-1.3397537469863892,-0.9963675737380981,-0.05511942133307457,0.6300537776716819,0.5601105467119686,0.897512791454671,0.6411525093842383,0.611967100306451,1.4134562517632416,0.5461990213349995,0.6543786693330864,0.03250065036605092,0.7501645911829448,0.6534755302059811,0.028253780768745178,0.4931078794593783,0.492939263544031,0.03681908906763859,0.7570858689367017,0.484332891147201,0.04383786131546208,0.5048113898959964,0.5531048292470271,0.43289526093660846,0.7529331688638308,0.5696069924418122,0.4352260550120782,0.4304524069403724,0.7964706066836744,1.2837825925975515,0.8446976283356009,0.8023341670111068,1.2880536815097405,0.37843263569479535,0.7348486314828806,1.1180833476503318,0.8915289323943724,0.7463840890961759,1.1188319868437309,0.5353110392576024,0.5814266468688212,1.1146896321168254,0.7355132173628849,0.5898276562601126,1.1101403659003715,0.542558521733365,0.5764340268935553,0.7441720832057249,0.6714505667281617,0.5750381292828098,0.7458917458781631
7.999999999999981,0,0-ACCAD_Male2General_c3d_A6- Box lift_poses,238,0.6307919468963519,0.5654981136322021,0.8221232943610862,0.7062050138371145,0.023954672575170335,-0.03246386414949295,0.7068569513116643,0.16054584085941315,-0.038958754390478134,-0.3138645887374878,-0.042934298515319824,-0.0020767655223608017,0.0,0.10648368299007416,0.014834422618150711,0.036984097212553024,0.06310206651687622,0.0025355310644954443,0.0,0.03906410560011864,0.04024646058678627,0.18815599381923676,-1.255765438079834,0.8766103386878967,-0.11099442094564438,-1.2837486267089844,-0.9835744500160217,-0.08497733622789383,0.6298929043756402,0.5595184809445144,0.8968791350390312,0.641954142241418,0.6164630542769812,1.4122661331746937,0.5461207023109057,0.6542216307874247,0.03201060301670002,0.7505639509868347,0.6530671687351636,0.027476744868939265,0.4932765169293909,0.492697422395432,0.036184590882549425,0.7571549840609885,0.48391959543929985,0.04315018517845,0.5046888345943041,0.5525888843031697,0.43231047032653236,0.7527804495215009,0.5693716575160457,0.4344943802756678,0.43264369883779774,0.8036979412018205,1.2691776136955752,0.8423308451641364,0.8106568819169544,1.2729072532419785,0.3782287448514458,0.7353661078094738,1.1069144400175288,0.8922132221812021,0.7476124257283961,1.1070859361226637,0.535585944944605,0.5830030322191988,1.1139997042266658,0.7357719910336941,0.5915306668928747,1.10899857454534,0.5422761234935413,0.575662887288931,0.7435955165068376,0.671170455651769,0.5743703124480486,0.7452227402066868
8.033333333333315,0,0-ACCAD_Male2General_c3d_A6- Box lift_poses,239,0.6312336173141375,0.5648869872093201,0.822061782367678,0.7062648851576987,0.02431430538077077,-0.03199087150755028,0.7068064166992408,0.15921512246131897,-0.0402456633746624,-0.31297770142555237,-0.04258930683135986,-0.0020604042802006006,0.0,0.10480819642543793,0.012879217974841595,0.03444422408938408,0.06470120698213577,0.0026072519831359386,0.0,0.039001695811748505,0.0412956103682518,0.1968206912279129,-1.2024993896484375,0.8579970598220825,-0.13853487372398376,-1.2290639877319336,-0.9687288403511047,-0.11292850226163864,0.6304223389945384,0.5589194332061036,0.8968195921717838,0.6434694810756076,0.6206126971490081,1.4116386249784754,0.5464532990175398,0.6542854097104125,0.032141220471901696,0.7512895320572482,0.6528954286744831,0.027246334191595195,0.4937151754188411,0.492723228122519,0.0361849563496428,0.7573835349200727,0.483731939676987,0.042949108446545245,0.5050588056744508,0.5523063379684449,0.4323585850921925,0.7530869212665777,0.5692330438152132,0.43428023980318986,0.43558361201331974,0.8102107800580958,1.2549459370911276,0.8408825054185752,0.8179276843293565,1.2582437314553485,0.37911200916837046,0.7354069580815806,1.0962799026225107,0.8933799840161705,0.7480560274959787,1.0960046162074468,0.5365503902096672,0.5844989271838033,1.1138791033221713,0.736725528843709,0.5930076519418447,1.1084292982032689,0.5426260734007039,0.5750157613176354,0.7436397908438511,0.6715221172826114,0.5737005438860602,0.7451131901034453
8.066666666666649,0,0-ACCAD_Male2General_c3d_A6- Box lift_poses,240,0.6309837546432391,0.564538836479187,0.82149601507947,0.7063320665987872,0.024275689085207025,-0.03134447181838027,0.7067695711475923,0.15775829553604126,-0.041461359709501266,-0.31210505962371826,-0.04222407937049866,-0.0020430292934179306,0.0,0.10290855169296265,0.010785482823848724,0.031823836266994476,0.06644150614738464,0.002686465857550502,0.0,0.03880929946899414,0.04225320369005203,0.2053474336862564,-1.1503797769546509,0.8369989395141602,-0.1648697704076767,-1.1755496263504028,-0.95154869556427,-0.13992194831371307,0.6302364115644601,0.5586438339974987,0.8962602473303498,0.644071009063465,0.6254180075860278,1.4104287875530022,0.5462976567397756,0.6540535928187567,0.031674613892407215,0.7516647589734016,0.6524468602294251,0.0264848882500301,0.4936619045869952,0.4924572982416627,0.03568898485982979,0.7572358937935757,0.48327983769255645,0.042343038924873816,0.5048426426644507,0.5520098946847852,0.43187106602506287,0.7528551249591903,0.5691139766014025,0.43359677244513367,0.43771503093402464,0.8165675989554728,1.2398136372582922,0.838543822372155,0.8249756726012957,1.2427620526699013,0.3795917203414944,0.7354679322136287,1.0848811067029107,0.8934115854487594,0.7484822827792778,1.0843390300605769,0.5367139633029996,0.5864710613644333,1.1131843944767195,0.7368807542545706,0.5949271657545809,1.1073590190645206,0.5423096100061866,0.5745657946012654,0.7431437771379444,0.6712067436481645,0.5732255641195824,0.7445053111172777
8.099999999999982,0,0-ACCAD_Male2General_c3d_A6- Box lift_poses,241,0.6309643831336871,0.5640015006065369,0.8208876900748924,0.7063511611000312,0.024327575955383172,-0.03057385762324958,0.7067824598069806,0.15606461465358734,-0.04252107813954353,-0.31127384305000305,-0.041930340230464935,-0.0020296922884881496,0.0,0.10077965259552002,0.008631888777017593,0.02910476364195347,0.06832615286111832,0.002773379208520055,0.0,0.03835481032729149,0.043279364705085754,0.2136291265487671,-1.0997695922851562,0.8135960102081299,-0.19022507965564728,-1.1231591701507568,-0.9319717884063721,-0.16645467281341553,0.6303041467551967,0.5581825689335994,0.8956587013166176,0.6451402211274623,0.6299237384346864,1.4091358745085214,0.546028386182462,0.6537686101298458,0.03120973614143647,0.7520540002515512,0.6518949560671947,0.02564694347580755,0.4935170010491658,0.4921306530221885,0.03517524410962353,0.7571129734653377,0.48272580642693724,0.04165336718675404,0.5046995205759113,0.5515517173864113,0.43137643611561394,0.7527462946380011,0.5688779382133924,0.43283346240401555,0.4403407464802059,0.8218702587902532,1.2247511918509542,0.8365038217185103,0.8309016928630378,1.227036468254962,0.38082617128482305,0.7348758020905407,1.0735905354386353,0.8934110058524674,0.7482039936140946,1.0724977121546122,0.5372234620856731,0.5882176036331929,1.1124690571063622,0.7373796908372674,0.5965989735908531,1.1061903924734742,0.5421988685447241,0.5739037267835689,0.7426317812277873,0.671097562560934,0.5725579183711216,0.7438427630717295
8.133333333333315,0,0-ACCAD_Male2General_c3d_A6- Box lift_poses,242,0.6314994540298358,0.5636679530143738,0.8206679873542503,0.7063700666020122,0.024280982967661804,-0.029725437270008686,0.7068013591200147,0.15438376367092133,-0.04356779158115387,-0.3104405403137207,-0.041734352707862854,-0.0020218337886035442,0.0,0.09849891066551208,0.006541773211210966,0.026258977130055428,0.07048828154802322,0.0028753923252224922,0.0,0.03763822093605995,0.044266052544116974,0.22140204906463623,-1.0506078004837036,0.7879756093025208,-0.21446017920970917,-1.071789264678955,-0.9102365374565125,-0.19259297847747803,0.6309241549285542,0.5579437521615375,0.895447012191035,0.6467665992028904,0.6344955530126559,1.4082061404518542,0.546338617116314,0.6535139688251558,0.031119117128801735,0.7529712828986828,0.651353800914563,0.025166532804270392,0.49395292116863,0.4918346238014172,0.035059707537826175,0.7574994465716831,0.482189927501249,0.04138626355280058,0.5051178522472761,0.5511911551124159,0.4312707222257568,0.7531788650817698,0.5688068266138622,0.43245964517608637,0.4436158879366901,0.8265635252757957,1.2101908788846867,0.8349779294715075,0.8360296133535082,1.211682385310466,0.38304594438165696,0.7340481448957774,1.0627739513117354,0.8936394864225374,0.7475323537369996,1.061061599956593,0.5382869844230878,0.5901414201593886,1.1121292700520364,0.7384340921098975,0.598394154317375,1.105405241235755,0.5426449394526891,0.5734257679065743,0.7425035208217924,0.6715449953192808,0.5720712407426356,0.7435681849886807
8.166666666666648,0,0-ACCAD_Male2General_c3d_A6- Box lift_poses,243,0.6313747015083209,0.5633697509765625,0.8199199490623191,0.7066865002831828,0.023854763790702258,-0.028665356359568666,0.7065433022163439,0.1527550369501114,-0.044590096920728683,-0.3096039295196533,-0.04160675033926964,-0.00201782095246017,0.0,0.09602378308773041,0.004399700090289116,0.02332191914319992,0.07292327284812927,0.0029922868125140667,0.0,0.03662968799471855,0.045163679867982864,0.22886985540390015,-1.0024919509887695,0.760180652141571,-0.23752988874912262,-1.021351933479309,-0.8865754008293152,-0.2181616574525833,0.6308642519908948,0.5578030777145878,0.8947113362007094,0.6476692710243879,0.6394011300059483,1.4066691105853277,0.5462178229298266,0.6526938249423483,0.030411239618226282,0.7534934204164991,0.6501197264662875,0.024102237156022388,0.4938245665168852,0.4910193107752281,0.034448336505027044,0.7573298035469685,0.4809746659478905,0.04069231451280647,0.50493961320718,0.5506273757778386,0.4306228129618849,0.7530435470435106,0.5684163067773866,0.43157724525477115,0.4464465816229829,0.8309779426434682,1.194933955856589,0.8329568168247594,0.8403262244127365,1.1956811173662893,0.3851270849354623,0.733163949703397,1.0512958470021594,0.8930060205660537,0.7462128704486081,1.0490648360745196,0.5386505973604643,0.592371621431398,1.1112037433669595,0.7387984927210923,0.600264554522357,1.1040828944054428,0.542455389141193,0.5729926827289373,0.7418206579243825,0.6713552767262978,0.571517716466456,0.7427670477022537
8.199999999999982,0,0-ACCAD_Male2General_c3d_A6- Box lift_poses,244,0.6313769068801776,0.5630927681922913,0.8194868617133811,0.706964961704089,0.023692978681208704,-0.02790283099851161,0.7063006567363621,0.15118764340877533,-0.04553135111927986,-0.30877676606178284,-0.04148424044251442,-0.002014149446040392,0.0,0.09322735667228699,0.0024895984679460526,0.020229214802384377,0.07546556740999222,0.003114955732598901,0.0,0.03548532351851463,0.045754920691251755,0.23623137176036835,-0.9549572467803955,0.7304378747940063,-0.2591097950935364,-0.9720173478126526,-0.8613250851631165,-0.2423420250415802,0.6309281132633195,0.5576240841485309,0.8942858729309032,0.6485274643727855,0.6437880176647638,1.4054769933945486,0.5462042710435315,0.65247559789733,0.030078612747822663,0.754008825786606,0.6497310609570506,0.023444722929606428,0.4938153950285224,0.4907991319881071,0.03409433696493244,0.7571490097751697,0.4805912743281993,0.04023376172474437,0.5048877591512393,0.5503670616801744,0.43027588337688,0.7529865041817247,0.5684622594326142,0.4310182281068592,0.44925881914246446,0.8344146069959824,1.1801416592189444,0.8310442661039136,0.8435338473284133,1.18038083031205,0.3876444897838315,0.7315287077265527,1.0402212162759106,0.8921222524607232,0.7441500600970546,1.0377207215839352,0.5390605189261514,0.594367269010336,1.110568182799291,0.7392110566537264,0.6018888781775698,1.1031269098639718,0.5423959055194632,0.572637812759024,0.7414561031870659,0.6712954695401596,0.5710417449703195,0.7422898974901992
8.233333333333315,0,0-ACCAD_Male2General_c3d_A6- Box lift_poses,245,0.6317200508201495,0.5631701350212097,0.8191040806846336,0.706932692932168,0.023496229364020776,-0.026990744028279775,0.7063749674260452,0.14964410662651062,-0.04643940553069115,-0.3079569339752197,-0.04136235639452934,-0.0020105703733861446,0.0,0.09039773792028427,0.0008569093770347536,0.016975050792098045,0.07814691960811615,0.003245191415771842,0.0,0.03447342291474342,0.0464155450463295,0.2427118718624115,-0.908132016658783,0.6995444297790527,-0.27869895100593567,-0.924140453338623,-0.8348513841629028,-0.2643480598926544,0.631347527153873,0.5578187592264338,0.8939119947260046,0.6497794923976312,0.6482271958857458,1.4043491263319963,0.5463281774142974,0.6523114094220772,0.029781202718742128,0.7544866266279976,0.6495682092486506,0.022788816713059906,0.49408767454576397,0.4905877764259099,0.03383044839710325,0.7570680788953267,0.4804450484630326,0.03983852609690315,0.5051290029831268,0.5502390226143096,0.4300001671741022,0.7531353244283548,0.5688851344909401,0.4304911187200679,0.4520568033410064,0.8372350958321153,1.1656926622503103,0.829426178960603,0.8464891794970038,1.1654500926982565,0.3906610509710262,0.7293095959199337,1.0295228702118489,0.891139788087591,0.7421125976065615,1.0266822152713921,0.5398444450224652,0.596490862277365,1.1100121319648721,0.739987530925218,0.6038444965608067,1.102211226366885,0.5426587735802682,0.5725380410926493,0.7411510866912082,0.6715593790838332,0.5709344992117342,0.7418560414651975
8.266666666666648,0,0-ACCAD_Male2General_c3d_A6- Box lift_poses,246,0.6315124478423968,0.5630345344543457,0.8185257964210227,0.7071290391613907,0.02311822223448342,-0.026172317428187687,0.7062216929377373,0.1481040120124817,-0.04725205898284912,-0.307161808013916,-0.04117714241147041,-0.0020035444758832455,0.0,0.0876547247171402,-0.0009418699773959816,0.013682431541383266,0.08094066381454468,0.003381545189768076,0.0,0.03380659222602844,0.04740374535322189,0.2479248344898224,-0.8619453310966492,0.6681520342826843,-0.2960233688354492,-0.8778117895126343,-0.8074226975440979,-0.284075528383255,0.6311853554976757,0.5578098807646414,0.893342880061196,0.6504894471705678,0.6518470147719813,1.4031005452878156,0.5461789764616629,0.6518705364849668,0.02923594378231384,0.7548648398944967,0.6489124731998163,0.021957521256978606,0.4939764046171752,0.49013594155615037,0.03333622377674258,0.7567555505873494,0.47981239899194605,0.03932387136195858,0.5049284575972576,0.54993645784993,0.42948560661656143,0.7529195381777921,0.5689484468195839,0.42981308497863474,0.45413708059955515,0.8390336694861483,1.1514877841281173,0.8274931230745097,0.8482797769541572,1.1509109782307227,0.3933664171826454,0.7261774398955622,1.0190870208575313,0.8893655375442535,0.7391417082850522,1.0159285701212581,0.5400721911613426,0.5981689090878746,1.1092922410225192,0.7402096932550046,0.6052943209220674,1.1011440104230206,0.542405592641358,0.5722746334142793,0.7406171707205793,0.6713058107838414,0.5705806736396067,0.7412405537886743
8.299999999999981,0,0-ACCAD_Male2General_c3d_A6- Box lift_poses,247,0.6317737546050921,0.5632888674736023,0.8182456545905784,0.7066688484641399,0.023012138410710987,-0.02538193457852205,0.7067144667354591,0.14672128856182098,-0.04802125692367554,-0.3063737154006958,-0.040986429899930954,-0.0019962647929787636,0.0,0.08517201244831085,-0.002832528669387102,0.010342884808778763,0.08394961804151535,0.00352974864654243,0.0,0.033138588070869446,0.0491117462515831,0.25205498933792114,-0.8158682584762573,0.6364756226539612,-0.31158092617988586,-0.8331235647201538,-0.7792303562164307,-0.30183008313179016,0.6315227129018379,0.558158906216837,0.8930695844230011,0.6520805501818359,0.6550815022380124,1.402246822731866,0.546083374380218,0.6518837349422166,0.029035759088994258,0.755382230360458,0.6489519210006063,0.021388625338982503,0.49421926680862904,0.4900409530062227,0.03316229286699603,0.7568876284312024,0.47988182164639,0.0390814284239675,0.5051006806800439,0.5499084054353353,0.42930319128404437,0.7530729660401454,0.5697267524388615,0.4294016923588163,0.4562494028134346,0.8399096766337818,1.138250426369575,0.8259183648144955,0.8498662762298936,1.1372311368637948,0.3965741253820114,0.7221196281439007,1.0097049871490318,0.8876334748323718,0.7363988676837474,1.0057931035649375,0.5409777717360675,0.5996930881120077,1.1090149600158121,0.7410868180945828,0.6069732708140608,1.1003228138302985,0.5425825806291223,0.5722726974082369,0.7404102678403063,0.6714855344802994,0.5707294711918988,0.740915347819348
8.333333333333314,0,0-ACCAD_Male2General_c3d_A6- Box lift_poses,248,0.6316741552436724,0.5634669065475464,0.8179353528098777,0.7071943250062874,0.022636539565284993,-0.02479610367031659,0.7062215849138157,0.14603157341480255,-0.04884490370750427,-0.3055399954319,-0.0407453291118145,-0.001986245857551694,0.0,0.08302536606788635,-0.004713272675871849,0.00694394251331687,0.08724288642406464,0.0036936714313924313,0.0,0.03225483000278473,0.05166156217455864,0.25456365942955017,-0.7696293592453003,0.6049503684043884,-0.3254799246788025,-0.7901485562324524,-0.7506402730941772,-0.3177751898765564,0.6314417676012991,0.5584389101547331,0.8927662638577698,0.6537539316374142,0.6573804997115777,1.4014903520813553,0.5463599883128069,0.6514990039149009,0.028688221521051417,0.7562203042981788,0.6481610705423834,0.020803919225231553,0.49438307794337727,0.48969575774595103,0.03294384340727737,0.7568445428518893,0.4791329235376401,0.038944918270789046,0.5051154517617843,0.5499291261009335,0.4290328938843201,0.7531011965570624,0.569972149871587,0.429028289949324,0.4586262494151451,0.8403253822679798,1.1255322101064258,0.8250087488863179,0.8499334824018738,1.124307878248975,0.40001122791179994,0.7178585284736176,1.0009299903026003,0.8858453822314313,0.7322641836747042,0.9961969716701184,0.5416998166752491,0.6010636148843311,1.1087978292641667,0.7417974584131088,0.6079024845953864,1.0995054381820855,0.5424688641104292,0.5724555383268071,0.7401200194339527,0.6713695924598904,0.570691984632108,0.7405822082649012
8.366666666666648,0,0-ACCAD_Male2General_c3d_A6- Box lift_poses,249,0.6315302100265399,0.5641172528266907,0.8176423363761619,0.7075727785036867,0.02251050186622319,-0.024257608534226472,0.7058651491995506,0.1459364891052246,-0.049561407417058945,-0.3047029972076416,-0.04041464999318123,-0.001971306512132287,0.0,0.08093865215778351,-0.006692624185234308,0.003532183589413762,0.09070485830307007,0.003866966115310788,0.0,0.03168310597538948,0.054100167006254196,0.2556723952293396,-0.7228277921676636,0.5739898681640625,-0.33690324425697327,-0.7485401630401611,-0.7221152186393738,-0.33187323808670044,0.631339013319731,0.5591596900039558,0.8924780632362516,0.6554366480699081,0.6591724364001972,1.4009183683089808,0.5462602855274558,0.6514437478128444,0.02835684129003186,0.756818827597282,0.6481225619783688,0.02022275253238541,0.4942404076915043,0.48965951131020247,0.032805788265426565,0.7566287071896252,0.47913852917027344,0.038779705680548476,0.5049597982918257,0.5503670964648435,0.428822126668233,0.7530029852463808,0.5708942506493185,0.42864182105641535,0.46042210459511085,0.8402354347635327,1.1133046431266425,0.8240506711706732,0.8497560386755189,1.1122631364682687,0.4033313308600059,0.7129993858303547,0.9928422190668176,0.883750212957652,0.7281935513297638,0.9872907771846813,0.5424122354043999,0.6023912154280844,1.108688999154847,0.7424897721479233,0.6089344667129296,1.098771839618597,0.5422859787973561,0.5731215802020462,0.7398739377060969,0.6711849764029391,0.5711770826267107,0.7402587509659007
8.39999999999998,0,0-ACCAD_Male2General_c3d_A6- Box lift_poses,250,0.6315504160011187,0.5648782849311829,0.8177402072028831,0.708136758835083,0.022509380098160097,-0.02398721574321666,0.7053086360417179,0.14588047564029694,-0.05030632019042969,-0.3038753867149353,-0.040080223232507706,-0.0019561757799237967,0.0,0.07854116708040237,-0.008769595064222813,0.00012784857244696468,0.09417402744293213,0.0040407683700323105,0.0,0.031238431110978127,0.05652383342385292,0.25539904832839966,-0.6763367652893066,0.5439494252204895,-0.34566745162010193,-0.707920491695404,-0.6941674947738647,-0.34406617283821106,0.6313838906459135,0.5599495684485252,0.8925778983961559,0.6572343884005909,0.6600022677820236,1.400929520878539,0.5465367386754353,0.651956380629854,0.028446920025215955,0.7578328604391472,0.6487798947257959,0.020130032420938818,0.4943818715746498,0.4902183731598462,0.032995191931241535,0.7567278353800291,0.4798291535254067,0.03895623669736865,0.5050392339335981,0.5511908804159198,0.4289718350530595,0.753172899640588,0.572166131782615,0.42867391153975487,0.4620938916514828,0.8395452368716817,1.1020905243165922,0.8235267582401314,0.8488243468973558,1.1015049971668955,0.40683482342453103,0.7076282208680953,0.9858842401854543,0.8817733655257142,0.7235386053316742,0.9795608300073939,0.5432602289355757,0.6033817288819152,1.1090380433417761,0.743320162311914,0.6095491046040618,1.098541785239151,0.5422867138760818,0.5739918119671199,0.7400071522005583,0.6711824118326213,0.5717863383937368,0.740337597148365
8.433333333333314,0,0-ACCAD_Male2General_c3d_A6- Box lift_poses,251,0.6312427964294329,0.5653859972953796,0.8172028117255882,0.708791235923143,0.02216530258300219,-0.023269772273283598,0.7046858881361943,0.14544551074504852,-0.051222119480371475,-0.3030576705932617,-0.039772000163793564,-0.0019424931379035115,0.0,0.07599080353975296,-0.011154476553201675,-0.0031950436532497406,0.09765836596488953,0.004215597175061703,0.0,0.0305090993642807,0.059611327946186066,0.253607839345932,-0.6310937404632568,0.5154122710227966,-0.3522532880306244,-0.6678304672241211,-0.66737300157547,-0.35415196418762207,0.6311117212225249,0.5605697294423483,0.8920478942845512,0.65924490933072,0.6604158961484544,1.4003238221229222,0.5464966897013772,0.6516190716053282,0.027856993047707855,0.7586145009071816,0.6483607782941421,0.019305866497513244,0.49416757263003613,0.4899435051281501,0.03261879006327442,0.7565588567191887,0.4794677932676459,0.0385655117645496,0.5047695105616579,0.5514614856178718,0.4285119409043005,0.753042263961802,0.5727674426902322,0.42804630338488037,0.46350397079245076,0.8383826903405466,1.090877250036481,0.8233027056446167,0.8473059442811596,1.0902587059480202,0.41011912905887765,0.7018818144413178,0.9791761589227734,0.8796708350164771,0.7181799967996918,0.9714787081272652,0.5440347004785453,0.6041332183220929,1.108852559281073,0.7440679464301694,0.6098199620866734,1.0976032766633657,0.541949512094391,0.5745319544195155,0.7395096371378296,0.6708409215553452,0.5720433636842917,0.7397674359520121
8.466666666666647,0,0-ACCAD_Male2General_c3d_A6- Box lift_poses,252,0.6308671083534136,0.5658222436904907,0.8168951325492576,0.7092013534153415,0.022099282204931944,-0.022554929497143373,0.7042984716689746,0.14473004639148712,-0.052285537123680115,-0.30225086212158203,-0.03948032483458519,-0.0019297072431072593,0.0,0.07344330102205276,-0.013715453445911407,-0.006454388611018658,0.10114388167858124,0.004390752874314785,0.0,0.029723305255174637,0.06304045766592026,0.2503620386123657,-0.5871005654335022,0.48868486285209656,-0.3567037582397461,-0.6277005672454834,-0.6420945525169373,-0.36212846636772156,0.6308023839768666,0.561088507207088,0.8917455670814685,0.66155523537759,0.6597690099709989,1.4001015949995785,0.5461398002884034,0.6516617028299974,0.0275914754169612,0.7590908870963401,0.648268188661806,0.01870330312692768,0.49374529524782895,0.49001067088006717,0.03246586882289826,0.7562093605762163,0.4794294308431697,0.03832906841579409,0.5043357421656257,0.5518071575416724,0.42831538552147597,0.7527473545904347,0.573534763053877,0.4276085610066406,0.46455066045244414,0.836406841892896,1.0808890890497205,0.8233206179120706,0.8452208856754314,1.0796901547651219,0.41320984594808957,0.6955378565993681,0.9737461286996846,0.8775851778752686,0.7123111537802417,0.9641482796560629,0.5449257503600042,0.6043004753306224,1.1090390003587143,0.7449163892305555,0.609640451530492,1.09689758700056,0.5415094716894959,0.5749629905526356,0.7392787883811384,0.6703979401198539,0.5722871648942287,0.7394153861668584
8.49999999999998,0,0-ACCAD_Male2General_c3d_A6- Box lift_poses,253,0.6306153979385272,0.5665705800056458,0.8169573597984031,0.7097154423482157,0.021802975473865827,-0.021883811341959027,0.7038108552403209,0.1441277116537094,-0.05346168950200081,-0.30143818259239197,-0.03911552205681801,-0.0019128437852486968,0.0,0.07089105993509293,-0.01598787121474743,-0.009756946936249733,0.10458635538816452,0.004563872702419758,0.0,0.029339661821722984,0.06597783416509628,0.24578791856765747,-0.5436244606971741,0.4639067053794861,-0.35889768600463867,-0.5872198939323425,-0.6184998750686646,-0.3682251274585724,0.6305874817337604,0.5619391841517292,0.8918142191576485,0.6635023384090402,0.6588725667366446,1.4003727593411257,0.5462967139612632,0.6517281340264517,0.027627800079635015,0.7598132714648335,0.6482548848415115,0.018501776595425033,0.493784832830735,0.49012014848101393,0.03266380525029164,0.7560531369546138,0.47948042212795844,0.038527812753800655,0.5041982367529099,0.5523704877631166,0.42844615745914916,0.752652339579535,0.5744739880767625,0.4275842280489608,0.4651240392215943,0.8343526917223087,1.071576282696387,0.8235369437129799,0.8430463861165082,1.0699589667391252,0.4161028031086832,0.6891876265961149,0.9691868961319668,0.8756342900925502,0.7062891992398235,0.9579638662125809,0.5457068496644948,0.6045364698873046,1.1095662248198004,0.7456615856324833,0.6095387970529971,1.0967106739992643,0.5412254914602085,0.5757153738186704,0.7393815287307832,0.6701097400731865,0.5728105176483125,0.739446663125101
8.533333333333314,0,0-ACCAD_Male2General_c3d_A6- Box lift_poses,254,0.6300989236915484,0.5668455362319946,0.8167491011695579,0.7105595408808519,0.021487777944800446,-0.021170167764378942,0.7029902120648736,0.14344079792499542,-0.05461544916033745,-0.3006669580936432,-0.03867723047733307,-0.0018918616697192192,0.0,0.0680278018116951,-0.018162213265895844,-0.013033177703619003,0.10784579813480377,0.004727288614958525,0.0,0.029306301847100258,0.06863650679588318,0.2400374561548233,-0.5004349946975708,0.44113922119140625,-0.3589807450771332,-0.5464093685150146,-0.5965948104858398,-0.3719924986362457,0.630108378624627,0.5623229212784241,0.8916126160789314,0.6651280069488323,0.6568969239689242,1.400475140176465,0.5461962880969278,0.6513631984965997,0.02738975709783658,0.7602279983433353,0.6478574162774127,0.018056576276722233,0.49340971619016477,0.4898504267251389,0.0326053472880425,0.7554409172557279,0.4791483188277416,0.03841153371657054,0.5037513442933407,0.5525731712880488,0.42831406467973515,0.7522561592729011,0.5748718815173643,0.4272834267702612,0.4651899960405688,0.831538900491829,1.0623416250139979,0.8239390765769825,0.839933896315731,1.0602189588372752,0.4185645235852353,0.6821982574634118,0.9649609192127772,0.8736229450580917,0.6992060419305401,0.9521136933916897,0.5461956665860386,0.6040968211234191,1.1098484437684737,0.7461174460972717,0.6086380729037107,1.0963264613202568,0.5406805162059174,0.576069365957324,0.7392187449012075,0.6695570625073223,0.5728090591287592,0.7392047962324889
8.566666666666647,0,0-ACCAD_Male2General_c3d_A6- Box lift_poses,255,0.6300784196937457,0.5673952698707581,0.8167061858253196,0.7111982637888352,0.021143767271154405,-0.020204340529018747,0.7023829121733508,0.142320454120636,-0.055659811943769455,-0.2999817728996277,-0.03824153542518616,-0.0018709403229877353,0.0,0.06511273980140686,-0.02032327465713024,-0.016245538368821144,0.11096063256263733,0.004883203189820051,0.0,0.029543785378336906,0.07148216664791107,0.23324814438819885,-0.457877516746521,0.42032474279403687,-0.3572617173194885,-0.5051709413528442,-0.5763380527496338,-0.37313470244407654,0.6301506790324946,0.5630109807538809,0.8915778946847253,0.6674501330490927,0.6548986637152728,1.4007714523620898,0.5462346840144839,0.6512081394908017,0.027339898831329375,0.7608393747045447,0.6475812647712543,0.017725020992362055,0.49326053446559903,0.4897631793851713,0.03274955095173434,0.7551436025687732,0.4789444592053798,0.03844182548327789,0.5036606253208085,0.5529464767010773,0.4283825362692401,0.752238237373447,0.5754711853720302,0.42711027067528645,0.4653348248783338,0.8285918934973695,1.0536866576888633,0.8250379994936563,0.8370604013328033,1.050539864123005,0.4212819945061704,0.6751765762945573,0.9615853396313565,0.8721921645125295,0.6922530358578465,0.9467763067931636,0.5472863049900578,0.6037291069945636,1.1103597446075728,0.7471615346073204,0.6079784706562396,1.0960761738384208,0.5406026711499848,0.5766030492576342,0.7392453905599544,0.6694727407802795,0.5730741639213569,0.7391145017538882
8.59999999999998,0,0-ACCAD_Male2General_c3d_A6- Box lift_poses,256,0.6296787109458819,0.5680497288703918,0.8162237458305076,0.7120361389983904,0.020621124196900827,-0.019441238237916842,0.7015706267033259,0.1407996118068695,-0.05653893202543259,-0.2993931174278259,-0.037777870893478394,-0.0018483609892427921,0.0,0.062197934836149216,-0.022387180477380753,-0.019404001533985138,0.1138174757361412,0.005025375634431839,0.0,0.030374843627214432,0.07423586398363113,0.2256356179714203,-0.41587674617767334,0.4013424813747406,-0.35370972752571106,-0.46379396319389343,-0.5577713847160339,-0.371817946434021,0.6297723575679628,0.5638013707679771,0.8911032669544025,0.6690261394053856,0.6525398805105338,1.4007096769947258,0.5462470486788015,0.6514972301826273,0.02683205820007982,0.7614702697817239,0.6474476881002841,0.01704852752357311,0.4929753843861293,0.4901539097508695,0.03235136391221301,0.7547694200862083,0.4788858648108614,0.0380725695398822,0.5033394265217579,0.5536286934314073,0.42793763716758665,0.7520308595047674,0.5761023632980432,0.42656383513186613,0.4646693393498365,0.8254437708181618,1.044815461939476,0.8259059747159075,0.8340151256027656,1.0406363323851335,0.42334318163521517,0.6681281239921776,0.9581927157555982,0.8704539957452616,0.6850907885321244,0.9416586588693032,0.5478162361306171,0.603261532993048,1.1104056416735522,0.7476513795290789,0.6072172921139135,1.0954908056806931,0.5401913751750121,0.5772865331507464,0.7387869074575285,0.6690523194208107,0.5734232551634312,0.7386059394954199
8.633333333333313,0,0-ACCAD_Male2General_c3d_A6- Box lift_poses,257,0.6295193281257525,0.5685595870018005,0.8160176329688743,0.7121292267715764,0.019961240552194667,-0.018379199588294093,0.7015238543883078,0.13871660828590393,-0.05721482262015343,-0.2989272475242615,-0.03722044453024864,-0.0018204576335847378,0.0,0.059035323560237885,-0.024267397820949554,-0.022521289065480232,0.11633829027414322,0.005149504169821739,0.0,0.031889740377664566,0.07672151923179626,0.21743647754192352,-0.37447211146354675,0.38403353095054626,-0.3484560251235962,-0.4230634570121765,-0.5408492684364319,-0.3684593439102173,0.6296565663086108,0.5644933225414623,0.8909071960535909,0.6705502847137476,0.6501868426797358,1.4009073777401961,0.5460462128739675,0.651334762828511,0.02659002328826658,0.7619138698001234,0.647255327383798,0.016624209916675604,0.49280752914325143,0.48998587730480997,0.03226273823618851,0.7545883878385754,0.4787584448563642,0.03795817093115235,0.5031671780748945,0.553825764861389,0.42778913762299264,0.751937896350209,0.5766668212902377,0.42627063514307295,0.4632676085976137,0.8215682285439974,1.0362885418386667,0.8264728447536307,0.8312965929035449,1.0310742468440723,0.42521110134944556,0.6603822982146629,0.9554778845952984,0.868774613606067,0.6784163589500399,0.9372778789909155,0.5484653253402506,0.6024608231451105,1.1107106877800208,0.7482489626172892,0.6066729774290038,1.0951884156317382,0.5399870300275095,0.577572257615452,0.7386159850693228,0.6688467371378648,0.573658206116141,0.7383642050889405
8.666666666666647,0,0-ACCAD_Male2General_c3d_A6- Box lift_poses,258,0.6291773762786761,0.5686742067337036,0.8155646376685813,0.712625064878837,0.019146957229640094,-0.01754523227068939,0.7010642451015792,0.13587257266044617,-0.0577143169939518,-0.2985970079898834,-0.036613624542951584,-0.0017896491335704923,0.0,0.055501002818346024,-0.025703519582748413,-0.02566014789044857,0.11857736110687256,0.005258598364889622,0.0,0.03370365500450134,0.07928115874528885,0.20874018967151642,-0.33416762948036194,0.3681933879852295,-0.34196096658706665,-0.3838045299053192,-0.5253248810768127,-0.36366042494773865,0.6293153875033224,0.5647824662354555,0.8904634714965934,0.6717152014478812,0.6470797139730534,1.4009033981128967,0.546048870616392,0.6514613061276039,0.0261139406046171,0.7623792612822736,0.6469583490548553,0.01607561471263054,0.4926330943267057,0.4901711040936569,0.03179069770870022,0.75423998269669,0.478521399695591,0.03758715195781411,0.5029441429689194,0.5540373337350203,0.4273127535958919,0.7517594252129952,0.5768267536513496,0.4257954879151753,0.4616771239770063,0.8171941488223546,1.027820796033349,0.8271096649503381,0.8278116384372841,1.0217713401296171,0.4268219864915638,0.6524798925757359,0.9528948500322328,0.8670704383905469,0.671196250635752,0.9332596398069811,0.5488353093343348,0.6011904817113458,1.1107459588040205,0.7485762885742243,0.6054851011285417,1.0947059352269972,0.5396497015186295,0.577556059854155,0.7381554321697281,0.6685036984896223,0.573450346284132,0.7378968452828901
8.69999999999998,0,0-ACCAD_Male2General_c3d_A6- Box lift_poses,259,0.6291974034393206,0.5689183473587036,0.8150820784644798,0.7129119760553251,0.01823899867006347,-0.01652698364888474,0.7008214552479645,0.13287296891212463,-0.05806157365441322,-0.2983650863170624,-0.03600883111357689,-0.0017587450565770268,0.0,0.05163760110735893,-0.026824211701750755,-0.028776926919817924,0.12064529955387115,0.005358767695724964,0.0,0.035635754466056824,0.082206130027771,0.20008666813373566,-0.2952014207839966,0.3535962402820587,-0.3341440260410309,-0.34605905413627625,-0.5109351277351379,-0.3577187955379486,0.6293474029921495,0.5652305575614812,0.8899912081253272,0.6734589025210522,0.6443881723494367,1.4007893716602047,0.5461747164697425,0.6514673996054301,0.025593208227923617,0.7628599720910553,0.6468533748450839,0.015487626071159923,0.49266742181627976,0.49020948026509004,0.03132495044926355,0.7540307982447865,0.4784716164482021,0.03715855425540079,0.5030035554272666,0.5541970120056486,0.42682538026336475,0.7518174972149365,0.5771256630780971,0.4252755013088139,0.46025629528705664,0.8128146007331774,1.0195236505614902,0.8280605519962816,0.8246008467763286,1.0125046827890454,0.42872332533165164,0.6447943700679605,0.9507163973306938,0.8657749482005604,0.6644839232729595,0.9294398928300562,0.549675981643975,0.6001181405301477,1.1107642315575774,0.7493616923819304,0.6046343096578053,1.0941087206531344,0.5396597109058392,0.5775809625913199,0.7376729436259317,0.6685101872452534,0.5733571583266831,0.7373942617943362
8.733333333333313,0,0-ACCAD_Male2General_c3d_A6- Box lift_poses,260,0.6289369907462969,0.5689358711242676,0.8151601605491355,0.7137730433827799,0.01709958334387492,-0.01541796142633863,0.699998523752019,0.12967637181282043,-0.05852718651294708,-0.29818272590637207,-0.03558739647269249,-0.0017377384938299656,0.0,0.04733007773756981,-0.02800401672720909,-0.03176124021410942,0.12264930456876755,0.0054559651762247086,0.0,0.03721516206860542,0.0860685408115387,0.19213876128196716,-0.2581656873226166,0.3399946391582489,-0.3248029947280884,-0.30967116355895996,-0.49771514534950256,-0.3504631221294403,0.6290817044234146,0.5654862053420219,0.8900806441563738,0.6754978177128573,0.6420366699960618,1.401084377270407,0.5463804447918533,0.6512149047225689,0.025622699180092703,0.7633641895661485,0.6462661158263989,0.015487542435852562,0.49250694085811014,0.49008072969999855,0.03140398049971542,0.753584579888001,0.47795605675068875,0.03730687442549005,0.5028446070329884,0.5542063960578204,0.4268810688432395,0.7516968560175659,0.5769422502832127,0.4253365572331969,0.4590940260977816,0.8087195518416731,1.0119172327531465,0.8294022907402442,0.8208993631647734,1.00354277933113,0.4305300911583662,0.6376930900254936,0.9495183931518862,0.8645230247026497,0.6573413354399653,0.92624549725161,0.5504990268276545,0.5992802464589185,1.1113537788979886,0.7501222698709369,0.6036180405369048,1.0939202112935202,0.5394150207144738,0.5774852777616711,0.7377341355692669,0.6682545150266943,0.5729262158104625,0.7374574565165087
8.766666666666646,0,0-ACCAD_Male2General_c3d_A6- Box lift_poses,261,0.6286005821311846,0.5689974427223206,0.8151131920890525,0.7146027015720621,0.01598251650813289,-0.014200033275727032,0.6992037593770116,0.1261344850063324,-0.058928582817316055,-0.2980918884277344,-0.03553872928023338,-0.0017370691057294607,0.0,0.04247254878282547,-0.02934960648417473,-0.03457969054579735,0.12457790225744247,0.005549559369683266,0.0,0.03842165693640709,0.09031715989112854,0.1851893812417984,-0.2233407348394394,0.32730162143707275,-0.3134494721889496,-0.2753905951976776,-0.4859691858291626,-0.34208202362060547,0.6287547301540163,0.5657949628036757,0.8900446298222079,0.6777926001448266,0.6403179796652798,1.401119162941115,0.5463642254602081,0.6512666911156985,0.02559967438839155,0.763769100388409,0.6460432378018209,0.015382076485630315,0.4921274608033508,0.490252943859118,0.03133958326839234,0.7530761245320108,0.47779692434337545,0.037264450099500405,0.5025151024356689,0.5542850429704231,0.4268304929321525,0.751486489145208,0.5769193186238812,0.42525645488315794,0.4579271750242731,0.8049305493609278,1.0042552382925989,0.8308447913186974,0.8173425194994013,0.9944507941764622,0.4322943623854099,0.6311478642662729,0.9485587259989098,0.8633752890319776,0.6505782770398509,0.9230994216627765,0.5514085624654992,0.5987786449802116,1.1118127720620294,0.750956583219268,0.6028774692121219,1.0934832343381968,0.5390786118491762,0.5774077469303535,0.7376869143533425,0.667906524978593,0.5725196585332102,0.737389205969073
8.79999999999998,0,0-ACCAD_Male2General_c3d_A6- Box lift_poses,262,0.6286527361953631,0.5684877634048462,0.8146171622352317,0.7153022568622489,0.01495161469335452,-0.012843099866341167,0.6985371753397653,0.1224406287074089,-0.05923919379711151,-0.2980876863002777,-0.03586706519126892,-0.0017569693736732006,0.0,0.037075016647577286,-0.030669856816530228,-0.03728426247835159,0.1263422667980194,0.005634550470858812,0.0,0.03952182084321976,0.09403076767921448,0.1781901866197586,-0.1913626343011856,0.3157147765159607,-0.2999417781829834,-0.24453330039978027,-0.47603580355644226,-0.33332863450050354,0.6288413702516376,0.5655378174392764,0.8895588878358145,0.6803497598924768,0.6380432759348159,1.4006963197538322,0.5464488351125011,0.6508930748132662,0.025199625131955734,0.7642893690880462,0.6456762866595901,0.014837489333917438,0.4918993849514045,0.48998141015436325,0.030838212173298914,0.7527716770977861,0.47747897424536884,0.036677976229825784,0.5024270476542119,0.5537462211780442,0.4263694814882256,0.7515478434134039,0.5764896770346987,0.4246959708889718,0.4570112737431482,0.8007055687007144,0.996439034987819,0.8325752530991414,0.8133786525417098,0.9857383108698463,0.4343428326964094,0.6245106959709691,0.9474382920503132,0.8627539889019263,0.6438854843114468,0.9200049553128568,0.5526559611169986,0.5976936876028054,1.1117969712162923,0.7521277979289023,0.6015954332875929,1.0926150109541992,0.5391029338123373,0.5767164753705033,0.7372187472494293,0.6679200231395434,0.5715374459944622,0.7368607561541454
8.833333333333313,0,0-ACCAD_Male2General_c3d_A6- Box lift_poses,263,0.6286306228721514,0.5682585835456848,0.814523940570803,0.7161453301144382,0.013672215760628468,-0.011472700879593357,0.6977229491753906,0.11884228140115738,-0.05965938791632652,-0.2981165051460266,-0.036459870636463165,-0.0017912422772496939,0.0,0.03158425912261009,-0.03202373534440994,-0.03985466808080673,0.1280718594789505,0.005718007683753967,0.0,0.040698274970054626,0.09688977152109146,0.1710360199213028,-0.16257750988006592,0.3052174150943756,-0.28444990515708923,-0.2172897756099701,-0.46801528334617615,-0.32465463876724243,0.6288291175036835,0.5655891745213836,0.8894761577184114,0.6822002491301397,0.6361529268949209,1.4007081315416294,0.5468517201474772,0.6505585558073617,0.025172513111314868,0.7650606156658116,0.6453072371673181,0.014724737172298337,0.49191386652729024,0.48977573557682874,0.030714801296083817,0.7526605819285869,0.47717205301505955,0.03656046508326534,0.5024052832812591,0.5533554953652463,0.42627833562685125,0.7516845282176791,0.5761670919610066,0.42457937440138205,0.45591493710115566,0.7971139885921812,0.9891690904071431,0.8341393805506467,0.8098413078414204,0.9785025686927952,0.43612434670472344,0.6188710404950916,0.946773946940149,0.8621919312255737,0.6380587375787227,0.9179768125327928,0.553522784984916,0.5969887708107607,1.1120822349054125,0.7529394843869119,0.6006068922943202,1.0922813739002895,0.5390806755768303,0.5763165486399072,0.7371220940928724,0.667883976170737,0.5707878259984566,0.7367480540265292
8.866666666666646,0,0-ACCAD_Male2General_c3d_A6- Box lift_poses,264,0.6281906213844195,0.567517876625061,0.814131742008181,0.7170029004197872,0.01255497495962262,-0.010348345573100066,0.6968802803475469,0.11536943167448044,-0.060087937861680984,-0.29819193482398987,-0.037178587168455124,-0.0018322581890970469,0.0,0.0262864138931036,-0.03355245664715767,-0.04224657267332077,0.12985065579414368,0.005804528947919607,0.0,0.041779011487960815,0.09919077903032303,0.1640227884054184,-0.13766197860240936,0.2955670654773712,-0.2674984037876129,-0.19324620068073273,-0.4619286358356476,-0.3159503638744354,0.6283900494862934,0.5650858499113317,0.8890920346603304,0.6832598939740603,0.6334691392017158,1.4004746058141697,0.5469641424228063,0.6501261796840682,0.024889577376431993,0.7656474474311684,0.6447181976912054,0.014363334966910453,0.4916200740697085,0.4894759913128859,0.030232897919995935,0.7523713125508419,0.4766416769453701,0.03613550565828022,0.5020114148486869,0.5526438133282698,0.4258668762292603,0.7515113023966414,0.5754940708783322,0.4241871312522273,0.45444929981666143,0.793315906172301,0.9821363826641606,0.8352725219191697,0.8058927369317633,0.97198162722007,0.43736553163316977,0.6134343601225488,0.9459377851834323,0.8613986392973382,0.6322189555403305,0.9161747472489495,0.5537927210472677,0.5956446600719952,1.1120232424570182,0.7531664811657854,0.5989513307460949,1.0917413637162108,0.5386502514289007,0.5754584933799689,0.7367201481315613,0.6674385518546904,0.5695737539580895,0.7363442262760325
8.899999999999979,0,0-ACCAD_Male2General_c3d_A6- Box lift_poses,265,0.6279153671348467,0.5669053196907043,0.813958173282595,0.717846364337888,0.011491022301330714,-0.008997056207563534,0.6960485662602462,0.11211634427309036,-0.060267750173807144,-0.29834967851638794,-0.037909623235464096,-0.0018737718928605318,0.0,0.020992914214730263,-0.035062264651060104,-0.044516365975141525,0.13141562044620514,0.005879483185708523,0.0,0.042771462351083755,0.10068411380052567,0.1582435518503189,-0.11626749485731125,0.2865912914276123,-0.24883821606636047,-0.17209723591804504,-0.45777371525764465,-0.30707573890686035,0.6281463379612512,0.5647286431923983,0.8889262246905052,0.6842552060712789,0.6316998350573617,1.4003711689404745,0.546761496254617,0.6494867050720707,0.024814890023035045,0.7660824178220601,0.6441418353390861,0.014168539089557113,0.49101244391496696,0.48897353505542984,0.030065167581395838,0.7519667144404091,0.4761265649087921,0.03588525661952609,0.5015597033179348,0.5519021354572488,0.4257349737612515,0.7513532221742303,0.5748478956701499,0.4239673149571421,0.4531842906054204,0.7901759582823424,0.975323769573998,0.836600661540163,0.8024835188434902,0.9660844636862131,0.4386899089443189,0.6089285270745954,0.9453430126618809,0.8609970178885972,0.627148763558502,0.9148779641940423,0.5541267782072599,0.5947919344573478,1.112098679367452,0.7534646312368734,0.5977655308406941,1.0914162478350344,0.5383530040664192,0.5747117707332633,0.7365706250484854,0.6671252741871907,0.568470944352642,0.7361442042645348
8.933333333333312,0,0-ACCAD_Male2General_c3d_A6- Box lift_poses,266,0.628338023670949,0.5666460990905762,0.814048414714785,0.718926864294074,0.010478138400566977,-0.007804638824804509,0.6949629198919631,0.10914801806211472,-0.06047091260552406,-0.2985266149044037,-0.03858467936515808,-0.0019120549550279975,0.0,0.0161227285861969,-0.036126717925071716,-0.046784110367298126,0.13278964161872864,0.005944105330854654,0.0,0.04409429803490639,0.10104623436927795,0.1535392552614212,-0.09843914955854416,0.2783896028995514,-0.22872070968151093,-0.15391285717487335,-0.4555915594100952,-0.2979426980018616,0.6285886666420429,0.5647025566250241,0.889022809149056,0.6852387436462356,0.6306535289757993,1.4005456475134388,0.5474397613220312,0.6492728860136271,0.02498912780055039,0.7670906352104949,0.6438391421519691,0.014258076039007292,0.49116983736653086,0.4889385309878571,0.03014570190673407,0.7520391337621329,0.47589658418087255,0.03590870019340043,0.501857667552584,0.5516377867923488,0.4258498339168305,0.7518428347650261,0.5744560440757407,0.4240294047905423,0.45261431806995206,0.7878918342830787,0.9688204613723436,0.838646861025225,0.7997142129790955,0.9612040096819346,0.44051185105797136,0.6055727016734569,0.9448866279796923,0.861482130912626,0.6229541874811458,0.9143637701511439,0.5548171951078281,0.5944828268985792,1.1123121846785782,0.7541458706168532,0.5970485655059838,1.091487175549738,0.5387702739090552,0.5744107497656876,0.7366737694886496,0.6675210846002126,0.5677275787222882,0.7362156720571099
8.966666666666645,0,0-ACCAD_Male2General_c3d_A6- Box lift_poses,267,0.6280103769386187,0.5662570595741272,0.8139412455634788,0.7198815382614971,0.009431879820390267,-0.0070467534932931696,0.6939970848487184,0.10664628446102142,-0.060628265142440796,-0.2987162470817566,-0.03905673325061798,-0.001939014415256679,0.0,0.011947729624807835,-0.03714394196867943,-0.04893557354807854,0.13409523665905,0.006005207076668739,0.0,0.04616082087159157,0.100457563996315,0.1495611071586609,-0.08451591432094574,0.27113649249076843,-0.20787005126476288,-0.1388155072927475,-0.45542386174201965,-0.287833571434021,0.6282313073419427,0.5645050201937583,0.8889204529997176,0.6844603098569949,0.629592584554701,1.400601026989265,0.5478147045998633,0.6489520714307693,0.02489673258255902,0.7678301933264237,0.643436656678484,0.014240312288304594,0.49107385296385886,0.4887803542593654,0.02994616561852682,0.7519074069331453,0.4755661263872748,0.03582618575273027,0.5016614146680801,0.5512937436920798,0.42568358871531803,0.7518352902037746,0.5739898314189611,0.42397861116653524,0.45098600094213964,0.7857324866133364,0.962414505398548,0.8396497991770552,0.7974198841269796,0.9569987826813846,0.4412411830472504,0.6026268133332832,0.9440592570749221,0.861303030275218,0.6194733969243399,0.9142699928621254,0.5542652775537467,0.5939675248975385,1.1121972513592122,0.753615680309206,0.5963478799824137,1.0915590409012759,0.5384870111617528,0.574004292447068,0.7365224411150693,0.6672177732124217,0.5669283259703959,0.73611807237831
8.999999999999979,0,0-ACCAD_Male2General_c3d_A6- Box lift_poses,268,0.6282265629852191,0.5654579401016235,0.8139207415656761,0.7218689548423002,0.008894903782572766,-0.006510317749892421,0.6919419834670963,0.10416973382234573,-0.06056306138634682,-0.29897454380989075,-0.039415787905454636,-0.001959645887836814,0.0,0.007981617003679276,-0.03799954056739807,-0.05100932717323303,0.1351504772901535,0.006052748765796423,0.0,0.04863140732049942,0.09949524700641632,0.14728106558322906,-0.07509858161211014,0.26466038823127747,-0.18689823150634766,-0.12612886726856232,-0.4570472836494446,-0.27561506628990173,0.6284448371496575,0.563819082540552,0.8889025160331002,0.6844023594673841,0.6282752443911221,1.4006906452397687,0.5484975300064113,0.6492278670855568,0.024988625522210692,0.7689155579400903,0.6429774722549483,0.014334847009294917,0.4908020577770562,0.4893909053980938,0.02982372249664958,0.7516493958259479,0.4752090427783951,0.035680425399653395,0.5017460306902494,0.5513228436276227,0.42564377457385405,0.7521952619563458,0.5730744463793254,0.4239714600079174,0.4507230657398422,0.7842215262774949,0.9567560957849178,0.8420387742622282,0.794557356776421,0.9529402329242493,0.4425263689904425,0.6006077680314501,0.9434007167438894,0.8620680865876672,0.6154652303152588,0.9144123067984227,0.5543436907236143,0.5933239214530317,1.1121429423912352,0.7537197428428416,0.5950219664852442,1.0916858804218386,0.5387387451845829,0.5735368733278959,0.7365033842029086,0.6674253201676583,0.5656873187408681,0.7360919635358377
9.033333333333312,0,0-ACCAD_Male2General_c3d_A6- Box lift_poses,269,0.6282810416305438,0.5650610327720642,0.8134439044074729,0.7218418202385325,0.00808944678580337,-0.005845587048168287,0.6919861100610937,0.10130701959133148,-0.06035975366830826,-0.2993076741695404,-0.03982826694846153,-0.001983171096071601,0.0,0.004669345449656248,-0.038530703634023666,-0.0530504435300827,0.13604691624641418,0.00609181122854352,0.0,0.0501510314643383,0.09909597784280777,0.14745965600013733,-0.07112149149179459,0.2585221230983734,-0.1666465848684311,-0.11434371024370193,-0.4600026607513428,-0.2605579197406769,0.6284877709733401,0.5635783778668033,0.8884289629018872,0.6840218590964963,0.6292822484793408,1.4001026657890783,0.5486626777048531,0.6492885053567141,0.02459013017105735,0.7693655555399452,0.6429032938149649,0.013921211924555733,0.4909329328450842,0.4894578347885639,0.029219741835267564,0.7517506066835471,0.4751626870670789,0.03520036662199473,0.5018163941749579,0.5509138216810423,0.4251166765887079,0.7523609701222111,0.5728735013447062,0.423528464861019,0.4496534402805645,0.7833378245914016,0.9511080348874863,0.843442428354398,0.7936163150783132,0.9474374309556934,0.44347563905811416,0.5993714770208769,0.9422886280035234,0.862630803612902,0.6134126206300949,0.9140009394184504,0.554190744863719,0.5934686803713932,1.1115582164816227,0.7535758046467805,0.5954460938321819,1.0912143557047185,0.5388015039809042,0.572898244852515,0.7360018695388317,0.6674884356296379,0.5650496067910256,0.7356198309610098
9.066666666666645,0,0-ACCAD_Male2General_c3d_A6- Box lift_poses,270,0.6283413615310565,0.564765989780426,0.8131362252311424,0.722205245929065,0.007339039898759216,-0.005158731842194336,0.6916206393187551,0.09881178289651871,-0.059961576014757156,-0.2996706962585449,-0.04019627720117569,-0.002004199428483844,0.0,0.0018419312546029687,-0.03910285606980324,-0.054958127439022064,0.13666972517967224,0.006115997210144997,0.0,0.05186757072806358,0.09893075376749039,0.14935514330863953,-0.07157464325428009,0.25349339842796326,-0.14682546257972717,-0.10378610342741013,-0.46417754888534546,-0.24278073012828827,0.6285438867712552,0.5634357630009652,0.888124154128014,0.6838821551082198,0.631230530514029,1.3995438520160346,0.5486910809287507,0.6493176440008517,0.024334486904244085,0.769845636905468,0.6425689687665614,0.013649089229688383,0.4907462320702703,0.4895611479147474,0.02883520340924701,0.7517155236370502,0.47487824890083175,0.03488870937195353,0.5017757584348149,0.5506678843728889,0.4247830811983776,0.7525068074749138,0.5724992433920789,0.4232379742407727,0.44902473380465635,0.7835406678813032,0.9462197924003262,0.8453746679358488,0.7928879640656564,0.9415013970622061,0.4443369303029612,0.5993811038899253,0.9414402847893717,0.8634543723187695,0.6116107044260266,0.9137301235742912,0.5541560740476182,0.594173664380953,1.11110917713324,0.753544505604504,0.596246387857312,1.0908078944477635,0.5388700285717412,0.5724754361055202,0.7356801511952766,0.6675484460472908,0.5644852223882884,0.7353128051817076
9.099999999999978,0,0-ACCAD_Male2General_c3d_A6- Box lift_poses,271,0.628396674641408,0.5642908811569214,0.8134670310096458,0.7222090399757889,0.006715507096815221,-0.004762465713822137,0.6916258551138806,0.09677936881780624,-0.05920923873782158,-0.30008140206336975,-0.04061614349484444,-0.0020280710887163877,0.0,-0.0006693949108012021,-0.039166200906038284,-0.056892555207014084,0.13707928359508514,0.006128695793449879,0.0,0.05299406498670578,0.09865301847457886,0.15282587707042694,-0.07513368129730225,0.2494833618402481,-0.12668998539447784,-0.093776173889637,-0.46893563866615295,-0.22352369129657745,0.6285774430234972,0.5630693045036542,0.8884568641423594,0.6834813461199157,0.6335208879802028,1.3995601185206947,0.5485866564938462,0.6492587824379661,0.024704963214786248,0.7700992900020236,0.6425437638795252,0.014078756501152027,0.4905900324170053,0.4895168151208481,0.029051855592839355,0.7516449620046048,0.4748729829821393,0.03519621400494551,0.50174423333364,0.5502095481809586,0.4250609659700163,0.7526032690204179,0.572207167199049,0.42361651137261985,0.4483022570741755,0.7840091250269166,0.9422163945181705,0.8473147561583634,0.7921040956997898,0.9359579817731,0.4449767447090447,0.5997607384138613,0.9411979632914153,0.8643032577198629,0.6099001291175427,0.9142170162803175,0.5539911821881593,0.5948610095350958,1.1112298558821256,0.7533890597759609,0.597128482650544,1.0910424865846964,0.5389456334641842,0.5718373324732272,0.7359780531994929,0.6676236234292969,0.5638347143686238,0.7356545008160873
9.133333333333312,0,0-ACCAD_Male2General_c3d_A6- Box lift_poses,272,0.6284833993995562,0.5636174082756042,0.8136408381538108,0.7217809601637949,0.005907860519149783,-0.0047234322978705594,0.6920802207233234,0.09546242654323578,-0.057914555072784424,-0.30055585503578186,-0.04103756323456764,-0.0020520242396742105,0.0,-0.002475177403539419,-0.038562845438718796,-0.05889453366398811,0.13761070370674133,0.00614849291741848,0.0,0.05287468433380127,0.09804073721170425,0.15780360996723175,-0.07985203713178635,0.24625368416309357,-0.10558336228132248,-0.08345140516757965,-0.4735194444656372,-0.20392203330993652,0.6285853138864868,0.5624874319798081,0.8886322561095229,0.6824565812211164,0.6362802589030047,1.3993675112401394,0.5486440582337468,0.648610582229184,0.02480130797010279,0.7704334508958118,0.6421676287175766,0.014397359542580153,0.4907913866389118,0.48881393105239224,0.029055560198512173,0.7518717276528194,0.47450522664902794,0.035487199818288274,0.5019147888996426,0.5492873750818377,0.42510013949630265,0.7528439197142516,0.5717730906142212,0.4239231787222555,0.44738506815950446,0.7844753234944561,0.9376363781772592,0.8491963664195429,0.7909727235709827,0.9301057381384281,0.4453877373919996,0.6002286730560067,0.9405938561881927,0.8650500784534334,0.6080160886573404,0.914772970612936,0.5535319305064006,0.595634752796145,1.1110569037677542,0.752960837362206,0.5980997446755681,1.0912019339784826,0.5391047914885795,0.5709255514086449,0.7360496927043613,0.6677923593309746,0.5630700469698378,0.7358702003880062
9.166666666666645,0,0-ACCAD_Male2General_c3d_A6- Box lift_poses,273,0.6284689154708758,0.5634936690330505,0.8136203341560081,0.722118097453005,0.005000178486117739,-0.004529160541549685,0.6917368995873707,0.09476517885923386,-0.056264691054821014,-0.30105912685394287,-0.0414210669696331,-0.0020739019382745028,0.0,-0.003997001331299543,-0.03784658759832382,-0.0608118437230587,0.1381445974111557,0.006168692372739315,0.0,0.05316592752933502,0.0963636040687561,0.16387571394443512,-0.08233042061328888,0.24398209154605865,-0.08259183913469315,-0.07504329830408096,-0.4777005612850189,-0.184600830078125,0.6284971483463829,0.5624821130061407,0.8886135068939924,0.6809163004462592,0.6402774219383025,1.3988949289492474,0.5484499488193422,0.6479772408415081,0.024615656225850296,0.770678698932175,0.641544406876531,0.014453204712466618,0.4903911933405095,0.4882579417185024,0.028966104467693224,0.7516616037463946,0.47394370674720915,0.03562760923434346,0.5018143294627881,0.5488832082169526,0.424979904179371,0.7529343766297648,0.5713934641365664,0.4240162109332136,0.4462639406375036,0.7853487941168859,0.9316934445817321,0.8511954296482324,0.7902311990369613,0.924358912421039,0.44549754800340075,0.6012394359091222,0.9396131078841596,0.8656176732451153,0.6067377141525083,0.9153198804618474,0.5527719277115102,0.5974531303031605,1.1105518539638126,0.7522544183389392,0.5997476431628962,1.0912216691790217,0.5391718329641976,0.570748314910696,0.7359325519748413,0.6678509498322459,0.5627473521779981,0.7358881676926479
9.199999999999978,0,0-ACCAD_Male2General_c3d_A6- Box lift_poses,274,0.6287938203895465,0.563318133354187,0.8133453183250144,0.723121483253298,0.004315634614452421,-0.005172168953503128,0.6906880224991173,0.09466773271560669,-0.054339297115802765,-0.30157220363616943,-0.04162348806858063,-0.0020858077332377434,0.0,-0.00551590183749795,-0.03667696192860603,-0.06274649500846863,0.13862432539463043,0.00618613651022315,0.0,0.05524718761444092,0.0929902195930481,0.16951660811901093,-0.08203727751970291,0.24318121373653412,-0.05777966231107712,-0.07042665034532547,-0.4811904728412628,-0.16648389399051666,0.6286799179874051,0.5623141708666707,0.8883385119199431,0.6782749763626453,0.6431075844535401,1.3984198058372659,0.5492401448421654,0.6481543673672446,0.02415245458866644,0.7718231843194235,0.6418087544420515,0.01449204343248102,0.4906642685060522,0.48862267513324475,0.028454301216885466,0.7520276858568881,0.47427492225996026,0.03548140538092068,0.5022960378129502,0.5490898995847026,0.42448671546897365,0.7536097366859296,0.5712990506848948,0.4239746261404942,0.4447830763985493,0.7852732055765259,0.9247431780870433,0.8530816609333978,0.7896845427687811,0.9202629173435867,0.44542322562399994,0.6014755509125252,0.9380689633603407,0.8661657199658604,0.605911214189401,0.916296142046402,0.5516501830789126,0.5986879440692595,1.109647081391772,0.7512334772294945,0.6008056231006972,1.0913656965557672,0.5396624989609594,0.5708227229161875,0.7354914058787395,0.6683159720912417,0.5624111225848244,0.7356857710898786
9.233333333333311,0,0-ACCAD_Male2General_c3d_A6- Box lift_poses,275,0.6291919198120013,0.5627274513244629,0.8134144597129539,0.7240619508851516,0.003936992527645313,-0.0055780048079725145,0.6897011506678729,0.09504222869873047,-0.05258886516094208,-0.30200937390327454,-0.0417189784348011,-0.002091857371851802,0.0,-0.006906035356223583,-0.03551444038748741,-0.0645669549703598,0.1390819251537323,0.006202647462487221,0.0,0.05953454226255417,0.08988571912050247,0.17301341891288757,-0.08107433468103409,0.2437954992055893,-0.033983808010816574,-0.06817150861024857,-0.48371514678001404,-0.14828428626060486,0.6289933988969784,0.5617227839007614,0.8884074676057838,0.6761237649997923,0.6444331829671603,1.3984016361644311,0.549574117628967,0.6476296464200052,0.02406036713147991,0.7724282906259939,0.6416941571252469,0.01476804517087825,0.4905223397186752,0.4882752485100867,0.028426531626883408,0.7519200068256153,0.4742246542633678,0.03558572772101359,0.5026023252810224,0.5487705408221987,0.42444150774210543,0.7540676870355564,0.5708188128916378,0.4241826160932293,0.4428212343184479,0.7839627238525256,0.9189847036036852,0.8544663292817157,0.789402637789907,0.9171696021257854,0.4452161147913708,0.600603982943682,0.9372439720450016,0.8665965560773868,0.6055212592217463,0.9174154027085044,0.5508215463025936,0.5987884131806885,1.1092433091351215,0.750477359725267,0.6012085193411408,1.0918110358266073,0.540166953197367,0.5704860612393212,0.735462651299327,0.6687945189597628,0.561678748211138,0.7357974054101437
9.266666666666644,0,0-ACCAD_Male2General_c3d_A6- Box lift_poses,276,0.6291021552169695,0.5626927018165588,0.8136416726188377,0.7248165166239185,0.0036126115813498766,-0.005931370154535666,0.6889069495329693,0.09545378386974335,-0.05121829733252525,-0.3023533225059509,-0.041770633310079575,-0.0020955409854650497,0.0,-0.00804854091256857,-0.034611478447914124,-0.0662020817399025,0.13951729238033295,0.006218397989869118,0.0,0.06325365602970123,0.08895748108625412,0.17385903000831604,-0.08252841979265213,0.24395433068275452,-0.013719519600272179,-0.06726913899183273,-0.4845860004425049,-0.12947559356689453,0.6288305949424902,0.5616870054172557,0.8886344378016855,0.674806128462592,0.6449077835929825,1.3986471352809904,0.5495028435409683,0.6475713242626306,0.024143377989383638,0.7725670582407669,0.6420433320898326,0.01516977890945126,0.49006894701147125,0.4883608908693969,0.02857619222637806,0.7514558120612561,0.4746320993380399,0.03585297095693751,0.5024738070372501,0.5489271973196803,0.42457043258157073,0.7540511248962783,0.570887863911391,0.42453037353076994,0.4410881602171118,0.7835868260875656,0.9154092911368655,0.8553550214104844,0.7896500636433079,0.9143438815398911,0.4448417532939317,0.6006236968843114,0.9370880386868297,0.8664249413262491,0.6057406305191972,0.9181308968811462,0.5501356741275647,0.5988273791820663,1.109284899916881,0.7498207514088805,0.6015491306488513,1.0922365310767845,0.540168641796485,0.5706586797148142,0.7356051458053269,0.6687741989556356,0.5615299794728932,0.7360614325730543
9.299999999999978,0,0-ACCAD_Male2General_c3d_A6- Box lift_poses,277,0.6291341033065692,0.5623849034309387,0.8134492688255027,0.7246664901189291,0.0034326908324301755,-0.0062084977979198,0.6890632404122674,0.09525492787361145,-0.04997735098004341,-0.30268988013267517,-0.04176761582493782,-0.0020962455309927464,0.0,-0.009053420275449753,-0.03370092809200287,-0.06773138791322708,0.1399267315864563,0.0062334006652235985,0.0,0.06595104187726974,0.08948250859975815,0.17423446476459503,-0.08590064197778702,0.2428845465183258,0.004487288184463978,-0.06812071055173874,-0.4831775724887848,-0.11043955385684967,0.6288140409205989,0.5613700628867496,0.888441719503814,0.6744599515183278,0.644882601178562,1.3984382371742408,0.5491996841396419,0.6475058236638752,0.023885089006802085,0.7723850057288056,0.6424894120512837,0.015109297544303561,0.48980198229128136,0.4882811161978973,0.02829026181919615,0.7511345022083518,0.47508030050602645,0.0356666677981763,0.5024327943512228,0.5486924996161441,0.42430105507432814,0.754024003809075,0.5710098898743148,0.4244219476207646,0.4397446603355145,0.7830059241099205,0.912470116516424,0.8557270462179976,0.7901978053694443,0.910938136015663,0.44491816006211693,0.6004082932024577,0.9367786395429055,0.86603908472261,0.6063354186626656,0.9178554202034412,0.549985185111008,0.598329246022604,1.1090674598637866,0.7496635436890728,0.6016784015640972,1.092052138158669,0.5402478671393044,0.5703171650687503,0.7353560863167347,0.6688559932967593,0.5612234595844082,0.735894235139699
9.33333333333331,0,0-ACCAD_Male2General_c3d_A6- Box lift_poses,278,0.6289467063033953,0.5615553259849548,0.8133747630195335,0.7243519300350383,0.0030790393866725733,-0.006511713212632244,0.6893927752464531,0.09457774460315704,-0.048779889941215515,-0.30302655696868896,-0.041668836027383804,-0.002091694623231888,0.0,-0.009756933897733688,-0.03296748176217079,-0.06910073757171631,0.14042462408542633,0.006254104431718588,0.0,0.06802043318748474,0.09066326171159744,0.17517632246017456,-0.08959513902664185,0.24095501005649567,0.022373855113983154,-0.0710107609629631,-0.47964203357696533,-0.09136262536048889,0.6285575906245653,0.5605474105601065,0.8883669805856572,0.6740958589568014,0.6447634194691336,1.398261739394804,0.5488912195833004,0.6470032177618877,0.02373241778891176,0.7722837963006135,0.64205912756456,0.015160724163648276,0.4896034432702153,0.48773556666488194,0.028065418353416097,0.7509844017958868,0.4746525103141583,0.035687786654650604,0.5023075914657343,0.547931748868129,0.4241064343257716,0.7539331969399856,0.5704997229479094,0.42446200187654065,0.43842576487627405,0.7819958664238823,0.909596426211511,0.8554729754685755,0.7905653912186219,0.9075783511150671,0.44495031599748924,0.5998160948503566,0.936569102501653,0.8650712779432941,0.6067969054275002,0.9174058850788956,0.5497064874369209,0.5975199813870934,1.1089660931766705,0.7493702033074796,0.6014639248451422,1.0919064690670808,0.5401253937336469,0.5693828052974045,0.7351992914866553,0.6687411082015472,0.5604047957644529,0.7358565291639592
9.366666666666644,0,0-ACCAD_Male2General_c3d_A6- Box lift_poses,279,0.6293752040946856,0.5612335801124573,0.8133736901359275,0.7233340589285518,0.002751865563918598,-0.006703577925645313,0.6904602294649991,0.09378644824028015,-0.04773137345910072,-0.3033187687397003,-0.04157797619700432,-0.0020876158960163593,0.0,-0.010128757916390896,-0.03244909271597862,-0.07029784470796585,0.14110347628593445,0.006285662762820721,0.0,0.06973801553249359,0.09212454408407211,0.17706972360610962,-0.09313244372606277,0.23860369622707367,0.0408463329076767,-0.07608257234096527,-0.4743227958679199,-0.07210341095924377,0.6289328732194485,0.5602407193063444,0.8883658135277644,0.6744470072642623,0.6458105294772822,1.398042540589898,0.5489808311510764,0.6468235183628376,0.023672658699496633,0.7726229624128658,0.642026946073246,0.01521050051818365,0.49013332397672765,0.4873908045179043,0.027936536676713093,0.7516361001907441,0.4745906964333093,0.03581763327804336,0.5027963690180139,0.5474024705466695,0.42400669059000506,0.7544290113597739,0.5706152706722706,0.424547801434043,0.4374124313861656,0.7810992054696296,0.9064868894028252,0.8550453753453162,0.7922493453094596,0.9041581347416122,0.44564631095818563,0.5994557452979026,0.9364438720313176,0.8643394535654209,0.6086328759790228,0.9167349588570836,0.5501021652407305,0.5973449603224286,1.1089299708556697,0.7497334392879367,0.6022190757840655,1.0917316476596157,0.5405888987672312,0.5687629123850512,0.7351316402843154,0.6692304558798772,0.560174204429885,0.7358853017520233
9.399999999999977,0,0-ACCAD_Male2General_c3d_A6- Box lift_poses,280,0.6294328417861834,0.5603951215744019,0.8133167080955223,0.7229892070128889,0.0025569179941591696,-0.006516893458431297,0.6908238551272651,0.09310610592365265,-0.047022685408592224,-0.30351510643959045,-0.04160718992352486,-0.0020902075339108706,0.0,-0.010781331919133663,-0.0324033722281456,-0.07125698775053024,0.14180007576942444,0.006318988278508186,0.0,0.07061272114515305,0.09370388835668564,0.1804679036140442,-0.09674935042858124,0.23637384176254272,0.0606384314596653,-0.08309177309274673,-0.4679235517978668,-0.052109990268945694,0.628991052233024,0.5594425241380917,0.8883093569360256,0.6751275840086072,0.6472079490333907,1.3975622167143686,0.5485134185425499,0.6459762215417975,0.023604962725762124,0.7724954753419101,0.6411095172351635,0.015104952399046113,0.4898086005542564,0.48649107831198063,0.027875025245929552,0.7515239951256895,0.47368382165724876,0.03581324730210539,0.5026866358939664,0.5464316413018895,0.42394912845629595,0.7544207696894594,0.569918038077032,0.42448929973784655,0.4366046466563591,0.7801925844717084,0.9028740922896317,0.8546547448920486,0.7932179192859069,0.9001971494961363,0.4461498759703565,0.5992280740340995,0.9363449566882079,0.8632227899762102,0.6097850298879074,0.9156414978056372,0.5504640087038775,0.597322560980945,1.1088286541332426,0.7500585912734715,0.6025648773786103,1.0913156410385105,0.5406387397200851,0.5677761978375485,0.7350714629391896,0.6692888609120577,0.5593172753017778,0.7358287430508776
9.43333333333331,0,0-ACCAD_Male2General_c3d_A6- Box lift_poses,281,0.6292226162040606,0.5599128603935242,0.8126568846778587,0.722867523756755,0.002405724944819938,-0.006652292554235073,0.6909504342491147,0.0927792489528656,-0.04658213630318642,-0.3036156892776489,-0.041607920080423355,-0.002091253874823451,0.0,-0.011703994125127792,-0.03250847011804581,-0.07207048684358597,0.1425599753856659,0.006356577388942242,0.0,0.07063376903533936,0.09418071806430817,0.18496465682983398,-0.10027196258306503,0.23362819850444794,0.08236080408096313,-0.09190642088651657,-0.4595468044281006,-0.03307352215051651,0.6287506427714589,0.5589625466641037,0.8876493786015481,0.674808978920259,0.6491599584350355,1.3964855962225418,0.5483135523986054,0.6456792322879819,0.02292236343125273,0.7725894467314147,0.6410210808680251,0.014516674092535209,0.48965542668076334,0.4861755866094951,0.027142707320274986,0.751531081182313,0.47360280746407546,0.03519678460579863,0.5025260224675824,0.5459931326449271,0.42323569592284355,0.754357840906032,0.5697716538000162,0.4238878294121263,0.4357429128739036,0.7797300583422672,0.8978624350598008,0.8536848705944166,0.794512897956899,0.8961727737157001,0.44638068931738684,0.5996058641357465,0.935301406439344,0.8614224010694053,0.6112720947424365,0.9141311384417946,0.5501984219274577,0.5978734047129316,1.1079747166998732,0.7497898050988511,0.6031898857033512,1.0904476036002049,0.5404574225381867,0.567252311522838,0.7343759271134109,0.669109498229351,0.5588233487738254,0.7351846211779627
9.466666666666644,0,0-ACCAD_Male2General_c3d_A6- Box lift_poses,282,0.6293182220542803,0.559367299079895,0.8126227908210472,0.7229186237467996,0.002559014801736911,-0.006757991934553836,0.6908953932602895,0.09286009520292282,-0.04630911722779274,-0.30363842844963074,-0.04148539528250694,-0.0020855115726590157,0.0,-0.012897646054625511,-0.032577790319919586,-0.07278978079557419,0.14344428479671478,0.006401791702955961,0.0,0.06961905211210251,0.09326226264238358,0.1905972808599472,-0.1041308343410492,0.23007845878601074,0.1059376448392868,-0.10240340977907181,-0.4490509033203125,-0.015167084522545338,0.6288506020506581,0.5583894453368111,0.8876149579692857,0.6744258534419934,0.6513228912803899,1.3959983701930248,0.5481771416465518,0.6453492949360677,0.022895570994840353,0.7726424885895425,0.6412621716933058,0.014532496083020367,0.48949694270592475,0.48585359918452786,0.027109510840243364,0.7514405369159646,0.47384872275547657,0.035104670493424736,0.5025268083579149,0.5455958582995304,0.4232084014723765,0.7544252104938218,0.5697392982563103,0.4238612306004816,0.4355854350431974,0.7793828092522104,0.8928279151432159,0.8527425473010264,0.7957116016695966,0.8931496043321082,0.44705172286216555,0.6002706648804056,0.9346241851484984,0.8595656962663425,0.61266085775397,0.9132849959175948,0.5500656188976186,0.5986182684635882,1.1076350855892168,0.7496778546989827,0.6037071629868653,1.0902787216004206,0.5405495210862333,0.5667507780194991,0.7343497053306834,0.6691989507541698,0.5582705806143088,0.73514697467941
9.499999999999977,0,0-ACCAD_Male2General_c3d_A6- Box lift_poses,283,0.6293635215843096,0.5584416389465332,0.8126567654685691,0.7248604638621923,0.0027859491998931778,-0.006779261217003194,0.688856725331106,0.09289052337408066,-0.04619655758142471,-0.3036176264286041,-0.041265442967414856,-0.0020743990316987038,0.0,-0.014641432091593742,-0.032771989703178406,-0.0733712762594223,0.1443551927804947,0.006449204403907061,0.0,0.06802772730588913,0.09141598641872406,0.19807970523834229,-0.10918308794498444,0.22746641933918,0.13143838942050934,-0.11423429846763611,-0.4377756714820862,0.003132264595478773,0.6289142867961662,0.5574382343298172,0.8876487074842302,0.6741870284522495,0.6537981895250856,1.3954145650329413,0.5483542063725857,0.6450860884087213,0.02295626447302313,0.7729995467686512,0.640709991139323,0.014629562130706326,0.4887836940049999,0.4859210182884957,0.027179356928437648,0.7507576589990799,0.4734079999613084,0.035009507575120585,0.5023489754113111,0.5455327579268086,0.423279447235197,0.7544473566294155,0.568800559844763,0.4238803728027702,0.4364938629723184,0.7799292327388754,0.8872700870106789,0.8528833863135149,0.7954888993382639,0.890021599943078,0.44772421003893004,0.6019874347605636,0.9338550635715535,0.8577868491342323,0.612652114111875,0.9125211604857472,0.5499558633885016,0.5998874407415853,1.107218663080474,0.749625645800227,0.6035375795935034,1.0901646495348025,0.5406128973520503,0.5663547582796961,0.7344148478247615,0.6692105590923098,0.5571061088117868,0.735166568319668
9.53333333333331,0,0-ACCAD_Male2General_c3d_A6- Box lift_poses,284,0.6292009797180071,0.557512640953064,0.8126379304008201,0.7248612437552866,0.002524363252235832,-0.006733356160077551,0.6888573631794404,0.0919497162103653,-0.046229902654886246,-0.30361929535865784,-0.04114318639039993,-0.002068687230348587,0.0,-0.016513697803020477,-0.03303011134266853,-0.0738258808851242,0.14529745280742645,0.006499100010842085,0.0,0.06805361062288284,0.08880866318941116,0.20852428674697876,-0.11507324874401093,0.22939293086528778,0.15998883545398712,-0.1261952519416809,-0.42749717831611633,0.023400140926241875,0.6287297063119273,0.5565424206945913,0.887630173826569,0.6722374904792087,0.6586377150249347,1.3944220815822241,0.5484636642750739,0.6444113142260175,0.02293841880851702,0.7732338099084737,0.6403832795817412,0.014706145006475033,0.48889085246424635,0.48524501656030367,0.02708206217409693,0.7508975329995923,0.47308350214981637,0.035000853801581314,0.502325073731502,0.5447060016272887,0.42320902582685177,0.7544695651359031,0.5682807479974791,0.42391841836812,0.43446020883951086,0.7790733166475365,0.8805092344154051,0.8511970921044398,0.797014881441221,0.8859928870709581,0.4469536877059455,0.6028244491402485,0.9328524659967709,0.8554456285041827,0.6146102032409075,0.9118781630646238,0.5489446291285589,0.6015077014013838,1.1064435042660765,0.7486630875410263,0.6051488553550829,1.0899673315541558,0.5404721723492346,0.5653680227854119,0.7343683047177013,0.6690684042800061,0.5560959614087932,0.7351586949316422
9.566666666666643,0,0-ACCAD_Male2General_c3d_A6- Box lift_poses,285,0.6291104998672381,0.5570463538169861,0.8120199494437889,0.7253294718910459,0.0023939640341477434,-0.0067058233518796076,0.6883650616320044,0.09119066596031189,-0.046389780938625336,-0.30357059836387634,-0.04104990512132645,-0.002064573112875223,0.0,-0.018043268471956253,-0.03320043906569481,-0.07419056445360184,0.14626769721508026,0.006551329046487808,0.0,0.06762902438640594,0.08624406903982162,0.21916800737380981,-0.12176359444856644,0.23221315443515778,0.1886567324399948,-0.1384914666414261,-0.4178895354270935,0.04501098766922951,0.6286280983506627,0.5560934837409575,0.8870123445741953,0.6706720608957428,0.6638289371815955,1.392755678094837,0.5487160499600652,0.6443622331004448,0.022346394473495283,0.773457711340124,0.640253235101377,0.01414453369085579,0.48893115273850546,0.48527323860770283,0.026403227659102902,0.7508224728924879,0.47298708397817013,0.03438510356542204,0.5023249064921027,0.5445434801458776,0.42255996493928283,0.7544941891853403,0.5680429206159621,0.4233339615198557,0.4327920402149744,0.7790272096276378,0.873401144290136,0.8501561557008548,0.7985612567708387,0.8811688416710162,0.44621876663378346,0.6045982893285015,0.9313134830887041,0.8534009819023287,0.6166763416856943,0.9106122275422127,0.5481501256501714,0.6037119940307661,1.1050562557117356,0.7479184614444838,0.6069872137735971,1.0891166870347917,0.5404017013749535,0.5649861039959033,0.7337384343467027,0.6689841016581045,0.5555200084726348,0.7345450999405607
9.599999999999977,0,0-ACCAD_Male2General_c3d_A6- Box lift_poses,286,0.6302861418807879,0.5554667711257935,0.8121856503562644,0.7262862682776634,0.0031740562392994828,-0.006556597943268572,0.6873537611024662,0.09110506623983383,-0.046690359711647034,-0.30343642830848694,-0.040998250246047974,-0.0020627533085644245,0.0,-0.019294090569019318,-0.0331956185400486,-0.07449627667665482,0.1470704972743988,0.006595122627913952,0.0,0.06575736403465271,0.08456308394670486,0.2299288511276245,-0.12897618114948273,0.2342965304851532,0.21605677902698517,-0.15049691498279572,-0.4094896912574768,0.06867405027151108,0.6298991017469708,0.5544449747681405,0.8871776908148244,0.6720376210430873,0.6671736416594338,1.3918264178369337,0.5492981244161136,0.6437744555886259,0.022709948549255107,0.7738046089903835,0.6396035973814966,0.014242786170177262,0.48909279141429135,0.4848418230952829,0.02667683736489608,0.7506822748157548,0.47238058746208345,0.03428829977818046,0.5030445432952833,0.5436997435524427,0.4228757077736632,0.7551966802311426,0.5668794286822539,0.42336201318716776,0.4334050062818467,0.7783932447745726,0.8680374143970288,0.8515068870261362,0.7980976808166187,0.8765175546595835,0.447282413872757,0.6057448407608771,0.9309620546760772,0.8532057266240337,0.6168415090674984,0.9097271669885783,0.5494254946737954,0.6047192749285444,1.1046638373130528,0.7492125086162094,0.6070776061632261,1.088796505030616,0.5414973644773495,0.5637236527787921,0.7340279695289358,0.6700523596170773,0.5538712694223211,0.7346562471719109
9.63333333333331,0,0-ACCAD_Male2General_c3d_A6- Box lift_poses,287,0.6302926983917132,0.5554667115211487,0.8122378640250877,0.7269960718360161,0.0032423327738271917,-0.006116213711243514,0.686606722034546,0.0910736545920372,-0.04718894138932228,-0.30324703454971313,-0.04106373339891434,-0.0020673994440585375,0.0,-0.019906867295503616,-0.03400381654500961,-0.07445506006479263,0.14758698642253876,0.0066238874569535255,0.0,0.06585153192281723,0.08435915410518646,0.2419133335351944,-0.13666769862174988,0.23494741320610046,0.2416578233242035,-0.1636277139186859,-0.4012596905231476,0.09430278092622757,0.629959660011963,0.554483222025494,0.887230675906291,0.6724096794967458,0.6736906916305061,1.3903745839794357,0.5492350552528492,0.6435683058864436,0.022803875377489208,0.7739294938317706,0.639114459158294,0.014173706889395753,0.48872615646807493,0.4847530889837835,0.026853572651969956,0.7504402699503432,0.47195210038976204,0.0342983726602553,0.5028736822204285,0.5437608503861293,0.4230234162837959,0.7551565000469255,0.5666156832484383,0.42332833996730823,0.4326678975521656,0.7789425719868279,0.8624194929380765,0.8510322257530947,0.8000244379815667,0.870755206299691,0.4473572894001054,0.6082887625274171,0.930397896040069,0.8517174157487519,0.61962162781431,0.9083573445712665,0.5496139580977257,0.6077921236804171,1.1040614360837935,0.7493965773937405,0.609749772625483,1.0880846548738154,0.5414626023701786,0.5638663750764554,0.7341424660787155,0.6699966652221964,0.5537353349630255,0.7346790793448262
9.666666666666643,0,0-ACCAD_Male2General_c3d_A6- Box lift_poses,288,0.6305821981513873,0.5544138550758362,0.8117873721198753,0.7262927925379998,0.0038797446046569413,-0.005892633333021017,0.6873492590827163,0.09058473259210587,-0.047891393303871155,-0.3030358552932739,-0.04123537242412567,-0.0020779103506356478,0.0,-0.019926095381379128,-0.03526465222239494,-0.07417449355125427,0.14779964089393616,0.006636607926338911,0.0,0.06719034910202026,0.08500106632709503,0.2544322609901428,-0.14520405232906342,0.2334991991519928,0.2652333676815033,-0.17817066609859467,-0.39299681782722473,0.12065836042165756,0.630340242520477,0.5533836359210239,0.886779905788006,0.6731066556777653,0.679006077597713,1.3883533591661534,0.5489102356365778,0.643197024179967,0.022585828753415013,0.7739531928162737,0.6387294963480443,0.013615250643375765,0.4887525334237328,0.4842441669994799,0.026463980198407656,0.7508074661658368,0.47151241583285497,0.03368321819865916,0.5029213569823835,0.5428020297974447,0.4227002754864244,0.7552996741891789,0.5660531172230812,0.4227451413284662,0.43167873147189906,0.7775005508527943,0.8569880568340588,0.8494139427435144,0.8022005751006632,0.8644526551735353,0.4479174428936168,0.6088315751320608,0.9294217857512482,0.8502022284582054,0.6227169713726591,0.9062208105387048,0.5501338557768481,0.6091717379918961,1.1030509150721035,0.7498793854750225,0.6118187187728068,1.0867137868562513,0.5416416774276651,0.5626667372404408,0.7338035438402635,0.6701974747117824,0.5528112177945727,0.7341804709378444
9.699999999999976,0,0-ACCAD_Male2General_c3d_A6- Box lift_poses,289,0.6303068842971697,0.5544762015342712,0.8112469964103416,0.7266232465284729,0.004098763977094152,-0.005639373227120061,0.6870007679820216,0.09005025029182434,-0.0485810823738575,-0.30281612277030945,-0.04142360761761665,-0.0020893439650535583,0.0,-0.020037848502397537,-0.03652973845601082,-0.07380054146051407,0.14747600257396698,0.006620305590331554,0.0,0.06786385178565979,0.08608312159776688,0.2670239210128784,-0.15480639040470123,0.23059934377670288,0.2869577705860138,-0.19195953011512756,-0.38510480523109436,0.14748728275299072,0.6301146074447745,0.5534483248954074,0.8862397060508613,0.6736107294649717,0.6856721940488002,1.386075534073318,0.5486863872919004,0.6437154263421769,0.02218511455215038,0.7741120281688721,0.6387703876624609,0.013041390401453745,0.48840096040476655,0.4848083233992582,0.025953395237638337,0.7508112303107721,0.4715662535592594,0.033037649000866386,0.5025660610659952,0.5431043189473334,0.4222289392475387,0.7551160406211848,0.5659792187648179,0.4221334456551018,0.4314372910085887,0.7782090115160665,0.8516449003325532,0.8481408864880847,0.8043975877522115,0.8576907517972923,0.44834338165250215,0.6114242318744664,0.9281732322313399,0.8483923371564113,0.6260200580019297,0.9039612376053848,0.5502421543596454,0.6121576281391781,1.1018706214041463,0.7499595194828008,0.6147504250229218,1.0851842085906056,0.5413208811428408,0.5627986057914152,0.7333240533943559,0.669868015790218,0.5528307225424895,0.7336133024746299
9.73333333333331,0,0-ACCAD_Male2General_c3d_A6- Box lift_poses,290,0.6298876252258196,0.5537683367729187,0.8106819443778709,0.7271396692331625,0.004124074703955922,-0.0055457812698645826,0.6864547601593496,0.08950020372867584,-0.049070633947849274,-0.3026212453842163,-0.04155401140451431,-0.002097597112879157,0.0,-0.02045457810163498,-0.037197381258010864,-0.07351432740688324,0.14672286808490753,0.006580800749361515,0.0,0.06748940795660019,0.08758106827735901,0.28047460317611694,-0.16593828797340393,0.2268800288438797,0.3070279359817505,-0.20422545075416565,-0.37766286730766296,0.1751154065132141,0.6297073901988558,0.5527474808327745,0.8856747798255623,0.6741137309629789,0.6919596131784915,1.3835613381557843,0.5486198983338751,0.6434584577944457,0.021702646121367457,0.7741945301393129,0.6383039997038561,0.01256088576743157,0.4881179991864535,0.4846310332869381,0.025359068398292328,0.7506561566562444,0.4711102059156741,0.032364428190100686,0.5022026061268297,0.5426925015821624,0.4216722753361341,0.7548320557988535,0.5651185887133688,0.4215613649129833,0.4317791862822463,0.7788661800761529,0.8464725251814791,0.8472000452757122,0.8049407354008298,0.8502994647450047,0.44885149825820714,0.6138600517452246,0.9267288519177607,0.846614587366043,0.6279509560116674,0.9016204101277602,0.5502587516495923,0.6147038828977607,1.1005628834819796,0.7499522013644733,0.6169242544642027,1.0835399286539462,0.5408993173174641,0.5622037066456492,0.7327754069094508,0.6694315776574524,0.5520460758580443,0.7330408848430126
9.766666666666643,0,0-ACCAD_Male2General_c3d_A6- Box lift_poses,291,0.6306362595641986,0.5535764694213867,0.8112388901786521,0.7266936552866308,0.004284226415075023,-0.0050232659326749605,0.6869299408014979,0.08882640302181244,-0.0494113564491272,-0.30244845151901245,-0.04159228503704071,-0.002100785030052066,0.0,-0.020861146971583366,-0.03716302663087845,-0.07334250211715698,0.14582744240760803,0.006533932872116566,0.0,0.06684164702892303,0.08912188559770584,0.29480528831481934,-0.17830167710781097,0.22142647206783295,0.32546740770339966,-0.215745747089386,-0.369367778301239,0.20250920951366425,0.6305301477515378,0.5525918766328753,0.8862323520091613,0.675886547584886,0.699530741417528,1.3818463827929632,0.5487416518041999,0.6432361351190005,0.022366207601902825,0.774105586774227,0.6385169031577597,0.013051347177548536,0.4884720137103384,0.4843204937388087,0.026025394500276952,0.7508351829167195,0.47127115273104075,0.03273248709657064,0.5026959687839361,0.5423256344743048,0.4223420133218866,0.7551903812349009,0.5649726325753696,0.4220035819208233,0.43333252490361723,0.7798671862286757,0.8425732400651745,0.8465325320976035,0.8061949420551092,0.8433696632051086,0.45078221178654354,0.616641569027162,0.926313735173819,0.845730339743884,0.6308469219629879,0.9000441066639444,0.5515186845902083,0.6178658889714108,1.100314651652793,0.7511670398002692,0.6202138541660166,1.0827873523353784,0.541560463022627,0.5618406387356851,0.733416008760725,0.6701064880067908,0.5518580530563549,0.7335599630545544
9.799999999999976,0,0-ACCAD_Male2General_c3d_A6- Box lift_poses,292,0.630216046818532,0.5521724224090576,0.8111207537727073,0.7263228751664393,0.004198106133253727,-0.005239195682247927,0.6873208913916804,0.08761110156774521,-0.0495159737765789,-0.3023394048213959,-0.041613321751356125,-0.0021030474454164505,0.0,-0.02178243175148964,-0.0370124951004982,-0.07312815636396408,0.14470858871936798,0.006475183181464672,0.0,0.06596021354198456,0.09040357172489166,0.3099631071090698,-0.19153091311454773,0.21417059004306793,0.342523455619812,-0.22707119584083557,-0.36030587553977966,0.22908884286880493,0.6300780615752583,0.5511748940345391,0.8861139927827318,0.6755779993611054,0.7058879155416065,1.37938846040881,0.5486894961055168,0.6427138640250303,0.02233541740361368,0.7739472364138442,0.6384499182440125,0.01319057106341602,0.4886042969946136,0.48372263517923847,0.025735122965599155,0.7508907258817219,0.47112914005418793,0.032481877603763684,0.5025111765596871,0.5411924764203596,0.4221410697936794,0.7549108985023386,0.5639785384499425,0.421963349241528,0.43436028871183197,0.7799333683030054,0.8377963503193796,0.8444342974122709,0.8058905181473992,0.8361323591753208,0.45170775148026754,0.6183826273723942,0.9247445408953568,0.8434142563353021,0.6323305599763608,0.8980634873746102,0.5511499952728278,0.6198351035441854,1.0991935024676753,0.7507828119931501,0.622227872791842,1.08149610029567,0.5411639280653441,0.5603238983788389,0.7332624294937198,0.6697209384975306,0.5504867296086036,0.7334580829333891
9.833333333333309,0,0-ACCAD_Male2General_c3d_A6- Box lift_poses,293,0.6303734626853839,0.5514839887619019,0.8115465693549827,0.7261686948003679,0.0041703081864355295,-0.004864688334281367,0.687486705347071,0.0863245502114296,-0.049500733613967896,-0.30224090814590454,-0.0415753610432148,-0.0021020856220275164,0.0,-0.022465312853455544,-0.036772534251213074,-0.07285986840724945,0.14368590712547302,0.006422264035791159,0.0,0.06504759192466736,0.09129976481199265,0.32475581765174866,-0.2052016258239746,0.20678478479385376,0.3585607707500458,-0.2378796488046646,-0.3511781692504883,0.2543099522590637,0.6302736297439426,0.5505280753906817,0.8865404108555388,0.6762716875902944,0.7131164027249568,1.3772770531774527,0.5484430950785284,0.642418871540457,0.022856120445529156,0.7735970241358205,0.6382328188266112,0.01364477692106588,0.48844774083029335,0.48339198024642394,0.026173546252470915,0.7506826210416881,0.4708709661318843,0.03274819005663296,0.5025015932416106,0.5405965756525674,0.4226126317771245,0.7548269754897161,0.5632776800238428,0.4223360189462203,0.4363085968404933,0.781002266776047,0.8337767684447439,0.8429520541413322,0.8059347714493588,0.8293697792009007,0.45336710462225593,0.621079158870167,0.9237388219681705,0.8417727342689396,0.634298301166996,0.8964450762767865,0.5515746829141366,0.6226804204217511,1.0985861504925274,0.7511833765783373,0.6249742587523217,1.0806058106908307,0.5412767554588162,0.5595195999999262,0.7337309092083456,0.6698391414426226,0.5497560946221037,0.7338643923523188
9.866666666666642,0,0-ACCAD_Male2General_c3d_A6- Box lift_poses,294,0.6308396306121722,0.5501021146774292,0.8120378308372215,0.7252965294882522,0.0045768157602831955,-0.0051156297639282445,0.6884023731814931,0.08559762686491013,-0.04944334551692009,-0.3020987808704376,-0.041404929012060165,-0.002093841787427664,0.0,-0.022344734519720078,-0.03631547838449478,-0.07257836312055588,0.14288997650146484,0.00638240622356534,0.0,0.06429066509008408,0.09135850518941879,0.3379535377025604,-0.2183932512998581,0.20031802356243134,0.37415432929992676,-0.24799075722694397,-0.3422914743423462,0.2771984040737152,0.6307556819597326,0.5490759406389022,0.8870307633006637,0.6762985710145458,0.7180542939354209,1.3756909820198833,0.5485058103204653,0.6420087485389513,0.023487675169810575,0.773446890724728,0.6381759985020647,0.01424190639519405,0.48893690940453494,0.48281715148143534,0.02658307012773726,0.7510299417714282,0.470716645758596,0.03307925170613613,0.5029346789714307,0.5394667654889207,0.4231034614681124,0.7550876615744722,0.5625053672159428,0.4228158575289729,0.43789202628546753,0.7808387452714994,0.8303695513968423,0.8411413937491238,0.8055641684001563,0.8240052563257307,0.454927401991739,0.6223479890626888,0.9228359797645136,0.8402354547355602,0.6356712893790029,0.8953855977130871,0.5518515449763561,0.6238538132162627,1.0981376785767076,0.7514513894513148,0.6265187340838329,1.080110333171965,0.5417079559655614,0.5579667372259333,0.734246809111311,0.6702957650791064,0.5485496442763099,0.7343471913815586
9.899999999999975,0,0-ACCAD_Male2General_c3d_A6- Box lift_poses,295,0.6307039704406634,0.5499762296676636,0.8118304066734031,0.7246841585646201,0.004721251606493659,-0.005363704150401218,0.6890441283303587,0.08591092377901077,-0.049405328929424286,-0.3018711507320404,-0.04107871279120445,-0.0020770228002220392,0.0,-0.02138439007103443,-0.0362151600420475,-0.07212739437818527,0.1421700119972229,0.006347269751131535,0.0,0.06370433419942856,0.09038438647985458,0.34984737634658813,-0.2292497605085373,0.19425803422927856,0.39007535576820374,-0.25738611817359924,-0.3338986039161682,0.297483891248703,0.6306088943309837,0.5489086429028498,0.8868227477425614,0.6750849092360458,0.7237377518081722,1.3735587017622863,0.5482691348131088,0.6418486083454741,0.023249552039453364,0.7732569470107388,0.6383341277710971,0.014079767262781193,0.4890182532528061,0.48253863957342813,0.026358713369572313,0.7512127850576156,0.4708186736870686,0.03285814756583777,0.5028919047294164,0.5392481524396558,0.4228741638901725,0.7549811829295504,0.5625023278674056,0.4226239751606439,0.4388005346462686,0.7813646095112919,0.8258732465755042,0.8388937744270197,0.8062297589019888,0.8188236815593335,0.45572141931365107,0.6244955563831962,0.921085367846569,0.8381631035249187,0.6379837810151868,0.8940056025850343,0.551213767268515,0.6261334288137508,1.0969254329203943,0.7508307423356291,0.6290426572208203,1.079126990428686,0.5415723153401716,0.5577333982335758,0.734027688469636,0.6701774168921183,0.5485604380826338,0.7341466444302125
9.933333333333309,0,0-ACCAD_Male2General_c3d_A6- Box lift_poses,296,0.6301598396385089,0.5499964356422424,0.8118718915061668,0.7250361438266885,0.004818530079291375,-0.005648141383974808,0.6886707997379496,0.086807981133461,-0.04945281893014908,-0.3015761971473694,-0.040690720081329346,-0.0020568077452480793,0.0,-0.020058905705809593,-0.036261413246393204,-0.07158143073320389,0.1413860023021698,0.006309123244136572,0.0,0.06281380355358124,0.08848997950553894,0.3610755503177643,-0.23874522745609283,0.18828873336315155,0.4060439169406891,-0.2662564516067505,-0.3258805274963379,0.3153827488422394,0.6300433307856751,0.5488889378655119,0.886863623546184,0.6734877567290519,0.7290716210544657,1.3717737051378256,0.547987450054479,0.6416284987762739,0.023195757297192483,0.7730782761557088,0.6379888589861072,0.01415386912273199,0.4886170439333213,0.4823652636207,0.026417062124301106,0.7509436957673724,0.47048423170267023,0.03292246495910495,0.5024674137910559,0.5393605035537605,0.42289146644510506,0.7545765753710679,0.5621804738575195,0.42268834104774666,0.43998065885570714,0.782205661122532,0.8214092214477594,0.8370402412918936,0.8063539655465811,0.8146033677751878,0.4562441750960767,0.627024713574498,0.9194599010056376,0.8359835134753777,0.6396503818512322,0.8931422926062406,0.550158092437613,0.6286507021991098,1.0959076831784382,0.7498181987438939,0.63118131604538,1.0785403908354818,0.5410584562918181,0.5579090631713368,0.7340476042477662,0.6696545760407162,0.5486145891427365,0.7341992475144827
9.966666666666642,0,0-ACCAD_Male2General_c3d_A6- Box lift_poses,297,0.630221113213338,0.5502743124961853,0.8119626097755149,0.7240829227759661,0.005021558457342481,-0.005771298157667841,0.6896704988706195,0.08739238232374191,-0.04946618899703026,-0.3012978732585907,-0.04033363237977028,-0.002038293518126011,0.0,-0.01834459789097309,-0.035930607467889786,-0.07109308242797852,0.14077015221118927,0.00628087529912591,0.0,0.06177196651697159,0.086053766310215,0.37194713950157166,-0.24860446155071259,0.18349939584732056,0.42163363099098206,-0.2748990058898926,-0.3182868957519531,0.3312366008758545,0.6301137615565631,0.5491318646755534,0.8869538311857501,0.6717728911028682,0.7346551973363888,1.3700397463645029,0.5476794725186833,0.641522908579466,0.023243217125768663,0.7726141995896049,0.6380693221518455,0.014161703262995796,0.4887928572407972,0.4820820017792884,0.02655437702092629,0.7510419730701238,0.4705037363029342,0.0330406196011578,0.5025468476678505,0.5393072455131408,0.42299818877188616,0.7544909220042406,0.5624624962165408,0.42274758981815086,0.4407460228835965,0.7827408168992507,0.8172326628902655,0.834877368962573,0.8075219235577892,0.81086703108895,0.4569040969215075,0.6292459861740622,0.9179193938343142,0.8341664016073616,0.6422568900622878,0.8923932687877348,0.5493948479323691,0.6310651265504014,1.0949227877923282,0.749090480749176,0.6339407378623807,1.078023971458705,0.5410925863359886,0.5579911577792195,0.7341480679461443,0.66971528675957,0.5490802738286108,0.734287653493596
9.999999999999975,0,0-ACCAD_Male2General_c3d_A6- Box lift_poses,298,0.6301771249854937,0.5503451824188232,0.8116265587882713,0.7237662157922872,0.005111168274639077,-0.0060617788400470956,0.6899997070099921,0.08756370842456818,-0.0493476465344429,-0.3010639548301697,-0.04003186151385307,-0.0020228084176778793,0.0,-0.017320962622761726,-0.03555575758218765,-0.07058519870042801,0.14005988836288452,0.006247924640774727,0.0,0.0606425516307354,0.08347682654857635,0.3828788101673126,-0.2581971287727356,0.17850369215011597,0.43659573793411255,-0.2844332456588745,-0.3111661970615387,0.34528014063835144,0.6300480340674861,0.5491628949372225,0.8866171284076957,0.6700200512321657,0.7399196137119818,1.3678433236175853,0.547673072886533,0.6417222463082587,0.022876453365065642,0.7725152440098021,0.6382470928315128,0.013875790919506262,0.48896965917991575,0.48221350731061946,0.02617363436900401,0.751192894449292,0.4706448225081412,0.032712892386316944,0.5026195468487897,0.5394280975636642,0.4226218995076114,0.7544722789383339,0.5625270009045876,0.42244087764659355,0.44197108977671534,0.7833567006891824,0.8125824653896454,0.8330687265469569,0.8084164714421939,0.8072707819523849,0.45760256172722774,0.6315227773071931,0.9158378817088905,0.8324427908637463,0.6444216958230664,0.8913236580383386,0.5485395371616246,0.6334127698444793,1.093443239761493,0.7482834643008232,0.6362463514239856,1.0771178213459425,0.5410654460554626,0.5580262770199174,0.7337886936448171,0.6696971856684784,0.5492538604937889,0.7339638624969411
10.033333333333308,0,0-ACCAD_Male2General_c3d_A6- Box lift_poses,299,0.6300971951568499,0.549882173538208,0.8115328602866844,0.7240331094711754,0.005394590412722475,-0.006167918470278073,0.6897165443611774,0.08750507980585098,-0.049282729625701904,-0.3008294105529785,-0.03983834385871887,-0.002013270277529955,0.0,-0.017021147534251213,-0.035334549844264984,-0.07000696659088135,0.13923439383506775,0.006209054961800575,0.0,0.059391602873802185,0.08137304335832596,0.3934648633003235,-0.26662832498550415,0.17336797714233398,0.4507131278514862,-0.2944713234901428,-0.30521875619888306,0.35813188552856445,0.6299854393171559,0.5486581769155977,0.8865227885630879,0.6691503455741291,0.7443742577423584,1.3658629792768218,0.5474091361880215,0.6417403705733256,0.02283411391733503,0.7722285426173465,0.6382107847504872,0.013837887679638207,0.4886208192799127,0.4822619670135123,0.026085666335045086,0.7508862291624417,0.47059104201814483,0.03249606290488376,0.5024398474307726,0.5393012234802729,0.4225529161582008,0.7542777783503506,0.5620577185761227,0.42232256860856066,0.4436073653731943,0.783479151174245,0.808426292622174,0.8318625572708299,0.8086484088451309,0.8041360047961656,0.458527392228417,0.6333145769839611,0.9141975442033963,0.8311181708359445,0.6457818897762498,0.8903537933284026,0.5480817670180914,0.6352832695019033,1.0922972930498545,0.7478608122256993,0.6377147075400629,1.076340911724405,0.5409724891553516,0.5576743328072635,0.7337211227345789,0.6695978565466003,0.548810975166939,0.7338601853965727
10.066666666666642,0,0-ACCAD_Male2General_c3d_A6- Box lift_poses,300,0.6300833072746173,0.5501168966293335,0.8115972333030418,0.7236356852016037,0.0053638130153048046,-0.006146803002152215,0.6901339300640094,0.08739986270666122,-0.049217697232961655,-0.30059459805488586,-0.03973506763577461,-0.002008675131946802,0.0,-0.016563033685088158,-0.0351368673145771,-0.0693894773721695,0.13851743936538696,0.006176604889333248,0.0,0.058016952127218246,0.07994209975004196,0.40269917249679565,-0.27312299609184265,0.16834349930286407,0.4639030396938324,-0.3035954236984253,-0.30012932419776917,0.36985379457473755,0.6299713627777351,0.5488983620563593,0.8865872502514602,0.6682413498180003,0.7492570829089046,1.3641194108701145,0.5472555769126023,0.6418601276851436,0.022884823205923346,0.7720572714918019,0.6384920426723842,0.013916211857133876,0.4886892771101897,0.4823003820054513,0.02615225125958094,0.7510183107480988,0.47083031034304346,0.032541615024565616,0.5024489159364715,0.5393892130328274,0.4226142288617485,0.7542359655588817,0.5622391882378327,0.4223846171016701,0.4447913643108739,0.7835151253441984,0.8045845001274456,0.8304572867080163,0.8098238374405538,0.8013405950724356,0.45935798069469835,0.6351160043848391,0.9128669030827921,0.8298787677137975,0.6480267655802486,0.8895502150544571,0.5476468901215825,0.6375777924691468,1.091389981788669,0.7474491323178463,0.6399593240507788,1.0757190781557815,0.5409512153569597,0.557797915859268,0.7337832087875171,0.6695873754964449,0.5490968660688796,0.73392585651441
10.099999999999975,0,0-ACCAD_Male2General_c3d_A6- Box lift_poses,301,0.630199595936574,0.5500281453132629,0.8115115218238548,0.7234656192567277,0.0054427450890426575,-0.006148178818621715,0.6903115776057863,0.08746166527271271,-0.04916700720787048,-0.3003431260585785,-0.03979552909731865,-0.0020130870398133993,0.0,-0.016116086393594742,-0.03495308756828308,-0.06874468177556992,0.13782642781734467,0.006145951338112354,0.0,0.056390419602394104,0.07931298017501831,0.40938207507133484,-0.2777332365512848,0.1630287915468216,0.475667804479599,-0.31135889887809753,-0.2954413592815399,0.3802263140678406,0.6300959750294652,0.548800875618365,0.8865014082873213,0.6681888652142193,0.7523930843618001,1.362710898994423,0.5472184693760574,0.641800318163401,0.02281878297330177,0.7719855443858243,0.6385055713438917,0.013842762576263046,0.4887720340290566,0.482196419302464,0.026076030832562606,0.7511453103378438,0.4708124362466326,0.0324087822379401,0.5025324836852689,0.5392559401978652,0.42254239409543554,0.7542897432995684,0.5620934703850772,0.4222837199411388,0.44635277134585444,0.7831158378560183,0.8013794536339338,0.829540022768486,0.8103340948627409,0.7989424508129029,0.46050821600594904,0.6362560740781199,0.9117941146792088,0.8290241028629819,0.6493855987669994,0.8886914320624878,0.5476809763609118,0.6390080381470329,1.0906478380532434,0.747493615873897,0.6411629806735695,1.0750770251791129,0.5410557885666536,0.5576757855215574,0.7337074525502839,0.6696966858955095,0.5490477284807505,0.7338363275245489
10.133333333333308,0,0-ACCAD_Male2General_c3d_A6- Box lift_poses,302,0.6303934898460284,0.5497448444366455,0.8112763218955711,0.7231169762647733,0.005518511366297893,-0.005828985825129776,0.6906789468300316,0.08752654492855072,-0.04913686588406563,-0.30008238554000854,-0.040120914578437805,-0.0020321086049079895,0.0,-0.015943041071295738,-0.03486964851617813,-0.068059042096138,0.13701026141643524,0.006108681205660105,0.0,0.05434681847691536,0.07965322583913803,0.41308897733688354,-0.28082388639450073,0.15711937844753265,0.4856113791465759,-0.31706133484840393,-0.290639191865921,0.3893789052963257,0.6303329619981263,0.5485423713801253,0.8862666572390536,0.6690122425076934,0.7541006452407378,1.3616044480524643,0.5468970196710082,0.6412342231963554,0.022632079039181928,0.7716655604872228,0.638272982522701,0.013554783037011492,0.48865720043930594,0.48155562996771684,0.025929095930499513,0.7511217083116843,0.47053835711573166,0.032076272647009976,0.5025236738271583,0.538673193877299,0.4223842452209014,0.7542687028204659,0.5617146612572694,0.42197737774904004,0.4481083373710383,0.7824174708410958,0.7989354525617233,0.8287059997335467,0.8103200932114989,0.7966383301828905,0.46194221163715976,0.6368124080781253,0.9110396622273228,0.8283624793500781,0.6500834098616916,0.887652897736485,0.548178277499306,0.6397090636434705,1.090107950709096,0.7479784188872325,0.6416548907515165,1.0743503443480347,0.5411986213041886,0.5572775820818706,0.7335193904350272,0.6698484062286807,0.5487831315646704,0.7335795550365135
10.166666666666641,0,0-ACCAD_Male2General_c3d_A6- Box lift_poses,303,0.6303468194091693,0.5496000051498413,0.8110824875907615,0.7229939896047682,0.005489778577180078,-0.005695237349043646,0.690809031207679,0.08735202997922897,-0.04917953163385391,-0.29981565475463867,-0.04060739278793335,-0.0020600231364369392,0.0,-0.01591620035469532,-0.0350860133767128,-0.06728193163871765,0.13604462146759033,0.006063357926905155,0.0,0.052026137709617615,0.08081339299678802,0.41415396332740784,-0.2820543646812439,0.1507887840270996,0.49414071440696716,-0.32026907801628113,-0.2855534553527832,0.39739352464675903,0.6302980343463266,0.5484144954031683,0.8860731015811683,0.670041762964069,0.7545379200245196,1.361088016869913,0.5467912183025428,0.6411594392400959,0.022504450473205623,0.7717052508132859,0.6383139447888401,0.013408528406484307,0.4886513677453935,0.4814429454763262,0.02572926008000116,0.7513389103644653,0.47054387870290126,0.03180464490542218,0.5024448003406191,0.5384138885183034,0.42220928301839983,0.7542564483558108,0.5614637954628616,0.42176944587250276,0.4498967331427643,0.7817954362797732,0.7972137836172772,0.8279069415795045,0.8097737210938316,0.7947958002918395,0.46329545929270577,0.637189222946376,0.9106557573620205,0.8275841980017471,0.6501330142879997,0.8868517874479478,0.5486319124844469,0.6400200177324481,1.08990186794112,0.7484140335806094,0.641573987914769,1.0738745735034831,0.5411373258618652,0.5570787494679064,0.7333376261032327,0.6697903896553383,0.5486355344587561,0.733380008442138
10.199999999999974,0,0-ACCAD_Male2General_c3d_A6- Box lift_poses,304,0.630363329895772,0.5494555830955505,0.8110051207618431,0.7231572411165079,0.005397345511834001,-0.005304180181556487,0.690641975957723,0.0869438648223877,-0.04927324876189232,-0.2995428740978241,-0.04110775515437126,-0.0020887244027107954,0.0,-0.01606029085814953,-0.035375192761421204,-0.06648585945367813,0.13499312102794647,0.006013380363583565,0.0,0.04959340766072273,0.08239739388227463,0.41301655769348145,-0.2811790108680725,0.14455343782901764,0.5018333792686462,-0.3213045597076416,-0.28051140904426575,0.40423986315727234,0.6303471114551831,0.548320620249883,0.8859965309119472,0.6717484022300112,0.7540851973137185,1.361024879867328,0.5466374555018113,0.6409640947150563,0.022499926691142022,0.771707696763491,0.6380290585833173,0.013323409305434235,0.4884669904016135,0.48125820921303575,0.025697914502586846,0.7513854445701312,0.4702438771577664,0.0316302102216086,0.5023230382338908,0.5381517961434927,0.4221881262563163,0.7542253801087662,0.560980862975954,0.4216404443632211,0.45183760499413195,0.7809476168033496,0.7960302598176296,0.8275097569750121,0.8086371760078954,0.7932484603308044,0.464816033941347,0.6372778929384254,0.9107042979902109,0.827076005629343,0.6495283160762008,0.8862202127891431,0.5494386873207063,0.6400512414019095,1.0900392351412684,0.749190943195955,0.641020466018537,1.0735989864694357,0.5411225225345355,0.5569131733778462,0.7332953461691921,0.6697719653063574,0.548416862501999,0.7332857985362895
10.233333333333308,0,0-ACCAD_Male2General_c3d_A6- Box lift_poses,305,0.6306922283256426,0.5493453145027161,0.8109283499793724,0.7230331724578879,0.005053928869236685,-0.004729194652227805,0.6907786360668721,0.08609368652105331,-0.04934798181056976,-0.29928886890411377,-0.04151957854628563,-0.0021125830244272947,0.0,-0.01662651263177395,-0.03552735224366188,-0.06574130058288574,0.13398632407188416,0.0059658559039235115,0.0,0.04719345644116402,0.08409647643566132,0.4106423854827881,-0.2780233323574066,0.1386396884918213,0.5091834664344788,-0.320580393075943,-0.2758399546146393,0.41014552116394043,0.6307029955474175,0.5483071667744268,0.8859211638575113,0.6736216084149176,0.7534208293443543,1.361089710375184,0.5467790225201696,0.6405205186039669,0.022459370305592426,0.7719338002999946,0.6376861829683775,0.013229365743649156,0.48870823277244296,0.4807785989965316,0.025669120795426645,0.7517927475844147,0.4698737950913363,0.031486979785843014,0.5025582556904923,0.5377081923850696,0.4221554257025374,0.7544988315559853,0.5605203622135972,0.42152133518698903,0.4536664152059636,0.7794005301393642,0.7948011536093221,0.8273677688935496,0.807351926326816,0.7917654132262878,0.4664847574565527,0.6368321837172889,0.9108594187376188,0.8269039375764372,0.6487937849257185,0.8856731597656812,0.55049340791211,0.6399469933696172,1.0902396339494815,0.750212417257708,0.6404944824424048,1.073381328526692,0.541420167865523,0.5566482513073449,0.7332422153555006,0.6700730692991853,0.548206753281519,0.7331960330688385
10.26666666666664,0,0-ACCAD_Male2General_c3d_A6- Box lift_poses,306,0.6307356801116839,0.5489538311958313,0.811074142940493,0.7233352267008887,0.004774054470255604,-0.004160860730586268,0.690467990174396,0.08492141962051392,-0.04951336607336998,-0.2990250587463379,-0.041712287813425064,-0.0021244140807539225,0.0,-0.01794232614338398,-0.035807736217975616,-0.0649828091263771,0.1331026703119278,0.00592495733872056,0.0,0.0446883887052536,0.08574885874986649,0.4074398875236511,-0.27373769879341125,0.1328868716955185,0.5159279704093933,-0.3190075159072876,-0.27161863446235657,0.41516974568367004,0.6307786753099686,0.5480049037580461,0.8860681272867773,0.6755170536998645,0.7519422532514426,1.3615641425607603,0.5467236798561251,0.6401239025230837,0.02266214640481313,0.7720198999409787,0.6374395747479722,0.013416512763467545,0.4885548831376975,0.4804173074323236,0.025855040522419322,0.7518490477414028,0.46961232249129864,0.03150380447664917,0.5024915887539289,0.537282117507828,0.4223481256981943,0.7545109072025584,0.5598839648577493,0.42162725425098907,0.4554314262773972,0.7775895581176041,0.793986961774139,0.827421350991746,0.8054175019011315,0.7907781536612949,0.46794826688407626,0.6360657909859556,0.911349290663191,0.826685711390234,0.6473212564406151,0.885459726365982,0.5514031329533294,0.6394575207568628,1.0907513866901482,0.7510865193910005,0.639316406070742,1.073468152981461,0.5414342959498709,0.5562122325651243,0.7334208527301678,0.6700796568638154,0.547655925505149,0.7333249065216206
10.299999999999974,0,0-ACCAD_Male2General_c3d_A6- Box lift_poses,307,0.6307433095062152,0.5485913157463074,0.8110945277290061,0.7237524715753314,0.00449655218881879,-0.003574273690411279,0.6900357711558137,0.08319518715143204,-0.04982125759124756,-0.29875728487968445,-0.04166780784726143,-0.002123236656188965,0.0,-0.019747138023376465,-0.03617041930556297,-0.06422710418701172,0.13249826431274414,0.005899209063500166,0.0,0.042290184646844864,0.08720473945140839,0.4041594862937927,-0.2689312994480133,0.12705448269844055,0.5220826864242554,-0.3171531558036804,-0.2674373686313629,0.41937148571014404,0.63082069337216,0.5477332006269309,0.8860895785669061,0.677331216876128,0.750445900641519,1.3619274514811686,0.5467229114341604,0.6400629602215746,0.022763612069459184,0.7721350824579674,0.6373927170192422,0.013494855506139512,0.4883999709709473,0.48041128476779393,0.025890454010644638,0.7518730689990784,0.4695550464943544,0.03138248149091033,0.5024210157727812,0.537087381294111,0.4224075333881558,0.7545075666142458,0.5593791183495603,0.42161057220231096,0.45722895082521214,0.7757416112147031,0.7930543529007701,0.827489086322182,0.8034660602141214,0.7898066585498399,0.4693895521312791,0.6352560869297029,0.9116945714036523,0.8264555217041348,0.6457795622915279,0.885166316273934,0.5522566925289667,0.639000375877437,1.0911269945408604,0.7519040411957602,0.6381235999961514,1.073453502119333,0.5414118625559871,0.5558196531786341,0.7334778119056239,0.6700467166287599,0.5471070106443681,0.7333269863404005
10.333333333333307,0,0-ACCAD_Male2General_c3d_A6- Box lift_poses,308,0.6307911720359698,0.5481767058372498,0.8110513739661888,0.724211115808977,0.004092393688893099,-0.002902494481952517,0.6895600681437359,0.08092017471790314,-0.05017969384789467,-0.29850369691848755,-0.04135248437523842,-0.002107188804075122,0.0,-0.02194792404770851,-0.03662426397204399,-0.06347779929637909,0.13215579092502594,0.00588756799697876,0.0,0.04006129503250122,0.0884818583726883,0.4012715816497803,-0.26394692063331604,0.12169411778450012,0.5276914238929749,-0.31515049934387207,-0.26369863748550415,0.42312371730804443,0.6308991619115067,0.5474319256433711,0.8860475981421403,0.6790396108163412,0.7492525242732722,1.362092561423049,0.5468346642933314,0.6400067639992736,0.022786339651612517,0.7724067966833318,0.6372131719571827,0.013506512915524307,0.4883342722959565,0.48041878365981683,0.025849127160834283,0.7520257776540394,0.4693717367392395,0.031222796027639273,0.5024339475093755,0.5369083954281364,0.42238932211521796,0.754595738037942,0.5588148566428784,0.4215393349726155,0.45893375683799953,0.7737977218205425,0.7919530718927174,0.8276787541497062,0.8014530927724041,0.7887149480670467,0.4707568470468441,0.634397264540376,0.9119001070880989,0.826321616304823,0.6442137246191441,0.884806068800451,0.5530825477129248,0.6386537255152698,1.0913540287437518,0.7526947578902603,0.6370446716765158,1.073338441218966,0.5414337209211767,0.5553487709767161,0.7334655458422035,0.6700569777842437,0.546468017513394,0.7332679314385796
10.36666666666664,0,0-ACCAD_Male2General_c3d_A6- Box lift_poses,309,0.6309013214195147,0.5482039451599121,0.8113101773338035,0.724964597603098,0.0037725533555508727,-0.0022027331510763005,0.6887722758866119,0.07864074409008026,-0.050709616392850876,-0.29820749163627625,-0.04075363278388977,-0.002075559226796031,0.0,-0.02404516004025936,-0.03718959540128708,-0.06272761523723602,0.13216014206409454,0.005894710309803486,0.0,0.038094256073236465,0.08973019570112228,0.3986413776874542,-0.25906139612197876,0.1170460507273674,0.532616138458252,-0.3128936290740967,-0.2603437900543213,0.426551878452301,0.6310515504107311,0.547566122787265,0.8863073147049803,0.6809904551425656,0.7485457218022762,1.3625142841436095,0.5470434708535837,0.6404318802504866,0.023103667139666544,0.7727483069248777,0.6372180964189135,0.013766520595230557,0.4882321017274941,0.48095773660025065,0.026140173115083844,0.7521008821994648,0.46939828799021766,0.03137889553912274,0.5024896949603516,0.5373249858463176,0.42269074073383717,0.7547221849737977,0.5586039678488879,0.42174910577120744,0.4606612015258502,0.7724917120090434,0.7912949711176361,0.8281606587878119,0.7997159882647549,0.7878911758967468,0.47212175903936027,0.6341019647774775,0.912441566970887,0.8263813324367313,0.6429355156308614,0.8847223774931198,0.5540584781256953,0.6388243050197588,1.091874093078949,0.7536286222671705,0.6363647455288528,1.0734922260774307,0.5415114305184626,0.555402835802022,0.7337702272300093,0.6701151346433637,0.546246280786663,0.7335047849378664
10.399999999999974,0,0-ACCAD_Male2General_c3d_A6- Box lift_poses,310,0.6305998411262408,0.5479407906532288,0.8111910872535423,0.7253664055328748,0.003655405685737918,-0.0017398665981143493,0.6883510649354807,0.0765269547700882,-0.051355358213186264,-0.29786938428878784,-0.04010448604822159,-0.0020412099547684193,0.0,-0.026012320071458817,-0.03781437873840332,-0.061993177980184555,0.13240374624729156,0.005914696026593447,0.0,0.03630838915705681,0.0910383015871048,0.395812451839447,-0.2548210322856903,0.11323358118534088,0.5365633368492126,-0.3108348250389099,-0.25759920477867126,0.4295891523361206,0.630787965368666,0.5473634185269259,0.8861886288845663,0.6822768865007871,0.7471573589290569,1.3627203329521316,0.5468691042796664,0.6408357589132251,0.02307787990825305,0.7726692604607022,0.6373923011033755,0.013681522346457295,0.4879126577265684,0.48141333384492835,0.026015190783014428,0.7519184824325724,0.4695700193003764,0.03114826049821411,0.5022037446527521,0.5375145929424313,0.4226007579570879,0.75446752161213,0.558443691687038,0.4215937687360613,0.4615638176251727,0.771052050644561,0.7907042105126334,0.8280559411966331,0.7980599113735488,0.787024097806772,0.4728314857025555,0.6333935045538841,0.912698999534407,0.8260137942455154,0.6415989371570728,0.884365545234008,0.5545088484940426,0.6383907430583798,1.0920881455729554,0.754036784249922,0.6353304728858978,1.0733418792921987,0.5411756874460809,0.5551281742429677,0.7336950133832297,0.6697686908507675,0.5458256032587385,0.7333655472629389
10.433333333333307,0,0-ACCAD_Male2General_c3d_A6- Box lift_poses,311,0.6306763734901324,0.5479012727737427,0.8112747721748069,0.7258805622263406,0.003322842685759665,-0.0010385366517140196,0.6878119579798538,0.07467547804117203,-0.051877398043870926,-0.2975316643714905,-0.03959115594625473,-0.00201439019292593,0.0,-0.02797054871916771,-0.03849654272198677,-0.061276596039533615,0.13266579806804657,0.005935292225331068,0.0,0.03468068316578865,0.09242266416549683,0.39282140135765076,-0.2509706914424896,0.11035545915365219,0.5396615862846375,-0.30892547965049744,-0.25568443536758423,0.4323579967021942,0.6309061190948992,0.5474323270470259,0.8862729541985233,0.6840359444376849,0.74624826584714,1.3630243101760362,0.546990420107388,0.6408544811439423,0.023189727033173513,0.7729949042775116,0.6372164258417907,0.013734161716428238,0.4878398603138887,0.4815045402087516,0.026157487142566264,0.7520810214125758,0.46941097689272016,0.031168059918282014,0.5022363626156517,0.5376403619587281,0.4227331695293939,0.7545885802843926,0.5582141404644225,0.4216289510430936,0.4626804425364501,0.7701101413234888,0.7904480409217073,0.8285617634556914,0.7966769306553725,0.7863224203652488,0.4737839599509759,0.6330850343795839,0.9131688467054245,0.8261891790863215,0.640538038608794,0.8841722105441001,0.55538407418656,0.6383345263042045,1.0924694170241342,0.7548643710245223,0.6346279020872848,1.073336800623,0.5412166419335241,0.555063124064578,0.733822041789389,0.6697953121076161,0.545566208586757,0.7334286741515206
10.46666666666664,0,0-ACCAD_Male2General_c3d_A6- Box lift_poses,312,0.6308479752624407,0.5477859973907471,0.8112376980857566,0.7261050687642069,0.0030188291646823817,-0.0003145608354382516,0.6875770624714598,0.07295522838830948,-0.05227601155638695,-0.29720720648765564,-0.039268746972084045,-0.0019981185905635357,0.0,-0.029838766902685165,-0.038928285241127014,-0.060665395110845566,0.1328568160533905,0.005951554514467716,0.0,0.03335577994585037,0.09382863342761993,0.3895259499549866,-0.24768738448619843,0.10811769962310791,0.5418998003005981,-0.30741018056869507,-0.2541070282459259,0.43458762764930725,0.6311250662832572,0.5474247565947358,0.8862363162440499,0.6857091037518039,0.7451585950605487,1.3632630689545953,0.5470119358045029,0.6407141088314712,0.023195742148022135,0.7731114723846888,0.6370667820180035,0.013650206874457338,0.4878019729395083,0.4813867159530747,0.02618943152721288,0.7521727734782483,0.46926149181463894,0.031055822860972405,0.5023089863887611,0.5375423668229836,0.42275756265274983,0.754697460331829,0.5579922752941285,0.4215323251311694,0.46354096676595613,0.7692252101699891,0.7903736543187737,0.828929016193255,0.7956368562852918,0.7857239738849376,0.47464090501483897,0.6326310532782804,0.913574270705553,0.8264122762248407,0.6396953103992281,0.8838843757319358,0.5562754378412332,0.6380437148155261,1.0927636093086743,0.7557084546033843,0.6339182383911394,1.0732280732418193,0.5413413691002537,0.5548514190975727,0.7338344879253047,0.6699133855835518,0.5452671024558463,0.7333686734486708
10.499999999999973,0,0-ACCAD_Male2General_c3d_A6- Box lift_poses,313,0.6306563463294879,0.5474847555160522,0.8112375788764671,0.7261979543940136,0.0026560729253567927,0.00017665998480252373,0.6874805052521963,0.07124729454517365,-0.05254526808857918,-0.2969101369380951,-0.039060093462467194,-0.0019881126936525106,0.0,-0.031473308801651,-0.039181217551231384,-0.06013863906264305,0.13300012052059174,0.005964796058833599,0.0,0.03232542797923088,0.09522905200719833,0.3858548402786255,-0.2454199194908142,0.10662050545215607,0.5432054996490479,-0.3063918948173523,-0.2527140974998474,0.43621328473091125,0.6309494896009326,0.5472136478516264,0.8862365159866468,0.6866501655602576,0.743596961134059,1.363680194642375,0.546894016580973,0.640575763692929,0.023234553999965463,0.7730340142166149,0.6368359514430243,0.013662329391442213,0.4876823241982403,0.4812481108525784,0.026179808752506303,0.7521230602246851,0.4690226468800319,0.031023977204820266,0.5021489298847516,0.5372945432825091,0.422764425660748,0.7545484223574648,0.557657247850395,0.4215223560100405,0.4638195746735794,0.7685337486793258,0.7906796637374053,0.8287902903559835,0.7947813064069216,0.7855792895714779,0.4749250657289644,0.6320606351810779,0.9140138502579367,0.8262058478224078,0.6388677084586942,0.883782318220279,0.5566234287311653,0.6373661202759049,1.0931165509837388,0.7560190471561272,0.6329602814803744,1.0732630667193888,0.5411326333155089,0.5544382890256672,0.7338481024855299,0.6697020798332348,0.5448210595048877,0.7333618522402697
10.533333333333307,0,0-ACCAD_Male2General_c3d_A6- Box lift_poses,314,0.6308089342201129,0.5471487641334534,0.8111214690284446,0.7261974228813982,0.0025263539960476856,0.00042545389365912734,0.6874814466768443,0.06971769034862518,-0.052627891302108765,-0.2966451942920685,-0.038850005716085434,-0.00197799364104867,0.0,-0.03295701742172241,-0.03919427841901779,-0.05971395969390869,0.1330779790878296,0.005974042695015669,0.0,0.031507253646850586,0.09641574323177338,0.38212865591049194,-0.24417749047279358,0.10544734448194504,0.5437467098236084,-0.30583837628364563,-0.2511698603630066,0.4372473955154419,0.6311158019732854,0.546917443118017,0.8861204845071152,0.6877104526352117,0.7416269109738101,1.3641318149764543,0.546990597729181,0.6407948186869985,0.023196574023129413,0.7731322670890398,0.6370743456653857,0.013609855951950259,0.48781862730306813,0.48145025415470044,0.026022820633660893,0.7522899486956888,0.4692379334801205,0.03083009139656433,0.5022963976887346,0.5371909756297297,0.42264966826548295,0.7546835200594241,0.5575406651212985,0.4214034284891741,0.4643754106855058,0.7681698268362637,0.7912201756772166,0.8288118601509437,0.7941969232206336,0.7857027015802006,0.4754587021185675,0.6315152379116082,0.9143552567102488,0.8262542366677967,0.6381374701601152,0.8836744826027912,0.5572099497170937,0.6364161849650402,1.0933977185266062,0.7565744990129413,0.6318385550529029,1.0732729405538919,0.5412689603308315,0.5540228408918766,0.733747281645959,0.6698383922712215,0.5444068761764286,0.7332387223197584
10.56666666666664,0,0-ACCAD_Male2General_c3d_A6- Box lift_poses,315,0.630608543404378,0.5471770167350769,0.811054234989138,0.7265196500707208,0.0020188102852145046,0.0008604083296578992,0.6871421848232402,0.06853457540273666,-0.05249430239200592,-0.29640883207321167,-0.03871037811040878,-0.0019717300310730934,0.0,-0.03427022695541382,-0.03909978270530701,-0.05935312435030937,0.13305534422397614,0.005977328401058912,0.0,0.030831456184387207,0.09729818254709244,0.3786466717720032,-0.24367797374725342,0.10422774404287338,0.5437536835670471,-0.30575132369995117,-0.24943403899669647,0.43779006600379944,0.630910390394684,0.5470456943627031,0.8860535126045188,0.6882722496201683,0.7405446645556154,1.364452574639726,0.5468698756743609,0.6406157864703842,0.023083233109347602,0.7730809712740669,0.6368230912790838,0.01355983711896415,0.4875878752245621,0.4813130043914507,0.025958653875404736,0.7521415898259307,0.4689988154890276,0.03078060249430602,0.5021148043276017,0.5371598381338446,0.4225685009539426,0.7545373933253898,0.5573062135078546,0.4213527228164855,0.4648670685672841,0.7685589923795966,0.7916327341437344,0.8286078193044054,0.7939646004570365,0.7858616218413612,0.4756819560274099,0.631692233542985,0.9145558513306727,0.825947644296639,0.6377732727446678,0.883620288058447,0.5573671077724461,0.6361706055788308,1.093590010300856,0.7567074733838683,0.6312459941827654,1.0733082021836722,0.5410783461012407,0.554001710198938,0.7336670756460233,0.669638584077695,0.5442618137871116,0.7331766199632933
10.599999999999973,0,0-ACCAD_Male2General_c3d_A6- Box lift_poses,316,0.630848690518178,0.5471830368041992,0.8110865407066062,0.7264334079001885,0.0017173632252686086,0.001208617912345085,0.6872336529833304,0.0675685703754425,-0.05233510956168175,-0.29617515206336975,-0.038647670298814774,-0.001969678560271859,0.0,-0.03530215471982956,-0.0389629527926445,-0.05903561785817146,0.13299410045146942,0.005978085100650787,0.0,0.030441246926784515,0.09812117367982864,0.3754814565181732,-0.24358655512332916,0.10311545431613922,0.5433441996574402,-0.30601298809051514,-0.2477303296327591,0.43805596232414246,0.6311574220529352,0.5471204947365934,0.8860858791925503,0.6890404789978481,0.7394491858689469,1.3648832014248826,0.5469400234983093,0.6405247553810277,0.023111289242321753,0.7731988521339498,0.6368753639469965,0.013600366448248427,0.48773786148459336,0.4811925395322324,0.026000753831933218,0.7523600058743767,0.4690359029911283,0.030795070069231014,0.5023136572391744,0.5370523032585172,0.4226068967667636,0.7547407656841818,0.5572791892732747,0.42138173825661907,0.465487835915922,0.7688419010176185,0.792290872484605,0.8284569560611876,0.7941231550761562,0.7862240574653312,0.47622059613655804,0.6316669522326931,0.9148771910037103,0.825954397977734,0.6377251943054905,0.8836559786923315,0.5578610820440116,0.6357448694835737,1.0938960989872202,0.7571821421910547,0.6307748994614186,1.0734364000686691,0.5413083692399692,0.5538900984237899,0.7337029895728175,0.6698709217694614,0.5441806391809348,0.7332071417935597
10.633333333333306,0,0-ACCAD_Male2General_c3d_A6- Box lift_poses,317,0.6307901587570086,0.5469909310340881,0.8110560231284812,0.7266474640748908,0.0014593059396879123,0.0013941087480641176,0.6870075617054759,0.0665704533457756,-0.052322618663311005,-0.295928955078125,-0.03861052170395851,-0.0019690038170665503,0.0,-0.03616199642419815,-0.03893737867474556,-0.05871870368719101,0.13290388882160187,0.00597684970125556,0.0,0.030306432396173477,0.09900842607021332,0.3726860284805298,-0.24386458098888397,0.10211252421140671,0.5425735712051392,-0.30661535263061523,-0.24622082710266113,0.43817582726478577,0.6310924957272835,0.5469755353777945,0.8860554121615272,0.6895610040501662,0.7381448002346537,1.3652372397025931,0.5470335928558993,0.6405579166662574,0.023098424055793543,0.7733060829389568,0.6367185688900884,0.013617128519020347,0.4877704475599613,0.4812473159875743,0.02592899308510868,0.7524123873381614,0.46888030122516233,0.03075683071532298,0.5023115253631795,0.5369754718503303,0.4225548946184459,0.7547482697858189,0.5570042490316709,0.42137076789414407,0.465953999551087,0.7691626270699294,0.7929463916051543,0.8281834786540381,0.7940643111177194,0.7866085241138867,0.4764847387489762,0.6315957262342456,0.9151102796023005,0.8257346739356975,0.6374214280675367,0.8836475613584223,0.5580755786575875,0.6351657282171199,1.094121908624784,0.757376346886748,0.630032592089959,1.0735054201564131,0.5412591925293094,0.5536799297611734,0.7336623045019447,0.6698159092564713,0.5438936814572918,0.7331810895799636
10.66666666666664,0,0-ACCAD_Male2General_c3d_A6- Box lift_poses,318,0.6305667605483904,0.5469561815261841,0.8108954482154563,0.7267859587704295,0.0011787991867511784,0.0016269062001057237,0.6868610731020072,0.06576482206583023,-0.05230696126818657,-0.29568395018577576,-0.03856823593378067,-0.001968005672097206,0.0,-0.03687853366136551,-0.038976993411779404,-0.058416519314050674,0.1327991932630539,0.005974445026367903,0.0,0.030275477096438408,0.09975040704011917,0.37039652466773987,-0.244243323802948,0.10121237486600876,0.5417342185974121,-0.3074132800102234,-0.24500256776809692,0.4382116496562958,0.630865573126919,0.5469952901023791,0.8858948427567603,0.6897956745150263,0.7373256289843723,1.365347254984056,0.5469020898124285,0.6405200387585129,0.0229318646358333,0.7732362814882372,0.6365760703209742,0.013478584516515305,0.48761311507192173,0.48121889189477246,0.025753580800959998,0.7523197893173957,0.46873889288413,0.03060114931564607,0.5021283182989877,0.5369352580768562,0.42238204247614664,0.7545871883585233,0.5568333297898724,0.4212222549575517,0.4661618031841506,0.7695816617062521,0.7933478088716962,0.8277262790530295,0.794265549714933,0.7867881152178313,0.4765308088137249,0.631680611818493,0.9151482537242324,0.8253632741345048,0.6374073437093597,0.8834808430759088,0.558069205974019,0.634859605331773,1.094154554875388,0.757353361894982,0.6296255320717863,1.0734033000704772,0.5410409904633731,0.5536047095264168,0.7334939990281396,0.669593903699494,0.5437686627697246,0.7330239926152822
10.699999999999973,0,0-ACCAD_Male2General_c3d_A6- Box lift_poses,319,0.6307395544135943,0.5473145246505737,0.8110125117377952,0.7266651277601764,0.0009237973469601045,0.0019268152557213795,0.6869885196120227,0.06527058780193329,-0.05224433168768883,-0.29544106125831604,-0.03848208487033844,-0.001964543480426073,0.0,-0.037395376712083817,-0.038919903337955475,-0.05817478895187378,0.1327189803123474,0.005973047111183405,0.0,0.030432768166065216,0.10025295615196228,0.36860576272010803,-0.24448427557945251,0.10085513442754745,0.5411046147346497,-0.30837422609329224,-0.24424460530281067,0.4381260275840759,0.631044772557461,0.5474123859470148,0.88601182683501,0.690193068699698,0.7372386805151272,1.3656316601309106,0.5469431832987806,0.6405440750260168,0.023014911166491403,0.7733114838417227,0.6367488651118135,0.013570167926531658,0.4877497564328737,0.4812086244611025,0.025904964651513193,0.7524967124477403,0.4689024628436698,0.030726232086377495,0.5022810916092184,0.5370841039798759,0.4225102991205839,0.754731733590935,0.5570741484648987,0.4213301578549525,0.46638307608829926,0.7701411851958153,0.7938761188023457,0.8275417842396894,0.795083343146328,0.7871893722935214,0.4767871490625362,0.6320201491215611,0.915424047059019,0.8253797012082927,0.638031636979389,0.8835722088941678,0.5583527649871752,0.635004521356308,1.0944067716568457,0.7576273258513736,0.6298560056864421,1.0735422784020834,0.5412041313594573,0.5538586359770731,0.7336144029904921,0.6697604282295574,0.544066988012009,0.7331397615199714
10.733333333333306,0,0-ACCAD_Male2General_c3d_A6- Box lift_poses,320,0.6304576244438067,0.5472584962844849,0.810879354961367,0.7270207779431384,0.0007415564630837159,0.0019123370774806973,0.6866123953875782,0.06486225128173828,-0.05209002271294594,-0.29522284865379333,-0.03838801011443138,-0.001960600493475795,0.0,-0.03768393024802208,-0.038847263902425766,-0.057969868183135986,0.13272133469581604,0.005975885316729546,0.0,0.030706213787198067,0.10050994902849197,0.3671441078186035,-0.24504564702510834,0.1011652797460556,0.5405288338661194,-0.3095068037509918,-0.24384059011936188,0.4378833472728729,0.6307425450411855,0.5473745823922165,0.8858787239205042,0.6900486735083218,0.7365337312979765,1.365737489386715,0.5468761578905225,0.6406337650111273,0.022856613937439672,0.773316023592378,0.6365489355465309,0.013480244893265547,0.4875542263528297,0.4813457838561836,0.025728459723614927,0.7523591152454536,0.4687191472286844,0.030625802502321782,0.5020781188073233,0.5371822568182073,0.42233938661206777,0.7545650695910542,0.556876180624199,0.4212330728086695,0.4662831375319886,0.7705881804193084,0.7941709840518907,0.8273139446113184,0.7953016238617269,0.7875733408701231,0.47652746834078186,0.6321723739188608,0.9153967337970614,0.8250799392593544,0.6380068756066182,0.8835573791036619,0.5581295242012424,0.6347493954749973,1.094381788991714,0.7574004135754527,0.6294441289666273,1.0735214990779482,0.540949495175501,0.5538659325576156,0.7334559421107458,0.6694958832436299,0.5439441429451503,0.7330177769130772
10.766666666666639,0,0-ACCAD_Male2General_c3d_A6- Box lift_poses,321,0.6304841485107318,0.5475029349327087,0.8108232073859886,0.7265346687338541,0.0006081071565574498,0.001891279781997416,0.6871269376136124,0.06463789194822311,-0.05176197737455368,-0.2950391471385956,-0.03822427615523338,-0.0019527578260749578,0.0,-0.03773701190948486,-0.0386035330593586,-0.05784481391310692,0.1328182816505432,0.00598365580663085,0.0,0.03101319819688797,0.10052710771560669,0.3660414516925812,-0.24596627056598663,0.10169224441051483,0.5399401187896729,-0.31056272983551025,-0.24336907267570496,0.43754836916923523,0.6307529375814501,0.5476315956856933,0.8858226153759594,0.6896484535601043,0.7364138840423261,1.3658757393522447,0.5467116501448887,0.6407437083312559,0.022758686676759364,0.773229626162874,0.636877547429454,0.013431036410680261,0.4876499634507075,0.4813594609053228,0.025653308812254416,0.7525392212321282,0.4690182431965052,0.030611290373649652,0.5021375465050982,0.5372529995336434,0.4222571801741394,0.7546083900368128,0.5572562901168041,0.4212006661726281,0.465909740498339,0.771015998122881,0.7945084286392566,0.8267631295214951,0.7962742730532044,0.7879981088143793,0.4763210986416598,0.6323204020887981,0.9153996998978968,0.8248435009913332,0.6387577305835144,0.8836245595425575,0.5579536169917629,0.6346714376076412,1.094395401713562,0.7572374215695363,0.6297062004116205,1.0735748216881376,0.540982926210165,0.5539654506128542,0.7333800616017502,0.6695435630801312,0.5442299110325552,0.7329704254905094
10.799999999999972,0,0-ACCAD_Male2General_c3d_A6- Box lift_poses,322,0.6306328024948016,0.5478031039237976,0.8108693413810447,0.7266314209191614,0.0005095867105753295,0.0018708054502790958,0.6870247583175967,0.06446276605129242,-0.05140488222241402,-0.29487159848213196,-0.03801365941762924,-0.0019422710174694657,0.0,-0.03776589781045914,-0.038229797035455704,-0.057788241654634476,0.13295136392116547,0.005993128754198551,0.0,0.03129627928137779,0.10045215487480164,0.3653227984905243,-0.2471626251935959,0.10209298133850098,0.53928142786026,-0.3114243447780609,-0.24273429811000824,0.43724435567855835,0.6308892252011927,0.5479403551158102,0.8858687774422974,0.6896716460081014,0.7364163204788486,1.3660527622586396,0.546763398807756,0.6410402791929058,0.022760610538841437,0.7732851453069588,0.6370330675860504,0.013473021699808498,0.48768967889445286,0.48166114804374155,0.025691168462183035,0.7525729116743811,0.46918050107141285,0.030692757249424826,0.502275012226371,0.537604461275234,0.42228397713437243,0.7547344101764711,0.5574970278406502,0.4212634684520128,0.46609829073340175,0.7718389503286663,0.7949001018093186,0.8267213365422913,0.7968799597944415,0.7884051056194442,0.4764066879635691,0.6328488346957286,0.9154614924244562,0.8248554426873579,0.6392004215525184,0.8837636178986537,0.5580393965460282,0.6348458300788548,1.0944776980661604,0.7573281989371177,0.6298785970197267,1.073705487368654,0.5411459645403706,0.554277466147276,0.7334109384158353,0.669704128826567,0.544509385173344,0.7330233737616539
10.833333333333306,0,0-ACCAD_Male2General_c3d_A6- Box lift_poses,323,0.6303749528015032,0.5477688312530518,0.8106325917319969,0.7265026761175055,0.0003661656917094429,0.0017334120494362554,0.687161351357493,0.06433512270450592,-0.051075875759124756,-0.2947104275226593,-0.037828218191862106,-0.0019331161165609956,0.0,-0.03783588856458664,-0.037826038897037506,-0.057770416140556335,0.13312259316444397,0.00600444246083498,0.0,0.03150953724980354,0.10039730370044708,0.36487361788749695,-0.2484874129295349,0.10231257230043411,0.5385291576385498,-0.3119445741176605,-0.2419692426919937,0.43705999851226807,0.6306015943121431,0.5479075982647649,0.8856321209127999,0.689057746690254,0.7362010363644723,1.3659254110455246,0.5465491953146603,0.6409981004024325,0.022468892594295943,0.7730370035456898,0.6370411287829912,0.013273529884448465,0.48756598032909626,0.4815856131897577,0.025408156215596892,0.7524044486847901,0.46918065022242067,0.030511784358963796,0.5021079301091967,0.5375597364474006,0.42199780751380417,0.7545283769649805,0.5575367857385466,0.4210732333367305,0.46580946540955476,0.7722537566557364,0.7949535006371635,0.8261074833721913,0.797139410160982,0.7884476644289673,0.47604595605674493,0.6329728459740251,0.9151849706567524,0.8243702053992097,0.6393567600396338,0.8836379023218153,0.5576060563243757,0.6346751364814951,1.0942462365352303,0.7569070953567917,0.6298249137816955,1.07356397166018,0.5409162229609673,0.5542049180207195,0.7331388114356785,0.6694782715813052,0.5444865767700688,0.7328021179601837
10.866666666666639,0,0-ACCAD_Male2General_c3d_A6- Box lift_poses,324,0.6307673301780596,0.5481577515602112,0.8107080512122825,0.7263703083510239,0.00021605987745006516,0.0018300678340618395,0.6873010834531621,0.06441795825958252,-0.050747353583574295,-0.294552206993103,-0.037667520344257355,-0.0019252615747973323,0.0,-0.037910472601652145,-0.03744146600365639,-0.05777549743652344,0.1332956701517105,0.006015600636601448,0.0,0.03174939751625061,0.10043194144964218,0.3645148277282715,-0.24946023523807526,0.10264463722705841,0.5378708243370056,-0.3123280107975006,-0.24149347841739655,0.436964750289917,0.6309890009467786,0.5483228817790119,0.8857075418377603,0.6893170140371275,0.7366393580217939,1.3660060308820896,0.5467188276662788,0.6409810497425925,0.022470681381217085,0.7731857267227632,0.6372112554354996,0.013310199155597932,0.48782836335982377,0.48153635605908957,0.02552074202718136,0.7526355225227037,0.46934893059175176,0.030628657672103578,0.5024587759939692,0.5377469064217767,0.4220733525808621,0.754847043974881,0.5578730401292475,0.42115107906804883,0.4660854046825694,0.7729553959973025,0.7952484419819227,0.8262055571830245,0.7977740249067998,0.788590945387319,0.4763448793586203,0.6334855977986743,0.915258786427614,0.8246129505184435,0.6399477057542298,0.8837112943718087,0.5579356588824782,0.6350383059045059,1.0943209285373383,0.7572403224209111,0.6303054992296456,1.0736463902641293,0.5413113203891133,0.5545342600771636,0.7332060295723141,0.6698769110862378,0.5448614455859012,0.7328812246594382
10.899999999999972,0,0-ACCAD_Male2General_c3d_A6- Box lift_poses,325,0.630626067169942,0.5482607483863831,0.8106488041953758,0.7264680016650291,0.000271344403060113,0.0015614602778550642,0.6871984653437717,0.06465813517570496,-0.050439149141311646,-0.2943972647190094,-0.03753427416086197,-0.0019188490696251392,0.0,-0.03768579289317131,-0.03727460280060768,-0.0577414333820343,0.13351505994796753,0.006029050797224045,0.0,0.03206924349069595,0.10051611810922623,0.364058256149292,-0.2501428425312042,0.10282260179519653,0.5372685194015503,-0.3125930428504944,-0.24088212847709656,0.436762273311615,0.6308241899277063,0.5483921348984405,0.8856484274274781,0.689042072389524,0.7362631536664308,1.3661331569360766,0.5466240559762375,0.6412649734560815,0.0223811536518434,0.7731937086965956,0.6374041044426996,0.013290235882103207,0.48771809885261275,0.48182577925674985,0.025419503272529342,0.7526045297056142,0.4695462830912825,0.030606052918358752,0.5023678132292128,0.5379982790123884,0.42197651051032004,0.7547887115991154,0.5580647790927797,0.421129294438509,0.4659798834070251,0.7733871860424081,0.7955274962141302,0.8258890355769551,0.79800324811334,0.788855992287476,0.4761599481510476,0.6336567572986057,0.9152410617321984,0.8243380005522939,0.6400508918577018,0.8837675914090396,0.5577249536137897,0.6349097597479116,1.0943245239471164,0.7570345321464261,0.6301934604721142,1.0736936411186009,0.541196587596068,0.5547034262950923,0.7331211282912463,0.6697595061392649,0.5449939004708076,0.732833009244485
10.933333333333305,0,0-ACCAD_Male2General_c3d_A6- Box lift_poses,326,0.6307208981597796,0.5486238598823547,0.810565953739138,0.7264822693165416,0.00020757268108390702,0.0015150427554636798,0.6871835081895659,0.06506253778934479,-0.050127383321523666,-0.29425129294395447,-0.03739844635128975,-0.0019122117664664984,0.0,-0.037187110632658005,-0.03715606406331062,-0.05771351978182793,0.13379912078380585,0.006045832298696041,0.0,0.03250229358673096,0.10059762746095657,0.3636554181575775,-0.2502119541168213,0.10315921902656555,0.5369596481323242,-0.3126283586025238,-0.24039019644260406,0.43656110763549805,0.6309073919931235,0.548757407060858,0.8855656029729927,0.6890231899576853,0.7364603043753796,1.366127073839127,0.546608169778575,0.6412986975118541,0.02222215434288899,0.7733075929560472,0.6372952862137354,0.013149972797570075,0.48772461354455005,0.4818531895678097,0.025361708722114483,0.7527196651915297,0.4694516104868732,0.03060384769281812,0.5024494352267891,0.5382463382049418,0.42188432393361563,0.7549098672557983,0.558284606797033,0.4210548791963534,0.46591898849972263,0.7737882466585375,0.7955876821155063,0.8257577736140084,0.7984837870195206,0.788901652962691,0.47615554439751734,0.6339683326539541,0.9151918993290742,0.8243027951790813,0.6404763241329894,0.8837230055900579,0.5577639286609022,0.6351627736619846,1.0942696742619191,0.7570768424477217,0.6305240166747261,1.0736534371799233,0.5413042703097554,0.5550780492609912,0.7330235450519019,0.6698669665789674,0.5453655906734467,0.7327567675757435
10.966666666666638,0,0-ACCAD_Male2General_c3d_A6- Box lift_poses,327,0.6310202326858416,0.5490921139717102,0.8107346348838523,0.7263619547702658,0.00016125439795747144,0.001423238050539343,0.6873108896655058,0.06545915454626083,-0.04990293085575104,-0.294109970331192,-0.0372038260102272,-0.0019022367196157575,0.0,-0.036718640476465225,-0.03690072149038315,-0.05774341896176338,0.13414041697978973,0.006065594498068094,0.0,0.032871443778276443,0.10059867054224014,0.3633712828159332,-0.2500583827495575,0.10343314707279205,0.5368066430091858,-0.3126106560230255,-0.2400199919939041,0.4363849461078644,0.631191925367274,0.5492212756643612,0.885734327142423,0.6890813347614766,0.7367935771089508,1.3663729344839846,0.5468442510115011,0.6414564725588554,0.022315566884179273,0.7735279539958384,0.6374242060974517,0.013270018273811586,0.4880428327782189,0.4819824449624503,0.02554476739446773,0.7530039836468766,0.4695861364069588,0.0308526518559629,0.5027787063465394,0.5385875666349738,0.4220363280725594,0.7552105204880628,0.5587065056033839,0.42123720782864205,0.4659829286266286,0.7741419110853817,0.7958209420577121,0.8257868025938995,0.7991131271073206,0.7892062159670065,0.4763232807139554,0.6342846084190291,0.9153725050494627,0.8244575685388079,0.6410597321994023,0.8839528343714462,0.5579468080218563,0.6354986523620534,1.0944543745676263,0.7572670255493633,0.6310045809894628,1.0738767384719687,0.5416171488420627,0.5555294392615978,0.733174353156434,0.6701833942203438,0.5458638711957456,0.732933370137484
10.999999999999972,0,0-ACCAD_Male2General_c3d_A6- Box lift_poses,328,0.6308350410545245,0.5492056608200073,0.8105498604850486,0.726509009416758,0.000139949231973492,0.0012886788110807754,0.6871557166737503,0.06571750342845917,-0.04976987838745117,-0.2939816117286682,-0.03696514293551445,-0.0018897269619628787,0.0,-0.0365009680390358,-0.03669784963130951,-0.05777452513575554,0.1345125138759613,0.006086909677833319,0.0,0.033082980662584305,0.10058517009019852,0.3632342219352722,-0.25005146861076355,0.10365568101406097,0.5366391539573669,-0.31257882714271545,-0.2398374229669571,0.43631672859191895,0.6309899016067179,0.5493232381151224,0.8855496084432187,0.6888058761523448,0.7367400027742257,1.3662570972995587,0.5467503683891236,0.6414757726598646,0.022071303637530314,0.7733985724385752,0.6373232598508983,0.0130715661842929,0.48790287128061344,0.4820198424196942,0.025354350287492573,0.752804143677014,0.46950168864250186,0.03072913513163267,0.502651507236104,0.5387512492678675,0.42182683559913203,0.7550625713985647,0.5587862026357865,0.42107492448656314,0.46579772886338133,0.7743295200642624,0.7956977374224925,0.8256160479647128,0.7991888503715786,0.789139714477213,0.4760933130020349,0.6344137271103102,0.9151847075635031,0.824243979984797,0.6411060621933978,0.8838366717432149,0.5577136992227216,0.635554102553002,1.0942775321591554,0.7570378394549967,0.6310201381080582,1.0737466971280045,0.5414525413628638,0.5556995495039818,0.7329700115134927,0.6700146389225374,0.5459780444680233,0.7327571085018221
11.033333333333305,0,0-ACCAD_Male2General_c3d_A6- Box lift_poses,329,0.630856677540578,0.54940265417099,0.8106432013587669,0.7264503316991795,9.587056009035258e-05,0.0013091896049581466,0.6872177183437328,0.06571318209171295,-0.04964596778154373,-0.29389140009880066,-0.0367349237203598,-0.0018775715725496411,0.0,-0.03656677156686783,-0.036550525575876236,-0.057802964001894,0.13486303389072418,0.006106881890445948,0.0,0.03322206437587738,0.1006026566028595,0.36334457993507385,-0.2500332295894623,0.10398542881011963,0.5365509390830994,-0.3124762773513794,-0.23991645872592926,0.4364204704761505,0.6310092193161291,0.5495271621349431,0.885642942883479,0.6887606555804416,0.737061448299577,1.3663128882917372,0.5466716112477236,0.641517031028101,0.022123173431157488,0.7733172863838562,0.6373971843111358,0.013132311741166441,0.48786776007877963,0.4820462407134998,0.025465945355352713,0.7527534604665593,0.4695790132582472,0.030857732134108425,0.5026655972631918,0.5389017848014432,0.4219182789694524,0.7550585763242098,0.5590071713770121,0.42116946407413614,0.46565653465718904,0.7744792727769207,0.795773789847364,0.8255855402439249,0.7994001934212394,0.7891548981887002,0.4760265393887351,0.6345789452822299,0.9152724324041481,0.8242504994559866,0.6413548374104031,0.8839148439129917,0.5577038393515923,0.6357787441076741,1.0943523141983162,0.7570296409427276,0.6313046753703415,1.0738244689878473,0.5414754415217566,0.5558740222251427,0.7330600240978677,0.6700391192448147,0.5461729288986666,0.7328518899134173
11.066666666666638,0,0-ACCAD_Male2General_c3d_A6- Box lift_poses,330,0.6308892812812701,0.5494038462638855,0.8106226973609642,0.726321953964077,0.00010862131740763029,0.0011512352645443127,0.6873536804648538,0.0654827281832695,-0.049652714282274246,-0.2938172519207001,-0.03652438521385193,-0.0018663819646462798,0.0,-0.0366646908223629,-0.036462023854255676,-0.05782211199402809,0.13521911203861237,0.006126999389380217,0.0,0.03327684849500656,0.10056163370609283,0.3635416030883789,-0.2500886619091034,0.10399775952100754,0.5364611148834229,-0.3122539818286896,-0.23973500728607178,0.43651333451271057,0.631025905587637,0.5495107080261851,0.8856224967897804,0.6885722001887269,0.7370561341938735,1.366313335850702,0.5468249983310425,0.641760345200564,0.02210195472069778,0.773414406555706,0.637583605895307,0.013137755849785833,0.48809129668839496,0.4822626652178202,0.025394730369705486,0.752910430387827,0.4697585361468785,0.030867192536893438,0.5027982789420807,0.5390204909804897,0.4218639531918424,0.755150072457394,0.5591938197029609,0.42117676576837515,0.4655976336994078,0.7744244208828106,0.795739806563054,0.8254770978498469,0.7994017981587693,0.7891343387984788,0.4759950374608031,0.6345069244880307,0.9152159648617177,0.8241954710352539,0.6413828486173683,0.8839390497716596,0.5576283769585533,0.6357252994997102,1.094316265631666,0.7569612563493048,0.6313415199943806,1.0738377263517085,0.5415217351376953,0.5558543675928944,0.7330225153392711,0.6700892538187828,0.5462046909388539,0.7328388367938031
11.099999999999971,0,0-ACCAD_Male2General_c3d_A6- Box lift_poses,331,0.6307298388564959,0.5497832298278809,0.810565953739138,0.7263243170838655,-4.063262018852105e-05,0.0012279660763490385,0.6873510579470741,0.06549563258886337,-0.04969148710370064,-0.29374960064888,-0.03631424158811569,-0.0018550786189734936,0.0,-0.036544155329465866,-0.036520328372716904,-0.057801276445388794,0.13555169105529785,0.006145639810711145,0.0,0.03342128545045853,0.10054340213537216,0.3635854721069336,-0.24984298646450043,0.10403893887996674,0.5364994406700134,-0.3120543360710144,-0.23957714438438416,0.4365125596523285,0.6308594347685959,0.5499142632641526,0.8855657273063838,0.688325071611076,0.7376447534703025,1.366194073854428,0.546740368570812,0.6418058172818826,0.021982545486593764,0.773352426158453,0.6374993068435478,0.01302540883432568,0.48801493311904015,0.4823068472624746,0.025359199710488493,0.7528455529706984,0.4696885140219682,0.030886146911298602,0.5026928975997166,0.5392793022299012,0.4217982146468086,0.7550433684517978,0.559427771706165,0.42112534010671815,0.46537469885644034,0.774693058455646,0.7955506732931361,0.8252525781622536,0.7997372693949376,0.7889692798239056,0.47580001115615383,0.6348530532234213,0.9151150910948924,0.8239900366317643,0.6417725158531318,0.8838645211773498,0.5574257970533258,0.6361957292167812,1.0942196182378146,0.7567615655122736,0.6318328123327179,1.0737647589338857,0.541369626932236,0.556209658734202,0.7329552994976936,0.6699372458821985,0.5465617497864598,0.7327869073584385
11.133333333333304,0,0-ACCAD_Male2General_c3d_A6- Box lift_poses,332,0.630657359608449,0.5501667857170105,0.8107752852515892,0.7261278545509852,-0.00011250677456277515,0.0012122144334202904,0.6875586205725127,0.06560329347848892,-0.049718260765075684,-0.293706476688385,-0.03619622066617012,-0.00184872024692595,0.0,-0.036379698663949966,-0.03662635758519173,-0.057768747210502625,0.13574768602848053,0.006156584247946739,0.0,0.033546868711709976,0.1005747839808464,0.3634733557701111,-0.2496071457862854,0.1042102798819542,0.5365390181541443,-0.31201621890068054,-0.23965556919574738,0.4364798069000244,0.6307777897579098,0.5503040601349879,0.8857750629333481,0.6880716988329417,0.7380570676473795,1.3664147878047195,0.5467106309545546,0.6419623699811101,0.02215143936911107,0.7733853123541009,0.6377097189108221,0.013213575791457266,0.4880821586104664,0.4824286578803183,0.02557151742964636,0.7529717590723076,0.4698953335419302,0.031147312314346632,0.5026835419588864,0.539530960659073,0.42199439806934774,0.7550400579891127,0.5598111971487938,0.421346065489757,0.465079380182506,0.7748969850630384,0.7957294660193317,0.8250316133712766,0.8002545160440504,0.7892066373455964,0.47562325046407783,0.635090503126793,0.9153226874504137,0.8238615786326892,0.6422860332410038,0.8840968563556829,0.5572670518235948,0.6365264906914342,1.0944252376866257,0.7566076463529526,0.6323009077304353,1.0739885862651755,0.541303041975793,0.5565384193802788,0.7331530942710612,0.6698762538287172,0.5469654314666703,0.7330013973610937
