timestamp,motion_id,motion_key,frame,qpos_0,qpos_1,qpos_2,qpos_3,qpos_4,qpos_5,qpos_6,qpos_7,qpos_8,qpos_9,qpos_10,qpos_11,qpos_12,qpos_13,qpos_14,qpos_15,qpos_16,qpos_17,qpos_18,qpos_19,qpos_20,qpos_21,qpos_22,qpos_23,qpos_24,qpos_25,qpos_26,qpos_27,pelvis_x,pelvis_y,pelvis_z,head_x,head_y,head_z,ltoe_x,ltoe_y,ltoe_z,rtoe_x,rtoe_y,rtoe_z,lheel_x,lheel_y,lheel_z,rheel_x,rheel_y,rheel_z,lknee_x,lknee_y,lknee_z,rknee_x,rknee_y,rknee_z,lhand_x,lhand_y,lhand_z,rhand_x,rhand_y,rhand_z,lelbow_x,lelbow_y,lelbow_z,relbow_x,relbow_y,relbow_z,lshoulder_x,lshoulder_y,lshoulder_z,rshoulder_x,rshoulder_y,rshoulder_z,lhip_x,lhip_y,lhip_z,rhip_x,rhip_y,rhip_z
0.03333333333333333,0,,0,-2.5583800056483597,2.4239490104373544,0.7040696893350955,0.9532905890730466,-0.02583699592871884,0.10258125060634958,-0.28292505977763877,-0.8977180123329163,-0.069340780377388,0.013410140760242939,0.7538008689880371,-0.07111935856211904,0.1618840839383634,0.034848976880311966,0.2627682387828827,-0.3525356650352478,1.7557796239852905,-1.0133227768016484,-2.893033456585466,0.30027860403060913,-0.027464646846055984,0.12326472997665405,0.08410226553678513,0.7097495198249817,-0.17636175453662872,0.13022588193416595,-0.596389651298523,0.09224630892276764,-2.542615054482962,2.4232901142286893,0.777391119834908,-2.3716448015919647,2.4164297276905984,1.267045419741643,-2.2950045548515194,2.2592440689262534,0.0021629137523553298,-2.7890141970836924,2.5720064361262263,0.32974937585179354,-2.4345337967747605,2.3561542054172646,-0.004162913752355404,-2.85772600106761,2.6333369413833814,0.47263834364909313,-2.351358629564992,2.3703132667688527,0.3902431717470778,-2.6337359919317844,2.3869730031354477,0.2732357677518739,-2.278415691168356,2.618514587639081,0.7738409945680627,-2.4512246347191193,2.1154524563353254,0.762269705029888,-2.4439843137188615,2.6773299600916944,0.8294048982660276,-2.591546997736336,2.1853421606254564,0.8591439940629987,-2.441952626931391,2.5165963014100723,0.9730724680691603,-2.4944929231193456,2.323772953327526,0.9882665001449228,-2.544920363234792,2.510374267019573,0.6128429089645785,-2.595074473723143,2.391073951106477,0.6321696574952087
0.06666666666666667,0,,1,-2.478925106814131,2.3502399993594736,0.7192131769002027,0.9453149488785116,-0.002689304935234095,0.12235143664064027,-0.30232853159725714,-0.8534564971923828,-0.05003992095589638,0.0197038184851408,0.7813119888305664,-0.19713535509550684,0.1307620418485087,-0.05749304220080376,0.23277896642684937,-0.33331915736198425,1.8122118711471558,-0.9945307623534756,-2.873063465577604,0.19765907526016235,-0.010824961587786674,0.15299101173877716,-0.01752258650958538,0.6872373223304749,-0.22331807017326355,0.20276065170764923,-0.5932917594909668,0.1273348033428192,-2.4614540524613444,2.3450727858563223,0.7919666109388432,-2.2703599766031166,2.283837032571343,1.2702187490732773,-2.260056744876694,2.235079809596791,0.0022508992351632506,-2.702164924358019,2.501359988387508,0.34018037886001684,-2.3976184581736435,2.3347517798364685,-0.004250899235163079,-2.769394249341973,2.5584013585353023,0.4855299573040709,-2.286598622161116,2.311346217488278,0.38781042443718,-2.5472918466727,2.3142972684096823,0.2823195312922609,-2.1548377668447163,2.4763225477193562,0.7990120986570353,-2.4440798027870634,2.0315057539148405,0.7491439041989216,-2.309237739974635,2.567250186713672,0.8420513478206536,-2.552903640574908,2.11795551016994,0.8701537227126552,-2.338291679485203,2.4100161610852013,0.9858585191171296,-2.418999712787319,2.2267556825996278,0.9944605703692045,-2.462780336102083,2.4400623508796007,0.6327864265555908,-2.5206901202843484,2.324178731164226,0.647249792745071
0.1,0,,2,-2.4015597084071487,2.2842912746127695,0.7331317627455645,0.9379099684697085,0.001659513060565493,0.12993243544308453,-0.3216204273384712,-0.7315784692764282,-0.024134326726198196,0.02803017757833004,0.7999477386474609,-0.3562274109216885,0.12464810463004433,-0.24721695482730865,0.19016021490097046,-0.2982195317745209,1.8948304653167725,-1.086772601768709,-2.8076199660091383,0.03223427012562752,0.010319122113287449,0.17013633251190186,-0.19136300683021545,0.6731835603713989,-0.2976814806461334,0.2996636927127838,-0.6192090511322021,0.16152843832969666,-2.383360029437663,2.277789464724573,0.805598983980999,-2.194523921042934,2.178387650861052,1.278295448665065,-2.24896664077307,2.2214624303019805,0.0022622811234249626,-2.5933860400117497,2.38568860297212,0.3332817876612978,-2.385356833849755,2.322730121694604,-0.004262281123424989,-2.677424795208175,2.463018340209312,0.4592087480941694,-2.2348724030323086,2.2610158556882216,0.37529105847205735,-2.434575148122065,2.2055152580386017,0.2936739604059825,-2.0392632496680756,2.30770399935464,0.8361948368503694,-2.464520730240902,1.9748755658280912,0.7640663569142309,-2.165331865086726,2.44204721957914,0.8404571824844209,-2.529860012959393,2.0798431909486346,0.9007123960611972,-2.24370504720131,2.3153410963136687,0.995061270434151,-2.360239015184498,2.1527532776155693,1.0076000270346763,-2.3806438301590225,2.3725960607266154,0.6487654153622695,-2.449062982341469,2.263491223560384,0.661993408123253
0.13333333333333333,0,,3,-2.323593018343672,2.213796384399757,0.7377475261530635,0.9367605483614106,0.008371848827004548,0.11809341265491217,-0.3293380225063052,-0.5471993088722229,-0.009642192162573338,0.04164271056652069,0.7828369140625,-0.505293218955778,0.1032365970897991,-0.5095789432525635,0.15638412535190582,-0.2488381266593933,1.9390523433685303,-1.2858288577200248,-2.4283345309202247,-0.15350544452667236,0.02023947983980179,0.17441138625144958,-0.3876713514328003,0.6902579069137573,-0.36622801423072815,0.4068945348262787,-0.6815825700759888,0.18342989683151245,-2.3074128060648103,2.206786124095841,0.8106451048582737,-2.1468630429250877,2.086185293563252,1.288835680464529,-2.2316684724865588,2.2185010474653857,0.0021985912603959684,-2.4570217106424384,2.234197861139649,0.3142582641331437,-2.368601893996517,2.319041159507156,-0.0041985912603959875,-2.571931090708505,2.341045101451025,0.3796761639058767,-2.185425830005913,2.220438708107851,0.35630486890311464,-2.2838586405786145,2.07394277188875,0.31913202369997645,-1.9570925344274157,2.1394765143482433,0.8916834095604932,-2.478408814054233,1.9352384375864846,0.7842659440032168,-2.0382706463788853,2.2982914413809623,0.8453423122951609,-2.5037717700124427,2.048722508094463,0.9272262546148343,-2.1651527582914976,2.221401232761401,1.0011226894330703,-2.3117486885518646,2.0855792026731685,1.0164260966944936,-2.2955955003417072,2.299435268195981,0.6560722081062247,-2.374671314859508,2.197968251671013,0.6643538616241472
0.16666666666666666,0,,4,-2.243244049837813,2.143411166733131,0.7296353084448799,0.9343479114780414,0.021996035323545653,0.11550073435818287,-0.33640709729342494,-0.34559208154678345,-0.01104202400892973,0.05724182352423668,0.7148991823196411,-0.6395861091248642,0.07900784318853932,-0.7578228116035461,0.13685274124145508,-0.18389199674129486,1.915687918663025,-1.3747678236046252,-1.2457372285366475,-0.3345324993133545,0.017949655652046204,0.16381266713142395,-0.5502058863639832,0.7426557540893555,-0.4205583930015564,0.5108376741409302,-0.7751601338386536,0.19693896174430847,-2.228166312708824,2.134500084266224,0.8025616716637948,-2.091816691320846,1.9976338314696847,1.2838783790442772,-2.2212539826604356,2.223919836085995,0.0019244537609517491,-2.3212695057069666,2.1028624967223855,0.26134390929367196,-2.358250348409056,2.3244075768928742,-0.003924453760951841,-2.4472793567003244,2.2168435067689125,0.26680713191454397,-2.14773833822325,2.192979554611868,0.3325661100000679,-2.14651667657669,1.9586069298475883,0.3530220320041776,-1.896629136597755,1.9900259053003015,0.9290579428020902,-2.475431717558735,1.910188936158507,0.7985083203213588,-1.9279620192459144,2.151575420366316,0.8461147764105166,-2.4615574114262517,2.0209367902314948,0.9451438571183385,-2.0850144839849856,2.1265982888124686,0.9928139053836615,-2.2548426234178693,2.0217917964695755,1.011420009746047,-2.208799949465337,2.227218439190936,0.6513250155900556,-2.2980774288414367,2.1336866492018647,0.6528384434354275
0.19999999999999998,0,,5,-2.155511257937178,2.0675644946750253,0.7062971754524063,0.9334543370541043,0.03664760335704355,0.11538660386497591,-0.3376475758117843,-0.14106903970241547,-0.023509163409471512,0.06735099107027054,0.6160193085670471,-0.7492995112562939,0.0516564417809921,-0.9416505098342896,0.12483037263154984,-0.10696824640035629,1.8253939151763916,-1.195404438212886,-0.42730914992799474,-0.49748292565345764,0.015439105220139027,0.14463037252426147,-0.6530424356460571,0.8226795792579651,-0.4517654478549957,0.6114232540130615,-0.8743374943733215,0.21280324459075928,-2.141211135229745,2.0565891639691602,0.7790986081749102,-2.0253119492393514,1.9107485100857033,1.2631437695341319,-2.202479326695954,2.221457037285218,0.0015020408477910106,-2.167271227664169,1.9899020935420106,0.1871146162670845,-2.340145194005678,2.321071635333122,-0.003502040847790818,-2.29961197756988,2.0960586435465682,0.1763112461667946,-2.107955726104815,2.1654475988937967,0.3084768292706367,-2.024634958738044,1.8573171322781763,0.3728795652400316,-1.835451378353447,1.8620169386065524,0.9386015733212417,-2.4442382631616546,1.8863239564795342,0.7997917658586708,-1.8276063457360334,2.0150748744270737,0.8362722620279421,-2.397012459057386,1.9850815418544852,0.9480355750440216,-1.9998814020982747,2.03034476425749,0.9691256538169657,-2.184259557608828,1.9547890869854303,0.990764052613703,-2.1158502749010304,2.1499728972241865,0.63062801590036,-2.2125565697573273,2.0626606712403195,0.6261172391548576
0.2333333333333333,0,,6,-2.0606564262416214,1.9842910838779062,0.6720022573675664,0.9332162049484642,0.04737323806855649,0.10404071363336144,-0.34064471380478906,0.05347825214266777,-0.050606224685907364,0.07794699817895889,0.5324290990829468,-0.8414701747477071,0.03655571544170927,-1.0536911487579346,0.11389917880296707,-0.028554309159517288,1.6703600883483887,-0.921822640519911,-0.17092658091770224,-0.6333264112472534,0.016347913071513176,0.13237297534942627,-0.6967997550964355,0.9141766428947449,-0.4513336718082428,0.7086988091468811,-0.9523389935493469,0.22966289520263672,-2.0485131707196436,1.972343524992985,0.7450419533008005,-1.959206461039442,1.8238392774775052,1.233904788035551,-2.164618768689275,2.192058875877914,0.0011096075158486506,-2.0105185069022142,1.856624285822094,0.10680117748051918,-2.3030867938760875,2.2905921404406016,-0.0031096075158486176,-2.1474954522925858,1.9563994696362292,0.09330195059974236,-2.052083026460553,2.1191446330529518,0.2852362742697765,-1.911840319685539,1.757909062390224,0.3763947903002778,-1.7691763068466035,1.7426994236671114,0.9293554982143304,-2.389182210482158,1.8610698291361527,0.7822712002052452,-1.7326064723187569,1.8878147034632655,0.8218205412168128,-2.3184302120876814,1.9419297775041215,0.9319888934725593,-1.9142873961285671,1.931520896726815,0.9376218563755085,-2.107625727045143,1.8829579504222194,0.9584572816077835,-2.0144908770189467,2.0641286925102853,0.5975644328395591,-2.116973145771859,1.982165822516619,0.588252081910928
0.26666666666666666,0,,6,-2.0606564262416214,1.9842910838779062,0.6720022573675664,0.9332162049484642,0.04737323806855649,0.10404071363336144,-0.34064471380478906,0.05347825214266777,-0.050606224685907364,0.07794699817895889,0.5324290990829468,-0.8414701747477071,0.03655571544170927,-1.0536911487579346,0.11389917880296707,-0.028554309159517288,1.6703600883483887,-0.921822640519911,-0.17092658091770224,-0.6333264112472534,0.016347913071513176,0.13237297534942627,-0.6967997550964355,0.9141766428947449,-0.4513336718082428,0.7086988091468811,-0.9523389935493469,0.22966289520263672,-2.0485131707196436,1.972343524992985,0.7450419533008005,-1.959206461039442,1.8238392774775052,1.233904788035551,-2.164618768689275,2.192058875877914,0.0011096075158486506,-2.0105185069022142,1.856624285822094,0.10680117748051918,-2.3030867938760875,2.2905921404406016,-0.0031096075158486176,-2.1474954522925858,1.9563994696362292,0.09330195059974236,-2.052083026460553,2.1191446330529518,0.2852362742697765,-1.911840319685539,1.757909062390224,0.3763947903002778,-1.7691763068466035,1.7426994236671114,0.9293554982143304,-2.389182210482158,1.8610698291361527,0.7822712002052452,-1.7326064723187569,1.8878147034632655,0.8218205412168128,-2.3184302120876814,1.9419297775041215,0.9319888934725593,-1.9142873961285671,1.931520896726815,0.9376218563755085,-2.107625727045143,1.8829579504222194,0.9584572816077835,-2.0144908770189467,2.0641286925102853,0.5975644328395591,-2.116973145771859,1.982165822516619,0.588252081910928
0.3,0,,8,-1.8771200159098953,1.8084527326282114,0.6408782232925241,0.9340834953848274,0.06532619244578497,0.07450988912676766,-0.3430288452193435,0.3519543409347534,-0.09644392877817154,0.10525248944759369,0.47932249307632446,-1.0374398404679774,-0.03553453164761339,-1.0995792150497437,0.0903819277882576,0.0645178034901619,1.240660548210144,-0.379316886780392,-0.059387901920169184,-0.8137444853782654,0.022336013615131378,0.12008684128522873,-0.6725136041641235,1.0574445724487305,-0.40228110551834106,0.8346439599990845,-1.0002890825271606,0.21101588010787964,-1.8700415625120435,1.7954658587175338,0.714405338042952,-1.8310571821854387,1.6458460416462115,1.2095138557544134,-2.061427472249201,2.0903274791807887,0.05636012155655464,-1.7049249397214343,1.5875933546694423,0.004305895373227054,-2.203753148520843,2.183225872540514,0.05271452352582807,-1.8445865756590432,1.683936581439072,-0.006305895373226893,-1.9152031785216679,1.9914046627166542,0.2856758143234513,-1.726890436489192,1.5797833375330574,0.3763393750275673,-1.6298837087906113,1.5220859571672136,0.9201731905274118,-2.2318061997947645,1.7731921332865457,0.7525296982110303,-1.5629122882772108,1.6654943691453366,0.825788761660684,-2.149801763861994,1.825898868809952,0.9089165158203864,-1.7543203612900025,1.7356878612442335,0.913817158309433,-1.9540276361406208,1.724325912522525,0.9264700391270515,-1.8199087188884508,1.8843705765821477,0.5679599796175409,-1.9281937657995827,1.8084981495475878,0.5526224655362697
0.3333333333333333,0,,9,-1.7876590469386429,1.7176710439380258,0.6560477186489049,0.9328889059290587,0.06549057746187664,0.06387938433717336,-0.3483513997602096,0.47548893094062805,-0.10338257998228073,0.11945360153913498,0.5210481286048889,-1.1818481923927537,-0.10287579108132819,-1.0731000900268555,0.07931511849164963,0.07006537914276123,1.0628775358200073,-0.19942806192825357,-0.05372723885896258,-0.854353666305542,0.025723954662680626,0.11621573567390442,-0.6164475083351135,1.0865212678909302,-0.383133202791214,0.8406511545181274,-0.9777911901473999,0.1868770569562912,-1.7821422517432761,1.7051688580220137,0.7297922799269669,-1.7587569279982211,1.561350104384514,1.2276048310812047,-2.0083841159412072,2.026663095187314,0.12965294523956208,-1.5780566051818905,1.4645953564310354,0.0035030136319103636,-2.1515784482116436,2.11821314079625,0.12591498394685607,-1.716118541949129,1.563376898679587,-0.005503013631910136,-1.842069888934286,1.9157695028467112,0.31420755579035553,-1.647106041431878,1.4905461621807838,0.390395866035929,-1.552968052349822,1.4226135220543277,0.933585589820071,-2.139286272235543,1.7042817135115567,0.7598398208742179,-1.4800128129540309,1.5691485970342967,0.8489418124381172,-2.0604844621505105,1.7564471984887555,0.9180441226759838,-1.6729080895745276,1.6425439190155713,0.9319121349985149,-1.8731061677586924,1.6418310087992887,0.9415249467823044,-1.7261175773434445,1.790718067006477,0.5819844964218082,-1.8367637230698306,1.7173561454303763,0.5673576969136125
0.36666666666666664,0,,10,-1.6966021039988846,1.626983649795875,0.6609082978962347,0.9322680413742697,0.05873309636262687,0.055682690843557134,-0.3525991496930504,0.5762293338775635,-0.09595691412687302,0.13202470541000366,0.6073616147041321,-1.3470108164080288,-0.25867291031389145,-1.0466368198394775,0.07325435429811478,0.06263136863708496,0.9481378793716431,-0.08667139724525508,-0.049831649170463954,-0.8531734347343445,0.024824008345603943,0.10162606835365295,-0.5454955697059631,1.083121657371521,-0.3674476444721222,0.8030776381492615,-0.935155987739563,0.1682971566915512,-1.691921811004654,1.6158253510727911,0.7349257770960466,-1.6740162358762958,1.488806667369612,1.2375377649145771,-1.9477275410008694,1.9518828874792125,0.19782462405010298,-1.4658322728607236,1.3494616615914432,0.0029887020337753256,-2.09111888804821,2.0431289079805115,0.19420725834759647,-1.6024042082170777,1.450379784331429,-0.004988702033775695,-1.7629385438981267,1.8351255913119229,0.3269806251984855,-1.563700060963061,1.399043858486722,0.3941405997636091,-1.4609642447054112,1.3391322766046827,0.9342839080035041,-2.041467661011195,1.6122511951186347,0.7539868739054921,-1.390486009604851,1.4907994466073375,0.8568923572717602,-1.9682038258616343,1.6769847867961618,0.9101967864330694,-1.5849232318357545,1.5595531967853753,0.9401256025601323,-1.785200941557887,1.5604572186369063,0.9478848958880806,-1.632158818903404,1.6968704221466997,0.5845470762558137,-1.7445529784063094,1.6251192570756006,0.57227424802775
0.39999999999999997,0,,11,-1.6097438314463943,1.5356417966540903,0.6632795656473442,0.9298778765886799,0.05152058510221849,0.049940800810947227,-0.360802827533286,0.6392334699630737,-0.07968490570783615,0.14495913684368134,0.7357465028762817,-1.48832570356066,-1.1348097417741625,-1.0203346014022827,0.07490728795528412,0.04651743918657303,0.9000690579414368,-0.04811641942333722,-0.055224734226740624,-0.8086569905281067,0.027888722717761993,0.07966839522123337,-0.46360474824905396,1.0474307537078857,-0.3529481887817383,0.7260682582855225,-0.8581989407539368,0.14263205230236053,-1.6055663204915684,1.5257528014914918,0.7375072975061072,-1.5915704304001466,1.418522308555112,1.2448839364709388,-1.8838226075369622,1.8575568698165492,0.27180707433557433,-1.375740973555453,1.2483196702344828,0.002778479713946593,-2.0261698542821267,1.9504715229674423,0.27383896358463755,-1.510067873397931,1.3522387557910545,-0.004778479713946435,-1.6791498248678298,1.7511893317079503,0.33000064292789727,-1.4836581973177057,1.306070055046619,0.3943986098388209,-1.3659276238486968,1.2645578233882362,0.9285996663430195,-1.9409279645081778,1.4991430613340595,0.7393991375131445,-1.3045245321845984,1.4234901056566192,0.8583874580653882,-1.8794471326153765,1.586077212491949,0.8898056695401626,-1.5001671626988864,1.480584246774099,0.9462363388115497,-1.7004864159433806,1.4762363049233462,0.9512838214742934,-1.542906598381682,1.6022943174047999,0.5849018589226687,-1.6570646970783867,1.5326754515198218,0.574992155216697
0.4333333333333333,0,,12,-1.5251594760920852,1.4489026141818613,0.6646198603809975,0.9242991845764357,0.04731015412580742,0.04530003175568246,-0.3760062151492482,0.6489003896713257,-0.06280750036239624,0.15936210751533508,0.9041310548782349,-1.4045101413939514,-2.5668573391678153,-0.9997745156288147,0.08292285352945328,0.024205127730965614,0.9153110980987549,-0.07445357515303175,-0.07322768150217623,-0.7183206677436829,0.03634627163410187,0.06885747611522675,-0.37003374099731445,0.9824376702308655,-0.32812827825546265,0.6104941964149475,-0.7610419392585754,0.11564178019762039,-1.5215471955287716,1.4397883396267717,0.7389763088469266,-1.514268707078314,1.342424089131387,1.2485178990336059,-1.7841285332604173,1.78532057046638,0.3298371428293156,-1.3022674065369202,1.1654800377396821,0.002853654394734201,-1.9211618484998298,1.8759256968040043,0.3735702149354333,-1.43270826747178,1.274226436253823,-0.0048536543947341505,-1.5851133183233785,1.6676961165917985,0.32179158286827014,-1.4053453845586281,1.216438371086828,0.3937991837789708,-1.2680674223119484,1.198706060141236,0.912114854244969,-1.8344157502381617,1.3699050069527157,0.7203837165457526,-1.2238066620194303,1.3680549648526426,0.8544824174099422,-1.79245153087752,1.4819542529657665,0.8605391123231781,-1.4192462606867478,1.4044087781169097,0.9509859476017978,-1.61907216729523,1.388865809720643,0.9514421071471568,-1.4558125483247144,1.512284080872772,0.5855222082322827,-1.572046541942533,1.446151198618339,0.5766007914541195
0.4666666666666666,0,,12,-1.5251594760920852,1.4489026141818613,0.6646198603809975,0.9242991845764357,0.04731015412580742,0.04530003175568246,-0.3760062151492482,0.6489003896713257,-0.06280750036239624,0.15936210751533508,0.9041310548782349,-1.4045101413939514,-2.5668573391678153,-0.9997745156288147,0.08292285352945328,0.024205127730965614,0.9153110980987549,-0.07445357515303175,-0.07322768150217623,-0.7183206677436829,0.03634627163410187,0.06885747611522675,-0.37003374099731445,0.9824376702308655,-0.32812827825546265,0.6104941964149475,-0.7610419392585754,0.11564178019762039,-1.5215471955287716,1.4397883396267717,0.7389763088469266,-1.514268707078314,1.342424089131387,1.2485178990336059,-1.7841285332604173,1.78532057046638,0.3298371428293156,-1.3022674065369202,1.1654800377396821,0.002853654394734201,-1.9211618484998298,1.8759256968040043,0.3735702149354333,-1.43270826747178,1.274226436253823,-0.0048536543947341505,-1.5851133183233785,1.6676961165917985,0.32179158286827014,-1.4053453845586281,1.216438371086828,0.3937991837789708,-1.2680674223119484,1.198706060141236,0.912114854244969,-1.8344157502381617,1.3699050069527157,0.7203837165457526,-1.2238066620194303,1.3680549648526426,0.8544824174099422,-1.79245153087752,1.4819542529657665,0.8605391123231781,-1.4192462606867478,1.4044087781169097,0.9509859476017978,-1.61907216729523,1.388865809720643,0.9514421071471568,-1.4558125483247144,1.512284080872772,0.5855222082322827,-1.572046541942533,1.446151198618339,0.5766007914541195
0.49999999999999994,0,,13,-1.4410355070140213,1.3650698733981699,0.6662826408801711,0.9178533710610598,0.04813872570576985,0.03949205782572146,-0.3920053949730323,0.5795957446098328,-0.050690919160842896,0.1709144115447998,1.1023025512695312,-1.2854866624355834,-2.7904696902970607,-0.9741858839988708,0.09508409351110458,0.0034671176690608263,0.9776161909103394,-0.15574471196446416,-0.10371204803815859,-0.5755221247673035,0.05130155757069588,0.09465385228395462,-0.25749775767326355,0.8970087766647339,-0.28042706847190857,0.4596650004386902,-0.6601578593254089,0.08785207569599152,-1.438428915280768,1.3561200646890856,0.7407010969485883,-1.439837068634554,1.2433138754456972,1.247065615373829,-1.669681083809892,1.7030124232609392,0.32511332321987285,-1.2367283904785547,1.1030985670091829,0.0031040472427537116,-1.7944917122428263,1.7854256492320937,0.40592401072594125,-1.363109762160498,1.2165021651739123,-0.005104047242753665,-1.4757157589126682,1.5757481320531024,0.3003749907589871,-1.3245287969119373,1.131818721864197,0.39088721754352973,-1.1609665939098734,1.145719277330781,0.8802664587012783,-1.712969398916441,1.2201450588392841,0.6992050955208411,-1.1489685384761295,1.326988090469937,0.8493273531373049,-1.7027315692897014,1.3529970123419983,0.8265043865605585,-1.3411872335276096,1.3242837459872034,0.9553316283110354,-1.538142608004233,1.2879590178315337,0.9475035066212786,-1.3697261012536692,1.4265737471853128,0.5887596153284422,-1.4869171210047065,1.363308547870538,0.5783311295886503
0.5333333333333333,0,,14,-1.3663893917109817,1.2891517949756235,0.68015719726965,0.9062311911373171,0.05621694456975221,0.04256082965965781,-0.4168611988801099,0.39548012614250183,-0.04467622935771942,0.17425838112831116,1.2925654649734497,-1.260548067694642,-2.8677093370128497,-0.8908476829528809,0.09989707916975021,0.0002879053936339915,1.0455166101455688,-0.32220588234518566,-0.13157305799120933,-0.38318973779678345,0.06746748834848404,0.1562250852584839,-0.1258431375026703,0.8081093430519104,-0.20856702327728271,0.2821677327156067,-0.5648102760314941,0.047144096344709396,-1.3641190984438507,1.278848668908103,0.7544114319079385,-1.3585253894989495,1.121679497575114,1.248733192613111,-1.5406221258620667,1.6104725745126198,0.3096810413969512,-1.2182040470732751,1.0762086768987422,0.003276984309522505,-1.6577941529064504,1.6971779891945247,0.3971618229615278,-1.3375570324622708,1.1969633641767052,-0.005276984309522555,-1.3545575642251384,1.4715069046963263,0.2821284700437781,-1.2688698747539415,1.0656614066130476,0.3791581451400077,-1.0568715891351808,1.1177735560532847,0.842010687120275,-1.5775748926324178,1.070799464591442,0.6936779239506314,-1.0900297770963987,1.2985688603292538,0.8551695900782118,-1.6070585251791627,1.213961200500075,0.8059053581529844,-1.267160312905081,1.240471147603863,0.9677748402330231,-1.457099541901016,1.1786199855118331,0.9513520531280515,-1.2945376719999082,1.3506580164146929,0.6060651780261713,-1.4116322704908388,1.2902044716053145,0.5938317839879323
0.5666666666666667,0,,16,-1.2218450286891311,1.1491527629550546,0.7016125877411362,0.8923658566086992,0.052908086440863075,0.055011514152021254,-0.44481192166902483,-0.1592138558626175,-0.034817542880773544,0.14923469722270966,1.488563060760498,-1.5475747165050247,0.7973757211095295,-0.594128429889679,0.09522184729576111,0.016639841720461845,1.0360541343688965,-0.6296605938603959,-0.1398893385173846,0.02772402949631214,0.04480800777673721,0.1957141011953354,0.16096597909927368,0.6977809071540833,-0.09091344475746155,-0.09479382634162903,-0.4887673854827881,-0.08061966300010681,-1.2180115912869283,1.138400290874723,0.7757387578961165,-1.1486111836340194,0.9723809294124992,1.262197875896711,-1.2445824811834283,1.366157922910885,0.21027832420641315,-1.2079894366293407,1.0523498810784564,0.0030621630283259177,-1.3643043735774134,1.486233959535009,0.19809579941698285,-1.3182483403917729,1.1814892223623268,-0.005062163028325798,-1.0996247370975494,1.1916076150987767,0.27362588133675186,-1.18757226231605,0.9773274617074138,0.3353079662997924,-0.8959870111658466,1.1589694838400277,0.7940968290591497,-1.252416356726005,0.8138245341189947,0.7545194545610984,-1.0077667399294725,1.2809936486868028,0.8751829538595457,-1.3703638015728408,0.9497055660760313,0.7943228415094662,-1.1088046927760915,1.1269975901463432,0.986687874955215,-1.2660027908657996,1.0040825318519253,0.9679040707223547,-1.1566697913895927,1.2170148036256203,0.629149987003323,-1.2659569124929337,1.1483156324154769,0.6208218597226421
0.6,0,,17,-1.1482174375560135,1.0782535148318857,0.70609550058142,0.8920977108175435,0.04464193232423373,0.05520221671217471,-0.44623030769157673,-0.4113728106021881,-0.027797240763902664,0.126302108168602,1.4797598123550415,-1.284338417111317,0.17498259970071095,-0.40837612748146057,0.08255146443843842,0.027077611535787582,0.9505149722099304,-0.7201429141751579,-0.12406240199704655,0.22141773998737335,0.03606133908033371,0.1561618149280548,0.3152625262737274,0.7086259126663208,-0.058881208300590515,-0.2450619786977768,-0.503629744052887,-0.13649213314056396,-1.1438186593614141,1.068584834664638,0.7803394725536831,-1.0661655798640044,0.9362300183329796,1.275786619710554,-1.1196883065216392,1.1992876632058789,0.13985399215909378,-1.1952370814761348,1.0329165182000617,0.0027224318979377875,-1.2348329462121486,1.3237162066082344,0.12723458102739424,-1.3042780859696257,1.1631264768902916,-0.004722431897937637,-0.9793964120926884,1.050746016392202,0.30153893938140264,-1.1522480330159237,0.9421722918755702,0.316701397098449,-0.8544282056027926,1.1865873697161722,0.7956757337127998,-1.088125551252142,0.7298251214150817,0.8085784411924719,-0.9875841773075559,1.2675079198577541,0.8940673795386122,-1.2379168050195268,0.8369495362406791,0.8017590389286122,-1.0439223552313142,1.0858895720934225,0.9956011703455758,-1.1746849044137384,0.9352056944500955,0.9764254135238766,-1.087192387607628,1.1499206985604074,0.6312148801214238,-1.1904135083069831,1.0728073814492403,0.6273182926084746
0.6333333333333333,0,,18,-1.0690999010112137,1.0025060249026865,0.6973393304750968,0.8912704145961916,0.03707645220127127,0.05361260201358087,-0.44876282562511016,-0.6121194958686829,-0.024318963289260864,0.10072115063667297,1.4064244031906128,-0.9977425395630788,0.11595702584687245,-0.19932687282562256,0.06424213200807571,0.03179090470075607,0.8508289456367493,-0.8167861317021767,-0.10604077477352147,0.3935280442237854,0.04414298012852669,0.1084071546792984,0.4589581787586212,0.7606559991836548,-0.03423773869872093,-0.35262730717658997,-0.5349844098091125,-0.17238882184028625,-1.0644281821256794,0.9939403517485997,0.7717019843147218,-0.9984403837012567,0.8865154469724401,1.2748873652925379,-0.9784144333593479,1.0356777982421779,0.0808953633834945,-1.1823772388947749,1.0169594962512976,0.0023213698491969595,-1.0884517301687362,1.1646923412577732,0.06876931698082725,-1.289247192147105,1.1489999714895522,-0.004321369849196829,-0.8679075867371085,0.9239016235929915,0.3295852350066149,-1.1182518746028396,0.9095368542067376,0.29384602253573566,-0.8228967204784661,1.188956115947158,0.7966690240640419,-0.9440873769397875,0.6634405081611838,0.8444635840686683,-0.964751529748384,1.230295207031107,0.9067955732677481,-1.1071285680885663,0.737351412673709,0.8007107283093485,-0.9829928744191256,1.0317994362556582,0.991955277991323,-1.0867975303808923,0.8617599970297002,0.9699696597743837,-1.0108074604256565,1.07650948465185,0.6192574416409721,-1.1086145779150054,0.9919235915673789,0.6197376212237151
0.6666666666666666,0,,19,-0.984904465964064,0.9236939621623605,0.6736149942468594,0.8919497923764903,0.021022490218044736,0.04466052313332105,-0.44943193083939426,-0.7510969042778015,-0.020208925008773804,0.07303299009799957,1.2740070819854736,-0.6888010987424487,0.09077969159475513,0.0038093142211437225,0.04358833655714989,0.029935376718640327,0.775497555732727,-0.9133794679948215,-0.06327321053384544,0.5361220240592957,0.06216423213481903,0.07133758068084717,0.5792311429977417,0.833587646484375,-0.010347501374781132,-0.42360252141952515,-0.5738113522529602,-0.1889389604330063,-0.9803464510690976,0.9178705315229614,0.7482495181336329,-0.9306653416422412,0.8326389656979014,1.2576440829908664,-0.8303804472985952,0.8609223181375538,0.021241137972401798,-1.160937598121978,0.984491702340778,0.0021073984297992725,-0.9366076997755087,0.993186515870491,0.01019791248033889,-1.2663091224877085,1.1177516668944134,-0.004107398429799368,-0.7639189671008891,0.8095657027159597,0.3442751247411871,-1.076025982248111,0.863716839515501,0.2689287250433826,-0.7905447543609045,1.1694236983784954,0.782994456033978,-0.816098461032759,0.6045936630326523,0.8598942623559933,-0.9319011016366381,1.177784037543196,0.9009268604785643,-0.9811151316309746,0.6486215335519001,0.7906800351596398,-0.9186297291580333,0.9715837140055155,0.9713817381748677,-0.9970939745454869,0.7884685075119384,0.949373370525446,-0.9282507028190919,0.9971320954984566,0.5910452581665518,-1.0212745836963864,0.9061714933323245,0.5963882813628869
0.7,0,,20,-0.9011120179202408,0.8413537216838449,0.6749714487189581,0.8951259479543515,0.003941369672446321,0.030767083078374086,-0.44473294177829586,-0.8224515318870544,-0.012684941291809082,0.047785818576812744,1.097672939300537,-0.39121078550058064,0.0717808819805974,0.17391394078731537,0.03039439767599106,0.019776510074734688,0.741281270980835,-1.0089970524883491,-0.020968436018605485,0.6443648338317871,0.07980028539896011,0.044760752469301224,0.6667664647102356,0.9054401516914368,0.011975253000855446,-0.4660587012767792,-0.6131340265274048,-0.1918359100818634,-0.8972438842986522,0.8387720480390944,0.7498271265495511,-0.8634354844556281,0.7726706717292572,1.263478433179848,-0.6816895615786764,0.6928205509238541,0.0037701050709529997,-1.1237758150891233,0.9360281555054231,0.0353093451068917,-0.7872154382278451,0.8257614165291024,-0.005770105070953078,-1.2288453643000903,1.0695355253216334,0.029295026079621478,-0.668564539730458,0.7126154295950945,0.37430630891167493,-1.0216212937443647,0.8028602487590101,0.27539349227657633,-0.7552022202183714,1.128786765814109,0.7908925708397231,-0.702555747855792,0.5453414518223269,0.892239629744324,-0.8917299416445853,1.1123664592339217,0.9135714973843702,-0.8650150554129662,0.5648049897860128,0.8074592765830652,-0.8536739056403223,0.9045635437395302,0.973813780518181,-0.9093993980280684,0.713050001521464,0.9540801152420016,-0.8453281388129503,0.9129495809097885,0.5887035473291007,-0.9339529418902658,0.8167535447679887,0.5975924041947963
0.7333333333333333,0,,21,-0.8197265246417373,0.7593005371745676,0.6861484748584432,0.8974301596820022,-0.007621422067099582,0.025214179770049396,-0.44036946710385666,-0.8208857774734497,-0.006896156817674637,0.035361628979444504,0.9281307458877563,-0.19373164241244734,0.07008289706776477,0.3115614056587219,0.02316952869296074,0.0037503528874367476,0.7552117705345154,-1.1412896890881625,0.02984288306821703,0.7076681852340698,0.08930028229951859,0.02207213267683983,0.7204480767250061,0.9548249840736389,0.03191296383738518,-0.47745341062545776,-0.641513466835022,-0.18795514106750488,-0.8158288935990051,0.7586609580416501,0.7610443987180731,-0.7913303937142859,0.7038393134440093,1.2766608462621778,-0.5644657336984035,0.5625940372116098,0.0029853429824117997,-1.0837672447543385,0.8910638287215864,0.09380203925664193,-0.6708621315071154,0.6949431010487994,-0.004985342982411732,-1.1878261451895649,1.025355796506433,0.08768545289778404,-0.5894567550330548,0.6334098229793137,0.39024780455025226,-0.9655773819938787,0.7408435670760466,0.2941027640944626,-0.7057618859380606,1.0696061115656312,0.8046626943231234,-0.6053588100613234,0.478482818571797,0.9185576974856583,-0.8362645728289569,1.0382169537462518,0.930929608793284,-0.7660236186538832,0.48409277184488103,0.8284748916437104,-0.7834026591625546,0.8310103522165296,0.9848367433644127,-0.8248983975116423,0.6356971367160694,0.9674288012190922,-0.7646847881058393,0.8292450681511945,0.5981016623270206,-0.8503132405454273,0.7297671753356259,0.6084747815243007
0.7666666666666666,0,,22,-0.7364203312899917,0.677196450298652,0.6891470721876649,0.8998519913528028,-0.01448903272022661,0.013890400710596575,-0.43573331104854324,-0.79827481508255,-0.0005895877839066088,0.032726313918828964,0.806971549987793,-0.06239364610535625,0.06547160386534157,0.41600286960601807,0.012805206701159477,-0.012064491398632526,0.8187634944915771,-1.2849701979133976,0.10236904096458604,0.7245809435844421,0.09424453973770142,0.005385894328355789,0.7448869943618774,0.9686245918273926,0.04949060454964638,-0.4491313695907593,-0.643023669719696,-0.1787552535533905,-0.7335984324488126,0.67824427149655,0.7640866408925047,-0.7244611670359911,0.6338751188299332,1.2812909765669787,-0.45163924888238177,0.4531279231693137,0.0024222562600834906,-1.0250384100528775,0.8362370667019202,0.14658937600674707,-0.5597720533780602,0.5841258210160374,-0.004422256260083381,-1.1285653633068042,0.9709217192345068,0.14009212103747976,-0.5056770488395484,0.5564002371930116,0.3942448415578117,-0.8961823038699721,0.6703285867648602,0.3008473863036429,-0.6395111646002617,0.9980860194947816,0.8055240371651131,-0.5228459240643893,0.40443456179709614,0.9258610144626567,-0.7686818984681061,0.9611370300877664,0.9316559439056795,-0.6838750198787653,0.406342231116407,0.8362755507805344,-0.7105697992513356,0.7555803533877364,0.9873666752715744,-0.7464002698053336,0.5589335239504669,0.9725887609346833,-0.680614848771804,0.7454997325449882,0.600770483081071,-0.7640835409540214,0.6437001717674131,0.6107605118722204
0.7999999999999999,0,,23,-0.6536766269709915,0.6002860141452402,0.690527445648893,0.9006987021297889,-0.019688176480610897,0.004697670707549724,-0.43397252859887986,-0.7717109322547913,-0.00017819956701714545,0.03864724189043045,0.749586284160614,-0.007547240007066858,0.07120011219280892,0.47452449798583984,-0.0017373558366671205,-0.025017395615577698,0.9287682175636292,-1.4308605531912422,0.3541060254331539,0.6928676962852478,0.09909925609827042,-0.00638757087290287,0.738463819026947,0.9430166482925415,0.06343071907758713,-0.38231411576271057,-0.6118970513343811,-0.16211971640586853,-0.6517603299249742,0.6026401823904264,0.7654659917884118,-0.6570650942438288,0.5662425309750907,1.2834148221024058,-0.35947864765498383,0.3632926738407538,0.002142333644239113,-0.9516726859136951,0.7769574235515542,0.197594023311945,-0.46859483320139833,0.49350081878135876,-0.004142333644239004,-1.0546104106208802,0.9121011459760628,0.1912695374549651,-0.42409627716943077,0.4812864315199403,0.39415145489646236,-0.8213109377991011,0.5960555611936195,0.3008712695406698,-0.5523627136402868,0.9196781260590009,0.8002478962366789,-0.4560339040608309,0.32514893357347147,0.9157021302795951,-0.6850047587040229,0.8868516400519533,0.9238928472128791,-0.62106251076164,0.3359857735358836,0.8344144554808481,-0.6323892432314305,0.6827494557088478,0.9880948803856524,-0.673429448362232,0.48697419920258167,0.9754483234341562,-0.5967961859040279,0.6669465003421212,0.6021272454009958,-0.6794472769595568,0.5642671016385195,0.6117897319967275
0.8333333333333333,0,,24,-0.57371169119142,0.5254445744212717,0.6929978784679274,0.9032049236274406,-0.025572931383621992,-0.002853893480260702,-0.4284375641882969,-0.741851270198822,-0.0070738522335886955,0.054269466549158096,0.7552121877670288,-0.02535134502553027,0.09186783203934412,0.4774937629699707,-0.011561285704374313,-0.03640855848789215,1.0827006101608276,-1.5043399065471768,1.7969005800033764,0.6092081069946289,0.09779953956604004,-0.012301374226808548,0.6963323354721069,0.8799950480461121,0.07610636204481125,-0.2883795201778412,-0.5542058348655701,-0.12995296716690063,-0.5724548781231789,0.5290926213275332,0.7678985605387951,-0.5888886705491891,0.5046670594053493,1.2863366814175683,-0.28897190952089247,0.28960049388921055,0.002141101955115996,-0.8580681690802237,0.7101827650270706,0.26515174921833873,-0.4002205353163202,0.41799160406689834,-0.004141101955115977,-0.9610036764050133,0.8453996126231283,0.2696998760825134,-0.34571720925982874,0.4067307231126801,0.39366028387320806,-0.7402160586618948,0.5106918784936878,0.29490917323671595,-0.44888978905948107,0.8315961751291843,0.7895065461442317,-0.40468953321633455,0.24314965136299657,0.8952667321773897,-0.5886911586253386,0.8127724630547674,0.908084828875169,-0.5744040247243488,0.2736877036588006,0.8302745561996384,-0.5511389701159414,0.6125889273045882,0.9891423684571261,-0.6058602843513375,0.41999789878031923,0.9798440675201148,-0.5165708147237738,0.5909115783838566,0.6044692258034946,-0.5983286879451242,0.48772235991312185,0.614645209016657
0.8666666666666666,0,,24,-0.57371169119142,0.5254445744212717,0.6929978784679274,0.9032049236274406,-0.025572931383621992,-0.002853893480260702,-0.4284375641882969,-0.741851270198822,-0.0070738522335886955,0.054269466549158096,0.7552121877670288,-0.02535134502553027,0.09186783203934412,0.4774937629699707,-0.011561285704374313,-0.03640855848789215,1.0827006101608276,-1.5043399065471768,1.7969005800033764,0.6092081069946289,0.09779953956604004,-0.012301374226808548,0.6963323354721069,0.8799950480461121,0.07610636204481125,-0.2883795201778412,-0.5542058348655701,-0.12995296716690063,-0.5724548781231789,0.5290926213275332,0.7678985605387951,-0.5888886705491891,0.5046670594053493,1.2863366814175683,-0.28897190952089247,0.28960049388921055,0.002141101955115996,-0.8580681690802237,0.7101827650270706,0.26515174921833873,-0.4002205353163202,0.41799160406689834,-0.004141101955115977,-0.9610036764050133,0.8453996126231283,0.2696998760825134,-0.34571720925982874,0.4067307231126801,0.39366028387320806,-0.7402160586618948,0.5106918784936878,0.29490917323671595,-0.44888978905948107,0.8315961751291843,0.7895065461442317,-0.40468953321633455,0.24314965136299657,0.8952667321773897,-0.5886911586253386,0.8127724630547674,0.908084828875169,-0.5744040247243488,0.2736877036588006,0.8302745561996384,-0.5511389701159414,0.6125889273045882,0.9891423684571261,-0.6058602843513375,0.41999789878031923,0.9798440675201148,-0.5165708147237738,0.5909115783838566,0.6044692258034946,-0.5983286879451242,0.48772235991312185,0.614645209016657
0.8999999999999999,0,,25,-0.4964992681052536,0.44889030582271516,0.6967669471476549,0.9078426163837983,-0.02997921784275453,-0.008951531301593405,-0.4181422012453574,-0.704597532749176,-0.01571631245315075,0.07561004161834717,0.807383120059967,-0.10401711545209436,0.11725196798723919,0.4046946167945862,-0.008320817723870277,-0.04448957368731499,1.2626572847366333,-1.4373027414802495,2.6453066753423116,0.4764828383922577,0.07556205987930298,-0.0009852262446656823,0.6139061450958252,0.785560667514801,0.09295130521059036,-0.1813192367553711,-0.48318225145339966,-0.06858424097299576,-0.49583791892381807,0.45353421950768585,0.7716201146353888,-0.5113451837997055,0.44826233840112756,1.2905037972699647,-0.23378494720344611,0.23115215053457247,0.002315497840366252,-0.7752664874781632,0.5983344379102543,0.28685213061862347,-0.34890435482577,0.3560663286128328,-0.004315497840366275,-0.8766983953680512,0.7310958594051101,0.3182523380141576,-0.26946195315437604,0.33280900038227257,0.3919309140086887,-0.6450247233458192,0.40823987719386284,0.28288986338201605,-0.33117633032012317,0.725593253977581,0.7723368471323351,-0.36828546993565514,0.15826273034375762,0.8671601780206796,-0.4775700583144834,0.7312354537347915,0.8841250673971783,-0.5382111842753237,0.21851718182847277,0.8290259822562795,-0.46372840746459115,0.5419193064700647,0.9899083148466991,-0.5391939257661678,0.35626293462031466,0.986933077198759,-0.43980370482747266,0.5140071203713568,0.6084088711246323,-0.5207761842269061,0.41090088056161383,0.6194625051735845
0.9333333333333332,0,,26,-0.42780232219956815,0.38516018516384065,0.7087933608538183,0.9158650941729835,-0.032573854549222445,-0.005068106836020831,-0.400130463184718,-0.6300308108329773,-0.015310464426875114,0.0895213633775711,0.8640918731689453,-0.2447523648063683,0.13650893528964841,0.2233736217021942,0.011172492057085037,-0.04529630020260811,1.415073037147522,-1.4574650784414853,2.732365552744227,0.30695196986198425,0.029597613960504532,0.03698553889989853,0.483978807926178,0.6769090294837952,0.11196242272853851,-0.07697640359401703,-0.4129098951816559,0.02846360020339489,-0.426543508794992,0.38993935920885076,0.783630349597754,-0.4120868875134558,0.40073368095815437,1.302213032064666,-0.20556826008247042,0.21687243662984912,0.0024399312054366913,-0.6742036081598436,0.48181901845418457,0.2836206313578516,-0.32743656730370857,0.33519734181991184,-0.0044399312054367104,-0.781826487436595,0.6111527000688524,0.30791290700624546,-0.20908679706575398,0.28602809983778266,0.38469379221659933,-0.5354607136758007,0.298402343659245,0.28089852596681636,-0.21108468887635745,0.6101855226727327,0.7584665912963713,-0.34827232324940677,0.08906960820777816,0.8371380817341217,-0.35754996506770514,0.6480930145299963,0.8636830782908145,-0.5064361842330113,0.18358852211586937,0.8402896204951057,-0.36952498334273065,0.4798851764047414,0.996729555929506,-0.4685137346582893,0.3057398327191364,1.003571433274869,-0.37360738233886837,0.45131262117017107,0.6209777246297425,-0.4542810885678946,0.3493768243994421,0.6330322102093886
0.9666666666666666,0,,27,-0.3646441081073135,0.32068166858516634,0.7219340468018348,0.9185276451772633,-0.03239305438430884,0.0037367167934967906,-0.3940097613262543,-0.5186752676963806,-0.009584574960172176,0.09838060289621353,0.8800276517868042,-0.38990699855030186,0.14475259029617976,-0.022611064836382866,0.04675683751702309,-0.04193999618291855,1.5010998249053955,-1.537894104204716,0.24031943359542118,0.125091090798378,-0.008753516711294651,0.0857807844877243,0.3096582591533661,0.5897074341773987,0.12371770292520523,0.01115349493920803,-0.35333511233329773,0.15314048528671265,-0.3622147895117713,0.32492391054593167,0.7967745558481238,-0.309630851102066,0.33117127230208754,1.3128084380117886,-0.19660725886544944,0.21011500929733223,0.0023716631500653278,-0.5584094966831771,0.35573612430183654,0.21999196716586622,-0.32240259393096155,0.3242643028832564,-0.004371663150065357,-0.6713612750386764,0.4820907119254525,0.20670987573431457,-0.16730615525190037,0.24475222126544066,0.3708263000046586,-0.41379834914643115,0.18379615556129678,0.2960346454898054,-0.09051201683878562,0.46383202790287076,0.7576377341209578,-0.35367423102043477,0.027075748830670574,0.805021420060768,-0.2297842177221904,0.5417848681547209,0.8497581605307949,-0.47829637538546893,0.15367208823722503,0.854034195812496,-0.2747624277852658,0.40332544569604367,1.00462894903349,-0.4013521028302216,0.2486224588968297,1.0192653743967643,-0.31108705644172197,0.3865647335672393,0.6353004120769361,-0.396097311253164,0.28957574668100594,0.6468462279286459
0.9999999999999999,0,,28,-0.30338340788148344,0.25956893688999116,0.7318578970043388,0.9244998974391704,-0.030427944455767967,0.009297021399448848,-0.3798521360006527,-0.3900523781776428,-0.00585660757496953,0.10865902155637741,0.8397560119628906,-0.48944103395836436,0.14361976692701278,-0.26649612188339233,0.08471986651420593,-0.03641746938228607,1.513832926750183,-1.3217165995111708,-0.11689827827914767,-0.04727157577872276,-0.007958776317536831,0.12465586513280869,0.1251184344291687,0.5420307517051697,0.11855417490005493,0.09071038663387299,-0.31953880190849304,0.298408180475235,-0.3003604256275965,0.2632588076037338,0.806706052842733,-0.23357815615480243,0.24509247396290285,1.3207410657212293,-0.18273055604632674,0.20484036919117005,0.0021115286530223147,-0.4355658682307219,0.2255001119442443,0.17816171105796866,-0.3141556778131077,0.31249124436806985,-0.004111528653022261,-0.5562388812462616,0.3444938188056495,0.16480051136881751,-0.13241959460847008,0.21644339113848185,0.3573455036556097,-0.287760268469659,0.07911802383942831,0.32865454283029455,0.009812746129343259,0.31594770962250723,0.7793690781180733,-0.36245941584987035,-0.013802325339086308,0.7700330646907045,-0.11919112298033174,0.4278087556962593,0.8486848218577739,-0.44457383397714356,0.12360936196987003,0.8613282711951704,-0.1966440861271528,0.3211193482759654,1.0137354990566028,-0.3438122611502642,0.18579863632067467,1.027948805367243,-0.2505763168847691,0.3258083999518759,0.6467204245371575,-0.3389201975712471,0.23233658852512723,0.655893735854666
1.0333333333333332,0,,29,-0.24723031907342374,0.20496121770702302,0.7398481986925497,0.9285395439450521,-0.02788836330388243,0.008993449901686976,-0.3700752253007639,-0.24986854195594788,0.0019571837037801743,0.11569061875343323,0.7549220323562622,-0.5425108181412059,0.12196643657785006,-0.47416067123413086,0.11544347554445267,-0.02746202051639557,1.457476258277893,-1.0565100427360852,-0.10164807303475515,-0.1982170045375824,0.016641506925225258,0.14251936972141266,-0.0312744677066803,0.5276015996932983,0.10094667226076126,0.16242565214633942,-0.32893016934394836,0.4526846408843994,-0.2444295841429499,0.20834629697876747,0.8147194022502142,-0.19084353255726738,0.16680124576936023,1.3289249333072102,-0.163928252789329,0.20062303046285093,0.0017755318099719856,-0.2985090370176616,0.11059672059732344,0.1403822408780178,-0.2993300481903498,0.3032658066084104,-0.003775531809971866,-0.4266029497190908,0.22163092191800837,0.12760117418089784,-0.10484651248145756,0.19680413039344552,0.349141874852767,-0.1770499131897321,-0.005333704838787298,0.37310016525042344,0.08339921099168471,0.18120912091615077,0.8184069956209461,-0.3762213249772249,-0.03357029214053039,0.7422363182758073,-0.030124015090788096,0.3202334368280795,0.8601715850384911,-0.4161825724652168,0.0969148984953353,0.8660760450523686,-0.1385951648966137,0.24569811504439898,1.0248821382847253,-0.30230020760029397,0.1303340537432838,1.032880716502057,-0.19321667359461436,0.270481849411474,0.6562539944807424,-0.2856151347991337,0.1805961569695854,0.6617891670764403
1.0666666666666667,0,,30,-0.1810881921555847,0.14499851292930543,0.7391336835588105,0.9354834651987157,-0.024668472434911538,0.00913328073321307,-0.35239003389792334,-0.08506675064563751,0.020852943882346153,0.11422276496887207,0.6622341871261597,-0.6115825669309567,0.07523008860430636,-0.631598711013794,0.1320914626121521,-0.011563519015908241,1.337085485458374,-0.7761528074603494,-0.0661819763434317,-0.3239797353744507,0.04305614158511162,0.1383235603570938,-0.14633572101593018,0.5320171117782593,0.07745948433876038,0.23139236867427826,-0.3795742690563202,0.6083930134773254,-0.1785026486136116,0.1479772835744145,0.814029891006427,-0.1459658656186429,0.09548397145897294,1.3290347361542387,-0.1430865711180686,0.20723996281314025,0.0014838826665593656,-0.14873670220227186,-0.007207297090846526,0.10409792061032114,-0.283067604545386,0.30357599754685394,-0.003483882666559468,-0.28511191709349276,0.09359392019847367,0.09222714319835056,-0.07401323199023646,0.18204921650684247,0.33724723277579544,-0.07221998166849122,-0.07890534461146313,0.4091359585405153,0.1506243117554945,0.06523021792846584,0.8526060410533591,-0.37150994878115523,-0.05417555799778108,0.7188397523274,0.05293564750635002,0.22062143943992923,0.8690394630512676,-0.37514311716392873,0.05769774877532117,0.8652321275500253,-0.07748095416641965,0.17305725824657378,1.027888872509991,-0.25075116464596725,0.07232097293574741,1.0292379025871423,-0.1264298455712997,0.21043737535950752,0.6567459486144639,-0.2210188576076194,0.12185382966962302,0.6587954208418039
1.1,0,,32,-0.04550061165355146,0.02147952071391046,0.7045019388691655,0.9481342269920977,-0.021794153539413618,-0.00443249297510476,-0.3170912415750764,0.22548972070217133,0.0793236792087555,0.10935361683368683,0.5380859971046448,-0.758880438489475,-0.060126273271683045,-0.7457042932510376,0.1287686824798584,0.026822436600923538,0.9982813000679016,-0.28212154409310863,-0.016124894812003188,-0.49449241161346436,0.06165091693401337,0.12396207451820374,-0.2921293377876282,0.5634578466415405,0.03911971300840378,0.35653600096702576,-0.534637451171875,0.8981984257698059,-0.04509439111790771,0.02478991385687863,0.7794277440507944,-0.04713684161058054,-0.023803821535936145,1.2958967935991228,-0.09130988159126185,0.20414864116246617,0.0008822229899712146,0.13359114194170119,-0.21862547442788782,0.03101407902272615,-0.23710940791892252,0.29148893580986185,-0.0028822229899712476,-0.013161783145446814,-0.13327258175915943,0.022156162143096042,0.0008267075536036415,0.13583759073446555,0.30475365841544777,0.09403886591842656,-0.20205528421247207,0.4130044504751556,0.2735335549842916,-0.11550231277444417,0.877882167668751,-0.3408094416253868,-0.10397273578333718,0.6769849091970208,0.2012544322269293,0.05256620875468306,0.855785455501382,-0.2835109407265014,-0.03782483710910108,0.8391604360187073,0.04500181034485001,0.04303496809586391,0.9985087068739109,-0.13682213406619761,-0.04095009678892308,0.9908440467309961,0.012344343454348056,0.08604092056320267,0.6229254040593797,-0.08323768069000038,-0.00352792092943097,0.6213931652025412
1.1333333333333335,0,,33,0.023428095737472177,-0.041621636832132936,0.6801500809139505,0.9525389838848918,-0.024291922784317205,-0.01231283978426487,-0.3031959443057009,0.33566948771476746,0.10839835554361343,0.11482816189527512,0.5317278504371643,-0.8393929268665823,-0.12346181664774303,-0.7457766532897949,0.1192462220788002,0.03713587671518326,0.8727779984474182,-0.13405904892659048,0.0006468134125631742,-0.539513111114502,0.06117461994290352,0.12168937921524048,-0.35429316759109497,0.5845513343811035,0.023159213364124298,0.414648175239563,-0.6103007197380066,1.0261226892471313,0.02277360862308484,-0.037590805852474124,0.7550388253835336,0.012049493447812695,-0.07990753517133162,1.2719548288213516,-0.058284859189364935,0.17874572717031761,0.0024361448867636464,0.24611624009972508,-0.3069329856103369,0.0028365080000930416,-0.20599848338372492,0.26283311061619563,-0.0007256856895427842,0.09692643260369127,-0.2257940543580874,-0.004836508000092832,0.04968205649039382,0.09501929455446831,0.285465953244692,0.16628792636538994,-0.2633587567161957,0.3935573304505898,0.3378759007148471,-0.1904795578136414,0.8792984284201257,-0.3133466669171698,-0.1373528910794565,0.6638810420083492,0.2742034232854015,-0.021876466018556223,0.8408487566490568,-0.23092465872632711,-0.09292464674876837,0.8226018909087047,0.10977436911269194,-0.018073417737965346,0.9752680921659854,-0.07320772933379877,-0.09931082776135783,0.9657696838356379,0.08255885194178506,0.02227588928409131,0.5980148599260166,-0.012487066366481616,-0.06851798516213872,0.5968226156321679
1.166666666666667,0,,34,0.09115046472288668,-0.10600481950677931,0.677138018580942,0.9561629683771011,-0.028374914819741352,-0.01843946122108733,-0.29087321702614544,0.4186735153198242,0.13623273372650146,0.12500658631324768,0.5697921514511108,-0.9401267825777766,-0.19302441283127053,-0.7479912638664246,0.11127978563308716,0.040526680648326874,0.8081890940666199,-0.05100706956300116,0.014514383617128701,-0.5571734309196472,0.06103680282831192,0.11575569212436676,-0.4146519899368286,0.6011066436767578,0.006638926919549704,0.46786215901374817,-0.6746160387992859,1.1381871700286865,0.08974382063989143,-0.10113063127871465,0.7519662461527693,0.07314011985985451,-0.13472967848179698,1.269375418813904,-0.02589162569462948,0.14097441744271916,0.03091690562660183,0.3415004042037514,-0.38702027303664577,0.0025322416935881706,-0.17538468108266217,0.2218756587472818,0.028306245531630355,0.19055389370167589,-0.30914059634420493,-0.004532241693588155,0.10287679162037966,0.045301139923330985,0.2858170420057684,0.2385296332626856,-0.32800679395233107,0.39501964078860013,0.40312922679122265,-0.2566717017695336,0.9013230790117744,-0.27766711723272897,-0.18243619156537236,0.6769187820032502,0.34478722904556236,-0.09063591494401532,0.8466614563095115,-0.17525963221543003,-0.1548302210027301,0.8276177587943828,0.17390852212050598,-0.07710255912272766,0.972859865545781,-0.008304590030092374,-0.15995688498474714,0.9625774851626326,0.15093598740117048,-0.04266629952937115,0.5940935219140671,0.0566314025617954,-0.1347601202450053,0.5937949230909412
1.2000000000000004,0,,35,0.15736380429007113,-0.16932532959617674,0.6750306681548022,0.957468810414036,-0.029037900879983772,-0.021059651061549476,-0.28629839065908286,0.46882355213165283,0.15744155645370483,0.1403769552707672,0.6519188284873962,-1.0581846063549842,-0.29158025148984085,-0.7515634298324585,0.10743428021669388,0.03612808883190155,0.8061588406562805,-0.04029528633535939,0.01399829385064369,-0.5449725985527039,0.0638502985239029,0.09997369349002838,-0.4653952717781067,0.6043829917907715,-0.008884315378963947,0.5042663216590881,-0.7246748805046082,1.2260222434997559,0.15558623607613425,-0.16425049530329042,0.7498376618662497,0.13276834628501524,-0.18960802429949855,1.267514926326084,0.0111385184148063,0.09673715590985624,0.0656528231688174,0.41474267491278155,-0.45189644211923696,0.002528718246472099,-0.13939963828134252,0.17569995357699547,0.06388082906493814,0.26348580790671267,-0.37462061942121305,-0.004528718246472163,0.16271019969829403,-0.007723260271583751,0.28457737072450195,0.3081287179890174,-0.3917607546095866,0.3950390977252823,0.466650418273558,-0.3164007567573775,0.9206751627071006,-0.23319422015129848,-0.2393771795055675,0.6889029923909399,0.41146680136435754,-0.15446003056297192,0.8521949916455787,-0.11717836427358352,-0.22148941719145285,0.8309590142573963,0.23612022356878049,-0.13463402610938296,0.9713850931538677,0.05583899743753194,-0.22149675303218405,0.9601721062124438,0.217854311771042,-0.10630752033887773,0.5915880614067928,0.12343128588250707,-0.19861911056587767,0.5915593348502615
1.2333333333333338,0,,36,0.22207096428610384,-0.22674243920482695,0.67084526804875,0.955125188804464,-0.02816424514604741,-0.023977520868304947,-0.2938838673687287,0.4737342894077301,0.166615828871727,0.1598857343196869,0.7744622230529785,-1.1697782894863598,-0.41573175488082537,-0.7636237144470215,0.10620861500501633,0.025575309991836548,0.8630134463310242,-0.0826599767909657,0.003872540272272351,-0.4999839961528778,0.0740867406129837,0.08285041898488998,-0.49092650413513184,0.5872556567192078,-0.008816307410597801,0.5034401416778564,-0.7508671283721924,1.276885747909546,0.21987728675689963,-0.22165039122602512,0.7456400461170045,0.18663465220994097,-0.24158894894846317,1.2630566206707703,0.06433341213796093,0.044230098819712946,0.09347975221752453,0.470637575439966,-0.5067050210651115,0.0028088777869528306,-0.08639485082073928,0.12284582052804349,0.09273205860964498,0.32118139200330004,-0.4260525627481955,-0.00480887778695295,0.23527546796998933,-0.06362452670907505,0.27565221593205147,0.37554204967625565,-0.4538870540868428,0.39469901769341803,0.5279735266445535,-0.3671855828066561,0.9289360791549668,-0.17587595434878664,-0.30647101717777087,0.6859022839560547,0.4718290757176981,-0.20870179334419856,0.8535023114384493,-0.056012804811014116,-0.2885503481624735,0.8247231729068817,0.2944244998150401,-0.18703996084853972,0.968434174546525,0.11698382869041565,-0.2792159353395545,0.9546289995213888,0.2841846716132127,-0.16473361576901419,0.5877714660480537,0.188062980937935,-0.25538142732191776,0.5869237182483689
1.2666666666666673,0,,37,0.2774837634060532,-0.2762430536095053,0.6647117487689556,0.9502738104610393,-0.02667934327103483,-0.028870389413635004,-0.30892458369250597,0.412070631980896,0.16022461652755737,0.1815468817949295,0.9261441826820374,-1.2490241333306722,-0.5033225036349825,-0.7742523550987244,0.10901680588722229,0.01390005648136139,0.9571941494941711,-0.16196981532205412,-0.012502860334189903,-0.41574615240097046,0.08902598917484283,0.08521105349063873,-0.46536654233932495,0.5457866191864014,0.03182990849018097,0.45242273807525635,-0.7413286566734314,1.28340744972229,0.2746048329143939,-0.2711023354762935,0.7394799557576153,0.2330576398216591,-0.296891689433293,1.2560841622389034,0.13286125695944007,-0.021750678436218772,0.10166922423615725,0.5071839385702516,-0.5484998891701951,0.0032656905956003207,-0.018226764055487343,0.05616796640042632,0.10062294864453997,0.3607124745961915,-0.4626318172443272,-0.005265690595600458,0.3162638306401023,-0.12666082781638752,0.2579122306694478,0.4330978323113297,-0.510369967917379,0.39253902890950115,0.5877217528540108,-0.40276056529196197,0.9105072711517052,-0.10651575877682465,-0.38876874368465647,0.6653860065308206,0.5171972215473273,-0.24566780265303814,0.8448740584114203,0.00555675300432084,-0.36013372038592956,0.8088410578462569,0.342816147353637,-0.23447332750434957,0.9637596042076797,0.17088795155052494,-0.33599227572257173,0.9462443668255401,0.34128893439758456,-0.2153244954754168,0.5829400379347339,0.2434017161632399,-0.3036872176739334,0.5801969872496769
1.3000000000000007,0,,38,0.32706666202284396,-0.32111202948726714,0.6697682459573508,0.9411933396626553,-0.020788522616354686,-0.02471786250869968,-0.3363212184431543,0.2753618657588959,0.1375124305486679,0.20211993157863617,1.0833820104599,-1.2995090003220726,-0.4656225314523892,-0.7425214648246765,0.11746089905500412,0.008140194229781628,1.0346685647964478,-0.2847968059974988,-0.03789076203484015,-0.29978615045547485,0.11446905881166458,0.1018119528889656,-0.3948177397251129,0.4853958487510681,0.11504119634628296,0.35115575790405273,-0.6965579390525818,1.2467187643051147,0.32462576207665594,-0.3169301553876408,0.7446117756474154,0.2830106282658205,-0.36577642137038946,1.259619075401446,0.21723962262718446,-0.096531011092051,0.1065414367123301,0.5110498116649927,-0.5689627909380335,0.0036186614672541924,0.06746066939025858,-0.016229170044606132,0.10231302192169331,0.36972212982922004,-0.47493535764364736,-0.005618661467254156,0.40407570248656643,-0.2002884162669481,0.25068646788517723,0.4685489665488019,-0.5562043820432121,0.38510685613041706,0.6472725981847302,-0.4302376064831425,0.8751299339340071,-0.01794404471408593,-0.4793954766094084,0.6452005213580828,0.5528923924349645,-0.2759923040212983,0.8396288404965622,0.07409011567400205,-0.43521102487817614,0.7986182900520583,0.38933241986095635,-0.2856183287779322,0.9703666148524829,0.22401678214684345,-0.39676481237333555,0.9482445893676207,0.3916002205717055,-0.260654808129579,0.5896886229079195,0.2917335146611052,-0.3456201721147595,0.5855282528724262
1.3333333333333341,0,,39,0.3712482473347336,-0.3632518278900534,0.678773987462879,0.9289738426862756,-0.01790104979044282,-0.020617849723447493,-0.36913690724970366,0.0986524447798729,0.1204565018415451,0.20862530171871185,1.208302617073059,-1.2873076199051487,-0.26282360657387116,-0.6750210523605347,0.13179253041744232,0.012486252933740616,1.0636225938796997,-0.3897709397620568,-0.058243836581113206,-0.17062722146511078,0.13688315451145172,0.1340862363576889,-0.2998538911342621,0.4151020646095276,0.2359134554862976,0.21120919287204742,-0.6279100775718689,1.1759231090545654,0.3693664215953308,-0.35961576544610363,0.7536621559662562,0.33700405082599594,-0.4347905318651961,1.2662283942061527,0.3165777460320158,-0.17779098589310588,0.09921240263389051,0.5058611447142923,-0.5838259635110495,0.0037118542018132125,0.17075927162971963,-0.09082395311381444,0.09062708187386251,0.3706044621048133,-0.48127439828943996,-0.005711854201813162,0.49426131873801743,-0.28683786174756115,0.2545574149010293,0.48872116649361236,-0.5938861682223561,0.3746759277916908,0.6976540168860214,-0.44140150257426036,0.8264032498563612,0.08905664631528581,-0.5723615746762792,0.6290152537204597,0.5790020957900928,-0.3006708945109062,0.8351314672306149,0.14900233711709127,-0.5088546115073956,0.7912895399999824,0.43442589438366225,-0.3352770015283283,0.9798673095814976,0.2762706504269333,-0.45572615933145066,0.9543505681456081,0.43640557533937274,-0.30369476559479813,0.5995818371214132,0.3348966586339727,-0.3852564932715976,0.5956220520373018
1.3666666666666676,0,,40,0.41129887313582003,-0.40001641982235014,0.6913467320314014,0.9167482794763827,-0.016104034551693843,-0.01928651189997421,-0.39867440676193666,-0.09330625087022781,0.1079411581158638,0.21325039863586426,1.2672779560089111,-1.1763118874832084,-0.05324938480897018,-0.5902552604675293,0.14013879001140594,0.032949116080999374,1.0361912250518799,-0.44630539898636146,-0.06430735468091336,-0.04902387037873268,0.1411999613046646,0.17570655047893524,-0.20536378026008606,0.3458661437034607,0.37876877188682556,0.05265374109148979,-0.5457395911216736,1.0846034288406372,0.4096097816088152,-0.3966485621236317,0.7662520356108848,0.39731609868963497,-0.4929351413789347,1.276147952747465,0.4206834926288739,-0.2693974137891238,0.08191299024490348,0.5051443303286021,-0.5988012281637608,0.003549982407304756,0.2793180806576505,-0.17557973739978988,0.07123292024922814,0.3752274522852898,-0.4895364331021675,-0.005549982407304761,0.5789396836293531,-0.37687337143719246,0.2763467142632125,0.5016407564148007,-0.6210145159821283,0.36740916394143974,0.7314580124522353,-0.4349093104264744,0.777003262521502,0.20867250898529105,-0.6562701604381761,0.6284122030448245,0.5992546010126898,-0.32000877089477675,0.8342718247807306,0.2288310162945878,-0.5736678538691697,0.7919054987382841,0.4799895204725401,-0.3771610099275218,0.9912653718003898,0.3290002547291636,-0.506416358181072,0.9654297088878674,0.47690624528230835,-0.34083885431135125,0.6122583298993143,0.3748005209156831,-0.42042361602974027,0.6094076330544363
1.400000000000001,0,,41,0.4508461079094559,-0.4358836936298758,0.7077973994473273,0.9075379381596501,-0.01538190859012247,-0.016392124344108885,-0.4193680793152281,-0.2765269875526428,0.09784724563360214,0.21954162418842316,1.255025029182434,-0.9926956414983659,0.06061257237835932,-0.4919012188911438,0.14358234405517578,0.0591532438993454,0.9595953226089478,-0.4670488312951888,-0.0625938544247912,0.059920091181993484,0.11755673587322235,0.21370279788970947,-0.12787829339504242,0.29274141788482666,0.5228028297424316,-0.09899088740348816,-0.46497398614883423,0.9895346164703369,0.4495822389193058,-0.432758593733537,0.7827216037194692,0.4713670192309922,-0.5358467597238414,1.2908406082039336,0.519421935127421,-0.37496006688338257,0.06533579090634,0.5097193893704444,-0.6128173727237811,0.003171882463528345,0.3817848321522011,-0.2757366656231422,0.054812268352649365,0.3832173866208757,-0.4995582676275896,-0.005171882463528291,0.6512344693991892,-0.4623458028043042,0.314281718584021,0.5123031977584754,-0.6397653953084094,0.3641434510198476,0.7519895779014419,-0.4218728369412331,0.7367145084733394,0.3320441131973911,-0.7298841170665255,0.6516750616886713,0.6218090702169345,-0.3383712828155891,0.8369147583820805,0.3134811401548318,-0.6315791039524825,0.8064365059589971,0.5313149547384829,-0.4112808107409515,1.0039848979730375,0.38809220790242627,-0.5500360175685864,0.9838249806380113,0.51588512550426,-0.3760230197884205,0.6276683921271238,0.414507229149263,-0.4558195374028637,0.6272702494204048
1.4333333333333345,0,,42,0.4908989986870438,-0.46975003951229155,0.7245771289316912,0.9029211876640166,-0.014770850676910667,-0.013911835639683977,-0.42932692865323097,-0.4365346133708954,0.08885679394006729,0.2257862687110901,1.1753476858139038,-0.7574150380085056,0.11136456374159537,-0.3764026165008545,0.14648151397705078,0.08000723272562027,0.8551734089851379,-0.4744805820703646,-0.06978595980223096,0.16238701343536377,0.07289447635412216,0.24000120162963867,-0.06421715021133423,0.2659650146961212,0.6562563180923462,-0.2315523475408554,-0.402739942073822,0.9002134799957275,0.4899660336064953,-0.4668535935568238,0.7995153713516034,0.5505149740258906,-0.5595051223048251,1.3063430065915056,0.6178834290540922,-0.48742400851287704,0.0523472875450481,0.5202180257490565,-0.6166683055168645,0.0026397423048195763,0.48275632061094537,-0.3846963228619088,0.04298314505414756,0.39508237040283645,-0.501828953094056,-0.004639742304819606,0.7132578871978238,-0.5333369262887194,0.3594945814999133,0.5245789854557816,-0.6482011306500469,0.36228140391009384,0.7628190313325978,-0.4042806724918608,0.7087474112138883,0.45454769395501415,-0.7907448848132603,0.6906196639815061,0.646086273701962,-0.35169521783954444,0.8412909793683805,0.4003901174351574,-0.6820589590040159,0.829233843056561,0.583760649610359,-0.4347096926029537,1.0152803760630444,0.4513118671969023,-0.5847767924737476,1.0048223421387363,0.5546139481018254,-0.4082136310700071,0.6428815073171457,0.45548584645878637,-0.4905886596367947,0.6454260267306273
1.466666666666668,0,,43,0.5329288265202194,-0.5037671851459891,0.7364181103875587,0.9007730879771481,-0.014487828579484748,-0.011612834349217165,-0.4338929463330121,-0.5602109432220459,0.08255886286497116,0.22815905511379242,1.0393315553665161,-0.49786292360501516,0.13129601367281263,-0.24337933957576752,0.1413504183292389,0.09922941029071808,0.7501329779624939,-0.4989358749029429,-0.07646369816680731,0.25947779417037964,0.02506842277944088,0.250211626291275,0.0011979941045865417,0.26969417929649353,0.7803202867507935,-0.34801676869392395,-0.3696809411048889,0.8171054720878601,0.5323026722159307,-0.5010538391961863,0.811366397122773,0.6241964943226754,-0.5710411667490177,1.317028320800676,0.7200160349824681,-0.5997894851578666,0.04368656013424529,0.5252480915075429,-0.6127375434575488,0.0021025844273474398,0.587009544482057,-0.49421444707372947,0.03573767226882615,0.4008587042262828,-0.4970276639689011,-0.004102584427347428,0.7670137525213593,-0.5897903951936009,0.3984065256301743,0.5357942646235329,-0.6520800514394394,0.35775824753512303,0.7677216102198328,-0.3856847631373935,0.6890371757029268,0.5736009941098645,-0.84058619760448,0.7346736019512397,0.6712466956105744,-0.3619381588337529,0.8442410862185796,0.4868414766899236,-0.7275928875792939,0.8515704035789116,0.6337104745234396,-0.45297873552406565,1.0214485927683172,0.5143463162499243,-0.6139891214182096,1.0212530067922074,0.5952834826233525,-0.44060359503648144,0.6530746731541246,0.49897707933965013,-0.5264783277940712,0.658465778988577
1.5000000000000013,0,,44,0.5749198815319687,-0.5383926557842642,0.7412951984606881,0.896595359864539,-0.01225154824758502,-0.011880084565911157,-0.44252177779813484,-0.6266950368881226,0.0865183174610138,0.21779397130012512,0.8800861239433289,-0.26501760301359845,0.11884485195351668,-0.11244550347328186,0.12578845024108887,0.11935890465974808,0.6584562063217163,-0.5329448129287795,-0.08086106885294392,0.34328222274780273,-0.014545900747179985,0.2451242059469223,0.07326025515794754,0.2972550690174103,0.895857572555542,-0.45706456899642944,-0.36196309328079224,0.7365769147872925,0.5741353737641747,-0.5359563741663982,0.8162515129341247,0.6798821773057545,-0.5819104510964247,1.3219454039073792,0.8199787235310935,-0.6924493327467016,0.03882719033060873,0.5279323929680215,-0.60806404052791,0.001634975409102863,0.6902716278572086,-0.5827648877553142,0.032089842278372215,0.4054937231997704,-0.49024638580776697,-0.003634975409102955,0.813035816812726,-0.6333232612483661,0.4204034615716517,0.5465751223061784,-0.6564842602426635,0.3515048622885803,0.770455819947082,-0.37238692949694036,0.6770261421862402,0.6795805241052292,-0.8823472502961383,0.7796408191690727,0.6965168143698456,-0.374186102196185,0.8458140287066176,0.5642971078058846,-0.7697179169550703,0.8689936669226095,0.6766816586803719,-0.473280435422256,1.0226363571265504,0.5678614644413273,-0.641440710740763,1.0298801151692047,0.6378755095818471,-0.4750495569493627,0.6573964851978377,0.5427108538453871,-0.5626853153917757,0.6638444090199029
1.5333333333333348,0,,45,0.6174660346005112,-0.5730542468372732,0.739640420090506,0.8912313447707386,-0.01190811580713436,-0.01350925506291992,-0.453191335865669,-0.6444643139839172,0.09648232161998749,0.20237989723682404,0.7380304336547852,-0.09318724726561833,0.0989345974332661,-0.001784637337550521,0.10450030118227005,0.13727009296417236,0.5901013612747192,-0.5692280436685544,-0.07538608398612401,0.4104957580566406,-0.038060858845710754,0.23299802839756012,0.14563143253326416,0.33617451786994934,0.9971102476119995,-0.5601034164428711,-0.36487317085266113,0.6604890823364258,0.6164695521035664,-0.5705439723253243,0.8145917746113414,0.7243686273415139,-0.5968197122409256,1.3212475810623006,0.9045799840840855,-0.7639831747463903,0.03341158143704728,0.5334629672394812,-0.6109213508131571,0.0013118882318737639,0.7782109773661557,-0.6504080169543206,0.027793959731172768,0.41340744658649503,-0.4906496057856831,-0.0033118882318735193,0.8540308374485852,-0.6700122636121698,0.4245708109652396,0.5615321217689433,-0.6667308865891778,0.3447923112736558,0.7765193775649448,-0.36519718089091674,0.669781979570328,0.77235363573006,-0.9164805735461541,0.8224562239430548,0.7239881522830708,-0.389171311366608,0.8447827671185205,0.6347059230291993,-0.8088744366827072,0.8810530728490713,0.7164672328479932,-0.49681842885309363,1.0190325245288212,0.6150246676075051,-0.6692602626357796,1.0310909165896953,0.6820084273184176,-0.5110121531910885,0.6556524566516498,0.5865902314134166,-0.5988541856388564,0.6623435481182647
1.5666666666666682,0,,46,0.6592369696591049,-0.6067856478039175,0.7323265045189831,0.8846713474061317,-0.010470696961991034,-0.013520636933570232,-0.46590145305703873,-0.6510453820228577,0.11009126156568527,0.18978336453437805,0.6370131373405457,0.021408469655884943,0.07837590118871846,0.08368915319442749,0.07815025001764297,0.15145589411258698,0.5522794723510742,-0.618024484539327,-0.06376848850884409,0.46521317958831787,-0.0492127388715744,0.21818776428699493,0.21434079110622406,0.3793591856956482,1.0802059173583984,-0.6607421040534973,-0.37438201904296875,0.5917986035346985,0.6581745185844001,-0.6044512863064296,0.8072826380512892,0.7628471720670641,-0.6197116720310853,1.3150734447982015,0.9743775098956596,-0.8210350423357984,0.026347805448114756,0.5398424350858114,-0.6158161940656735,0.0011534237429349434,0.8512485284564721,-0.7039168367064303,0.02159598054548316,0.4227468150811009,-0.49264936882264826,-0.003153423742934938,0.8939072617112638,-0.7046462336474378,0.4189811886354579,0.5798613811393681,-0.680367593492974,0.3355533755922441,0.7874680205411275,-0.3628053241007142,0.6661219566518235,0.8512581388157963,-0.9462112011058906,0.8594275410483472,0.7534034821165008,-0.40685386344807006,0.8417889643893315,0.6985604692806989,-0.8468068991291532,0.8870277343671619,0.7545627334780051,-0.5244815529609774,1.0113314134478348,0.6576739317519957,-0.699382798978422,1.0252705361477532,0.7256065643806767,-0.5462796436961116,0.6485207096253165,0.6289876900708379,-0.6332449904282759,0.6548887454437988
1.6000000000000016,0,,47,0.702653648564592,-0.6406640338245779,0.719308055093667,0.879127631190621,-0.007920146092287406,-0.012525376041664548,-0.4763559533773658,-0.66227126121521,0.11848416179418564,0.18343143165111542,0.5888391137123108,0.08137945801823476,0.06601166312937579,0.14807195961475372,0.04609493166208267,0.16231636703014374,0.548618733882904,-0.6862752263881533,-0.044386287368348376,0.5112082958221436,-0.05717473849654198,0.20166635513305664,0.27905523777008057,0.4230386018753052,1.1474664211273193,-0.7611973285675049,-0.3884865641593933,0.5309282541275024,0.7015678592506019,-0.6387246303167979,0.7942751130298008,0.8010578160661354,-0.6461270190219703,1.3032913459087356,1.0320979742859215,-0.8699306618301587,0.01620240889088598,0.5479928545862427,-0.6235090414996693,0.0011725829677152466,0.9116247935058884,-0.7500657453496177,0.011887955292298316,0.4332119286609729,-0.49818363076133865,-0.0031725829677152623,0.9368361444471046,-0.7410321079620578,0.407917564926598,0.6040768522951734,-0.6990977668090738,0.3218253191199474,0.8034063536956036,-0.3649841680685066,0.6620312794561106,0.9234514547695183,-0.9726427713091808,0.8916218404589135,0.7852117231104281,-0.4266227049440311,0.834742629383907,0.7618160691363511,-0.884187093395705,0.88859539695987,0.7937569425129365,-0.5540872904055987,0.9985422446610455,0.7008235600315608,-0.7310611761949604,1.0132328902964243,0.7704024837404353,-0.5810926735617475,0.6357266590906467,0.6727446994066401,-0.6673112921322473,0.6415564047483718
1.633333333333335,0,,48,0.7468088290188462,-0.676858119899407,0.7014204999416489,0.875199358204644,-0.005995185036759135,-0.01272069302073781,-0.4835579852754233,-0.6767220497131348,0.1195555254817009,0.1849466860294342,0.5924428701400757,0.09112699513388844,0.06552599097584294,0.19340983033180237,0.01317751407623291,0.16944462060928345,0.5806549787521362,-0.7713381217614277,-0.018353531805591905,0.5453979969024658,-0.065533347427845,0.18603810667991638,0.3387373685836792,0.4603879749774933,1.2045936584472656,-0.8505068421363831,-0.39725857973098755,0.47537851333618164,0.7455737106033552,-0.6751483936816713,0.776390836200466,0.8390688606467098,-0.6742844096649231,1.2866149011553245,1.0778040415615842,-0.9152487348622338,0.0020137969053199735,0.5597639952450273,-0.6383114780010972,0.001356764550155258,0.9591981325405767,-0.7935371344977218,-0.00233645389318609,0.4463770696281374,-0.5117366473965478,-0.0033567645501553847,0.981965399285132,-0.7825580377658066,0.3933283849206278,0.6343542691692289,-0.726782630125829,0.3031625841152121,0.8224830552428418,-0.3754867553460441,0.65405499209541,0.9872094507916039,-0.9967880686211136,0.9166944132409238,0.8184636148719945,-0.4508440731224418,0.8221760287351486,0.8221558009744262,-0.9208522522749851,0.885862470680592,0.8336183258385521,-0.5859597789702875,0.980729824055033,0.743849829952119,-0.7644719542714723,0.9964525883007529,0.8155773689723803,-0.6178930708175348,0.6179665440972223,0.71725357537209,-0.7037056404579688,0.6233487873452028
1.6666666666666685,0,,49,0.7924317738506943,-0.7141776012722403,0.6979984437970483,0.87364944735155,-0.00508765954687199,-0.015110189822643763,-0.4862946031226235,-0.6855708360671997,0.11242853105068207,0.19574597477912903,0.6343644857406616,0.05816019807878425,0.07679680460114752,0.2162989228963852,-0.01820223592221737,0.17439034581184387,0.6474570035934448,-0.8658876954440129,0.016149954649930354,0.555901288986206,-0.06966643035411835,0.175238698720932,0.386160671710968,0.48302847146987915,1.253818392753601,-0.9118481874465942,-0.39542651176452637,0.4214116334915161,0.7908227377095302,-0.7124086760650882,0.7729603134796271,0.8776977423788743,-0.7060456082364387,1.2843279729225439,1.113750987534294,-0.9545344747029921,0.0013711968089048232,0.5788016841065862,-0.6629999650935052,0.018783003091883313,0.9958036850591239,-0.8321991014800177,-0.003371196808904922,0.46549496542538304,-0.5363787012193679,0.013431084126239418,1.0290210379274827,-0.8260092599434383,0.39319213495275407,0.6724566846385587,-0.7642211338549865,0.29760109924391104,0.8491792633281667,-0.3956553810949437,0.6595171323198546,1.0402111442459967,-1.0220879788824244,0.9462502635425541,0.8564556941379552,-0.48056216063793566,0.8229106956767883,0.8760886823370925,-0.9567876802018602,0.8937216742472242,0.8756943940202767,-0.6206152042496406,0.9775800930933647,0.7866182934708292,-0.7994252500183092,0.9938466459891482,0.8619065989571983,-0.6555571748752801,0.6147154446380999,0.7634080306719137,-0.7413726663780765,0.6196948389117739
1.700000000000002,0,,50,0.8378269097302109,-0.747653059894219,0.7010883423510674,0.8748666658537314,-0.0046932925806674845,-0.015490771267194246,-0.4840933029781295,-0.6731646060943604,0.09180580824613571,0.21159498393535614,0.6931216716766357,-0.01902821582868275,0.09827079062429406,0.20381931960582733,-0.0411323644220829,0.1770344078540802,0.7424576878547668,-0.9567965763950617,0.0595422197354607,0.5370421409606934,-0.07197453826665878,0.1699204295873642,0.40844443440437317,0.48625460267066956,1.2906150817871094,-0.9369269013404846,-0.38160020112991333,0.3672730624675751,0.8361348545447886,-0.7459123123151681,0.7760490437026124,0.9204245071515068,-0.7386328073267009,1.2878457938351342,1.132260499778865,-0.9771752598710727,0.0016259038709323416,0.6065617260947115,-0.6953909948174439,0.04210274839153604,1.0141568226543385,-0.8550116811534041,-0.003625903870932458,0.49221202081584925,-0.5697463356929728,0.03597375694654324,1.0710218070453166,-0.8618036122827284,0.3936568224487746,0.7171632922021912,-0.8070086664625564,0.29700636340131376,0.8872567654983607,-0.42297568443446154,0.6671899959943997,1.0837544092049514,-1.0483065266868783,0.9662177722971588,0.9013576085546064,-0.512624765458856,0.8275763192914712,0.9220950586581876,-0.9890459031422614,0.9005367470153487,0.9211330588192295,-0.654352946964446,0.9807740885258647,0.8295786893720304,-0.8318874179019514,0.997251162418574,0.9072110408736804,-0.6888603869288931,0.6180919489527473,0.808854757922396,-0.7747133760511633,0.6228042751576863
1.7333333333333354,0,,51,0.8761509677860886,-0.77556311362423,0.7099945071090904,0.8799356893758022,-0.0030953837800018077,-0.013160238667255904,-0.47490042038327057,-0.6321730613708496,0.07594484835863113,0.2155376374721527,0.7367225289344788,-0.11281934778581282,0.10239265520761986,0.1435251384973526,-0.04154333472251892,0.1735059916973114,0.854728639125824,-1.0206595693585987,0.08390851303127844,0.48954591155052185,-0.07798909395933151,0.1700686812400818,0.39470618963241577,0.47048309445381165,1.3070666790008545,-0.9210025668144226,-0.3535894751548767,0.3172365725040436,0.8746344430922408,-0.7742170823938657,0.7849670911167117,0.9616269431118101,-0.7693081796450044,1.2963589824873902,1.1438771281199134,-0.9725987074588759,0.0017926830932137976,0.6468706881925126,-0.7354494949195675,0.06334108285749641,1.0237197571836552,-0.8524695690525342,-0.0037926830932137542,0.5306071580912964,-0.6116247821901908,0.05625362309457944,1.1040723301097612,-0.8801982266701652,0.3923743171611513,0.7677506890884179,-0.8532346831991703,0.30090883606535435,0.9324065912272798,-0.4573548985864739,0.6729584328760568,1.115465335957298,-1.0738745931433937,0.9736905189543339,0.9468868594728994,-0.5457010663988514,0.8340324552029679,0.9550293865383397,-1.0153126741445815,0.9044780057693457,0.9631271787033632,-0.6848775398905662,0.9893315480885794,0.8669554010797912,-0.859921277588876,1.006150108708548,0.9444837207738752,-0.7155972177976362,0.6277385704285136,0.8467131933025391,-0.8016064588113507,0.6318810619926589
1.7666666666666688,0,,52,0.9099910876248032,-0.8009793090168387,0.7223383316435443,0.8848271643378478,-0.0018872143040365697,-0.009346102450841772,-0.4658218307904775,-0.565966010093689,0.062054287642240524,0.20953144133090973,0.7413182854652405,-0.1922082622794834,0.0958360644243969,0.04873054102063179,-0.02073228545486927,0.16532456874847412,0.9770599603652954,-1.0608809772570962,0.07923451983355123,0.42274245619773865,-0.0855138823390007,0.17066878080368042,0.3484349846839905,0.4399760961532593,1.2982122898101807,-0.8632484078407288,-0.31491684913635254,0.28198593854904175,0.9088825006687549,-0.8000757874615069,0.7973246949622167,1.0007800297629703,-0.7993127440978618,1.3079072810172656,1.1506969189248757,-0.9593980734616592,0.0017930219315542908,0.6993348267091869,-0.7798649696255912,0.08250024389385838,1.0288719954104424,-0.8409603931202156,-0.0037930219315542198,0.5818315367112984,-0.6572934722368124,0.07418129759371005,1.1271262403263054,-0.8890910871429057,0.38935193638420684,0.824464644303966,-0.9017549694905612,0.309552498566315,0.9891184766441237,-0.5026890437289588,0.6741958478064257,1.1346347322678876,-1.103567547037681,0.9683503523278539,0.996017162626964,-0.582851033197525,0.8399849541443266,0.9744266308694466,-1.037811018171194,0.905350293900057,1.0034266639967975,-0.7148272948755613,1.0009026665460359,0.8993985442926983,-0.8852364112733792,1.0185397938445668,0.9773539432547327,-0.7402808299079399,0.6409897847053639,0.879305702143262,-0.8252498840065448,0.6444333102450802
1.8000000000000023,0,,53,0.9403688332531601,-0.8226182388607413,0.7337300324121886,0.8900034482665536,-0.00011373478854749498,-0.00581590573139877,-0.45591668578652106,-0.49899619817733765,0.03761360049247742,0.20427736639976501,0.7017556428909302,-0.22725853609386681,0.09737175897406969,-0.053800132125616074,0.003187293652445078,0.16057537496089935,1.0949506759643555,-1.0886291845944887,0.06427133556885711,0.3467996120452881,-0.09271904826164246,0.1650283932685852,0.2744343876838684,0.4020855724811554,1.2615716457366943,-0.7734275460243225,-0.27408483624458313,0.2729474604129791,0.9396001848679774,-0.822205319937756,0.8087249567579268,1.0331605200954481,-0.8250976538791678,1.3190280980108142,1.1568296247461454,-0.9543393559530289,0.0015889146036799813,0.7528498612630609,-0.8235237324113577,0.10026531394771464,1.0338536130736442,-0.8370785754770989,-0.003588914603679754,0.6331835417687888,-0.7031547100879401,0.09071175735347314,1.1420020288463881,-0.8932233550192965,0.3871021775810285,0.8813634953755445,-0.9467813926180786,0.3203800362741106,1.0540214954123523,-0.5577547059869813,0.6703996796325911,1.1424919733399534,-1.1324852934523415,0.9514209501463928,1.0453054680745464,-0.621682302207387,0.8430173424400091,0.9831981953207778,-1.0535212983081155,0.9029467925012279,1.0392790499230784,-0.7414276572635476,1.0118497713522094,0.9264014087230641,-0.9060352220389725,1.0301574920138628,1.0068006405845578,-0.7610889281772176,0.653318255841203,0.9083634103291829,-0.8450062448414198,0.6557838322833385
1.8333333333333357,0,,54,0.9685717246029526,-0.844773285323754,0.744801485463673,0.8951254925769326,0.0008074210146206062,-0.0026796635781816368,-0.44580547328775216,-0.4341759979724884,0.00994963850826025,0.19695009291172028,0.6276115775108337,-0.22286818250669693,0.10360570882813269,-0.16512198746204376,0.029044868424534798,0.15657182037830353,1.1681878566741943,-1.0590155121418316,0.044556412761539654,0.27281033992767334,-0.09671365469694138,0.15899421274662018,0.17556558549404144,0.36491966247558594,1.1994460821151733,-0.6632573008537292,-0.23476655781269073,0.2996523082256317,0.9681579364197638,-0.8447025054903099,0.8198003105848349,1.0625110337422696,-0.8512457902229017,1.3299435866762854,1.1656431098361557,-0.9605609992972728,0.0012269203615500011,0.8124126301562099,-0.8762076051259106,0.10732229484939823,1.0417875063339097,-0.8441996965205004,-0.0032269203615500723,0.6900825673084282,-0.7586134291917684,0.09697988168670618,1.151995692314323,-0.8980269411241165,0.3870471582175614,0.9383779104838342,-0.9926434647589204,0.3370996111550899,1.1244848629692932,-0.6256221459779567,0.6683814253751059,1.1427247099639797,-1.161158690609245,0.9240827533699318,1.0944579702343258,-0.6653862014504152,0.8457983631494745,0.9868880335226702,-1.0658766322212725,0.8996732505227667,1.072229157162875,-0.7685297879674984,1.0225997236209836,0.9511802143455043,-0.9271631179376225,1.0414359909100896,1.0340685479940899,-0.782559388009501,0.6650833054064855,0.9350398036042527,-0.8653376244572222,0.6665946238356314
1.8666666666666691,0,,55,0.9961529395077378,-0.867525331908837,0.7552940275774427,0.9022448923276332,0.0011596570276825907,0.001956667849619185,-0.43121802016520844,-0.3684276044368744,-0.0188035536557436,0.18872831761837006,0.5367463231086731,-0.2043455002148007,0.11434032586473541,-0.27819132804870605,0.05632448568940163,0.14892339706420898,1.1843160390853882,-0.9696300993096623,0.02436723019711312,0.20391212403774261,-0.09170634299516678,0.16035008430480957,0.05446198582649231,0.3307701647281647,1.116636037826538,-0.5451910495758057,-0.19943071901798248,0.3627123236656189,0.9963427387926006,-0.8678088386687838,0.8302932515744184,1.0932824961059435,-0.8828883835052586,1.3397489279898016,1.1738068435165925,-0.9694076239416011,0.0007864609379655725,0.8798069844037616,-0.9354778245075186,0.10400981582788449,1.0478624108681833,-0.8552794761684123,-0.0027864609379654147,0.7536338277125773,-0.8220362308523098,0.09345806907446372,1.1585306603877028,-0.9012038946971351,0.3876901319384188,0.9953576122906165,-1.0359199292001207,0.35950845182430174,1.1966088303669193,-0.7024595395413946,0.6747444454842455,1.1402562174867759,-1.1857403599693908,0.8855821451290332,1.1429605737663786,-0.7130189881855231,0.8507271912641164,0.9920965762020821,-1.0765775423493693,0.8951615056409358,1.1042134908110133,-0.7976202102495229,1.033144164337836,0.9775573789375525,-0.9519026693387416,1.051236622503629,1.0599024305208387,-0.8040345201411586,0.6759942498558092,0.9609428356887242,-0.8866656100680146,0.6766488091521685
1.9000000000000026,0,,56,1.0209902545902878,-0.8884872125927359,0.7641690553522977,0.9105348832584934,0.0014322532431278946,0.006594756487624593,-0.41337716943120867,-0.29318639636039734,-0.04406481981277466,0.17904914915561676,0.4480047821998596,-0.1968745476549918,0.12265278978425709,-0.3832235336303711,0.07922405749559402,0.1410180926322937,1.1478248834609985,-0.8332586773692072,0.012872101857902496,0.13826656341552734,-0.07274789363145828,0.17387855052947998,-0.07942695170640945,0.3004109561443329,1.0213135480880737,-0.4366897642612457,-0.17306824028491974,0.45230305194854736,1.0218021588458415,-0.8890917483391565,0.8391622240279252,1.1211355332893667,-0.9215236973340486,1.3472722023264545,1.1758274512089313,-0.9703067966227463,0.00035964890620588524,0.9523520510825785,-0.996151599589506,0.09346603024212603,1.0466947855044286,-0.8597746290539494,-0.0023596489062058003,0.8215076989914225,-0.8880988559012662,0.08325035075962783,1.1601319961850958,-0.8998514342244189,0.38767384068517746,1.0475234702229805,-1.07218668016696,0.3842300699314194,1.264997757633463,-0.7810135155800306,0.6923811802387284,1.13192417161654,-1.2023673421816554,0.8412336972678254,1.188046454311241,-0.7614730472074263,0.8586828074615511,0.9972236906426031,-1.0862686304721245,0.8895703683255775,1.1325317338671428,-0.8282297274331434,1.0430305370302462,1.0017725406203688,-0.9794123181962415,1.0577968003223048,1.0827225013815307,-0.8235330805085116,0.6852503490901656,0.9842774554039807,-0.9067782218176441,0.6848984346132374
1.933333333333336,0,,57,1.0485910198185593,-0.9085396456066519,0.7705061807961089,0.9133140455825162,0.001081642220125454,0.01217482300128252,-0.4070725462085262,-0.21515518426895142,-0.06450741738080978,0.16994288563728333,0.3657020330429077,-0.19985881241483794,0.13074876384140938,-0.4815654158592224,0.09540645033121109,0.13864031434059143,1.0611634254455566,-0.6530484154237683,0.017080904394375485,0.07410991191864014,-0.03564278408885002,0.2031586915254593,-0.20928512513637543,0.28078240156173706,0.925817608833313,-0.3479597866535187,-0.16318954527378082,0.5575695633888245,1.0501928893180972,-0.9094312328912578,0.8454837713563581,1.150296226197297,-0.9740246067515079,1.3502751466083458,1.1749105621211529,-0.9714322704165382,-4.109633630820092e-05,1.03145841576829,-1.0612668366358822,0.07872287511115036,1.0449393904727027,-0.8618703401880863,-0.001958903663691905,0.8983776952612685,-0.9559020501972788,0.06935358441870416,1.1626588583082658,-0.9008149836685287,0.38699669000004466,1.0923058271739328,-1.1045745274604926,0.4088575620370941,1.3319580001688225,-0.8620517247280078,0.7176473172809588,1.114715384952671,-1.2145172152952122,0.7946226266055966,1.2373450733651363,-0.814577626172228,0.8684921655593292,1.002194003040204,-1.0974524076238001,0.8817681005071828,1.1646807320965546,-0.8662827214098427,1.0509736243222945,1.026208990025882,-1.010946098278456,1.059356281471595,1.1098683964841098,-0.8438345053244787,0.6916666315797881,1.0097961688939536,-0.925349414252106,0.6905678286420279
1.9666666666666694,0,,58,1.072333218762651,-0.9278842734638602,0.7742900867507719,0.9190196700601546,0.0011092798767178564,0.019507393217734335,-0.39372716079860215,-0.14291346073150635,-0.07615038752555847,0.1621539294719696,0.29010558128356934,-0.20702784518673045,0.13324494720840274,-0.5719223618507385,0.11183463037014008,0.1370897740125656,0.9338291883468628,-0.44163177800952225,0.020319285072113835,0.006419741548597813,0.01603325456380844,0.23952654004096985,-0.3313184082508087,0.2812407612800598,0.8344587087631226,-0.27697426080703735,-0.1774606853723526,0.6709248423576355,1.0749568574319968,-0.9291892795497361,0.8492328214169725,1.172439190031968,-1.03329054371861,1.3479054481246955,1.1726574922940156,-0.9673015328502271,-0.00039992312085058643,1.1182122104355685,-1.1275889965993107,0.06568195177960523,1.039676360495048,-0.8614026272070522,-0.00160007687914945,0.9811807223834625,-1.0273082125239392,0.057549570366131016,1.1621002181425992,-0.8990340507496631,0.3862761424565251,1.1315593233610899,-1.129934426605157,0.430612910665025,1.3879098536879575,-0.9342235755618779,0.7467107205172865,1.0936310483303349,-1.2192800331006879,0.7504408550137579,1.2800027826168083,-0.8645815837944185,0.8788682825395757,1.006004719853694,-1.1120404882839128,0.8720174596273218,1.1905874834665597,-0.9065098436954978,1.0563682761264208,1.0463263194793153,-1.0456520559336748,1.0557798557737057,1.1318912318173748,-0.8622332981890831,0.6953338145558612,1.0315977027206413,-0.9438914001868708,0.693696580230711
2.0000000000000027,0,,59,1.0961824676487595,-0.9487783836666495,0.7758697981011533,0.9234463107611125,0.00010874553457533932,0.026428832032514064,-0.3828164261803516,-0.0760134905576706,-0.07902159541845322,0.15587353706359863,0.22455769777297974,-0.2173885709133816,0.13068815291393449,-0.6393352746963501,0.12955576181411743,0.13190877437591553,0.7908260226249695,-0.23514463287196508,0.0189727604198216,-0.0627286285161972,0.06673654913902283,0.2642415761947632,-0.44240498542785645,0.3007758557796478,0.7483691573143005,-0.2146681249141693,-0.21526789665222168,0.7844849824905396,1.0998370643279456,-0.950311055420078,0.8507650238529242,1.1875786402449384,-1.087126782648405,1.3434363205530373,1.172747347091659,-0.9651887847898707,-0.0007016973234482277,1.2055264294264114,-1.1871745066115418,0.059881348989735184,1.037109714469174,-0.8627091444771701,-0.0012983026765517325,1.065339461556341,-1.0912473367190996,0.05312915558148812,1.1637171251291605,-0.9010565948207857,0.3855366095512447,1.164772683451136,-1.1514122495504953,0.44592462675997135,1.4373605472198232,-1.006374458681916,0.7788450278553345,1.067367140640836,-1.2224618459776284,0.7174416320990635,1.3210903789084807,-0.9149894910569838,0.8887977443165946,1.0073825544159034,-1.1287831910398918,0.8643624380751,1.21373418894964,-0.945937059212325,1.0592216510201484,1.0631225268181235,-1.0778915851273503,1.0504857927038305,1.1542983205024007,-0.882612886804744,0.6965070046800932,1.0537383685338333,-0.9644321456028535,0.6948672719722798
2.033333333333336,0,,60,1.1207993051502854,-0.9694074320141226,0.7754519614483513,0.9285398007234335,-0.0007767340523084943,0.0335965488557922,-0.36970867863992424,-0.017039990052580833,-0.07515452057123184,0.15140746533870697,0.1714772880077362,-0.23309676453020467,0.12265402491210314,-0.6852079629898071,0.141567200422287,0.1260489970445633,0.6515548825263977,-0.055320455229561416,0.018174592686574287,-0.12211371213197708,0.10432031750679016,0.27559301257133484,-0.5395165681838989,0.33078426122665405,0.6695438623428345,-0.1500503122806549,-0.25877028703689575,0.8940365314483643,1.1255217398652382,-0.9711623880944512,0.8502825617367301,1.2044086659252045,-1.128620273323864,1.3384278911907892,1.1757054965616547,-0.9616203935408834,-0.0009354659163724431,1.2865648973607664,-1.2354818978352338,0.06000743107313062,1.0369064638601693,-0.8634633160449628,-0.0010645340836275483,1.143267786891621,-1.1441764895199034,0.054598129494887626,1.1681108584711766,-0.9040470215885518,0.38457931264340645,1.194603857848073,-1.1690980273705214,0.4535776642279354,1.4800458601682536,-1.0690399724767354,0.8105564885634644,1.044015212551574,-1.2210933650285976,0.6952282336228074,1.360015843390487,-0.9589867378827636,0.8968156610142906,1.0118139024751192,-1.1443080065549571,0.859626069854318,1.2370627881540677,-0.978746134880284,1.059379364878703,1.0823262635085735,-1.1053532136949094,1.0452570267344172,1.1770092127552263,-0.9022982352500076,0.695598985390985,1.0770065189157105,-0.9852611758938039,0.6943123602222377
2.066666666666669,0,,61,1.1461942216847092,-0.9922441171947867,0.7731436042418541,0.9334682880978995,-0.0017295172846914424,0.038646495721004925,-0.3565675423451007,0.03864264488220215,-0.06675972789525986,0.148279070854187,0.13279540836811066,-0.2561925437969328,0.109607394694817,-0.7111676335334778,0.14704374969005585,0.1184101477265358,0.5277559757232666,0.09186560624275164,0.016514065285176127,-0.16525781154632568,0.1230163425207138,0.27699732780456543,-0.6192572712898254,0.3636247515678406,0.6004891395568848,-0.08189141005277634,-0.30008232593536377,0.9937247633934021,1.1516980168741064,-0.9940689626638636,0.8479191228126214,1.226079611801579,-1.1594674264143807,1.334238848627986,1.1809469724375357,-0.9595622235001424,-0.0010940396254900606,1.358320435025988,-1.2763277154041284,0.06267419238163893,1.0391548815781653,-0.8657807349433736,-0.0009059603745097122,1.2125741117540456,-1.188919339714922,0.05845695251592299,1.175970892976813,-0.9111039042205785,0.3830749135383216,1.2225347940817237,-1.1879837507776925,0.4548230514247845,1.5177256237743195,-1.1213082885026606,0.8391283868275318,1.0258214575112121,-1.2210542549238046,0.6841619050459348,1.3969998414170202,-0.997166279783833,0.9021649742164491,1.0203707232421912,-1.1612442230945286,0.8583819205225659,1.2619311768685066,-1.0065897343894428,1.057219524982378,1.1052365285551573,-1.130516586529318,1.0410607066884172,1.2007435233418018,-0.924290655291752,0.6928349218923837,1.1016702157551168,-1.0087611322754837,0.6920062263136805
2.1000000000000023,0,,62,1.1732307693455368,-1.016026251250878,0.7681658189286116,0.937618504775212,-0.0019169038406531963,0.04090392451367494,-0.34524590358488105,0.09546956419944763,-0.058542944490909576,0.1467067152261734,0.11003179848194122,-0.2921789203019234,0.09398495832187717,-0.718437671661377,0.14460846781730652,0.10774929076433182,0.43398916721343994,0.19336547570916962,0.01206167841830147,-0.19479383528232574,0.12484408915042877,0.27269819378852844,-0.6741449236869812,0.38960009813308716,0.5445395708084106,-0.014571762643754482,-0.3369140625,1.0748350620269775,1.179082881306612,-1.0178749394307811,0.8429142980944684,1.2527414540277786,-1.1825517843356061,1.329590241565995,1.1865282508619226,-0.9572235366368427,-0.0011769576698391765,1.4165535323781204,-1.30926663901844,0.062394241471566345,1.042272584236043,-0.8672781232448556,-0.0008230423301607975,1.269488523412643,-1.2240556322946454,0.05908252422798106,1.1876822111201188,-0.9206161622693974,0.38016016841176004,1.2500593338662813,-1.207975009754788,0.44969281136777894,1.5517272120438659,-1.1621783610008138,0.8590039085353555,1.0149605083662805,-1.224677108287373,0.680835310173647,1.4321024631805646,-1.0290209172264664,0.9028054933359265,1.0334759345640792,-1.1790397988037762,0.8584134033607864,1.2892797374284084,-1.0305273928084309,1.0521913098149567,1.131857177517407,-1.153579983137484,1.0364311529509729,1.2268649273213283,-0.9475245212994248,0.6875852757069686,1.128672676660826,-1.033349476250703,0.6870644940321203
2.1333333333333355,0,,63,1.202658178517595,-1.0405161308590323,0.7595153473854843,0.9410924197812851,-0.0015117800491754579,0.04022829731010362,-0.33574462921514964,0.1560523808002472,-0.05405757576227188,0.1469561606645584,0.10515996813774109,-0.3457222553438255,0.07942714095661216,-0.7242240309715271,0.13766632974147797,0.09434311836957932,0.3828164041042328,0.2536226223432734,0.006027024718239904,-0.22152070701122284,0.1198696419596672,0.26035359501838684,-0.7026658654212952,0.39857587218284607,0.49869051575660706,0.04628707841038704,-0.366127073764801,1.1319597959518433,1.2084130961712918,-1.0423286873619846,0.8342722571779763,1.2785921431749867,-1.2004749826775136,1.3235719966185615,1.1905765322410828,-0.9551162815478633,-0.00118146515600406,1.4670249352772329,-1.3389509736184282,0.05847589057036778,1.0442656142798135,-0.8685542600435147,-0.0008185348439958759,1.3194435752715499,-1.2546192489769596,0.05566477017655235,1.2032312542148815,-0.9325730375740271,0.3747037183263031,1.2820442769497955,-1.2309687831830398,0.4413521200837467,1.5812008405893432,-1.197537250299207,0.869784589438246,1.0140056065105123,-1.2324651177871409,0.6789492670104726,1.4643350467719554,-1.0579785091382734,0.8985127673333955,1.0505253668811774,-1.1966643064730988,0.8559921240137803,1.3175226401692246,-1.0525497672584676,1.044288670663179,1.1593075806370674,-1.1746985058116426,1.0294608081367045,1.2561865423844099,-0.971802092057694,0.6788032460476995,1.158512430346405,-1.0585748168623028,0.6782281935557399
2.1666666666666687,0,,64,1.2333728095982224,-1.0673450159374624,0.74787648894205,0.9442337846392803,-0.0008773489221197098,0.03598071133152672,-0.32730288513352185,0.2156480848789215,-0.048932719975709915,0.14777453243732452,0.12096726149320602,-0.4129813189124871,0.06237408313160858,-0.7257392406463623,0.13395392894744873,0.07800381630659103,0.3736535310745239,0.2725334241214179,-0.007221467955876526,-0.24765658378601074,0.11756796389818192,0.2350388914346695,-0.7089136838912964,0.38914841413497925,0.4578028619289398,0.096871018409729,-0.3842378258705139,1.1672505140304565,1.2385120139084314,-1.06898724115768,0.8226821817426919,1.296323222230162,-1.2153432225485992,1.3171937844512562,1.1961460012930505,-0.9553247649010583,-0.0010840381257187504,1.51165251083053,-1.3629636010361381,0.04952639801510706,1.0481220777291087,-0.8717251847399712,-0.000915961874281189,1.3637279793045085,-1.2792320204346992,0.04681431711810512,1.2237521275493728,-0.948816718151886,0.3664802633660659,1.3186583671012038,-1.2566547078523163,0.4307006328555377,1.604783481031219,-1.2317157714840885,0.8772823911354989,1.024269404180049,-1.245789132738801,0.6727483338380394,1.4917578087115073,-1.0869813956630705,0.8926681656218776,1.0701733234053357,-1.2155383884593376,0.8486383189834849,1.3427321096243885,-1.0746606133181043,1.0353228073347396,1.1836439179480887,-1.195611600867577,1.0200260501629677,1.287483134383704,-0.9986514868412575,0.6671847335548787,1.1902397915787708,-1.0862481949378362,0.666206808735691
2.200000000000002,0,,65,1.2654268762562424,-1.0964401888195425,0.7335654881065257,0.9457283510030126,-0.0009626740073748404,0.029433782796102644,-0.3236210929438778,0.26924431324005127,-0.040216151624917984,0.1486966907978058,0.16087616980075836,-0.49422564225131893,0.043045913320381324,-0.7092365026473999,0.13532103598117828,0.060050394386053085,0.39145731925964355,0.25016173075823556,-0.02691640665869896,-0.2658924460411072,0.11686520278453827,0.20253361761569977,-0.6896398067474365,0.36438652873039246,0.4248093366622925,0.1371983289718628,-0.394239604473114,1.1875801086425781,1.2696490619285354,-1.0977324335480025,0.8084353969598858,1.3098819186686654,-1.2284347158986102,1.3090115467555958,1.2050775328218453,-0.9583530251912689,-0.000871556497422106,1.5444095763345953,-1.3811306473497367,0.032370166349071534,1.056351318913517,-0.8760095536494352,-0.0011284435025778541,1.3968114942656913,-1.2968306147789794,0.02948734166652137,1.2508220799255854,-0.9696459245362691,0.3546443331500809,1.3546525191314476,-1.2835435733104026,0.41535951972117363,1.6243522300562532,-1.2638564737884856,0.8770577329400341,1.0430104305287076,-1.2639583357084319,0.6613660196174377,1.51545991978124,-1.1153138070996824,0.8831491318037908,1.0923904698707032,-1.2359378322147565,0.8366829534906718,1.3668047332762303,-1.0973719786733631,1.0244434860076113,1.2066717994835146,-1.216784356149324,1.0080023023374398,1.3209974743660333,-1.0284417857420374,0.6528680350453191,1.2237235359888572,-1.116218820394993,0.6517019138081701
2.233333333333335,0,,66,1.2992178222630173,-1.1260634588543326,0.715826396029708,0.9455980944100572,-0.0007079653916835601,0.022022481810063534,-0.3245901306694309,0.311665415763855,-0.029087940230965614,0.15064381062984467,0.22902382910251617,-0.5921362442015687,0.02071094607117488,-0.6842544078826904,0.13627365231513977,0.043623100966215134,0.42222487926483154,0.20697487055438435,-0.04649846730474552,-0.27111124992370605,0.11719170212745667,0.17005890607833862,-0.6435301303863525,0.3285573720932007,0.4048941135406494,0.16762131452560425,-0.39870694279670715,1.1990021467208862,1.3023759545749332,-1.127035283282799,0.7907535723916974,1.324051038792684,-1.2422151087612268,1.296268842720591,1.2184744160316736,-0.9619264970616558,-0.0005305894271494561,1.5700334389652153,-1.3982366561324586,0.009299012708873344,1.0699021007485812,-0.8793106042426724,-0.0014694105728506497,1.423597365770954,-1.3119445588068623,0.006113042433622304,1.2852647683577405,-0.9930238019362617,0.33781199626468006,1.3900664079074072,-1.311277232297678,0.39535420391611,1.643726099737217,-1.2904242053503758,0.8634042990023354,1.0691783790839702,-1.285553879413448,0.6437592641894659,1.5372263713558034,-1.1400811860246496,0.8671922534473561,1.118416855137101,-1.2580317999597086,0.8191949271051782,1.3918303423023972,-1.1204604132032259,1.0099501579740193,1.2310970486900732,-1.2388035613793689,0.9917322408512016,1.3568471084239397,-1.059144417283559,0.6352842313639441,1.2590348862406293,-1.1464214573476705,0.63384730789753
2.2666666666666684,0,,67,1.3345590850804,-1.1566775965038687,0.7118983422532748,0.9440325738591079,-0.0022487574858083767,0.010830825725775574,-0.32966670410706606,0.33533555269241333,-0.017152348533272743,0.15492796897888184,0.32867467403411865,-0.696315963945489,0.0005060220469503274,-0.6520889401435852,0.14098797738552094,0.02806953713297844,0.4619167447090149,0.15542406393975483,-0.0663361630555177,-0.262445330619812,0.11893652379512787,0.1435951590538025,-0.5752929449081421,0.288057416677475,0.40319180488586426,0.18694579601287842,-0.3983713686466217,1.2047955989837646,1.336203983993741,-1.156894745849238,0.7868799876988549,1.3381342857238687,-1.2563577786204017,1.2962067403156168,1.2418365556520956,-0.9735271777522676,0.013990655282068533,1.594850452615394,-1.416486619757416,0.0007858515617352561,1.0940090140041123,-0.8896018242784969,0.012105721697979407,1.4501061790032974,-1.3274004918064026,-0.002785851561735407,1.3297544600765765,-1.0232080806417074,0.3312190707791428,1.4270100793906102,-1.3412155201656948,0.3896020866105368,1.6646334766843822,-1.310748921904991,0.8550900425811091,1.1024416826235208,-1.3118994754558437,0.6372844072017821,1.5576532159717653,-1.160914553850355,0.8631181290091745,1.1481381648268696,-1.2828570602818052,0.8134318847291822,1.4171047413104438,-1.1436219473622582,1.009064043029626,1.2565636031579501,-1.261833678278892,0.9884554396224269,1.3949348437890523,-1.0915620584962102,0.631650572207065,1.2963181690074312,-1.1778702981232574,0.6298260429895022
2.3000000000000016,0,,68,1.3680453321430832,-1.1869913267437369,0.7183109745334402,0.9421127475278201,-0.002989283278822264,0.0005231861974753889,-0.3352825098439574,0.32200518250465393,-0.0035181043203920126,0.1628299504518509,0.4575441777706146,-0.7962318005969151,-0.020388824041101344,-0.6088982224464417,0.15736493468284607,0.012100505642592907,0.5068702697753906,0.08585249701403397,-0.09691749489531978,-0.24105769395828247,0.12344769388437271,0.12689262628555298,-0.49682363867759705,0.25019165873527527,0.4223349392414093,0.19128486514091492,-0.393339604139328,1.2051503658294678,1.3682696053610328,-1.1865952027385052,0.7933095931026924,1.354007847093748,-1.2764147138473585,1.3042734608041082,1.2746589600629492,-0.9937436557227981,0.036497357866174515,1.6149647708177688,-1.4218218844226815,0.000996597663495604,1.1273624932407154,-0.9089244229385999,0.03342349847014911,1.4715100503655751,-1.330691222343097,-0.0029965976634956787,1.3811281668162125,-1.059049403307405,0.3311338889114967,1.4615682964284697,-1.3663223618682672,0.39192665760578466,1.6868964422102137,-1.323938552862177,0.8477799935209198,1.1405477092515175,-1.3435723971895532,0.6389000652392313,1.5759951615952732,-1.178068813998528,0.867337330916004,1.180179605204095,-1.3121303028097733,0.8161012834302617,1.4414405667450956,-1.1683935794774232,1.0177711341582483,1.2825344034624522,-1.2882492212051522,0.9941990889176652,1.4304529156933574,-1.1230677203811108,0.6388003383638456,1.331791712021601,-1.20897332288233,0.6363409428715382
2.333333333333335,0,,69,1.3969053050968796,-1.2149307655636221,0.7264107599151927,0.9370942605530485,-0.002187747893696032,-0.005105214160556527,-0.349032229723938,0.25807029008865356,0.014155627228319645,0.17533737421035767,0.6089949607849121,-0.8786835164283491,-0.040652065253472536,-0.5554245114326477,0.17694538831710815,0.0018056973349303007,0.5450226068496704,0.004111300278262009,-0.1284251537318866,-0.20483489334583282,0.1338815838098526,0.12859588861465454,-0.41520437598228455,0.22132053971290588,0.467589795589447,0.17418824136257172,-0.3787159025669098,1.1975090503692627,1.3963022342423785,-1.2143559640221626,0.801406132497322,1.3730642391091323,-1.3072743020890893,1.311541609581997,1.320128149181504,-1.0219678316359921,0.055320395477314765,1.6195353141129836,-1.420752283345011,0.0011356083533841585,1.1743546850758833,-0.9346161388348976,0.05087304486931689,1.4787786054234069,-1.325519381117254,-0.003135608353384226,1.4392840999282126,-1.100032121541513,0.3299783626102662,1.4843356911195302,-1.3862483606807634,0.3924840437828329,1.7071274495606534,-1.3321266476597813,0.8308182180018118,1.1809889382379923,-1.3751350554663355,0.6399976292935283,1.5917676050725358,-1.194234779824902,0.8712842935324783,1.2123675031648429,-1.3425199531280099,0.8186347054192871,1.4649195427851798,-1.1971022009727201,1.0272506663005134,1.3073509215702313,-1.317974513435451,1.0001545671655458,1.4608794515846242,-1.1520497696465424,0.6479105146018797,1.3617817984172602,-1.2367711900575238,0.6448326026746335
2.366666666666668,0,,70,1.4219853898975998,-1.2400994228664786,0.733065144424768,0.929360280430109,-0.002053991278745324,-0.0060100995414947575,-0.36911939664856047,0.15527617931365967,0.037865374237298965,0.19033282995224,0.7726039886474609,-0.9434878036827623,-0.053945525928973476,-0.5070527195930481,0.19227614998817444,0.0013443611096590757,0.5560566186904907,-0.052242275039022346,-0.14729336092204434,-0.15459242463111877,0.14431063830852509,0.15388371050357819,-0.3340727388858795,0.2056158483028412,0.542570948600769,0.1339593082666397,-0.35345351696014404,1.1789662837982178,1.4212612829315352,-1.239480321532373,0.8080590933982672,1.4019059042048738,-1.3462759956224704,1.3156693743442585,1.3738788761281961,-1.0587136075766792,0.0693180902888368,1.618975981015755,-1.4271330287453317,0.001128561093338476,1.2304495826932127,-0.967649547963835,0.06337041582147174,1.4821386303496267,-1.326349020225315,-0.003128561093338509,1.5008699818020346,-1.1468030406827974,0.32776535846737226,1.497201661139373,-1.404393477902436,0.39156809045342744,1.725787283508571,-1.3301089339374557,0.8016622357507869,1.2252266928369953,-1.407409681789071,0.6402230848509062,1.6073913122092245,-1.2075598714016968,0.8718312136246243,1.2469863075919498,-1.3737312756305855,0.8200892804756209,1.4909623380033894,-1.2278961023380832,1.0337974502816485,1.3345587524451723,-1.3497559890414808,1.0044670677889416,1.4869252611976438,-1.1783201137058554,0.6551750917799108,1.3868662975724095,-1.2611389624424998,0.652047704034132
2.4000000000000012,0,,71,1.4423621913883835,-1.2617109941784292,0.7386055212387719,0.9212529268485201,-0.0029841870407484447,-0.0035825193548028995,-0.38893611937670886,0.03750014305114746,0.06820088624954224,0.1986527293920517,0.9325181245803833,-0.9947325895724677,-0.06368601098741222,-0.470481276512146,0.2018955498933792,0.011378556489944458,0.5374243855476379,-0.07105138435506486,-0.15046550110260032,-0.09572350233793259,0.14506736397743225,0.193167582154274,-0.26411622762680054,0.20473191142082214,0.6390324831008911,0.07345692068338394,-0.31963199377059937,1.1470741033554077,1.4420412291412863,-1.2610896098452788,0.8136022602661886,1.440374740034622,-1.3843416268339166,1.3178286489015316,1.4265278043999436,-1.098033426464536,0.08266058771324919,1.6191359244974726,-1.4422125948653468,0.0010179953870396857,1.2857745901189421,-1.0029896480947231,0.07523005188085924,1.4858838850554257,-1.3367251322785225,-0.0030179953870397777,1.5580694373665744,-1.194412789049643,0.32810081109565553,1.5031535843232497,-1.4204493981315136,0.39119473604446425,1.7398561883592913,-1.3152973009074596,0.7688084972932949,1.272926802003892,-1.44211507315677,0.6423281878026745,1.6224899718298276,-1.2160682325315726,0.8704860632111544,1.2835502120744544,-1.4048836774844806,0.8224962497307927,1.5185796739331372,-1.2554829600099262,1.0373361152968692,1.364007138108628,-1.3798259664959462,1.0087295984379707,1.5074532183793252,-1.2006391822979388,0.6606571251409545,1.4065295998085106,-1.2817715438193422,0.658198639407662
2.4333333333333345,0,,72,1.460609438130632,-1.2809507774654776,0.7453476913517705,0.9131813366839651,-0.0041350812653319175,7.53929607339816e-05,-0.4075325039195248,-0.08581031113862991,0.1038508266210556,0.1932331621646881,1.061754584312439,-1.009722002752437,-0.07652585122103536,-0.43263277411460876,0.2008306086063385,0.03171483799815178,0.5053457021713257,-0.07922720971011832,-0.13856638234059288,-0.03489324450492859,0.13290664553642273,0.22556498646736145,-0.21913880109786987,0.21536552906036377,0.7364310622215271,0.0007758939173072577,-0.2838912010192871,1.1030843257904053,1.4608725422506268,-1.2803889743722117,0.820345125664595,1.4821216608040584,-1.4126030722762213,1.321789544754766,1.483042407961768,-1.138974529158896,0.0933769586387045,1.6137701591401696,-1.4610392157673284,0.0008733132641245561,1.345639664262761,-1.0392419904987487,0.08478005475490526,1.4838262869295555,-1.351492180825394,-0.0028733132641246342,1.6118248560395343,-1.2412644370722947,0.33560844988209954,1.5040137868876935,-1.4346311778831748,0.39170856410595156,1.7512269539070726,-1.2992489823341569,0.745574728563981,1.3239937824775856,-1.479737957067432,0.6499228391232357,1.6394874153384402,-1.2236668935320756,0.871118297005186,1.3212334016145983,-1.4344328385575944,0.8285268445051669,1.5464961441314613,-1.2769711989785018,1.0409754604360282,1.3939997832700222,-1.4045977628350617,1.0159054579991493,1.5254848804336274,-1.2202026579120506,0.6668703875202314,1.4239646495707874,-1.300094662275985,0.6656135437450145
2.4666666666666677,0,,73,1.478999855229631,-1.2975362467113882,0.7527503678808317,0.908735865911963,-0.003250641522451021,0.00532546186211599,-0.4173250517173424,-0.2178802788257599,0.13467992842197418,0.17944610118865967,1.1378536224365234,-0.9657748696693798,-0.07944992550571672,-0.3860788643360138,0.19996333122253418,0.05167413130402565,0.4707348048686981,-0.09751620210743916,-0.13239553834354184,0.029170559719204903,0.10747518390417099,0.24813836812973022,-0.1900443434715271,0.23329783976078033,0.8277210593223572,-0.07441960275173187,-0.2567562758922577,1.0519452095031738,1.4799292570803495,-1.2974265178276412,0.8277445287986789,1.529757263251814,-1.4309898427000929,1.3266918826063225,1.5443718271030245,-1.184069824713553,0.09622193493500555,1.6085369088004324,-1.465750874086556,0.0007043831040184911,1.408876762461511,-1.0818216871891062,0.08692646127445695,1.4800289452867696,-1.3545120156489125,-0.002704383104018427,1.6621980423724783,-1.2838501587529458,0.3514346339174758,1.5061131436443262,-1.4407857658186425,0.3916222437452003,1.7618333090642244,-1.278081619783286,0.72920041686699,1.3798561127226745,-1.5201873563712247,0.66284075335498,1.6578195580915083,-1.2261581677279105,0.8721852375278105,1.3626814681033668,-1.4641993950266814,0.837568953628578,1.5758144886417897,-1.291025942387962,1.0444057375186069,1.428262262056521,-1.425268980893673,1.0249292916805262,1.5423524337507666,-1.2352596336256136,0.673576969316897,1.441957784602395,-1.316221247087279,0.6736903939886344
2.500000000000001,0,,74,1.4957512638065964,-1.313923470908776,0.7584723396551057,0.9063611070900752,-0.0027298405866058415,0.011737620652005364,-0.4223320018495574,-0.350473016500473,0.15766426920890808,0.16065596044063568,1.1560864448547363,-0.8648882157488855,-0.06703403213680414,-0.3386865258216858,0.20598331093788147,0.06557303667068481,0.43291667103767395,-0.1149601772178308,-0.1352949887064498,0.10110855847597122,0.07607784867286682,0.2666509747505188,-0.1623385101556778,0.25840839743614197,0.913973867893219,-0.14625178277492523,-0.24251486361026764,0.9987092018127441,1.4975199770898604,-1.3142959136323744,0.833450556089876,1.5798611073203686,-1.4425901146201512,1.3293696820813083,1.6077273707492115,-1.23674298668501,0.08978097695527033,1.605996579775676,-1.4640543123321375,0.000510599370765235,1.473373387780671,-1.1330212140737632,0.08025201337731508,1.4779595859986636,-1.3522625390090994,-0.00251059937076541,1.7052110192541914,-1.3244409172815745,0.3719361286628636,1.5083703353901143,-1.4438860557384778,0.3909798357849025,1.7665721683472182,-1.2519100453804282,0.7147458294204685,1.4367270657361764,-1.5612300954499319,0.6776362700293471,1.673246957602718,-1.2243305695724302,0.8712365376360645,1.4050340634843046,-1.4947186907293744,0.8465485278868785,1.6039136225264563,-1.3007237408031418,1.0453062426844664,1.4643196367370868,-1.4439910169496557,1.0326495599833863,1.5568399376165787,-1.249417631165386,0.678108943681695,1.458343761048477,-1.3325487965804468,0.68011906284373
2.533333333333334,0,,75,1.5112442991230637,-1.328225605422631,0.7628887090035248,0.9042564678468641,-0.0008060871149993379,0.01908109100613511,-0.42656242514629894,-0.4760567843914032,0.1680196076631546,0.1450268179178238,1.1168794631958008,-0.7151350674068828,-0.04506003634669037,-0.2949514389038086,0.211637482047081,0.07681389898061752,0.3939455449581146,-0.13030106990808799,-0.1417955444192705,0.17730769515037537,0.044806238263845444,0.27890053391456604,-0.1326124519109726,0.28789499402046204,0.9919061660766602,-0.21437814831733704,-0.2424633800983429,0.9454718232154846,1.5138840060876426,-1.3293371604676252,0.8378339983319616,1.6259780333012728,-1.4487298510589472,1.33007192539998,1.6725763202816102,-1.2955751949253966,0.07810459595586258,1.6042052930434678,-1.4588102625555233,0.0003067816604921496,1.539281699604993,-1.190470633022246,0.06885391134208818,1.4767673790701863,-1.3463258308820436,-0.0023067816604922,1.739442701425044,-1.3599835704281689,0.39525690385314016,1.5099838430052812,-1.443873425724236,0.39010455771591235,1.7652056167249188,-1.2232213497697713,0.7046095128713036,1.4934469439254263,-1.5981176971927549,0.6926440085591664,1.684935104012761,-1.2190424137630673,0.8704369698467616,1.4463933379576408,-1.522736359536856,0.8540849460651283,1.6286814253959263,-1.3068277400002464,1.0450226109683245,1.4987665788706714,-1.4593066967491912,1.0383528807584175,1.5701368554477135,-1.261294775953596,0.6812685681599391,1.4734204037354193,-1.3465464029507195,0.6851121050318438
2.5666666666666673,0,,76,1.5276407024357468,-1.3431968616787344,0.766147503703163,0.9015138241604187,0.0008966974147645107,0.025935882493938814,-0.4319714698688616,-0.5812110304832458,0.1651938557624817,0.13660946488380432,1.0268651247024536,-0.5322634031626254,-0.017126850353757883,-0.25198832154273987,0.21392379701137543,0.08709892630577087,0.35738441348075867,-0.1468344867503062,-0.14605616860668252,0.25055333971977234,0.015435785986483097,0.28055340051651,-0.1012466624379158,0.3185308277606964,1.0564991235733032,-0.27666324377059937,-0.256635844707489,0.8945997357368469,1.5310898337722172,-1.3449986536385472,0.841046482593114,1.6653125542173446,-1.4508029083609237,1.3308148485117508,1.7367550905586688,-1.36420082643753,0.06564932603912738,1.6021380102824474,-1.4557680612056854,0.00011588780943330018,1.605042876582495,-1.2570537653641654,0.05719947439337521,1.4758780296307574,-1.341954896486388,-0.002115887809433375,1.765068753614432,-1.3930998016112497,0.41719635595242505,1.5121407445602868,-1.4452270805205143,0.3891763590072425,1.7625145483687232,-1.2002441938450197,0.6992210147358731,1.548925552031189,-1.6331957169238687,0.7096319200064986,1.6954555683459325,-1.215175579887463,0.8702172460198477,1.4862006763237443,-1.5497558347073552,0.8614967949030596,1.6509250944746678,-1.312183516118824,1.0445033150272023,1.5306380531392625,-1.4724994849116093,1.0430881341888714,1.584968096671815,-1.2744732221484083,0.6832454111496024,1.4894031880609024,-1.3611852219286542,0.688880225740333
2.6000000000000005,0,,77,1.5466909429524094,-1.3587226795498282,0.7683578956518949,0.898070795011356,0.0024300798695467917,0.03156718891923727,-0.438709988994137,-0.6609926223754883,0.1553701013326645,0.13250397145748138,0.8970871567726135,-0.3299837694956471,0.0064686795607217795,-0.2081630527973175,0.21176308393478394,0.09689336270093918,0.3258427679538727,-0.16770608617823224,-0.14732739353689583,0.3166373372077942,-0.011673259548842907,0.2715301811695099,-0.06758669763803482,0.34586694836616516,1.1058424711227417,-0.33190810680389404,-0.2800910174846649,0.8476716876029968,1.5507834634728317,-1.361127363279386,0.8432075367462297,1.6981733961411327,-1.4503945418377517,1.332462182806978,1.8013957831361402,-1.4385751627984535,0.05676954144225839,1.6008311809828233,-1.454308000884885,-4.9879546529359164e-05,1.6720070663714108,-1.3285442733245294,0.04957486733193784,1.4763415648934644,-1.3385551410047953,-0.0019501204534706947,1.785611716376481,-1.4222385382188327,0.4348284864147107,1.5167909354604059,-1.4478867200710288,0.3880621315921443,1.7621183411063106,-1.1849139208476593,0.6970873560995935,1.6033347053458435,-1.665728557878482,0.7291121760292892,1.7068217462319422,-1.2138981822333204,0.8704706407362498,1.5251739782666527,-1.5753077565635114,0.869378150649576,1.6722278818973604,-1.3176253993441411,1.0441987369769048,1.5605104063246282,-1.4840036864177226,1.0473061703417426,1.6032551890554843,-1.2889534168714827,0.6843745439147835,1.5081605022671576,-1.3764088927466183,0.691499540933292
2.6333333333333337,0,,78,1.5654680749867111,-1.3746776508633047,0.7694691975976307,0.8947014244178105,0.004937147170281762,0.03549305981974083,-0.4452249189198558,-0.7120534181594849,0.1509699523448944,0.12342343479394913,0.7536062002182007,-0.1375433403358448,0.010432040488672911,-0.1648588329553604,0.20602412521839142,0.10594979673624039,0.30139708518981934,-0.19339726951688685,-0.1486683664954428,0.3717307150363922,-0.03259122371673584,0.2555263936519623,-0.03163157030940056,0.37209776043891907,1.1419161558151245,-0.37856391072273254,-0.3087959885597229,0.806536078453064,1.569901707521074,-1.3777106009562456,0.8442765776899983,1.7213568361162692,-1.4522288899439324,1.334748346022503,1.864104156580586,-1.5037786090724168,0.05441315860446638,1.5996725795967432,-1.452558172889702,-0.0001868168468885309,1.7372752890206,-1.3907264696678878,0.048612113051245055,1.4770780778248527,-1.3347959418139452,-0.0018131831531114917,1.802905398230709,-1.4440594599846837,0.44596829365111224,1.5226102374461077,-1.4513219133435926,0.38648486392929926,1.763187478240725,-1.1751579079096015,0.6984033738391047,1.6521664190891185,-1.6951276672346673,0.7487839495781251,1.7168786786687005,-1.2153586142522848,0.8721818607007285,1.5596384642665266,-1.5997507237656556,0.8764608090125011,1.6896934004616349,-1.3251541897413577,1.0444965992221422,1.5850521638012272,-1.4960005795818803,1.0503196197991866,1.621994642213616,-1.3042975682619589,0.6849823076158315,1.5269441598053926,-1.3920638905009464,0.692807605748748
2.666666666666667,0,,79,1.5869468471501023,-1.3924142050091177,0.7693946920647649,0.8896895995596625,0.006234364419060305,0.0376046803681135,-0.4549719080889168,-0.7339654564857483,0.1438964307308197,0.11638855189085007,0.6203969717025757,0.019358079744960177,0.013443765975790056,-0.12099477648735046,0.19552280008792877,0.11451036483049393,0.28587958216667175,-0.22571639035083657,-0.14449945149627447,0.41712701320648193,-0.04201045632362366,0.23752537369728088,0.007218142040073872,0.39970865845680237,1.1691312789916992,-0.4157940745353699,-0.3382817208766937,0.7730818390846252,1.5915398520015245,-1.3958125633636662,0.8441767451719702,1.739913613697587,-1.4607359431457427,1.3369392093582824,1.914696921738174,-1.5643047452877117,0.05549692157990139,1.5983572662728132,-1.4546282912907378,-0.0002722023669933585,1.7914747189017184,-1.447275181134723,0.05098362541269881,1.4786437471464395,-1.3339363090350762,-0.0017277976330066953,1.818622222319806,-1.4661133322579265,0.449459025535565,1.5309642297570385,-1.4581460594875364,0.3844828088285742,1.770666037066403,-1.1711503023071237,0.7025207837364777,1.694779520340888,-1.7236041739483872,0.7663693798530243,1.7306835113874928,-1.2213874877977138,0.8752552245364742,1.5908568760929775,-1.6245000132051903,0.8818596978025256,1.7079436858522972,-1.3376385942007385,1.0450118288233814,1.607468078954015,-1.5109343968057365,1.05174993819556,1.6444881648179859,-1.3226410730661116,0.6846492153128833,1.5484600228581842,-1.4095596230588827,0.6928695916841553
2.7,0,,80,1.609955312917009,-1.4108267950359732,0.7682958654709989,0.8854364626864537,0.007512629300161742,0.03747519085483233,-0.46318618396568406,-0.7333672046661377,0.12950752675533295,0.11524317413568497,0.5114452242851257,0.13200517029395842,0.020382496986334875,-0.07718058675527573,0.1793668568134308,0.12301964312791824,0.2793927490711212,-0.26423535602374804,-0.1366391519221941,0.45539388060569763,-0.046408746391534805,0.2217041254043579,0.04814913496375084,0.41585981845855713,1.19016695022583,-0.4430794417858124,-0.36512038111686707,0.7490291595458984,1.6144106360667958,-1.41442828701974,0.8430767410417077,1.7567563748262278,-1.4722583540733958,1.3384866119727443,1.9510309333952587,-1.6156505024700567,0.05658823367318512,1.5978101277018766,-1.4580048533031351,-0.0003052335245641337,1.8313493015623206,-1.4949678161481084,0.053124677130662296,1.4806078176028068,-1.3348720481469951,-0.0016947664754361456,1.833751584570255,-1.486802341068428,0.44756944525204256,1.5421309709969908,-1.467222160997693,0.3817696053938136,1.7779103070550104,-1.172231344279294,0.7063733437420328,1.733351570024223,-1.7496432774251964,0.7805792813632098,1.7442529409440164,-1.2305243117162716,0.8779212258567067,1.6206807365484859,-1.6484577635657298,0.8855856586602411,1.72649809760839,-1.3520515376716455,1.0451755363890656,1.6294873690037124,-1.5273133018363347,1.05184017872534,1.6688736986066657,-1.3420106044099245,0.6837264399828165,1.5718576159711393,-1.4280314279748128,0.6917347591532
2.7333333333333334,0,,81,1.6346277019474655,-1.4304944204632193,0.7656334544625752,0.8815820028478725,0.00888219730291128,0.03617937202917122,-0.47055853181658586,-0.7244759202003479,0.1128615289926529,0.1180754229426384,0.437176913022995,0.2016804018564613,0.02974024134113884,-0.03188561648130417,0.16051839292049408,0.1309088170528412,0.2800256013870239,-0.3101969655724295,-0.12793577763463232,0.48864540457725525,-0.049932219088077545,0.20830780267715454,0.08787354081869125,0.4202955961227417,1.2076939344406128,-0.4610876441001892,-0.3866758346557617,0.7344620227813721,1.6387850253774294,-1.4342226550840318,0.8404252784041724,1.7745075006048192,-1.4860235932947339,1.3383533871058004,1.9777749972009346,-1.6589485528239325,0.055707454173090795,1.597981185033806,-1.4610337264592108,-0.00030108581904540743,1.861391025421556,-1.5350647393731915,0.05295574965429002,1.4830811825303556,-1.3357499066715874,-0.0016989141809542786,1.8510064767191892,-1.5085596784270632,0.44289702742852727,1.5556321450897712,-1.4777957570000475,0.3778296334862393,1.7854771355417145,-1.1794639113534389,0.7076279385331432,1.768742752528601,-1.774239251167916,0.7902231644655172,1.7586386225228927,-1.2434245177643475,0.8783566685426395,1.6499843034082842,-1.6719784722452116,0.887170201866497,1.7465860938802595,-1.3683225796838507,1.0437969484540839,1.652489680776772,-1.545174200629508,1.050243196196094,1.6950581753412577,-1.3627600085792342,0.6814382703042355,1.5971204755213115,-1.447945027640034,0.6889194093605435
2.7666666666666666,0,,82,1.6607762596104294,-1.452061645919457,0.7607965613673213,0.876928589794053,0.008846489205114792,0.03363854276821421,-0.47936044525074073,-0.7198051810264587,0.09653502702713013,0.12384320795536041,0.40281084179878235,0.2365194383950815,0.04393025748147056,0.018134625628590584,0.14167845249176025,0.1374460905790329,0.28560349345207214,-0.3630556555815756,-0.1186754492372008,0.5191218852996826,-0.051945652812719345,0.19758296012878418,0.12290811538696289,0.41850319504737854,1.2232236862182617,-0.4683803617954254,-0.3988257050514221,0.7303968071937561,1.6645649510406575,-1.4556440548407912,0.8356150895776975,1.793683730231943,-1.5017494887156455,1.3358545460366777,1.9978517102112838,-1.701389498464757,0.05310660882598929,1.5983649859912248,-1.464063158658687,-0.0002689163805603932,1.8849727096078623,-1.574297330806036,0.050675119039823094,1.4862340661544848,-1.3362957180349813,-0.0017310836194397161,1.8715013066556434,-1.5360353426164448,0.4376707251742712,1.5705116972548199,-1.4899643007367802,0.372377616836292,1.7961272693983064,-1.1928363777118636,0.7052483492077692,1.7999218753018242,-1.7979430251163675,0.7937001745856845,1.7756342051144274,-1.2602697976518886,0.8755196985170912,1.6780051275242607,-1.694967398924023,0.8858516326631592,1.7686189843257756,-1.386746191821814,1.0399785089436095,1.6763723172778657,-1.5645644172852833,1.0465675917003314,1.7229266338432851,-1.3858795393180836,0.6767131024634668,1.623902988415683,-1.4700456971694733,0.683910083928983
2.8,0,,83,1.6882971546147019,-1.476390831405297,0.7540233247561474,0.8749036973818254,0.007813449665427007,0.028988488471911673,-0.4833654288921075,-0.7126137614250183,0.0826403796672821,0.13164156675338745,0.40251049399375916,0.237611114731078,0.05733234829453887,0.07154670357704163,0.1251545548439026,0.14192083477973938,0.2952730357646942,-0.4187932204852365,-0.11295159606417582,0.5456348061561584,-0.054698362946510315,0.18962857127189636,0.15116173028945923,0.40915364027023315,1.2367223501205444,-0.462399959564209,-0.4002125561237335,0.7379940152168274,1.6915349622592413,-1.479518038780009,0.8288881173872134,1.8143009375340262,-1.5175221277656434,1.3314080955524072,2.0171610737288788,-1.7357831744230832,0.04718983937895485,1.6026190116739594,-1.4688844722198395,-0.00022510501493639562,1.9060615211766707,-1.607132707699878,0.044751226125350554,1.4919441228929418,-1.339854758028271,-0.001774894985063686,1.896381185860047,-1.56536794509425,0.4314200092379701,1.588776222218243,-1.505791801084508,0.3654791851103694,1.8070169393003825,-1.2121829377033198,0.6985895647872441,1.8306682639237855,-1.8197865190687936,0.7907396390141227,1.7927933035825672,-1.2805537585831956,0.8691260220136885,1.7072645580734414,-1.7176839523449068,0.8818777509923951,1.7913571308368719,-1.40630421808562,1.0339172765170295,1.7022146798787465,-1.5856695597486041,1.0412577497510416,1.7516989030522512,-1.4114383889936897,0.670059507684967,1.6525028283532728,-1.4956710100477024,0.6768616213513677
2.833333333333333,0,,84,1.7163882276508957,-1.5022247957531363,0.7452467866537005,0.8731831101647582,0.005666209995143066,0.024369978368751877,-0.4867496834530016,-0.6952338814735413,0.0685490071773529,0.14031343162059784,0.4217608869075775,0.20856815341489598,0.07154423104744029,0.12211877852678299,0.1119859591126442,0.14402465522289276,0.31125813722610474,-0.47737892513250957,-0.1086474304318294,0.5664116740226746,-0.056488022208213806,0.1832619309425354,0.16988131403923035,0.3976808190345764,1.2473275661468506,-0.44473573565483093,-0.39074450731277466,0.7561254501342773,1.7191664417886698,-1.5047462534716092,0.8201528863864901,1.8364877084064026,-1.5349800263055056,1.324502198978233,2.0295912827548386,-1.763262116862783,0.03535834455302027,1.6088880267888763,-1.4754765966607255,-0.00015322376407191432,1.9199716921690362,-1.6333520261978787,0.032728952372799006,1.4995960482889394,-1.3452752321686652,-0.0018467762359280701,1.9208790469654533,-1.5953111806855556,0.4214293139038228,1.6088192892353135,-1.524175345127026,0.3571350213370454,1.822499647637467,-1.2365271665662108,0.6883079595204451,1.8569930917222026,-1.840416062486986,0.780372179821981,1.812931274934909,-1.3039914612998849,0.8595288092557536,1.7348364865593473,-1.7395290403372023,0.8744951673489577,1.8155110031019388,-1.4276262363213938,1.0254507473510808,1.7287164560394048,-1.6080897339990827,1.0339252683490128,1.7809510260489627,-1.4387498349592591,0.66138178704501,1.681555012636671,-1.5229492921540397,0.6678572896791881
2.8666666666666663,0,,84,1.7163882276508957,-1.5022247957531363,0.7452467866537005,0.8731831101647582,0.005666209995143066,0.024369978368751877,-0.4867496834530016,-0.6952338814735413,0.0685490071773529,0.14031343162059784,0.4217608869075775,0.20856815341489598,0.07154423104744029,0.12211877852678299,0.1119859591126442,0.14402465522289276,0.31125813722610474,-0.47737892513250957,-0.1086474304318294,0.5664116740226746,-0.056488022208213806,0.1832619309425354,0.16988131403923035,0.3976808190345764,1.2473275661468506,-0.44473573565483093,-0.39074450731277466,0.7561254501342773,1.7191664417886698,-1.5047462534716092,0.8201528863864901,1.8364877084064026,-1.5349800263055056,1.324502198978233,2.0295912827548386,-1.763262116862783,0.03535834455302027,1.6088880267888763,-1.4754765966607255,-0.00015322376407191432,1.9199716921690362,-1.6333520261978787,0.032728952372799006,1.4995960482889394,-1.3452752321686652,-0.0018467762359280701,1.9208790469654533,-1.5953111806855556,0.4214293139038228,1.6088192892353135,-1.524175345127026,0.3571350213370454,1.822499647637467,-1.2365271665662108,0.6883079595204451,1.8569930917222026,-1.840416062486986,0.780372179821981,1.812931274934909,-1.3039914612998849,0.8595288092557536,1.7348364865593473,-1.7395290403372023,0.8744951673489577,1.8155110031019388,-1.4276262363213938,1.0254507473510808,1.7287164560394048,-1.6080897339990827,1.0339252683490128,1.7809510260489627,-1.4387498349592591,0.66138178704501,1.681555012636671,-1.5229492921540397,0.6678572896791881
2.8999999999999995,0,,85,1.7464859506580979,-1.5283316301647574,0.7350816455233751,0.8714859944833051,0.003824859749705975,0.019139853334057204,-0.49003183353909824,-0.6757062077522278,0.05474483594298363,0.14942392706871033,0.45029979944229126,0.16848946525758546,0.08423515886278438,0.16417664289474487,0.09878342598676682,0.14466731250286102,0.34053289890289307,-0.5407472882736273,-0.10452555546417508,0.5791362524032593,-0.05713909864425659,0.18066583573818207,0.17878566682338715,0.38235992193222046,1.2546683549880981,-0.41487616300582886,-0.3707469701766968,0.784925639629364,1.7487068223202353,-1.5302384975336107,0.810024500992712,1.8612654998689484,-1.5548791761504643,1.315763470121392,2.04269605217428,-1.7873993361448808,0.021793481322414095,1.6192397428031815,-1.4839971525566487,-1.6267809597566435e-05,1.9344307128111664,-1.6563641379829128,0.018896390498202225,1.511284425495884,-1.3526891994502548,-0.0019837321904024006,1.9478803966475202,-1.6253238478747716,0.4100452613630541,1.6332340469494417,-1.545201287532613,0.3470018109003347,1.8449207577543616,-1.2650256403122002,0.6756183895511846,1.878565448229389,-1.859080508982623,0.7623969716838938,1.8380282365658902,-1.3300781952430583,0.8478978789072955,1.7609839972800583,-1.7596918703766573,0.8636692043682331,1.8425998406626238,-1.45054979703014,1.0154909223777615,1.756713017684217,-1.6314014157117884,1.0248893562315158,1.8123222908906722,-1.4663747128180251,0.651450288244902,1.7125936351156643,-1.5503404067052886,0.6574303479176331
2.9333333333333327,0,,86,1.777535798260942,-1.5556067156139761,0.7239418985369477,0.8716806427007242,0.002617488744838547,0.011951375769148105,-0.48992159628939363,-0.647420346736908,0.035947900265455246,0.1623510718345642,0.48670873045921326,0.11382453083722277,0.0989394900721487,0.19385531544685364,0.08479772508144379,0.14373058080673218,0.3911348879337311,-0.6113744259808165,-0.10124342429668143,0.5798469185829163,-0.05587528273463249,0.18276120722293854,0.177683487534523,0.3610212206840515,1.2576019763946533,-0.3728766143321991,-0.34137001633644104,0.823624312877655,1.7789061110580624,-1.556827243318882,0.798919445542432,1.8864290119677944,-1.5778374306557106,1.3059130556907612,2.054265591003699,-1.8065221285692523,0.006533511817011103,1.6335868754154548,-1.4976624144235045,0.00022152815406821166,1.9463436760073367,-1.675211524137321,0.0033108689204351983,1.5258984336013655,-1.3661434767166907,-0.0022215281540682447,1.9758711461684562,-1.65454751958803,0.3969641355710861,1.6626776539633445,-1.5722089570560864,0.3344603239370253,1.8723336697257034,-1.2987047822567992,0.6610730667111542,1.8951078351100452,-1.8757905359287892,0.7382186309696818,1.8659284537375256,-1.3596149809142835,0.8348789501323396,1.7851262863556658,-1.7790598249519358,0.8500524035594886,1.8706795943258359,-1.4756570931494761,1.0047357597656847,1.7848674391956911,-1.6565217176719895,1.0145564791003459,1.8445955042541178,-1.4948726897567288,0.6409212328521569,1.7449115341798687,-1.5789604665205208,0.6459662960557259
2.966666666666666,0,,87,1.807838203618303,-1.5823696779552847,0.7244773832915659,0.8739283795528019,0.0007186884056573461,0.005832123806035136,-0.48601919430316787,-0.6046373844146729,0.009245817549526691,0.1802925169467926,0.524402916431427,0.04058017051058993,0.12286579751757498,0.20304185152053833,0.07328203320503235,0.13983450829982758,0.4659588038921356,-0.6887553459269338,-0.0953820736918149,0.5620182156562805,-0.05193512141704559,0.18737082183361053,0.16291575133800507,0.3341583013534546,1.2526358366012573,-0.321489542722702,-0.3055574595928192,0.8695411682128906,1.808550337940396,-1.5828890689013415,0.7994722037643989,1.9127411404618213,-1.6030539079654522,1.3071859334050768,2.055981239663489,-1.818191642042801,0.0007616072128185693,1.6491980705116758,-1.5175174249343497,0.013391343496773195,1.9471420477131862,-1.687648096604062,-0.002761607212818675,1.5407949452319696,-1.3866027418315454,0.010212007452144907,1.9994489624776592,-1.679993924664783,0.3923985379697509,1.6948814618772197,-1.6049939020220207,0.3322377032575722,1.906123095842948,-1.3371708239956823,0.6570141380255151,1.9039931484235313,-1.8893982014359,0.7219638172399416,1.8972433086201819,-1.3917167567669413,0.8328136112930987,1.8054158060180125,-1.7964097059377298,0.846844606288618,1.8997960733279022,-1.5019273601564864,1.005519767461945,1.8122793868227145,-1.6819640876348865,1.0155093241098114,1.8755511956597442,-1.5225362179047826,0.6421108183218898,1.7762403374942013,-1.6069241613422753,0.6463884141363021
2.999999999999999,0,,88,1.8362082263920456,-1.6068735050503165,0.7311920837008785,0.8773787074092522,-0.00046622277672658113,0.002234277004978432,-0.4797930745930556,-0.5558319091796875,-0.01425867434591055,0.19576263427734375,0.5481888055801392,-0.028952350246343794,0.14321903820726783,0.18269304931163788,0.06674837321043015,0.13185453414916992,0.5629929900169373,-0.7650736845865662,-0.08976963036769003,0.5238946676254272,-0.04589656740427017,0.19295020401477814,0.1339055895805359,0.301824688911438,1.2374118566513062,-0.2655772864818573,-0.26740264892578125,0.9190163016319275,1.8365358260215625,-1.6069729455547919,0.8061913022972667,1.9387890338802767,-1.6309861552638596,1.3141191115838646,2.0571080917001336,-1.8225324826378702,0.0008186944227689223,1.6689696651351547,-1.5427401204119664,0.03235226364042829,1.9462068087555364,-1.6937393351352612,-0.0028186944227690663,1.5595169497053631,-1.4127286154259397,0.028215639858472544,2.0197409996996436,-1.6986404976905871,0.3920252960272239,1.7302316107455433,-1.6416108903735418,0.33469242767345214,1.9465007856213528,-1.3797209270244597,0.6590971665153817,1.9043290890113302,-1.8986427316074403,0.7101791358469214,1.931651072306655,-1.4256724121574262,0.8369384194144608,1.820582441747172,-1.8108162929721945,0.8488607134007918,1.9291325544158724,-1.5289438797826305,1.0126381743280297,1.8372589688813714,-1.7068309058058195,1.0219995392744488,1.9040458444835084,-1.5473914699706401,0.6495103283802981,1.8051024366827617,-1.6318820848496387,0.6531779323747556
3.0333333333333323,0,,89,1.8637810966465622,-1.630281917983666,0.7374654833491929,0.8823821743188079,-0.0013815811050378933,0.00034390149283771457,-0.47053126507154247,-0.5064312219619751,-0.030971916392445564,0.2056494802236557,0.5503453016281128,-0.07879427951876727,0.15607250497323066,0.12935417890548706,0.0657748207449913,0.11985393613576889,0.6769775152206421,-0.8293675075891982,-0.08438796089733286,0.4669700860977173,-0.03677093982696533,0.19958314299583435,0.0926499292254448,0.2666722238063812,1.2118042707443237,-0.21015672385692596,-0.2320864498615265,0.9685595631599426,1.8639241260943853,-1.6301233280634195,0.812465179294005,1.9646174587985212,-1.6620689758630354,1.3202527630080225,2.0647970392499695,-1.8249453015175743,0.0007740019967210111,1.6972966789658346,-1.5775948462898846,0.048378240486299726,1.9507119677219167,-1.6989611432987666,-0.0027740019967210094,1.5862539316142847,-1.448979881427135,0.04311524951408808,2.039425816701401,-1.7121868001566458,0.3907979027062426,1.7713934428827756,-1.6844329217221583,0.3360246020206985,1.9927887033385823,-1.4269999569752128,0.6617071595833601,1.9004631960804732,-1.9048735563642945,0.6990901317376405,1.9689473675910991,-1.4621105689020601,0.8410347922674118,1.8332433516437803,-1.823947677667547,0.85039135075201,1.958993288717612,-1.5574541052231774,1.0195523694904935,1.86073669116738,-1.7319677837941374,1.0274771363314399,1.9311488303667363,-1.570540915079282,0.6563723846121973,1.8326694159480625,-1.6551070268894832,0.6596681284521225
3.0666666666666655,0,,90,1.887860061833635,-1.651159398490563,0.7437789239888914,0.8862222530406515,-0.00221229869546068,0.0004873987092378319,-0.46325477481892363,-0.45849719643592834,-0.04279056191444397,0.21037861704826355,0.5320494174957275,-0.10879707175844944,0.16345315594329646,0.04706815257668495,0.07005655020475388,0.10642140358686447,0.8010843992233276,-0.8787525078808565,-0.08004085285515217,0.39443841576576233,-0.02249261364340782,0.20644807815551758,0.04126673564314842,0.23752976953983307,1.177551507949829,-0.1614842414855957,-0.20624831318855286,1.0138837099075317,1.888078582061069,-1.6508991787073137,0.8187781542154384,1.986108843992037,-1.6962585250418794,1.326049816096172,2.0726959153645987,-1.8278233345343506,0.0006525969021388828,1.7313627105323275,-1.617544965171649,0.06263100267523244,1.9560390798098695,-1.704209992162773,-0.002652596902138881,1.619322585222312,-1.4898540437541696,0.05614726084884982,2.054271555993754,-1.7220455588268806,0.3896521775634074,1.8144145675308854,-1.7296734833146312,0.33870757532211826,2.043255801196235,-1.476800962109483,0.6671088607778843,1.8903650539985817,-1.9086198187586743,0.690792570191759,2.0074911863918814,-1.4997001665078225,0.8464300334541398,1.840066412080096,-1.8352030080442852,0.852160419312492,1.986688099471673,-1.5872157478704918,1.0268743386259582,1.878758285694613,-1.756017683978059,1.032282347907195,1.9547586031444222,-1.5912950679330842,0.6630934412665628,1.855911305512048,-1.674913333767191,0.6662259430658674
3.0999999999999988,0,,91,1.9112448713276535,-1.6705517696682364,0.7501759443401971,0.8877168182952454,-0.0019035415369048827,0.0016711572834782393,-0.4603829213586419,-0.410122811794281,-0.05326386168599129,0.2108362913131714,0.4993187189102173,-0.1263781961442474,0.16566474689577237,-0.049892667680978775,0.07687714695930481,0.09771383553743362,0.9279127717018127,-0.9184602914208955,-0.07918877991275514,0.31102249026298523,-0.002763985423371196,0.21478159725666046,-0.015487056225538254,0.21884207427501678,1.1375426054000854,-0.11927146464586258,-0.19211526215076447,1.053868055343628,1.9115988521936906,-1.6704137046335739,0.8251749819046398,2.003645722522061,-1.7351594557346717,1.3314565434005057,2.081101320595282,-1.8310369549784824,0.00048580166568604546,1.7700118509825944,-1.6582698050328442,0.07749556456204296,1.963351386668561,-1.708455869023537,-0.0024858016656858425,1.6574959682665171,-1.5310662297630349,0.0697867011438761,2.066901249281044,-1.7300215919639859,0.3889451356508472,1.8592211668210357,-1.7745485174024533,0.3441441572214204,2.0976697915192064,-1.5298490728701644,0.6765207754271108,1.8774713118214337,-1.910219198889228,0.6846971610054198,2.0484519047478447,-1.5396583442965668,0.8538367138534482,1.8435124211442129,-1.845176143260801,0.8537408206400184,2.013718707537672,-1.6198820675677692,1.0347980059201516,1.8930921092321764,-1.779942674881009,1.036215986089807,1.9782415195644714,-1.6110186675527107,0.6699759121064127,1.87791273419702,-1.6924035656547138,0.6726413852920468
3.133333333333332,0,,92,1.931844355771318,-1.6886223482433707,0.7568190270720757,0.8886200864393957,-0.0010526368365134972,0.004735651759723053,-0.45861836807365436,-0.3611471652984619,-0.06114916875958443,0.2065090388059616,0.4562246799468994,-0.13683890183652525,0.1633716974414171,-0.14732801914215088,0.08434702455997467,0.10008414089679718,1.040692687034607,-0.9463843294353342,-0.07294888645025854,0.2223292887210846,0.01882258616387844,0.2231004536151886,-0.07442265748977661,0.21220356225967407,1.09329354763031,-0.08485621958971024,-0.18960316479206085,1.0857555866241455,1.9325479988509493,-1.6888078176401442,0.8318154969057908,2.016468279990582,-1.7747863879181776,1.336359364434101,2.0877562565302408,-1.8318940181594896,0.0002895653967088102,1.804810297219293,-1.6990606147569363,0.09299332881590518,1.969451414104659,-1.709839471570644,-0.002289565396709079,1.6907028960958954,-1.573356425496511,0.08416395674065301,2.075547391837371,-1.7348836941352594,0.3886684198831181,1.8996548540823481,-1.8164380609489326,0.35313008258890405,2.149081018766158,-1.5850826968088783,0.6889425896562045,1.863962961133851,-1.9104028627959184,0.681687908742203,2.086972446092696,-1.5805120329333455,0.8623819117154488,1.8443460700832919,-1.8539718288750324,0.8560159908182081,2.0373606998077545,-1.6532405144673854,1.0427835879283458,1.9036084898394399,-1.8024859429613616,1.0398968419677024,1.998892147431748,-1.629403226449669,0.6770199815686795,1.8968309516627326,-1.708294230102036,0.6791243865954171
3.166666666666665,0,,93,1.9517010471317917,-1.7070484089199454,0.7632137907477751,0.8892042222808552,2.4185240720945913e-05,0.0076943056420962965,-0.4574457871198069,-0.3077804744243622,-0.06728779524564743,0.19805693626403809,0.40724238753318787,-0.14475629228117737,0.1568537753906647,-0.24512948095798492,0.09250140190124512,0.11528430134057999,1.1122592687606812,-0.9302750871621575,-0.05340593420501888,0.1346650868654251,0.04057159647345543,0.22976695001125336,-0.13138441741466522,0.21946550905704498,1.0471194982528687,-0.05698544532060623,-0.1956339329481125,1.1087019443511963,1.9527256589759907,-1.7075795939177887,0.8382049103091391,2.025095424079064,-1.8129570791018228,1.3408896182463586,2.0943673505336626,-1.8310392528003094,7.932302406447184e-05,1.8425441298575396,-1.7471030662513511,0.10096431042389864,1.975961001341795,-1.709075009194684,-0.0020793230240645326,1.7254610132112096,-1.6242238999633172,0.09135940080747912,2.0829027186603994,-1.738404093904661,0.388683278233319,1.9383272846525095,-1.8573337955530829,0.3662330709259043,2.197294719926591,-1.6419995076030613,0.7040282499978473,1.8537457086333682,-1.911419493321047,0.6811501602328109,2.1233481255264555,-1.622012309081136,0.8716348646526249,1.845423995230788,-1.862826159527304,0.8587142365574529,2.0582183073281697,-1.6867415328859428,1.0504259551000312,1.9122928820281144,-1.823954588442517,1.0433173310540949,2.0189919585119993,-1.6483133155713483,0.6838262936714865,1.9150069289254374,-1.7244979255048707,0.6851349042673122
3.1999999999999984,0,,94,1.9712771198246628,-1.7253893541637808,0.7685211053750409,0.8881876687542667,0.0016674180184778164,0.010337499822515412,-0.45936153614275566,-0.25025394558906555,-0.07446025311946869,0.18808762729167938,0.3570147156715393,-0.1551931341361319,0.14962666504850575,-0.3389955163002014,0.10684482753276825,0.13530106842517853,1.130393385887146,-0.8605281812714818,-0.03472451847554403,0.0526374913752079,0.06135503575205803,0.2333785444498062,-0.18375468254089355,0.24033071100711823,1.0010441541671753,-0.033423248678445816,-0.20695307850837708,1.1235257387161255,1.972539473649525,-1.7263237986519333,0.8435046587472266,2.0297834715819003,-1.8481455589144078,1.3444698520745717,2.098693665411085,-1.8287950133419857,-0.00013627285178742163,1.8875560044933286,-1.7988787995889752,0.09875640877539282,1.9812294041851515,-1.7059163608579215,-0.0018637271482126669,1.7676372201965687,-1.6787833079057672,0.08893001319228769,2.089139661583281,-1.741294325490713,0.38855872196836005,1.9750875110527708,-1.8940486609619849,0.38240832968547495,2.2419934571486806,-1.6997690699597876,0.7210793611207206,1.8465468145366517,-1.9123499604837082,0.681355661361904,2.1578742674338915,-1.6635925478361555,0.8810005459991908,1.846877575356245,-1.8705094618199545,0.8608238409175477,2.076654391670078,-1.7195039362932654,1.0569788454514473,1.919505079058511,-1.843403269682698,1.0457880621291682,2.0393749374964782,-1.6676593004345301,0.6895981307663868,1.932948032183556,-1.7404220364415832,0.6898389161016399
3.2333333333333316,0,,95,1.989780547330156,-1.742916457587853,0.7722159513589198,0.887784829079418,0.0020510730677604275,0.013768079941995914,-0.4600481826183101,-0.19375598430633545,-0.08297906816005707,0.17876076698303223,0.3083990514278412,-0.1671171707590926,0.14795578607557935,-0.42512190341949463,0.12876440584659576,0.15380604565143585,1.0977684259414673,-0.7445600210972443,-0.01983466794912392,-0.022907618433237076,0.07985658198595047,0.2329740673303604,-0.23193641006946564,0.27131983637809753,0.9552972316741943,-0.01111502107232809,-0.22089634835720062,1.132546067237854,1.9914724723392785,-1.7441396913441056,0.847186886320017,2.034062051664803,-1.8767260548436424,1.3469337659348484,2.0994154649512216,-1.827040753533121,-0.00035609319209147644,1.9388751972356022,-1.853754175786422,0.08906497456449403,1.9825580037318271,-1.7035795236127582,-0.0016439068079085774,1.8156161843618142,-1.7370644798062351,0.07953971354807682,2.093237655835228,-1.7437704079319285,0.38799017145646286,2.0087141688153354,-1.9253160093238122,0.40007123890359714,2.2813763281690886,-1.755502852935572,0.7383348756311718,1.8422169263397916,-1.9131997154360905,0.6822553372894908,2.1894741372691735,-1.7025537792673757,0.88903307439162,1.8496813177183369,-1.8767697095084523,0.8627455080291415,2.0932924484539015,-1.748502459531536,1.061544384893554,1.9271267935635659,-1.8596937475703028,1.0474853131195794,2.0583166022188273,-1.6861225821232875,0.693397796567822,1.9498065693457491,-1.7559432107468342,0.6929492538536569
3.266666666666665,0,,96,2.0077050945255905,-1.7609683203045279,0.7741354726224839,0.8906309566871574,0.0028011875605044993,0.016942631553538187,-0.4544024643141921,-0.139695405960083,-0.09249506145715714,0.17132431268692017,0.262958824634552,-0.18009460870722682,0.14796806634416448,-0.4990938603878021,0.15109343826770782,0.17160746455192566,1.0221601724624634,-0.5949554390263256,-0.007912642501398004,-0.09167470782995224,0.09455715864896774,0.22886596620082855,-0.2750369906425476,0.30642661452293396,0.9104383587837219,0.011584216728806496,-0.2360415756702423,1.137817621231079,2.0097776093684145,-1.762497359987543,0.8490912377101277,2.039874070999666,-1.900915261029856,1.3482168590054904,2.100541098896699,-1.825050633895173,-0.0005651459094893965,1.998052835646139,-1.9115048165091715,0.07544563920947431,1.9823768111428266,-1.7028358855736228,-0.0014348540905107718,1.8699921683795004,-1.8000454924494769,0.06665447436178401,2.097082810513855,-1.7459235517526788,0.38720280982252736,2.040910511481498,-1.9515523715394383,0.41635290236385053,2.3157950354087586,-1.806327874005754,0.7555502956709625,1.842292448447592,-1.9170099661898914,0.6828086400536041,2.2178617522980035,-1.737843708782491,0.8958305700397763,1.855353682316463,-1.8850101902305327,0.8638196416875975,2.1087676641275217,-1.7743257920732924,1.0642707227667334,1.9366860485218196,-1.8757956912476086,1.0480238143812746,2.075921557157431,-1.7040518026655955,0.6954208146029153,1.966519650176742,-1.7727971572604364,0.6942357059820432
3.299999999999998,0,,97,2.0256494304630905,-1.7795627044979483,0.7746563570252202,0.8919575113287247,0.0037742039319187664,0.01991252949596321,-0.45166474794699296,-0.08766148239374161,-0.1004994735121727,0.1656995266675949,0.22083888947963715,-0.19435272625720246,0.1474041969762705,-0.5619376301765442,0.1728629320859909,0.18478548526763916,0.9139468669891357,-0.4217739398153937,-0.0006317802520933169,-0.15336979925632477,0.10813020169734955,0.21820317208766937,-0.31680163741111755,0.34057968854904175,0.8636445999145508,0.03236391395330429,-0.24946357309818268,1.1398181915283203,2.028057898770971,-1.7814167370722698,0.849594744008283,2.0440211709836182,-1.9212033890503,1.3490423595765735,2.101881596260175,-1.8243624466012132,-0.0007583380166869824,2.0635618771846453,-1.9697814674969856,0.06267262389655703,1.9829568377923081,-1.7028854190556615,-0.001241661983313068,1.9320672347407344,-1.8623137672823167,0.05493618937424195,2.1016317500312556,-1.7497334888706453,0.3862878876114667,2.068464209004503,-1.9741589440499694,0.4302467265230608,2.34561155341541,-1.85967181496974,0.7742693105782358,1.845111422815378,-1.9216338001225268,0.6826418720782059,2.2442408524733395,-1.7741341634122243,0.9022023218017137,1.8621158033991132,-1.8927286648024286,0.8638459239017189,2.123200300303186,-1.7988423457146083,1.0659256527864476,1.9458143500992806,-1.8903560764382528,1.0477144842545312,2.0939449280279288,-1.7229235041538895,0.6960027257410164,1.9833619061408363,-1.7901703863590261,0.6941415695343789
3.3333333333333313,0,,98,2.043144108960405,-1.7978787350002676,0.7741398631075369,0.8954481198088032,0.004719701431951587,0.023728298571710597,-0.4445079942994999,-0.037721067667007446,-0.10417100787162781,0.16120028495788574,0.1818026304244995,-0.21103492831285275,0.14380744899999015,-0.6107808947563171,0.19330354034900665,0.18997004628181458,0.7888184785842896,-0.24636854853745005,-7.61707892319996e-05,-0.20476673543453217,0.12010475248098373,0.20543280243873596,-0.3525776267051697,0.37158524990081787,0.8187439441680908,0.05133693665266037,-0.25979581475257874,1.140368938446045,2.0460165362591685,-1.8000947849272002,0.8490520669473297,2.0516686741204784,-1.9390192576696887,1.3490161320605716,2.1039838911058952,-1.8213024152690778,-0.0009314996845517197,2.1328668250383154,-2.021682500088977,0.05458961527831657,1.9828759126340376,-1.702000953495606,-0.0010685003154483654,1.9977711023650118,-1.9186942372638531,0.048065549395680154,2.105886973861904,-1.7524059464111679,0.385269987834713,2.093456114587519,-1.9917901767804664,0.4399744738290443,2.3713398731735986,-1.9051977508733196,0.7917146185584037,1.8523521927639086,-1.9292193981146322,0.6819272272995245,2.2681370332781374,-1.8054593766816167,0.9073043878084367,1.8720833275915156,-1.902743664997954,0.8632261023057345,2.137917386470693,-1.8204331300441412,1.0663588854483586,1.9574303082407547,-1.90535127281953,1.0467245145748416,2.110828306733694,-1.740733211617551,0.6954261943984801,1.9999242154089314,-1.8078986078164219,0.6931843252878099
3.3666666666666645,0,,99,2.0610026142094284,-1.8186583446804434,0.7726501156949837,0.8974951587007108,0.004583768515922862,0.025998400567628383,-0.4402334748095644,0.012148232199251652,-0.10574547946453094,0.15806153416633606,0.14634457230567932,-0.2276590389936186,0.13960503354136328,-0.6433503031730652,0.2077791839838028,0.18959106504917145,0.6620413661003113,-0.08273728382518653,-0.0008464464976942754,-0.24407462775707245,0.12979720532894135,0.19399841129779816,-0.3800852596759796,0.3978928029537201,0.778596818447113,0.06709352135658264,-0.26792028546333313,1.1403427124023438,2.0641999407547167,-1.8209922361213968,0.8475455765301013,2.0609624666300714,-1.956916587935839,1.3484052186260982,2.107275396360242,-1.8226383455745518,-0.0010859702720416274,2.197871842965499,-2.0715613123482024,0.05197441388279289,1.9846623814171083,-1.7048842840607161,-0.0009140297279584021,2.060752580170806,-1.9712109645982143,0.046672010927863494,2.11163840898482,-1.7594614923738747,0.3841694589651164,2.1141978757174726,-2.010824859423272,0.44531138740264664,2.3936458600877697,-1.9482684174284937,0.8069752347506942,1.862324716168261,-1.940945309578104,0.6805974749394554,2.2904690653768496,-1.836555675182373,0.911063545608353,1.883975712436728,-1.9159195758087302,0.8618831920107554,2.153189227460531,-1.8428147172981366,1.065789548831608,1.9702946112954942,-1.9221595626517745,1.0451463951565723,2.128583292831795,-1.7617046306054647,0.6937295509489729,2.017128452862717,-1.82839595831989,0.6914065155450011
3.3999999999999977,0,,100,2.0812948963139206,-1.8376470732036978,0.7689144631385255,0.8982456373818007,0.006536537744028265,0.027590887746293716,-0.4385781475544066,0.06407751142978668,-0.11204425245523453,0.1575600951910019,0.11478430777788162,-0.2513481673835285,0.13584831433687594,-0.662063479423523,0.21193978190422058,0.18790791928768158,0.5454103350639343,0.05543036780870492,-0.0031221061325535926,-0.2728927731513977,0.13665054738521576,0.18483678996562958,-0.4002628028392792,0.4175058901309967,0.7440600395202637,0.07764294743537903,-0.27574631571769714,1.139710783958435,2.084582388104081,-1.8403428997460938,0.8437938656266794,2.0735348818568444,-1.975017937411371,1.344919536248972,2.1110824898554497,-1.8204526149624258,-0.0012282900828845984,2.2550839474889246,-2.1134233053361746,0.050649354167814624,1.9873921611466887,-1.7038314585692957,-0.0007717099171153027,2.1173888667193377,-2.013811234140907,0.04646605355156819,2.119921309026938,-1.7645495351881872,0.38233506164158004,2.133539195689885,-2.0270237877641315,0.4441273886078654,2.4151546761171363,-1.985358834907565,0.8170964778823896,1.8764825425341345,-1.9528775805460532,0.6763923161612081,2.31333330401631,-1.8644383261042594,0.9118076331832459,1.899386561687562,-1.929114917406853,0.8576940148606975,2.170941359632708,-1.8639932707540765,1.0628164866542773,1.986171033205769,-1.93850306325419,1.04089840750321,2.149381022317115,-1.7810810513580637,0.6900851964625926,2.0371260988849267,-1.8468322880843022,0.6874074416362663
3.433333333333331,0,,101,2.1024614593479782,-1.8592095302883536,0.7632355514375274,0.8992664282897519,0.007293658008703378,0.027411355679682725,-0.4364805964572154,0.12156647443771362,-0.11910272389650345,0.15785466134548187,0.08866451680660248,-0.2822696964414493,0.1332160644454291,-0.6654941439628601,0.21301689743995667,0.18492382764816284,0.4508082866668701,0.1589503485432977,-0.006816629176576272,-0.29732537269592285,0.1421499252319336,0.17977076768875122,-0.4133026599884033,0.42844897508621216,0.7162225842475891,0.08622358739376068,-0.2807948589324951,1.1408241987228394,2.1056814451057764,-1.861988050287867,0.8381148644574254,2.08806060298006,-1.995145698213639,1.3394923702705146,2.11371549148179,-1.8202210277212278,-0.0013528280592790126,2.302937176325254,-2.150144219900131,0.04862035356417195,1.988698708364708,-1.7050242135790876,-0.0006471719407208712,2.1648970524058653,-2.05097680503552,0.04534193666118883,2.1288569618013162,-1.7729040016598212,0.379551576275477,2.152874526300756,-2.0454632204008343,0.43831157885644534,2.435023889519943,-2.020339673006152,0.8219411624773443,1.8932676829363977,-1.9682056485055683,0.6701199581040618,2.3352662913502997,-1.892492645443639,0.9094804299806885,1.916900556550965,-1.9457292284677041,0.8514921225372171,2.189734353648862,-1.8868528467726111,1.057833470426395,2.0036267324317905,-1.957593504011837,1.0347705643153806,2.1712473921040982,-1.8033443495379384,0.6843405313500092,2.0583786122852863,-1.868437107408066,0.681620275509055
3.466666666666664,0,,102,2.124267222592607,-1.881993048125878,0.7556171744012188,0.9029155312451895,0.0069999013761739655,0.025646696933958067,-0.4289950952555504,0.18329289555549622,-0.124045729637146,0.15771666169166565,0.06991598010063171,-0.32109028672375617,0.12850783193756365,-0.6626235842704773,0.21687304973602295,0.18131975829601288,0.38964590430259705,0.22511146013819827,-0.013555517645166604,-0.3217587471008301,0.14564143121242523,0.17895455658435822,-0.41935187578201294,0.42840060591697693,0.6960628032684326,0.09187294542789459,-0.2831054925918579,1.14262056350708,2.127290304236981,-1.884591442155464,0.830511161648784,2.105514186701528,-2.016501415414872,1.3320773686556067,2.11570979450645,-1.8195755152624682,-0.0014404969589327972,2.3473713584332714,-2.177269561924284,0.04461070599131463,1.9880506966622087,-1.7073151990892488,-0.0005595030410671213,2.207679002151179,-2.08042545898821,0.04191527970514109,2.138027983363905,-1.7827141568818343,0.3756761921615541,2.1767522055673374,-2.0648558394692134,0.4301248486695352,2.4544537631047403,-2.0498794354799417,0.8204406714634,1.913176313652176,-1.9875948124154912,0.6618324705827443,2.356271713734388,-1.9179379792149651,0.903574909321716,1.936845644981627,-1.9659837100335713,0.8433050228115125,2.2097097222089754,-1.909665388323911,1.05078395812947,2.023179079919231,-1.9789641085768188,1.0267799634976464,2.1933218655140325,-1.8262966990908291,0.6765327857039141,2.080646126052804,-1.892135710610868,0.6739180896075483
3.4999999999999973,0,,103,2.1466723701450974,-1.9062364029232413,0.7470798594083621,0.9069641324515826,0.006562034630875216,0.02297063504879328,-0.4205298468281491,0.24116963148117065,-0.12423833459615707,0.1564338058233261,0.060093410313129425,-0.36281520096184217,0.11927297748703564,-0.661785364151001,0.22044195234775543,0.17899572849273682,0.36484792828559875,0.2566258203053846,-0.018604861123203975,-0.34553560614585876,0.14809401333332062,0.18217603862285614,-0.41732820868492126,0.4172576367855072,0.6844860315322876,0.09324494004249573,-0.28116002678871155,1.1438599824905396,2.1493834717457005,-1.9085781080759499,0.8219942528524058,2.1243163367571847,-2.0405944555155404,1.3233938020529117,2.1204326276354553,-1.8204532751051172,-0.001470721882371722,2.3858691031853194,-2.200620283672733,0.038996782073723604,1.990218301601296,-1.7111676723062696,-0.0005292781176282971,2.2442937142605155,-2.1065439272443314,0.03653743013736885,2.149814168806163,-1.795221134536751,0.37113150504008147,2.203708224090845,-2.087361020572358,0.42198162154800817,2.4724381972986724,-2.077167634892919,0.8129018811122944,1.935923919700895,-2.0096642240914204,0.6520864561906534,2.3760506943392556,-1.943282451932456,0.895022349091112,1.9586487404286004,-1.9887787201862746,0.833764584906495,2.2304724012277584,-1.9341863987307495,1.0426717962587557,2.0437441292881617,-2.0025990965571907,1.0176829960762748,2.215952238010777,-1.8505347677333839,0.6678006779296052,2.1036534435390677,-1.9174258586358144,0.6652145086653167
3.5333333333333306,0,,104,2.1702739021275192,-1.9309059309307486,0.7381321883460001,0.9107239127849794,0.0061107859943685915,0.019515622852679607,-0.41250909497951693,0.29298001527786255,-0.11982819437980652,0.1539715826511383,0.05959382280707359,-0.4060237267459317,0.10609295126194446,-0.6574697494506836,0.2204512506723404,0.17896777391433716,0.3675655424594879,0.2566536003974049,-0.020403348273943578,-0.36632150411605835,0.14840520918369293,0.19000759720802307,-0.4072951078414917,0.3965592086315155,0.6814778447151184,0.09041860699653625,-0.27655404806137085,1.1438826322555542,2.172561790568221,-1.932948272558534,0.8130694581598805,2.1456667392172113,-2.066720206607707,1.3139099158490353,2.1291289531741353,-1.822531337605584,-0.0014421224169812417,2.4165102655215556,-2.2209656221147798,0.03033337841792411,1.9968636064988707,-1.7157366927026412,-0.0005578775830188086,2.273294637385742,-2.12940623468644,0.027850953915249225,2.1654285012788184,-1.809651033499195,0.36595081274928176,2.2319919858314394,-2.111430792403991,0.4132746561247311,2.490002610025256,-2.101355139890626,0.7995967435330202,1.9613675171772662,-2.033496745846513,0.6417408036869596,2.3955546202092366,-1.9676337286609862,0.8842000862721509,1.9826313981537331,-2.013103242879273,0.8236515417062199,2.252940111849636,-1.9596087626304843,1.033881004479389,2.06614971237657,-2.0275455805399916,1.0080716973011086,2.239860924983675,-1.8751819591649193,0.6586951011941615,2.1280256854595114,-1.943194985788183,0.6561062510984981
3.5666666666666638,0,,105,2.196696879575029,-1.956864588195458,0.7300722815684023,0.913503785513268,0.00581461588388471,0.016653596539421316,-0.40644763723923194,0.33216211199760437,-0.1155904158949852,0.15177403390407562,0.06423360854387283,-0.4433525233169875,0.09518309976837247,-0.6470360159873962,0.21626196801662445,0.18061237037181854,0.37969300150871277,0.23885981485041663,-0.019621513034931537,-0.38025525212287903,0.14654116332530975,0.19910438358783722,-0.3954966962337494,0.37508249282836914,0.6834973096847534,0.08563421666622162,-0.2714020311832428,1.1427239179611206,2.198624347564086,-1.9586766614833906,0.8050256087630661,2.171971738036536,-2.094985908556233,1.305183281650478,2.1435508344991727,-1.8308909360450267,-0.0013940704433356987,2.441425128320068,-2.241459319228057,0.019748202111171138,2.0098745849414827,-1.7258669428904478,-0.0006059295566644488,2.2971829003229463,-2.1515290436523937,0.01715490357233088,2.186163087032092,-1.82816576483377,0.3609492912757396,2.2606781710511585,-2.136896228929039,0.4041731271714032,2.510895039680009,-2.1248615209582433,0.7849083895229959,1.9900640315054552,-2.0598112436553606,0.6327336288583439,2.418129468476197,-1.992495684636251,0.8734148772974984,2.0100757834985563,-2.0396211408990497,0.8148090355914454,2.2791667347690487,-1.9864801975539537,1.0256615965076317,2.0924180641261967,-2.0544112939886516,0.9995371816757694,2.266561946211222,-1.9011152969388188,0.6505077110601812,2.155183210600478,-1.9700913533586755,0.6480153807748453
