timestamp,motion_id,motion_key,frame,qpos_0,qpos_1,qpos_2,qpos_3,qpos_4,qpos_5,qpos_6,qpos_7,qpos_8,qpos_9,qpos_10,qpos_11,qpos_12,qpos_13,qpos_14,qpos_15,qpos_16,qpos_17,qpos_18,qpos_19,qpos_20,qpos_21,qpos_22,qpos_23,qpos_24,qpos_25,qpos_26,qpos_27,pelvis_x,pelvis_y,pelvis_z,head_x,head_y,head_z,ltoe_x,ltoe_y,ltoe_z,rtoe_x,rtoe_y,rtoe_z,lheel_x,lheel_y,lheel_z,rheel_x,rheel_y,rheel_z,lknee_x,lknee_y,lknee_z,rknee_x,rknee_y,rknee_z,lhand_x,lhand_y,lhand_z,rhand_x,rhand_y,rhand_z,lelbow_x,lelbow_y,lelbow_z,relbow_x,relbow_y,relbow_z,lshoulder_x,lshoulder_y,lshoulder_z,rshoulder_x,rshoulder_y,rshoulder_z,lhip_x,lhip_y,lhip_z,rhip_x,rhip_y,rhip_z
0.03333333333333333,0,0-ACCAD_Female1Walking_c3d_B1 - stand to walk_poses,0,-0.1404161644168198,0.17328139021992683,0.7860561956496253,0.7339366488928277,-0.021617224302611017,0.01285357110783544,0.6787521467628611,-0.06581113487482071,0.008411772549152374,0.01101773977279663,0.10451019555330276,-0.0911620753545781,0.00816751025648621,-0.044696006923913956,0.0332699753344059,-0.01848122477531433,0.12352868914604187,-0.13679391130294305,-0.021852300851844864,0.0881255641579628,0.03030020371079445,0.08059534430503845,0.004456701688468456,0.2284161001443863,0.9364986419677734,-0.007936072535812855,-0.20069074630737305,0.9250439405441284,-0.14120201899140897,0.17696989954183212,0.8609613178481093,-0.1301251118375399,0.24203019336279294,1.3755199941509173,-0.24518848809098787,0.27681434390006765,-0.0006486570251563045,-0.027290032447867804,0.24089875342711692,0.004660207119816358,-0.25627900740709386,0.107177948590113,-0.001351342974843843,-0.04265116986227903,0.07160168074258988,0.003067524544554688,-0.2541098881175724,0.18743290356140882,0.3950853966349125,-0.026212244541913527,0.16452889181106922,0.39817672673132,-0.3685428462726583,0.27612215312212274,0.7373372239093764,0.07177176236413738,0.2860862214427429,0.7279517915443069,-0.32771248033323874,0.1964756352688954,0.8984237770889536,0.043673427297412575,0.20202908744737857,0.8895204951818975,-0.23609787390865122,0.20586960495562306,1.0774280374416545,-0.03571682950593552,0.2076312226356698,1.0733637235725944,-0.228902838736128,0.17476682602237628,0.7072021003042588,-0.10036035108898744,0.16528286572065595,0.7090468841723098
0.06666666666666667,0,0-ACCAD_Female1Walking_c3d_B1 - stand to walk_poses,1,-0.14085354330018163,0.17342181876301765,0.7861267409632623,0.7338310950695739,-0.022310896449929247,0.01300777507623713,0.6788408838572972,-0.0657384917140007,0.008893751539289951,0.010859893634915352,0.10411666333675385,-0.09199251095961025,0.008452624770753037,-0.0451028011739254,0.03232617303729057,-0.01816520467400551,0.1237901821732521,-0.13780597724118038,-0.020043131319258722,0.08787655085325241,0.030138859525322914,0.08023833483457565,0.003128421027213335,0.22802318632602692,0.9357926845550537,-0.009237891063094139,-0.2010945975780487,0.9242939949035645,-0.14169354912574736,0.17720221462855842,0.8610266942163373,-0.13107776548355568,0.2427023772170323,1.3755399214269255,-0.24542445350529846,0.27610827502886487,-0.0006506938541808172,-0.026594108867572706,0.24030303104978618,0.004852329781329892,-0.25647563753854735,0.10646929580436822,-0.0013493061458192436,-0.041880287851459065,0.07099920065512727,0.0032567904464515657,-0.25440890317200365,0.18702989603828554,0.3950592357784069,-0.02610322449733497,0.16433569623514163,0.39833613295765957,-0.36875180919650014,0.276828392590179,0.7372213593706928,0.07145816304450807,0.2868015309133742,0.7282925923296069,-0.328171594913368,0.1969870760024148,0.8982746877387695,0.043213121903455026,0.20254604554734937,0.8897323490218291,-0.23678708929518721,0.20627891403502044,1.0773864386386036,-0.03640261372919641,0.20804448876360737,1.0734967602430827,-0.22928457154500417,0.17478686244973782,0.7072082273822203,-0.10074166067125787,0.1653298819970766,0.7091557735833036
0.1,0,0-ACCAD_Female1Walking_c3d_B1 - stand to walk_poses,2,-0.14091641129925847,0.17380452528595924,0.7860354060326429,0.7336901529635519,-0.022172249935612707,0.013558479241481902,0.6789869795642408,-0.06597846746444702,0.010321512818336487,0.010438493452966213,0.10331525653600693,-0.09149944116566622,0.005994138119180925,-0.04604747146368027,0.03180224820971489,-0.017940672114491463,0.12402142584323883,-0.1377209666006236,-0.0204578747022639,0.08747456222772598,0.02995161898434162,0.07970459759235382,0.0011031151516363025,0.2277166098356247,0.9347537755966187,-0.011116217821836472,-0.20148736238479614,0.923178493976593,-0.14168245324505183,0.17762556413312885,0.8609340898786605,-0.13065870705762164,0.2431178711019395,1.3754407684710641,-0.24717564430787944,0.2765058693915438,-0.0006546311021847911,-0.027061552174276287,0.24083296811827284,0.004651442151602948,-0.2581877017783638,0.10686431354049525,-0.0013453688978153286,-0.04225865945941686,0.07152112846324656,0.0030549200582434405,-0.2552556922445015,0.18721410912722386,0.39508123214401736,-0.026384467507080844,0.1648208926735335,0.3981355744689802,-0.3686602560798697,0.27815171172498165,0.7374954607604863,0.071397338198558,0.2880728811363629,0.7282834459482515,-0.3280785133963465,0.1978035991456966,0.898296167132949,0.043298161430913126,0.20332822132427641,0.8894924503570701,-0.23660862115715742,0.2066949782307874,1.0773726257806926,-0.03622729374807959,0.20845553188941351,1.073321826280462,-0.2294278015048874,0.1750870626926905,0.7072051333872506,-0.100880790099901,0.16566208556412165,0.7090286329428912
0.13333333333333333,0,0-ACCAD_Female1Walking_c3d_B1 - stand to walk_poses,3,-0.1408586842007935,0.17390144243836403,0.7860557815158182,0.7334012053273031,-0.02254780797086238,0.013853858375320547,0.6792807512275646,-0.06620233505964279,0.011137204244732857,0.01022819522768259,0.10245515406131744,-0.09130566142510821,0.0052702685435936925,-0.046693746000528336,0.03178093582391739,-0.017839910462498665,0.12415431439876556,-0.13815264210891964,-0.020286849657236705,0.08707061409950256,0.03005114756524563,0.07972942292690277,-0.0002822524984367192,0.22767123579978943,0.9340312480926514,-0.01218413282185793,-0.20145542919635773,0.9224948883056641,-0.14163206252670676,0.1777935297685501,0.860950731560392,-0.13061978885159126,0.24379446577938263,1.3753927261671772,-0.24765369165572745,0.276242214692625,-0.000659101835785332,-0.026969308247413337,0.24068749544399648,0.004707036004058869,-0.25853470397461886,0.10659216687452777,-0.001340898164214753,-0.042010482166522714,0.07136173012528174,0.00311070071138371,-0.2554045541241909,0.18688069671838553,0.39508894279050044,-0.026271220074504928,0.16483128462718613,0.3981731570072655,-0.3685768258998319,0.2787287507744335,0.7375599421560189,0.07134001754056507,0.2886959607820585,0.7283180846584016,-0.3280203801228964,0.19820578306017797,0.8982795445093086,0.04332932631220705,0.2038119820995976,0.889469180044419,-0.2365613726612965,0.20703616074664682,1.0773627999169741,-0.03618087976200425,0.20887540892354006,1.0733056911458823,-0.2293670997789371,0.1750303263750433,0.7072193375563454,-0.10081330719739731,0.16570205391047266,0.7090591255440444
0.16666666666666666,0,0-ACCAD_Female1Walking_c3d_B1 - stand to walk_poses,4,-0.14089098991826177,0.17435922101140022,0.786074071050109,0.7334647383758757,-0.022836976455657534,0.014054355017041442,0.6791983695288344,-0.06604687869548798,0.011276706121861935,0.01026652380824089,0.10168831050395966,-0.09133140187351074,0.005287325631001538,-0.046993646770715714,0.031788330525159836,-0.017728593200445175,0.12425197660923004,-0.13862627947664863,-0.020113276975883387,0.08646287769079208,0.030448120087385178,0.0797765776515007,-0.0015492535894736648,0.22776304185390472,0.933268129825592,-0.012631059624254704,-0.20124834775924683,0.922170102596283,-0.14167135942046702,0.17830359280745506,0.8609662131918218,-0.13045421209839755,0.24467741928222742,1.3753562106704353,-0.24766413426704834,0.2763414672908553,-0.0006633184522173638,-0.026894937540849158,0.24077012218145555,0.004763988086170779,-0.25856927809539765,0.10669293525999884,-0.0013366815477826484,-0.04195284766224082,0.07144583450273717,0.00316869975150336,-0.2554320656443082,0.18700999931020357,0.39508835392588093,-0.02625285366534502,0.16508562626456935,0.3982105303679868,-0.36852120916535225,0.2799255999488469,0.7377089737455589,0.07128367461699976,0.28914264468083795,0.7282409947554594,-0.3280299469035252,0.19915147089554802,0.8983189421793177,0.043294709185364426,0.20427673988047604,0.8894053835659246,-0.23650402234239057,0.20778687697645798,1.077381119856976,-0.036123126819339116,0.20945580781995835,1.0732706114675505,-0.2293906600096022,0.1754555342189072,0.7072276846546733,-0.10083987363030422,0.16609043668075238,0.7090873538538416
0.19999999999999998,0,0-ACCAD_Female1Walking_c3d_B1 - stand to walk_poses,5,-0.14082932891324162,0.1747954525053501,0.7860324005941539,0.7330267246968905,-0.0229371694785517,0.01439188342120397,0.6796606365150564,-0.0657774955034256,0.011077928356826305,0.010461438447237015,0.10096552968025208,-0.09146801679240646,0.0051625812756236344,-0.047329749912023544,0.03165186941623688,-0.017552852630615234,0.12419717758893967,-0.13885592003437974,-0.020292746720595667,0.08564838767051697,0.03063521347939968,0.07988562434911728,-0.0025839575100690126,0.22748365998268127,0.9325934648513794,-0.01293273363262415,-0.20114083588123322,0.9219405055046082,-0.14158530731941885,0.17878472573485804,0.8609224145863392,-0.13011464430923628,0.24553362738048679,1.3752582710325132,-0.24789289797496322,0.2762228506488543,-0.0006674807334262969,-0.02709919154011772,0.24112147332881317,0.004694632748558841,-0.25855801447946974,0.10655902712216757,-0.0013325192665736112,-0.0419186760036846,0.07177612179217285,0.0031025293706982288,-0.2554848089604526,0.1869445069072378,0.39508465151008776,-0.02627899798692158,0.1655191170064516,0.3981309114993238,-0.36839989102167664,0.28070649710677414,0.7378079758077131,0.07120637177800102,0.28976965198894666,0.7280368954572773,-0.32787361528846226,0.19978322962377792,0.8983340171818123,0.0433705486825492,0.20492067957092114,0.8892367187709892,-0.23630765564844725,0.20838342711073982,1.0773664516209727,-0.03592974166094633,0.21013745792493882,1.0731474633630487,-0.22936071277761785,0.17573862390717898,0.7072202216741155,-0.10079863912546536,0.16652160528090365,0.7090350757846974
0.2333333333333333,0,0-ACCAD_Female1Walking_c3d_B1 - stand to walk_poses,6,-0.14089270355179906,0.17510083690285683,0.7859918728427081,0.732976428420486,-0.023174488013261742,0.01485686847513481,0.679696823550312,-0.06584884226322174,0.01074779499322176,0.010757156647741795,0.10032302141189575,-0.0917142792045722,0.005243370320335727,-0.047560662031173706,0.03132166340947151,-0.017298128455877304,0.12376700341701508,-0.1391523242760273,-0.020202732754412644,0.0849093496799469,0.030602794140577316,0.08009759336709976,-0.0031885283533483744,0.22681111097335815,0.9321486353874207,-0.013336374424397945,-0.201031893491745,0.921667218208313,-0.1416219872764393,0.17916351486759,0.8608782053273735,-0.12996247578818518,0.2465192881524091,1.3751301434970036,-0.2480048845537606,0.2760096568791878,-0.0006714411751298222,-0.027198681752124382,0.24097445355849184,0.004633987121588502,-0.2586120314196583,0.10634216844442701,-0.0013285588248702594,-0.04196876752350876,0.07162471940071513,0.003049024347164371,-0.25558908010072673,0.1868346558751288,0.3950771528294904,-0.026378987654827424,0.16549415376121515,0.398060678689085,-0.36816183730346547,0.2813727750941952,0.7377204263801773,0.07114332996906825,0.2900510807469472,0.727842941114365,-0.32776728343238143,0.20044346913451977,0.8982766210866084,0.0433346227482503,0.2053008407299515,0.889099372998295,-0.2362646826545876,0.20908235142298195,1.07731317673161,-0.03588693876190571,0.21070615327167766,1.0730344012017476,-0.22945285780692914,0.17595544310359976,0.7072108607383458,-0.10088944872217478,0.1667499550696699,0.7089882410289232
0.26666666666666666,0,0-ACCAD_Female1Walking_c3d_B1 - stand to walk_poses,6,-0.14089270355179906,0.17510083690285683,0.7859918728427081,0.732976428420486,-0.023174488013261742,0.01485686847513481,0.679696823550312,-0.06584884226322174,0.01074779499322176,0.010757156647741795,0.10032302141189575,-0.0917142792045722,0.005243370320335727,-0.047560662031173706,0.03132166340947151,-0.017298128455877304,0.12376700341701508,-0.1391523242760273,-0.020202732754412644,0.0849093496799469,0.030602794140577316,0.08009759336709976,-0.0031885283533483744,0.22681111097335815,0.9321486353874207,-0.013336374424397945,-0.201031893491745,0.921667218208313,-0.1416219872764393,0.17916351486759,0.8608782053273735,-0.12996247578818518,0.2465192881524091,1.3751301434970036,-0.2480048845537606,0.2760096568791878,-0.0006714411751298222,-0.027198681752124382,0.24097445355849184,0.004633987121588502,-0.2586120314196583,0.10634216844442701,-0.0013285588248702594,-0.04196876752350876,0.07162471940071513,0.003049024347164371,-0.25558908010072673,0.1868346558751288,0.3950771528294904,-0.026378987654827424,0.16549415376121515,0.398060678689085,-0.36816183730346547,0.2813727750941952,0.7377204263801773,0.07114332996906825,0.2900510807469472,0.727842941114365,-0.32776728343238143,0.20044346913451977,0.8982766210866084,0.0433346227482503,0.2053008407299515,0.889099372998295,-0.2362646826545876,0.20908235142298195,1.07731317673161,-0.03588693876190571,0.21070615327167766,1.0730344012017476,-0.22945285780692914,0.17595544310359976,0.7072108607383458,-0.10088944872217478,0.1667499550696699,0.7089882410289232
0.3,0,0-ACCAD_Female1Walking_c3d_B1 - stand to walk_poses,8,-0.14076267601922154,0.1753881759941578,0.7859482614113518,0.7328543630075464,-0.023394400501191626,0.015401768809657462,0.679808774703245,-0.0665735974907875,0.010145452804863453,0.011538155376911163,0.09963367879390717,-0.09133882511668867,0.005549224072364023,-0.04782872647047043,0.03086821362376213,-0.01677013374865055,0.12244581431150436,-0.1385327497760278,-0.020082255917954872,0.08315983414649963,0.030604364350438118,0.08080451190471649,-0.003381206886842847,0.22525425255298615,0.9318698644638062,-0.013567361980676651,-0.20034244656562805,0.9214965105056763,-0.1414551458096377,0.1795304179031578,0.8608305845427603,-0.12948898014818305,0.24778678440563823,1.3749550372368677,-0.24783095478891862,0.2761069254345645,-0.0006771048270232914,-0.027114280784601815,0.24104888199438723,0.004512446667498081,-0.2582719541686974,0.10642908808748922,-0.0013228951729768214,-0.041757986685498405,0.07168798440529064,0.002947759700842288,-0.25544563604229836,0.18682705691767346,0.3950883353770987,-0.026294721576880408,0.16540535109831103,0.3979769897315182,-0.36738134748695506,0.28196144075712154,0.7374764477441176,0.07117395540191802,0.28999910424517505,0.7274945856124384,-0.3272792265285892,0.2011849693492418,0.8981828439009001,0.04342447886077676,0.20550986189532558,0.8888981130925068,-0.23596650536001723,0.20997820171212736,1.0772476694926998,-0.035588431355198416,0.21130981372874508,1.0728842800353415,-0.22936449031199568,0.17611322385357267,0.7072112422644847,-0.10079648329562571,0.16696101057455567,0.7089332701017511
0.3333333333333333,0,0-ACCAD_Female1Walking_c3d_B1 - stand to walk_poses,9,-0.1403447431512177,0.1756863184273243,0.78584961231751,0.7323074614103678,-0.02353979049976183,0.01605646782897437,0.6803777260219407,-0.06721638143062592,0.010078152641654015,0.011977329850196838,0.0996057540178299,-0.0918103659324081,0.00496656150438235,-0.047752030193805695,0.030919194221496582,-0.01654575578868389,0.12150993943214417,-0.13876358651190346,-0.02080981812268201,0.08207544684410095,0.030375255271792412,0.08114736527204514,-0.002892429009079933,0.2241533398628235,0.9320191144943237,-0.013735612854361534,-0.1997847855091095,0.921402096748352,-0.14098339484164882,0.17991074252118947,0.8607278225331227,-0.12879591199031848,0.24892163499489484,1.3747452247573655,-0.2480854775897074,0.275827187391412,-0.0006787028039520158,-0.027399816004608286,0.2409335123777154,0.004348311148166202,-0.2581906410855212,0.10612900607184063,-0.0013212971960478923,-0.0417471579972157,0.07154712230704433,0.002797622084040184,-0.25530109354204156,0.18669133124339796,0.39507511770428344,-0.02617762919474143,0.16538160955796039,0.3978032417954091,-0.36669312607618326,0.28184785810559987,0.7371989722856399,0.0713222830702229,0.2903668371509196,0.7271039179057587,-0.32661502449355495,0.2014328813937723,0.898092544245917,0.04378730212807556,0.20605723488879207,0.8886380628878198,-0.2354077654161209,0.21063155836431868,1.0771474898022255,-0.03503263391102408,0.2120547909212376,1.072679158636784,-0.22901206517733008,0.1761703775678336,0.7071831156285255,-0.10042735474005905,0.1672374287470352,0.7088118156494353
0.36666666666666664,0,0-ACCAD_Female1Walking_c3d_B1 - stand to walk_poses,10,-0.13995175482705235,0.17595307901501656,0.7858099403047618,0.7321883873693766,-0.023628955590367623,0.016345271264070895,0.680495900036469,-0.06779516488313675,0.010154474526643753,0.012454398907721043,0.0998559221625328,-0.09202009239266906,0.004707584854928948,-0.047392673790454865,0.031092999503016472,-0.01633349247276783,0.12034619599580765,-0.13840972546202934,-0.02121074120799027,0.08075486868619919,0.03028988651931286,0.08111746609210968,-0.0026368044782429934,0.22303804755210876,0.9319751262664795,-0.014035539701581001,-0.1991158425807953,0.9212620258331299,-0.14056849326606743,0.18021663956038425,0.8606861159895136,-0.12823822944435634,0.24946341225368873,1.374668347311686,-0.24796454941039298,0.27596384460676193,-0.0006792122729158377,-0.027345032890511538,0.24097113557291938,0.004265019436245701,-0.2579316801006449,0.10625749620830023,-0.0013207877270843618,-0.04160133407879396,0.07157690832233239,0.0027308582304275027,-0.25500895292119286,0.18689197332391252,0.3950691617059219,-0.0259446023289613,0.16532348406169664,0.3977402014421275,-0.36584362762499156,0.2822205396089317,0.7370297038920602,0.07158903150651465,0.29051997919936207,0.726965094310456,-0.3259801751214126,0.20188333192961244,0.8980154250630787,0.04410663789286985,0.2062476266510359,0.8885276296997084,-0.23493302290504545,0.21113494524511064,1.077105280425281,-0.03455726014687156,0.21235766261666045,1.0726059958922352,-0.2286447371982437,0.1763526183245609,0.7071706261248623,-0.10005493009823838,0.16748561655549862,0.7087641003521578
0.39999999999999997,0,0-ACCAD_Female1Walking_c3d_B1 - stand to walk_poses,11,-0.13953763665631413,0.17647265270352364,0.7857815203369453,0.7317749940847756,-0.023767190366800098,0.016565636567044982,0.6809302889278925,-0.0684109777212143,0.010720130056142807,0.012874624691903591,0.10034920275211334,-0.09241439433352161,0.004097171853789994,-0.04668664559721947,0.03168363496661186,-0.016218986362218857,0.11893738061189651,-0.1381172663454291,-0.021898317668764156,0.07922426611185074,0.030274854972958565,0.08111368119716644,-0.0021630923729389906,0.22238151729106903,0.93208247423172,-0.014086985029280186,-0.19838251173496246,0.9212407469749451,-0.14014685883670555,0.18077349459611602,0.8606556253890247,-0.12775995577574445,0.2502685501546439,1.3746029727362745,-0.24811376501174973,0.2762451906849518,-0.0006787826585625753,-0.027491970487429795,0.24124219468040406,0.00421521116782592,-0.25778974160475104,0.10652199617503835,-0.001321217341437364,-0.04151714054716717,0.07182849818728461,0.0027006005470248846,-0.2547754500173969,0.18728394481501,0.39505798360555466,-0.0257453726886203,0.16552001190023102,0.3977068812800162,-0.36520070848111014,0.28259563040033214,0.7368673133657503,0.07179417116666355,0.290952966919019,0.7268232293911357,-0.32543484342041573,0.20242313053041902,0.8979592450220302,0.04440607743143654,0.20676131161523353,0.8884438397814172,-0.2344872926004654,0.21182959221594097,1.0770658301866776,-0.03411143093013734,0.21298308179191539,1.0725526914040042,-0.2282453655556746,0.17671111262834208,0.7071568190806209,-0.09964244228788119,0.16803126835361612,0.7087330809157573
0.4333333333333333,0,0-ACCAD_Female1Walking_c3d_B1 - stand to walk_poses,12,-0.13865848304703832,0.17682581022381783,0.7857211339750647,0.7313184035113256,-0.02389782312573079,0.016980249679202215,0.6814058686688347,-0.06946907192468643,0.01199905015528202,0.013177182525396347,0.10092107951641083,-0.09270717726102995,0.002482486795050254,-0.045682020485401154,0.03270311653614044,-0.016208471730351448,0.11719456315040588,-0.13805030925175488,-0.023307660935695806,0.07755429297685623,0.03033817932009697,0.08118278533220291,-0.0015493168029934168,0.22247304022312164,0.9323167204856873,-0.014066572301089764,-0.19771075248718262,0.9212281107902527,-0.13923840522298805,0.18118291416960422,0.8605922187506672,-0.12660085450176256,0.25109524576274067,1.374476787306624,-0.24846866025670253,0.27644703900936485,-0.0006781864696577718,-0.027680078830677367,0.24109820866031223,0.0041208367684083674,-0.25783182430317975,0.10670630464296266,-0.0013218135303423514,-0.0414651277945179,0.07166459478360201,0.002629892858541278,-0.2543733882445812,0.18754039728334032,0.3950509487367377,-0.02531718517822596,0.16536891669627343,0.3976144946421032,-0.36436098591645266,0.2827267007103853,0.7367693763722145,0.0724665231983517,0.2911629192023863,0.7265330095420477,-0.3245178541125513,0.20281157598980978,0.8979700646248393,0.04521794964094361,0.2071184455236596,0.888253774712512,-0.23347116699939494,0.21245208514637423,1.0770174261260987,-0.03309686997663405,0.21352835792911867,1.0724165969039319,-0.22740494203719228,0.17686244264590212,0.7071374166529071,-0.0987864789652926,0.16840272497829048,0.7086602341788368
0.4666666666666666,0,0-ACCAD_Female1Walking_c3d_B1 - stand to walk_poses,12,-0.13865848304703832,0.17682581022381783,0.7857211339750647,0.7313184035113256,-0.02389782312573079,0.016980249679202215,0.6814058686688347,-0.06946907192468643,0.01199905015528202,0.013177182525396347,0.10092107951641083,-0.09270717726102995,0.002482486795050254,-0.045682020485401154,0.03270311653614044,-0.016208471730351448,0.11719456315040588,-0.13805030925175488,-0.023307660935695806,0.07755429297685623,0.03033817932009697,0.08118278533220291,-0.0015493168029934168,0.22247304022312164,0.9323167204856873,-0.014066572301089764,-0.19771075248718262,0.9212281107902527,-0.13923840522298805,0.18118291416960422,0.8605922187506672,-0.12660085450176256,0.25109524576274067,1.374476787306624,-0.24846866025670253,0.27644703900936485,-0.0006781864696577718,-0.027680078830677367,0.24109820866031223,0.0041208367684083674,-0.25783182430317975,0.10670630464296266,-0.0013218135303423514,-0.0414651277945179,0.07166459478360201,0.002629892858541278,-0.2543733882445812,0.18754039728334032,0.3950509487367377,-0.02531718517822596,0.16536891669627343,0.3976144946421032,-0.36436098591645266,0.2827267007103853,0.7367693763722145,0.0724665231983517,0.2911629192023863,0.7265330095420477,-0.3245178541125513,0.20281157598980978,0.8979700646248393,0.04521794964094361,0.2071184455236596,0.888253774712512,-0.23347116699939494,0.21245208514637423,1.0770174261260987,-0.03309686997663405,0.21352835792911867,1.0724165969039319,-0.22740494203719228,0.17686244264590212,0.7071374166529071,-0.0987864789652926,0.16840272497829048,0.7086602341788368
0.49999999999999994,0,0-ACCAD_Female1Walking_c3d_B1 - stand to walk_poses,13,-0.13756776275113225,0.17713241651654243,0.7856676875346416,0.730859661991103,-0.023966811709025947,0.017286371601270268,0.6818877677210655,-0.0703674927353859,0.013517612591385841,0.013479074463248253,0.10153287649154663,-0.09295165562495766,0.0006895033334025635,-0.04455200582742691,0.034118324518203735,-0.01630324311554432,0.11527915298938751,-0.13768557126935277,-0.025072034609034177,0.07545911520719528,0.030328400433063507,0.08114821463823318,-0.0011435644701123238,0.22266313433647156,0.932360053062439,-0.014117873273789883,-0.19724509119987488,0.9211740493774414,-0.13812407735564752,0.18152797770371995,0.8605367035286466,-0.12529884655156948,0.25167287628154933,1.3743849973046425,-0.24871596047228287,0.2766706048094701,-0.0006776640530286662,-0.02785473398687163,0.2410694295434059,0.004032725693028583,-0.2577566136923195,0.10691239149563886,-0.0013223359469714258,-0.04140471647135044,0.07161662771961298,0.002567826810273146,-0.25379496933076756,0.1878008383216693,0.39504451537540203,-0.024757288657647706,0.165226766354953,0.397538936500945,-0.3632766537162848,0.2830339102924416,0.7367128922541551,0.07347421049686513,0.29130164140903386,0.7263480301957589,-0.3234122832021779,0.20323784221227856,0.8979672989741828,0.04627506259328967,0.20734002563226306,0.8881201465620892,-0.23227657288201672,0.21297174474595393,1.0769717871126225,-0.03190270899533858,0.21389073030913447,1.0723182898624173,-0.22634653510140268,0.17698853732234632,0.7071185492213592,-0.09771295264001278,0.16874968386205833,0.708595192129968
0.5333333333333333,0,0-ACCAD_Female1Walking_c3d_B1 - stand to walk_poses,14,-0.13694668235257268,0.17734675481915474,0.78567206656699,0.7300278948625673,-0.024175494365690303,0.017325043969184717,0.6827698448570856,-0.07082176953554153,0.014778819866478443,0.013905124738812447,0.10210631042718887,-0.09341306617954714,-0.00029133529803804237,-0.043077170848846436,0.0355292446911335,-0.016398247331380844,0.11319643259048462,-0.1372881270319508,-0.026289072076858044,0.07293170690536499,0.03033837117254734,0.08112199604511261,-0.0006141213234513998,0.22275350987911224,0.9323793649673462,-0.0138942776247859,-0.1968257874250412,0.9212703704833984,-0.13752546232659973,0.1817684252454591,0.860539374815536,-0.12484499986249223,0.2520769606761717,1.3743689723150814,-0.248979392031795,0.2765083491490963,-0.000677600039227802,-0.02816431586072237,0.2410118279041208,0.004058188415682347,-0.2574964627961706,0.10672306198128609,-0.0013223999607721582,-0.04129223093425277,0.071525566967694,0.0026211081772869946,-0.25341934521992304,0.18776579073880056,0.39503025843161826,-0.024445282329616066,0.1650699175442819,0.3975833224096677,-0.3626783502399583,0.2830605625373106,0.7365901499528358,0.07399462446154512,0.2913766262215498,0.7263270328012041,-0.32283994959346657,0.20340319898061773,0.8979195349677627,0.04679438005678729,0.2075241994773284,0.8881555884939327,-0.23173851541223842,0.21329026703485068,1.0769366306985713,-0.03136319859329019,0.21418870811983212,1.0723420563632373,-0.2257132259889917,0.17694706990431516,0.7071089468862771,-0.09705703399515059,0.1690693605847836,0.708608361566458
0.5666666666666667,0,0-ACCAD_Female1Walking_c3d_B1 - stand to walk_poses,16,-0.1354255718179047,0.17878073826432228,0.7855412744040079,0.727822157834306,-0.02411856373781915,0.017659302630904393,0.6851141149321253,-0.07087405025959015,0.017087208107113838,0.01496016513556242,0.10318834334611893,-0.09482785705378993,-0.0031109387033330105,-0.038312848657369614,0.03742456063628197,-0.016334690153598785,0.10857374966144562,-0.13754401951350004,-0.028850380924463903,0.0669960007071495,0.03068622387945652,0.08108390867710114,0.0010776919079944491,0.2232024371623993,0.9326514601707458,-0.012448076158761978,-0.19613943994045258,0.9219839572906494,-0.13597624232320413,0.18322863765369443,0.8604072409910801,-0.12292856178403866,0.2537059609068921,1.3742050710149596,-0.2500759025855213,0.2767125332543077,-0.0006786530560647513,-0.028867624880084042,0.24125391223802095,0.0038953165077897887,-0.25725613921249907,0.10686545159981745,-0.0013213469439353233,-0.04088213525951362,0.07168457686944521,0.002519800967323082,-0.2527700815607618,0.18839203351084324,0.3949841567951522,-0.023713427562609527,0.16550384059959405,0.39741072868971183,-0.36146264327348665,0.283718731377631,0.7365106559042295,0.07524245815987642,0.2922450061592332,0.7257976900152585,-0.3213433507543137,0.2044554466311445,0.8979644829357575,0.0482517990822201,0.2087884347452134,0.8878657905611045,-0.2300274438102261,0.21477437922685552,1.0768655503885864,-0.029656082929907943,0.2157655181508191,1.0721199964058872,-0.22424703423511905,0.17777867266544167,0.7070455071691673,-0.09553459081492405,0.17084742248158002,0.7084485332036977
0.6,0,0-ACCAD_Female1Walking_c3d_B1 - stand to walk_poses,17,-0.1346532446332276,0.17927365377545357,0.7854761055656172,0.7267934888047041,-0.024014679279223752,0.017810188198850257,0.686205010916216,-0.07105887681245804,0.01790025271475315,0.015651455149054527,0.10363738238811493,-0.0951446798363571,-0.004230773732664783,-0.03606276959180832,0.038218047469854355,-0.016261162236332893,0.10583516955375671,-0.13695311495967344,-0.030054275664416985,0.06348768621683121,0.030660321936011314,0.08117309957742691,0.0016845481004565954,0.22240252792835236,0.9325887560844421,-0.012039373628795147,-0.1958950012922287,0.9221925735473633,-0.13518344429917334,0.1837249267139463,0.8603420194219329,-0.12198948281249038,0.25426434514325874,1.3741273470296607,-0.25041408312530467,0.27681999520412653,-0.0006800736888407932,-0.029132616969650638,0.24142090114306694,0.003775338955479171,-0.25694627466462233,0.10694674521368402,-0.001319926311159101,-0.04062413171136449,0.07181503702448147,0.0024352100329903988,-0.25235932126022154,0.18859115279722016,0.39497272562339497,-0.02331848973986474,0.16553484091031617,0.39732025407075705,-0.3604040690476414,0.2840976439024432,0.7363767136297564,0.07599811805847942,0.29243259964120394,0.7256109431238444,-0.3203931609763712,0.20492869285946058,0.897903704037658,0.049021093867768525,0.2091133684981862,0.8877519622760575,-0.2291726651918331,0.2153488495794057,1.0768160981174366,-0.028801855609248625,0.2162368046351722,1.0720270373495386,-0.22350696098018227,0.1779964321047168,0.7070204181493336,-0.09477028480673051,0.1715104663256435,0.7083646831177413
0.6333333333333333,0,0-ACCAD_Female1Walking_c3d_B1 - stand to walk_poses,18,-0.13370106043294072,0.17984988167881966,0.7854131214401265,0.7256803489577086,-0.023982233293542356,0.017978038330451772,0.6873788429684616,-0.07118329405784607,0.018820486962795258,0.016360769048333168,0.10410142689943314,-0.09565433315524507,-0.0053831672615752835,-0.033546995371580124,0.03930585831403732,-0.016274960711598396,0.1028730720281601,-0.13651691778742747,-0.031488381130412635,0.05963117256760597,0.030545564368367195,0.08125727623701096,0.002168808365240693,0.22132346034049988,0.9325166344642639,-0.011746827512979507,-0.19559702277183533,0.9222896099090576,-0.13421684602952536,0.1843140554705704,0.8602783678337329,-0.12096322991587687,0.254976243581143,1.3740449383150763,-0.2506123096001788,0.27684371877427455,-0.0006817603853397879,-0.02937026783446274,0.24150379887325607,0.0036818757419089937,-0.25644974982300767,0.10694516320114573,-0.0013182396146602,-0.04030873854637229,0.07186107280530657,0.0023798193992912477,-0.25177109831787725,0.18877863820877425,0.3949545628318927,-0.022795610483440035,0.16554074154457127,0.39724736220275453,-0.35904806495512764,0.2846206920269242,0.7361761517586324,0.07693499027049866,0.29273425908096556,0.7254635995494048,-0.3192274272325291,0.20554095115096227,0.897793835192483,0.04994795709784835,0.20953779098745676,0.8876659791295827,-0.22818240708462817,0.21605202340627233,1.07674781044344,-0.027811282661648465,0.21681533891738902,1.0719504416957581,-0.22258050154044365,0.1782676995944352,0.7069918479244709,-0.09381950212424975,0.1722630559083482,0.7082863369782296
0.6666666666666666,0,0-ACCAD_Female1Walking_c3d_B1 - stand to walk_poses,19,-0.13259408297017217,0.18087929859757423,0.7852913889941758,0.7237224614665048,-0.023782877324626965,0.018217491795669914,0.6894405677849977,-0.07104413211345673,0.02030419185757637,0.016976384446024895,0.10463780909776688,-0.09636298832248036,-0.007528114093062643,-0.030376117676496506,0.04066336527466774,-0.016374411061406136,0.0996568351984024,-0.1363565836651739,-0.033617890206210754,0.05539119988679886,0.030337532982230186,0.08113748580217361,0.0027332438621670008,0.22068190574645996,0.9325594902038574,-0.01133094821125269,-0.19548870623111725,0.9222807288169861,-0.13307595383649373,0.18534511065837825,0.8601567636550013,-0.11976229715894421,0.2559779111397037,1.3739258312487412,-0.251562887367725,0.27695314600575716,-0.0006835180184291238,-0.03008955888348877,0.242051900796979,0.003511467394053419,-0.25628986394715053,0.1070200560878753,-0.0013164819815707739,-0.040074225776458874,0.07235005276709887,0.0022508317290454855,-0.2513586161892199,0.18911574596806857,0.3949269505740872,-0.02231880790205568,0.16612224877688073,0.3970775351119616,-0.3579111597514438,0.28511706091818545,0.7360439679792898,0.07784459821288338,0.2939291448936535,0.7252474078466237,-0.31800105279196633,0.2061840069454966,0.8977112824160546,0.05103618400420593,0.21074651500146216,0.887486500595575,-0.2270237419381318,0.2169256300162896,1.0766607459921151,-0.026655527916528046,0.21797839727454466,1.0717970651953561,-0.22152494799936825,0.1787922424830874,0.7069405807106216,-0.09272734030137338,0.17359291017560002,0.7081313569262362
0.7,0,0-ACCAD_Female1Walking_c3d_B1 - stand to walk_poses,20,-0.13098074914887547,0.18185870721936226,0.7851571198812317,0.7220429880197299,-0.02361426761056974,0.01845702710176415,0.6911986892112292,-0.07054455578327179,0.02211921475827694,0.01756095699965954,0.10537026822566986,-0.09766098290259362,-0.009947079766937206,-0.026594730094075203,0.04260005056858063,-0.016647595912218094,0.0960584431886673,-0.13644634370543907,-0.03627656704185067,0.05077843368053436,0.030080266296863556,0.08068022131919861,0.003180107567459345,0.2202409952878952,0.932462215423584,-0.010798999108374119,-0.1953534483909607,0.9220974445343018,-0.13143005672196398,0.18632990561209858,0.8600223755585988,-0.11804359091527358,0.256758368533911,1.3738183487112465,-0.2520913319754587,0.27678450857439135,-0.0006847772735255261,-0.030569242635892585,0.2421602311978176,0.00336891453655757,-0.2558435818692985,0.10682709285131954,-0.001315222726474389,-0.03976126221836894,0.07241326891107394,0.0021541839416614264,-0.2504935674474073,0.1893884174248444,0.39487723568204475,-0.02147996753013251,0.16635337304171618,0.3969178057492515,-0.3561922227485953,0.28593486341256813,0.7359351837037966,0.07939766544726971,0.29484384900652694,0.7250855824231408,-0.31628638639666057,0.2070090733427741,0.8976070986769282,0.052650086460172274,0.21164983128144169,0.8873288770064772,-0.22535348873642042,0.21779462135510297,1.0765591329666528,-0.024986487889856135,0.21889791236606249,1.0716568252755694,-0.21995660811797793,0.1793453269354676,0.7068710949584287,-0.09113091906121326,0.17485186749954643,0.7079660493053815
0.7333333333333333,0,0-ACCAD_Female1Walking_c3d_B1 - stand to walk_poses,21,-0.12942509772256017,0.18272678926587105,0.784984130803863,0.719826668005726,-0.023169180259942083,0.018564462849626123,0.6935186499532376,-0.06988372653722763,0.024317605420947075,0.018093565478920937,0.10651321709156036,-0.09895945963067598,-0.013009543451141914,-0.022059207782149315,0.04448125883936882,-0.016925891861319542,0.09225015342235565,-0.1364977072398137,-0.03914170063788913,0.045864902436733246,0.0296914204955101,0.08010180294513702,0.0036954416427761316,0.21987377107143402,0.9323515295982361,-0.01006622239947319,-0.19531911611557007,0.9217963218688965,-0.12983085719926554,0.18715967852179874,0.859851913274641,-0.11641802677396579,0.2570388728912302,1.3737230639107354,-0.25324422814640324,0.27650716937502196,-0.0006846084297744623,-0.031346791099592014,0.24230112574010415,0.0031673386419190062,-0.25575501455805183,0.10652688209374694,-0.001315391570225432,-0.0394897708351603,0.07250026666478634,0.0020010889644558223,-0.24988813551468372,0.18956029284196907,0.3948218611104184,-0.020751855543326075,0.1666326100754678,0.3966964520652228,-0.35468671358737863,0.28637803065837353,0.7358840992840148,0.0807883750410933,0.2959075330963435,0.7249473431068624,-0.31465891196648005,0.2074054254518861,0.8975029933789391,0.05420226897099289,0.2125682691795977,0.8871426274341585,-0.2237546372137821,0.21823686549598456,1.076452336473471,-0.023390924218202658,0.2196453796452048,1.071494161152199,-0.21845783686717654,0.1796981286927813,0.7067825785974446,-0.0896014493281716,0.1761245280141294,0.707747566949911
0.7666666666666666,0,0-ACCAD_Female1Walking_c3d_B1 - stand to walk_poses,22,-0.12806319119408727,0.18386933580040932,0.7848224046869786,0.7174636255567081,-0.022953999498112006,0.018559952923202578,0.6959702494054993,-0.06882953643798828,0.027003321796655655,0.01853957027196884,0.10838041454553604,-0.10156201213910299,-0.0161060170052596,-0.016986597329378128,0.04626896604895592,-0.017200959846377373,0.08820840716362,-0.136991407046958,-0.04142531208820455,0.040529340505599976,0.028901081532239914,0.0792432501912117,0.004264734219759703,0.21915435791015625,0.9321606755256653,-0.009006068110466003,-0.19529975950717926,0.9213988780975342,-0.12846207264025405,0.188277211015288,0.859691700995158,-0.11549497720373147,0.25754562929548214,1.3736580314037543,-0.25457853590480467,0.2758395217208667,-0.0006815373066898535,-0.03191775151312172,0.24233077911032208,0.0030569355353823185,-0.25577989398498263,0.10584495985250846,-0.001318462693310058,-0.03895087506447385,0.07247999056511524,0.0019412278304529948,-0.24942287766438742,0.18980556355254716,0.39471800884804975,-0.019996474280075196,0.16698747307147205,0.3965528847516387,-0.35320184264414406,0.28710667799965006,0.7356265325651828,0.08206683804949255,0.2971653514242955,0.7250059447773138,-0.31324828406568606,0.20806689440459022,0.8972309569177729,0.05548870609744458,0.21370115692780595,0.8871382837574192,-0.22259417254571234,0.21893726744392863,1.0762764821073498,-0.022229845251285088,0.22065191249481658,1.071441066902727,-0.2171111318570246,0.18028486215429218,0.706664072697571,-0.08822989594549696,0.17768751451701867,0.7075593164790874
0.7999999999999999,0,0-ACCAD_Female1Walking_c3d_B1 - stand to walk_poses,23,-0.12640420021489263,0.1855601854622364,0.7846450360965268,0.7146603051744574,-0.02267844779748086,0.018329681686755687,0.698863619730424,-0.06775834411382675,0.030500181019306183,0.01879548653960228,0.111336849629879,-0.10490328133566962,-0.019838418031761562,-0.011384870857000351,0.049094587564468384,-0.01777668669819832,0.08391760289669037,-0.13736359114531238,-0.044586636215154685,0.03500138223171234,0.027929004281759262,0.07831449806690216,0.0049038962461054325,0.2183763086795807,0.9319999814033508,-0.007396834436804056,-0.19447115063667297,0.9209963083267212,-0.12681664714633376,0.18991278557962787,0.8595174927127407,-0.1145760738795004,0.25833862185693435,1.3736155348264392,-0.2560718262998086,0.27549651252897606,-0.000673987869973771,-0.032751136949680876,0.2430479100629332,0.002980959084579196,-0.25575676091925026,0.10549805489429555,-0.001326012130026307,-0.03849408845132957,0.07314825897702512,0.001919324054817713,-0.24879874629989734,0.19064314893423942,0.3945780081248316,-0.01911283625451637,0.1680133790596815,0.3964348394639742,-0.35148701440832775,0.28813949147402945,0.7353019383060476,0.08330318022534633,0.29901967670468244,0.7250946254378965,-0.31159220996189263,0.2090154967342166,0.8968796664704295,0.05686495856015428,0.2154193547153288,0.8871796981701708,-0.22128061261748871,0.21995040650358766,1.0760636646518622,-0.020916659293293283,0.22218799427448538,1.0714307056333539,-0.21544267389983598,0.18133958926184593,0.7065100858197588,-0.08654189299370021,0.17989284398050792,0.7073601035987817
0.8333333333333333,0,0-ACCAD_Female1Walking_c3d_B1 - stand to walk_poses,24,-0.12312195124104619,0.18688086047768593,0.7843344576584736,0.7114197346569107,-0.022351288606804076,0.01831980532230849,0.7021728888039317,-0.06712577491998672,0.03493556007742882,0.018816420808434486,0.11597757041454315,-0.10978500169743177,-0.02495895889932831,-0.005406295880675316,0.053455900400877,-0.018787771463394165,0.07929584383964539,-0.13804102040106225,-0.04974748348538138,0.029567698016762733,0.027116557583212852,0.07704903930425644,0.00504571245983243,0.2184871882200241,0.931643009185791,-0.005368856247514486,-0.19286282360553741,0.9205122590065002,-0.12352116091827126,0.19119558324299346,0.8592091783530589,-0.11177751531209207,0.2587348926937721,1.3734381449011326,-0.25692218299290187,0.2741864532737821,-0.0006594654028726325,-0.033283887306827936,0.24315807671782114,0.002817151745444217,-0.2548981005807864,0.10419986781733626,-0.0013405345971272478,-0.03758673882513251,0.07321549216226603,0.0018154415131912266,-0.24696496981930963,0.19106458778575994,0.39436095128207793,-0.017146025487184517,0.1685690106046371,0.3961787828563224,-0.348582910011169,0.2887590659799355,0.7351115595595143,0.08573422617559856,0.3006424985814148,0.7248636503210251,-0.30843511181258326,0.20946810862431955,0.8965447116243974,0.059745098046179224,0.21691769746006628,0.8869571020716475,-0.2182168596296516,0.22046163953317288,1.0757765027914334,-0.017861176157937142,0.22347698314724385,1.0712275794604442,-0.2121731619257267,0.18188818595576772,0.7062609675498247,-0.0832621714201361,0.1817666459349385,0.7070113168205797
0.8666666666666666,0,0-ACCAD_Female1Walking_c3d_B1 - stand to walk_poses,24,-0.12312195124104619,0.18688086047768593,0.7843344576584736,0.7114197346569107,-0.022351288606804076,0.01831980532230849,0.7021728888039317,-0.06712577491998672,0.03493556007742882,0.018816420808434486,0.11597757041454315,-0.10978500169743177,-0.02495895889932831,-0.005406295880675316,0.053455900400877,-0.018787771463394165,0.07929584383964539,-0.13804102040106225,-0.04974748348538138,0.029567698016762733,0.027116557583212852,0.07704903930425644,0.00504571245983243,0.2184871882200241,0.931643009185791,-0.005368856247514486,-0.19286282360553741,0.9205122590065002,-0.12352116091827126,0.19119558324299346,0.8592091783530589,-0.11177751531209207,0.2587348926937721,1.3734381449011326,-0.25692218299290187,0.2741864532737821,-0.0006594654028726325,-0.033283887306827936,0.24315807671782114,0.002817151745444217,-0.2548981005807864,0.10419986781733626,-0.0013405345971272478,-0.03758673882513251,0.07321549216226603,0.0018154415131912266,-0.24696496981930963,0.19106458778575994,0.39436095128207793,-0.017146025487184517,0.1685690106046371,0.3961787828563224,-0.348582910011169,0.2887590659799355,0.7351115595595143,0.08573422617559856,0.3006424985814148,0.7248636503210251,-0.30843511181258326,0.20946810862431955,0.8965447116243974,0.059745098046179224,0.21691769746006628,0.8869571020716475,-0.2182168596296516,0.22046163953317288,1.0757765027914334,-0.017861176157937142,0.22347698314724385,1.0712275794604442,-0.2121731619257267,0.18188818595576772,0.7062609675498247,-0.0832621714201361,0.1817666459349385,0.7070113168205797
0.8999999999999999,0,0-ACCAD_Female1Walking_c3d_B1 - stand to walk_poses,25,-0.12062155129387975,0.18852202966809273,0.7840677705807616,0.7075927826901345,-0.0223718587106738,0.01790569895463661,0.7060391913821837,-0.06746416538953781,0.0397384949028492,0.018765097483992577,0.12335532903671265,-0.11650941742819976,-0.02941431855221821,0.0009853733936324716,0.05869066342711449,-0.02006329409778118,0.07441150397062302,-0.13879273860465413,-0.05477429058016359,0.024600017815828323,0.026359638199210167,0.07525373995304108,0.005087813828140497,0.218948632478714,0.931131899356842,-0.0027302789967507124,-0.19097816944122314,0.9200731515884399,-0.12109037114655137,0.19279287331360784,0.8589446034631779,-0.11044879844217466,0.25914666679780696,1.3733554288089553,-0.25809419508444553,0.27276433702957126,-0.000632708828428686,-0.034434893918473916,0.2435377223921455,0.0028484282982572384,-0.25407651007914,0.10281340706453893,-0.0013672911715712707,-0.03705576615939905,0.07356051898925664,0.0019096247886284112,-0.24561505148861784,0.19201771051731542,0.394062895536157,-0.01574824015028515,0.16949100457917318,0.39610847688093803,-0.3467360455525772,0.28934502790556027,0.734866439495932,0.08713036473969729,0.30284931558919376,0.7248734291769231,-0.3062691752435044,0.20983365790153993,0.8961114042286039,0.06163897299075578,0.21896033747464425,0.8869610366667208,-0.21627020082513693,0.22094606764574426,1.0754642169012916,-0.015930198302873205,0.22516174536083988,1.0711867935201154,-0.20958950274989957,0.182591974156984,0.7059641875499573,-0.08068467747295045,0.18404248139770388,0.7067455062990822
0.9333333333333332,0,0-ACCAD_Female1Walking_c3d_B1 - stand to walk_poses,26,-0.11661775084212422,0.19073422625660896,0.7835321582392624,0.7044289782213451,-0.0222376835671021,0.017999235513937326,0.7091976646834892,-0.06994447857141495,0.045512646436691284,0.018489686772227287,0.13474580645561218,-0.12575923393742627,-0.035730862109810246,0.008124418556690216,0.06445235013961792,-0.021517587825655937,0.06952172517776489,-0.14080914297292546,-0.06121970553297451,0.020721569657325745,0.025365648791193962,0.07326759397983551,0.00599027331918478,0.21948879957199097,0.9308735132217407,0.0007716160616837442,-0.189386248588562,0.9198905229568481,-0.11708151036791087,0.19499870893247234,0.8584093851818348,-0.10711559270363526,0.260301103906435,1.3729721471153693,-0.25879541825823427,0.2719131638600371,-0.0005886502892214034,-0.03490645574387769,0.24341127027501536,0.00266639398323849,-0.2531149572839253,0.10201008699330966,-0.0014113497107785464,-0.03622459136313338,0.07341862141395511,0.0017935528238823967,-0.24336959238214853,0.1943777412813373,0.39361648803880084,-0.013340031693890409,0.17034468366747244,0.3957267743881205,-0.3433724329644908,0.2903348597042268,0.7344159041432816,0.09023321434464639,0.3050833788822924,0.7243694029754667,-0.30249894744696765,0.2108034439956278,0.8955483847336422,0.06520605582869161,0.2212846196693317,0.8865759795842887,-0.21256783734855172,0.22217955609958176,1.0749399327461029,-0.012249328084980984,0.2274198510282342,1.070790347769093,-0.2055737968001173,0.1839501643962674,0.7054789432067857,-0.07668823130082866,0.18679162983755698,0.7061757805021633
0.9666666666666666,0,0-ACCAD_Female1Walking_c3d_B1 - stand to walk_poses,27,-0.11258664401248097,0.19276002421975136,0.7829121457988112,0.7004810004006283,-0.0219396896562967,0.01753533342668694,0.7131181740617295,-0.07521403580904007,0.05214618146419525,0.018014993518590927,0.15144921839237213,-0.1367898562769898,-0.04234625209437792,0.015620609745383263,0.07031849771738052,-0.02304372936487198,0.06504716724157333,-0.1426225350739765,-0.06726539713625579,0.01820792816579342,0.024044182151556015,0.07063128054141998,0.007487972732633352,0.2196817398071289,0.9305074214935303,0.004865958821028471,-0.18869571387767792,0.919887363910675,-0.11309100754139524,0.19694098932681006,0.8577938201137212,-0.10439848828118767,0.26034486026696224,1.3726223851330617,-0.2597371598144388,0.27141069211267943,-0.0005210299371431505,-0.03510291588484346,0.24359664659166574,0.0024599134435402716,-0.25199404614818904,0.10158982607594336,-0.001478970062856872,-0.0347601103606069,0.07359892458768467,0.0016493594171441035,-0.241187956943002,0.1976887944485994,0.39304741485301126,-0.010664834560672057,0.17152205752868152,0.3953218523789605,-0.3401769434395651,0.2902400933128441,0.7338216842197539,0.09333679327230876,0.30777021123417936,0.7241226272506295,-0.2987656962868675,0.21065053809865636,0.8947880642940851,0.06879788580077682,0.2238231997942679,0.8863271447419097,-0.20913613532019365,0.2224286593913632,1.074312116933015,-0.008865293669752361,0.22941558991253927,1.0704446000919263,-0.20146639541452016,0.18493573929251064,0.7048567901231355,-0.0726260765493163,0.1895298285583432,0.7055358209046471
0.9999999999999999,0,0-ACCAD_Female1Walking_c3d_B1 - stand to walk_poses,28,-0.10884553613141179,0.19544236734509468,0.7819918029235381,0.6968360633969918,-0.021832046330733386,0.01734049252089,0.7166883352068244,-0.08368652313947678,0.058967724442481995,0.017516737803816795,0.17477235198020935,-0.15221476247358678,-0.049207433802172074,0.02306724153459072,0.07625366002321243,-0.024635234847664833,0.06118755787611008,-0.14570144704588084,-0.07346216571110886,0.01750040426850319,0.022735200822353363,0.0674498975276947,0.009493914432823658,0.21918919682502747,0.9298937916755676,0.00991408433765173,-0.1884860247373581,0.9203603267669678,-0.10938002999040823,0.1995885302357155,0.85687520328436,-0.10187391559379273,0.2611318930644961,1.3719551773372631,-0.2609574712694846,0.27119800633445396,-0.0004242055348308675,-0.03556582727043461,0.24365889843607524,0.0020631583035593364,-0.2512743568916298,0.10147790988479682,-0.0015757944651691447,-0.03375020461944316,0.07367025983860097,0.0013106543723303832,-0.23945907499984204,0.20272127522225478,0.39220913830206594,-0.008315897426417003,0.17302416986141678,0.39464492264689865,-0.3371270260747484,0.2904798007578862,0.7328883735805016,0.09625355388240128,0.31089517322888305,0.7234440190637085,-0.2951666465604936,0.21093300528756873,0.8937336348895973,0.07219387512467759,0.2270284399020594,0.8857618156952878,-0.2059367842124986,0.22330606096108632,1.0733973857621297,-0.005737577045196937,0.23221126615885201,1.0697697598208904,-0.19764784478726066,0.186530502971956,0.7039427812757204,-0.06887217727879671,0.19283612315389317,0.7045937766092347
1.0333333333333332,0,0-ACCAD_Female1Walking_c3d_B1 - stand to walk_poses,29,-0.10395236732438207,0.19754760339856148,0.7806478801159402,0.6936037063412355,-0.021409381957178966,0.01715966665551371,0.7198340661250928,-0.09635521471500397,0.06616421043872833,0.016922442242503166,0.20609663426876068,-0.17138694068817184,-0.05680332592347925,0.029760511592030525,0.0827496275305748,-0.026423828676342964,0.0579669326543808,-0.1483008484343813,-0.0806704972623774,0.01924380660057068,0.02170969732105732,0.06386338174343109,0.01199713908135891,0.2191864550113678,0.9292053580284119,0.015828318893909454,-0.1890501230955124,0.9214187264442444,-0.1044787464357246,0.2016278642932561,0.8555349577466127,-0.09773318939956128,0.2608851227452633,1.3709021567065123,-0.2613815844082445,0.27110072050662165,-0.00029253474544325975,-0.035450332794962555,0.2435643757040945,0.0012311380349776316,-0.24990417054433894,0.10149450911490701,-0.0017074652545568253,-0.032388462950050996,0.07359338382839221,0.0005333745773614812,-0.23697911009826847,0.2090410258442372,0.3910697006379395,-0.005139954389970803,0.17420508277398494,0.3935091361845505,-0.3332316404414881,0.289743497366738,0.731819286906651,0.1004384757948881,0.31336876440653755,0.7221976113807718,-0.29039869526169315,0.21024032493097666,0.8924559844076966,0.07693855933828332,0.22965404019470848,0.8846758040123928,-0.2013474929509615,0.22326892867903542,1.0721619231369106,-0.001255076583643766,0.23434037319623371,1.0686076400037638,-0.19270628651383026,0.18758312920636427,0.7026336476967109,-0.06401027586268224,0.19553128401958972,0.7032102411665062
1.0666666666666667,0,0-ACCAD_Female1Walking_c3d_B1 - stand to walk_poses,30,-0.09877652348950505,0.19996711984276772,0.7787026594956752,0.6901809482344059,-0.02063110129824322,0.016917763524921935,0.7231448026714932,-0.11372946202754974,0.07378055900335312,0.01619473285973072,0.246819406747818,-0.195087291397948,-0.06517600373633381,0.03560960665345192,0.08938667178153992,-0.02830885350704193,0.055278051644563675,-0.15004635327895333,-0.08844915629018835,0.02397928573191166,0.02093002013862133,0.05943407863378525,0.01485271193087101,0.21965885162353516,0.9283539652824402,0.021738233044743538,-0.19093859195709229,0.9227023124694824,-0.09926296683034169,0.20393809771621985,0.8535958815361556,-0.09295102380736217,0.26018749394317975,1.3693171583706745,-0.2620071593205486,0.27177387390521535,-0.00012053608315585815,-0.03546506870147406,0.2445321753859067,-0.00025561536959345377,-0.2485757693876106,0.10231442761394116,-0.0018794639168440673,-0.0310791115899588,0.07458999136476449,-0.0009017348168876768,-0.23470833870970617,0.21757714468028208,0.3895160108673379,-0.0018662462368374856,0.17620687281618277,0.39172172545132045,-0.32953599223321994,0.28851888627909983,0.7305064451660274,0.10489343527560209,0.31698639189108124,0.7203958504594722,-0.28533393375891836,0.20903306779604983,0.8907804196312604,0.0821789993400612,0.23314081410006343,0.882918272571588,-0.1962716291380751,0.22284531451291,1.0704408574380266,0.0036404543519636956,0.23677684959237794,1.066799964003533,-0.18749330564560665,0.18883468567108788,0.7007441766634417,-0.058905220789419635,0.19858369445660182,0.70120833055237
1.1,0,0-ACCAD_Female1Walking_c3d_B1 - stand to walk_poses,32,-0.08853660942986608,0.20487134531140327,0.7772916026566488,0.6876375404578557,-0.019913767778504933,0.016679404841783013,0.7255893137719562,-0.1671815663576126,0.09034810960292816,0.014250696636736393,0.35960063338279724,-0.25814702509812104,-0.08200217959642053,0.04455141723155975,0.10073324292898178,-0.031793851405382156,0.05054529011249542,-0.15299361133692946,-0.10087759018005815,0.044605568051338196,0.02011352963745594,0.050883229821920395,0.023422496393322945,0.21782800555229187,0.9274330139160156,0.03215694800019264,-0.19641178846359253,0.9257394075393677,-0.08898358425616332,0.20874072314286338,0.8521903885526969,-0.08320029793902878,0.25993383444010887,1.3684686089312794,-0.2619719007972145,0.2764746081720152,0.005240307568268175,-0.03297120406600475,0.246172186315162,-0.0007228049719486818,-0.24633634526078416,0.10721693449792122,0.0025256610901636597,-0.027953225731110923,0.07624716595295572,-0.0012771950280513165,-0.23068718848015834,0.24242009769065756,0.38956116986175454,0.0052542662470380155,0.17933511038014127,0.39072307694911923,-0.3211285669560279,0.28504836382938137,0.7296963937220328,0.11426387673792945,0.32447568544283256,0.7191925639626734,-0.27460249303894096,0.20650132784647723,0.8897752861105368,0.09284049364997836,0.24052954477146216,0.8818383395844751,-0.18605450013468966,0.22267652170162747,1.0694208956012976,0.013391032822674592,0.24214002242023183,1.0655690878270452,-0.17717105721951817,0.19188785552474233,0.6992793743191945,-0.04873821831088001,0.2040923687611739,0.6997395119761426
1.1333333333333335,0,0-ACCAD_Female1Walking_c3d_B1 - stand to walk_poses,33,-0.0831301030702889,0.20749839022755623,0.7768428828197868,0.6880403338957138,-0.019902751490130717,0.016802866778904513,0.7252048283649297,-0.20467691123485565,0.0992528572678566,0.012920757755637169,0.43051278591156006,-0.2949126152241597,-0.09068852823783635,0.04694189503788948,0.1061529591679573,-0.033598411828279495,0.04824550077319145,-0.15331986325739355,-0.10658849390854241,0.06086907535791397,0.02000640332698822,0.04757985472679138,0.029291553422808647,0.2161981612443924,0.9278606176376343,0.03624913468956947,-0.20038333535194397,0.9274899959564209,-0.08356098128170301,0.2113803026124283,0.8517411144424566,-0.0778953300839927,0.26102128812186043,1.368182201621605,-0.2612673584611979,0.2816775899921472,0.009887209598046197,-0.03093603240855265,0.24758892462884902,-0.0007444655901284181,-0.2451009966169009,0.11248044427622203,0.0065744122448703375,-0.02639121971958706,0.07765045492206464,-0.0012555344098716635,-0.2286248803359582,0.2589882808760575,0.39059772689374544,0.009131260222203699,0.1809132788462071,0.3904914800241501,-0.3163971107201573,0.28232671806939924,0.7292027185680166,0.11939858952563676,0.3289266710340919,0.71872122020245,-0.268671965593241,0.20503123611280605,0.8895376280415335,0.09861400570248809,0.24503883104305646,0.8814799237519224,-0.18055331673774505,0.223125171704036,1.0691473353495684,0.0185714446898001,0.24560264821866767,1.0651128172919302,-0.17174200156530206,0.19367388861448195,0.6987215075063627,-0.04334790679945777,0.2067218274807057,0.6992788404536439
1.166666666666667,0,0-ACCAD_Female1Walking_c3d_B1 - stand to walk_poses,34,-0.07749198796227574,0.21023717895150185,0.7764237601447035,0.6901174294761259,-0.020386642454906793,0.017638888691690943,0.7231951243947946,-0.25024786591529846,0.10862556844949722,0.01098459493368864,0.5077152848243713,-0.33181822060232946,-0.10003775763217793,0.04714559018611908,0.11138744652271271,-0.03547132760286331,0.04590941593050957,-0.1531443095551892,-0.11234250737373741,0.08147773146629333,0.020132891833782196,0.045095209032297134,0.03623075783252716,0.2141883224248886,0.9289848804473877,0.03890622407197952,-0.20542824268341064,0.9291923642158508,-0.07787758034779223,0.2142610092897322,0.8513147483069742,-0.0719965945635478,0.26369081058122484,1.3677815534002615,-0.2602855510608315,0.2897595995193894,0.01587496755759466,-0.028553977599878183,0.24904214010632625,-0.0007660803505299268,-0.24425334686526917,0.12056352010257795,0.011918310052600047,-0.025285652503797953,0.07907420437297473,-0.0012339196494701686,-0.2263840529938944,0.278154905836107,0.39255989293599436,0.013064818729836595,0.18214628826540386,0.39027245655487947,-0.31118605270750327,0.2791338521333256,0.7285222558550266,0.12500674112593008,0.3338169602170557,0.7180349969239697,-0.2622824067982872,0.20379108322479816,0.8894305054699869,0.10481699644896494,0.25014887749460946,0.880981584331,-0.17462671210412606,0.2244253595714001,1.068913836106653,0.024137856095040253,0.24983448343419395,1.0645311710356946,-0.16615318107138738,0.19566018565892374,0.6981575211395179,-0.03773879193245194,0.209090679290064,0.6988491187316783
1.2000000000000004,0,0-ACCAD_Female1Walking_c3d_B1 - stand to walk_poses,35,-0.07286129565909505,0.21230587735772133,0.7759240444872505,0.6952797790863406,-0.022155318368976426,0.018898089694692644,0.7181490324908263,-0.3034025728702545,0.11587642133235931,0.009372039698064327,0.5880775451660156,-0.3670853527360931,-0.1052884407662843,0.04468265175819397,0.11667308211326599,-0.03749838098883629,0.0433800145983696,-0.1525524770254647,-0.11670336039162599,0.10650872439146042,0.020723750814795494,0.04321213811635971,0.04459470510482788,0.2113129049539566,0.9308690428733826,0.04015315696597099,-0.21161998808383942,0.9307683706283569,-0.07327699978256408,0.216652245811422,0.8507968450983295,-0.06736545186493788,0.26743880847575907,1.3671381453312736,-0.2569675677962841,0.3009007024753516,0.022612406399702464,-0.025833882499136825,0.24946156780599432,-0.0007861666142080156,-0.2424075907835479,0.1315891249101375,0.017965173699798956,-0.025330723761619687,0.07946285036254608,-0.0012138333857920243,-0.22322224869470567,0.29921548687475535,0.3952232135995148,0.016253963887078407,0.1817902559914075,0.390121436055614,-0.30624640282787563,0.27546582935931463,0.727174992577888,0.13041210157195238,0.3375762646195373,0.7172395529956762,-0.2567767270860961,0.20272763255002615,0.8891054409534314,0.11022334132947358,0.25443097165603445,0.8804536406904984,-0.16987905573302778,0.22632710394923453,1.068478777685472,0.02860333346127375,0.25380925477862426,1.063825019471679,-0.16158812748920082,0.19738072092728562,0.6973220201463917,-0.033035486734950575,0.21019634654130853,0.6984106237829465
1.2333333333333338,0,0-ACCAD_Female1Walking_c3d_B1 - stand to walk_poses,36,-0.06870273919776082,0.21437372639775276,0.7754446320668065,0.7011897089242082,-0.02469768809463072,0.02097889924341543,0.7122379532769222,-0.3568267524242401,0.12057717144489288,0.008079317398369312,0.6703357100486755,-0.40648865419684355,-0.10803802131717755,0.04016105458140373,0.12126865983009338,-0.039520908147096634,0.04049661383032799,-0.15178122715018194,-0.12030279454342307,0.13485704362392426,0.02176019363105297,0.04163030534982681,0.05486451834440231,0.2067025750875473,0.9335944652557373,0.04153220355510712,-0.21787267923355103,0.932641863822937,-0.06913480558253345,0.21921268634554897,0.8502871185652037,-0.06287732678706505,0.2727425061834276,1.3663531898456673,-0.25176683075563655,0.3105692453909745,0.03052753295043185,-0.023069775894680178,0.24961468215160526,-0.0008063347755721192,-0.239143798013786,0.14112355341885027,0.02515943119225543,-0.025731665633716327,0.07963596490106065,-0.0011936652244276605,-0.21912325639637634,0.31979892087504597,0.3983119128712572,0.01904120657004061,0.18097748133958172,0.39000533070596016,-0.30116529032708156,0.2706546728174497,0.7255987568375708,0.1351911525582246,0.3413007901223543,0.7159638729239717,-0.2512513478125288,0.20144944134665888,0.8889352147515845,0.115163885880675,0.25915055660728126,0.8797008935607642,-0.16542281836227643,0.2288919738170158,1.0680946072726414,0.03272237614575635,0.25862673790764845,1.06294576295102,-0.15755100705876496,0.199133613693652,0.6964754709590703,-0.028823867601097383,0.21098358267727993,0.6980103152533849
1.2666666666666673,0,0-ACCAD_Female1Walking_c3d_B1 - stand to walk_poses,37,-0.06416909070685506,0.21695876494050026,0.77508856095992,0.7067897933418972,-0.027407332869633805,0.023834097626968087,0.7064905957781742,-0.4031563699245453,0.12515059113502502,0.00584584753960371,0.7485700249671936,-0.4500169749909344,-0.11279309100154644,0.03485427424311638,0.12403880804777145,-0.04126673936843872,0.03727328032255173,-0.15115994829087032,-0.122800278452045,0.16499371826648712,0.02258707396686077,0.04000674933195114,0.06772865355014801,0.20012317597866058,0.9375815987586975,0.043963514268398285,-0.22401413321495056,0.934840738773346,-0.0645466896055805,0.2223902332855942,0.8498906770442122,-0.05759746925206467,0.27934789723958575,1.3655868877220465,-0.24651821100270105,0.31653126883880334,0.039358951783482955,-0.01943589282152066,0.25001068742223553,-0.0008260634066623584,-0.23597505655313203,0.1469657717469577,0.03332702918386043,-0.025138990018886406,0.08010673318160164,-0.0011739365933377231,-0.21447569057078328,0.33797898600894266,0.4012890972712606,0.0223339276175843,0.18047676474521418,0.3899252024403642,-0.2949992091777444,0.2646810256227656,0.7240418198734322,0.14003166430125585,0.34555573547332585,0.7143480075316947,-0.2446942036654116,0.1999801437856487,0.8890956490143271,0.12046066243161023,0.26478363925395343,0.8788241716476993,-0.16033107760268323,0.23212767974739967,1.0679080576300457,0.037366721167708936,0.2645775037172895,1.0620110935242821,-0.15322460025992463,0.2014257218162937,0.6958517127417463,-0.024325801168467855,0.21219009834665395,0.6977151731744918
1.3000000000000007,0,0-ACCAD_Female1Walking_c3d_B1 - stand to walk_poses,38,-0.06115610571578145,0.2208382673561573,0.7746531009419033,0.7111878945506354,-0.03007246648896168,0.026544011562777504,0.7018567096310041,-0.45338231325149536,0.12191412597894669,0.008315881714224815,0.8027517199516296,-0.46466121152943574,-0.10531843819998887,0.03055335208773613,0.12688584625720978,-0.04318520054221153,0.03392753750085831,-0.15119052125449262,-0.12522523321875878,0.1953258067369461,0.023156670853495598,0.037933118641376495,0.08282754570245743,0.19232158362865448,0.9427863359451294,0.047881800681352615,-0.2303536832332611,0.9372894167900085,-0.061490423118407224,0.22684085736747042,0.8494117602733171,-0.054068935467117864,0.28686276675796535,1.3647611185880053,-0.23827479426431433,0.3323926087562417,0.045258759114431675,-0.01742004068306584,0.2514793255899132,-0.000846217078953361,-0.22907114507076362,0.16276950167503246,0.038678912183182416,-0.025652991441666054,0.0816790784609433,-0.0011537829210465297,-0.20891075008207402,0.356943374783412,0.4054158497591088,0.02417712597433572,0.18139249241288685,0.3898128403204143,-0.2897696914902039,0.2583497522508405,0.7223489863001655,0.14309402115986794,0.35135456056434183,0.7126523734570126,-0.23917519365182882,0.19879299222944066,0.8892404280472012,0.1241218178093864,0.2720424660328283,0.8779073623838838,-0.1567934097659378,0.23614245912625179,1.0676554776394271,0.040294273243421413,0.2719807117699992,1.061003428823818,-0.1503881621961206,0.20466486504656412,0.6950679479277831,-0.02135140474004526,0.21486754234771868,0.6973479709652032
1.3333333333333341,0,0-ACCAD_Female1Walking_c3d_B1 - stand to walk_poses,39,-0.0576658365316689,0.22545132413506508,0.7740123484394815,0.714941148701875,-0.03304464104257447,0.02962324027107935,0.6977747983605117,-0.5033102035522461,0.11193988472223282,0.015674211084842682,0.8275609612464905,-0.450120474766893,-0.08701084032156448,0.02730775624513626,0.12987935543060303,-0.04526248946785927,0.03068852797150612,-0.15338906729082336,-0.12781335461855925,0.2252407968044281,0.023944957181811333,0.03489222377538681,0.09924324601888657,0.1839698851108551,0.9487888216972351,0.052633944898843765,-0.23653391003608704,0.9393997192382812,-0.05794766317857402,0.23209562275491857,0.8487169257396129,-0.04975510846937015,0.29520967558780203,1.3636960475916184,-0.22549908011803999,0.35572102717524723,0.04743280945232607,-0.015156183685069782,0.2523960484905458,-0.000867113815249728,-0.21731592343847683,0.18605950070595714,0.040504434255494305,-0.02570426054117868,0.08272381316701027,-0.0011328861847502564,-0.2006711247774981,0.37445161179921815,0.41013759153216656,0.026423077938637938,0.1825485048749202,0.38957973610688335,-0.28357761779449764,0.25201956754240007,0.7206995889559411,0.1464030517847555,0.3579573784302449,0.7105608213213653,-0.23277369521916288,0.198046848777017,0.889416722893785,0.12821208957285699,0.2801744873296415,0.8766285031562276,-0.15258243375155736,0.24085479540118088,1.06726946766853,0.0437818314640143,0.28029749722022806,1.059684382332007,-0.14708181815506802,0.20843602796873587,0.6940686202626472,-0.017917216349276743,0.21829843369615726,0.6967818612175909
1.3666666666666676,0,0-ACCAD_Female1Walking_c3d_B1 - stand to walk_poses,40,-0.054914985317736864,0.22957203164696693,0.7732195386069899,0.7191026934202326,-0.03658521896879825,0.03369657756635552,0.6931214747279777,-0.5488039255142212,0.09563245624303818,0.028276076540350914,0.8228760957717896,-0.411409043337047,-0.06008302949179567,0.024719849228858948,0.1313319206237793,-0.04704410955309868,0.02752462960779667,-0.15849848507658293,-0.1291532213225891,0.25483790040016174,0.02514474093914032,0.031113702803850174,0.11649876087903976,0.17474967241287231,0.9553930759429932,0.056811414659023285,-0.24244709312915802,0.9404022097587585,-0.05508399050342027,0.2370216843023534,0.8478484479689878,-0.045312125349480786,0.3040241609176181,1.3623227736474905,-0.20906001199458066,0.38257494322674584,0.046283710177632845,-0.013041353276455739,0.250732254952756,-0.0008870871840699693,-0.20223936949491772,0.21285638392017328,0.039277322892220155,-0.0261739362760016,0.0812404136548811,-0.0011129128159299874,-0.190872602726242,0.3881014389960345,0.4146478522950301,0.028012259581188796,0.18208145724008593,0.38924609500614227,-0.27748022815900114,0.2453098226832219,0.7192915014047994,0.14888416787740724,0.36401678802768556,0.7079132889765936,-0.22667242842049942,0.1973334607078524,0.8898095367603263,0.1316594479577218,0.2877955603326453,0.8748060619672697,-0.14869560818412675,0.24576206118093952,1.0668333282844764,0.046942417443440666,0.2884131454053108,1.0579545421606393,-0.14460365839821673,0.21178502279932854,0.6930160848780934,-0.015292040736164296,0.22102836083489244,0.6960680830115051
1.400000000000001,0,0-ACCAD_Female1Walking_c3d_B1 - stand to walk_poses,41,-0.05311418371275067,0.23509711399674416,0.7722201235373615,0.7232758713903705,-0.04049598821457708,0.038166768944579064,0.6883134362711193,-0.5880495309829712,0.07522298395633698,0.04439033195376396,0.7907022833824158,-0.3511536517468057,-0.028497473596058698,0.023591559380292892,0.13178429007530212,-0.04860642924904823,0.024304989725351334,-0.16606032915711078,-0.1292424510740402,0.284161239862442,0.026223251596093178,0.027392668649554253,0.13527324795722961,0.1644345372915268,0.9631268978118896,0.05967443436384201,-0.24826957285404205,0.9400603175163269,-0.053154508173244415,0.24343118465384236,0.8467556294403898,-0.04169966686366942,0.3149095377683532,1.3606067530785866,-0.19008124137767446,0.4138392303912427,0.04264466570548518,-0.011327125253323607,0.24876911521876366,-0.0009062521596648887,-0.18487024553104467,0.2440538536178235,0.035879212565119445,-0.027111507586485506,0.0795035897278053,-0.0010937478403350888,-0.18051439776989672,0.39955549453362466,0.4184500416682563,0.028813198766791597,0.18218059438739057,0.38882362539355686,-0.2715053478687812,0.2395111154886072,0.7178281338974652,0.1502050266530354,0.37198173598950857,0.7049948727923541,-0.2210905654057909,0.19813196996746166,0.8901814925224637,0.1340864412720352,0.29709651740291343,0.8726014342591457,-0.1456819273907071,0.25247071806842314,1.0661823784085247,0.04919331026875238,0.2981856642263446,1.05588818854494,-0.14309930743265098,0.2166289625282264,0.6918266498895792,-0.013639629911384153,0.22510777773599627,0.6951672068302308
1.4333333333333345,0,0-ACCAD_Female1Walking_c3d_B1 - stand to walk_poses,42,-0.051752128172665834,0.2421066351234913,0.7711852182077195,0.7280166483201452,-0.043956458202073924,0.042725766157324485,0.6828133701512449,-0.6218895316123962,0.0557374469935894,0.06014936417341232,0.7360469102859497,-0.2719354248619479,-0.0002855338526847051,0.024060454219579697,0.13084706664085388,-0.0497998483479023,0.02110586129128933,-0.17469277796154747,-0.12836752803532725,0.3127416670322418,0.028035148978233337,0.023987548425793648,0.15514935553073883,0.15388549864292145,0.9717888832092285,0.06176317110657692,-0.2535603940486908,0.9388407468795776,-0.05158847641618155,0.25128284878666257,0.8456215690110093,-0.037487531264686035,0.32720788897809744,1.3587830281766837,-0.1714062026367039,0.4501401370702206,0.03841596434301341,-0.009771285193426162,0.24755596371770056,-0.0009235685835165125,-0.1683408049453031,0.28028219629262313,0.032180317481001426,-0.028481919119200047,0.07858884025562002,-0.0010764314164833748,-0.1706800926123419,0.4100644467213977,0.4219099507466212,0.02910189180344118,0.18337116734824868,0.38836189717559044,-0.26553432116816594,0.23535986969229772,0.7169241882468108,0.1509799302631058,0.3812387875776194,0.7017679938149278,-0.21564178546573712,0.2007829419378475,0.8909205535893474,0.13619036607440266,0.3074841315451887,0.8699972531868163,-0.14263576460797134,0.2608928455273846,1.065623015305545,0.05153281263619012,0.30912096822888585,1.0535898656070226,-0.14213134778712488,0.2232974938634555,0.6906983100225949,-0.012511939309651863,0.23068308885923752,0.69421154257246
1.466666666666668,0,0-ACCAD_Female1Walking_c3d_B1 - stand to walk_poses,43,-0.051159527618438005,0.24980689957737923,0.7701583254613641,0.7337787031309988,-0.04673231695495258,0.04753620932543749,0.6761103565146592,-0.6513799428939819,0.03935982659459114,0.07379047572612762,0.6669621467590332,-0.18112420770077353,0.021543513024217642,0.025950735434889793,0.1280870884656906,-0.05045853927731514,0.018224144354462624,-0.18444093579848775,-0.12656081453525092,0.3398820459842682,0.0300840362906456,0.020776256918907166,0.17532317340373993,0.14312522113323212,0.9810158014297485,0.0628625750541687,-0.2596591114997864,0.9369687438011169,-0.05066679943542588,0.2597715349319626,0.8444917853646126,-0.03286272760782858,0.3398769569489875,1.3569164565246994,-0.15466606867332477,0.48940187691766873,0.03525065671224166,-0.008856879687751566,0.24630008481185645,-0.0009374868458100899,-0.15447619744806024,0.3194922682839321,0.029710905558238826,-0.030962497886647407,0.07774348893834315,-0.0010625131541899605,-0.1623436987560213,0.4197065623140362,0.4249458917190503,0.028368736419130316,0.18484255891878495,0.38784631552135007,-0.2600458014757841,0.2328666630350174,0.7166107283446447,0.15160401970458828,0.39077079378913093,0.6984406785617485,-0.21082022678122359,0.20492216595739432,0.8919832235747607,0.1380143541485937,0.3178495243798379,0.8671338131641431,-0.1398650628362801,0.27031523289733084,1.0651831949443489,0.053770986948340004,0.3201156147642036,1.0511408628829795,-0.14208929513194252,0.23111119668366298,0.6897058530477188,-0.01229658422675646,0.23691251964707885,0.6932240297082051
1.5000000000000013,0,0-ACCAD_Female1Walking_c3d_B1 - stand to walk_poses,44,-0.05021993489935994,0.2590360827744007,0.7689021341645228,0.738207451609845,-0.04939331905767101,0.05206234755228801,0.6707455332594546,-0.6752954125404358,0.02357538789510727,0.08705642074346542,0.5915809273719788,-0.08891210110703018,0.04183541842531813,0.02985486201941967,0.12453600764274597,-0.0507550910115242,0.015978503972291946,-0.19626864072347172,-0.12375549488337467,0.3648849427700043,0.03185420483350754,0.01739567704498768,0.19458049535751343,0.1315726339817047,0.9902477860450745,0.06253571063280106,-0.26647841930389404,0.9343332648277283,-0.04942456518226864,0.26974354826337277,0.8431296059644946,-0.02821722902305827,0.3536413984775142,1.3548324141172516,-0.13790727887142418,0.5284882605933218,0.03347714465058762,-0.007355337733843493,0.24563122387875688,-0.0009467042405234931,-0.1400744197640146,0.3585695892291396,0.028686672629717566,-0.03217075623249155,0.07745220127788366,-0.0010532957594762832,-0.15453236100485077,0.42865147856932206,0.4266775879905129,0.028297664503355732,0.18782001225412726,0.387203027223007,-0.2537217877234743,0.23215648154371338,0.7162179956975033,0.15233909969027842,0.4029271120913442,0.6951799342120939,-0.20541139784680218,0.21057026952272384,0.8927391159203169,0.1400639480978962,0.33029350234498844,0.8640977947028254,-0.1368527430699865,0.28090586697347597,1.0644800477513567,0.05614159497773492,0.33258046292845517,1.0485079935812918,-0.14162762218140557,0.24029028642778932,0.6885329980251798,-0.01170115702458346,0.24491611873336833,0.692006302378135
1.5333333333333348,0,0-ACCAD_Female1Walking_c3d_B1 - stand to walk_poses,45,-0.04975196020677686,0.26943959668278694,0.767242073975243,0.7427096059292105,-0.051600927927599786,0.05610784243776016,0.6652606222485041,-0.6930862069129944,0.006806501187384129,0.1011822521686554,0.5152404308319092,-0.0009589778928158488,0.0631703311239088,0.037236519157886505,0.12046919763088226,-0.05069153010845184,0.014891511760652065,-0.21143091809425463,-0.1202348098789845,0.38758471608161926,0.032998427748680115,0.013749991543591022,0.21267783641815186,0.11874882876873016,0.999370813369751,0.06083068624138832,-0.2733428478240967,0.930921196937561,-0.048650394988061084,0.28078722313576515,0.8413704621133415,-0.024258111181331768,0.3675276009941461,1.352472666968156,-0.12012298252417325,0.5658602188588694,0.03301836095381863,-0.006339229217296065,0.24452674913789052,-0.0009496866948851303,-0.12476288040746533,0.395971999898952,0.02896072540343155,-0.03387074277216543,0.07677095747732407,-0.0010503133051148993,-0.14694428599907355,0.43744267622277144,0.4268774193068767,0.02773351055923255,0.19153266382081524,0.3863027547059694,-0.24734169562556607,0.23395584021543533,0.7153412400678725,0.15278828196627176,0.4165067683653596,0.6919982997440741,-0.20043119578326607,0.21798259372095724,0.8928344078381851,0.1416583032447823,0.34354755735909487,0.8608551660752086,-0.1344645929570129,0.29240731723074626,1.0633220082249624,0.0580033826561911,0.3454723775666719,1.0456482243941112,-0.14162553978849085,0.2509167885053184,0.6869933391170989,-0.011577847418222077,0.25427392290259954,0.6903652287430079
1.5666666666666682,0,0-ACCAD_Female1Walking_c3d_B1 - stand to walk_poses,46,-0.048839197028428316,0.2831713445484638,0.7649464741317723,0.7476204550260713,-0.05342554746603453,0.05960743769593044,0.6592847028984444,-0.7034233212471008,-0.009890287183225155,0.11596222221851349,0.44391319155693054,0.07503818362195269,0.0851429394966835,0.04851358011364937,0.11641976982355118,-0.050346799194812775,0.015601941384375095,-0.23102890547651667,-0.11630687791287075,0.4079526662826538,0.03367554396390915,0.010152063332498074,0.2296467125415802,0.10600220412015915,1.008284568786621,0.058340609073638916,-0.2802829444408417,0.9270761609077454,-0.04743803300270256,0.29505739014223475,0.8389853737691644,-0.020110960978084978,0.38384847756961504,1.3496018145093442,-0.10106059413135818,0.6010372660428701,0.032872312042549305,-0.005205535419110462,0.24469086338199542,-0.0009441579921486074,-0.10829009637302422,0.43122532833374977,0.02946055167412592,-0.03563771838387373,0.07743695530604099,-0.0010558420078513042,-0.1387690440303951,0.4483605761323522,0.42511185171250715,0.02743214919521766,0.1979853078810097,0.3849943007965944,-0.240544044794192,0.24042523283691858,0.7137532210431671,0.1541560464432359,0.43315855211398063,0.6886401398791699,-0.19532335941440032,0.22938006789961204,0.8920581793294067,0.14381884611196666,0.3594798431151309,0.8572347849119887,-0.1318401666586379,0.30713707156943887,1.0614550222364496,0.060290508562455325,0.360923000313319,1.0423484158332963,-0.14115064445917266,0.26525853363083546,0.6848492763887213,-0.01099888675329944,0.2671094906263825,0.6880704722181228
1.6000000000000016,0,0-ACCAD_Female1Walking_c3d_B1 - stand to walk_poses,47,-0.04843711154535413,0.2980385608971119,0.7623446618584192,0.7529782432367609,-0.054399707809984106,0.06136552596865314,0.6529155452467496,-0.7070549130439758,-0.023028874769806862,0.12961822748184204,0.3836852014064789,0.13607745438550656,0.1051508760323141,0.06307048350572586,0.11170756816864014,-0.04951750487089157,0.018863540142774582,-0.2527480113207614,-0.11054848859881328,0.42591169476509094,0.03432425111532211,0.006468514911830425,0.24406662583351135,0.0942121371626854,1.016098976135254,0.05496407672762871,-0.2865689694881439,0.9227545857429504,-0.04683383788738063,0.31019280623709167,0.836335903460336,-0.01721183354647113,0.3990673558132508,1.3468255573407077,-0.08372464317522534,0.6323262063206398,0.03281105932691159,-0.0038160692874339777,0.245720049917189,-0.0009215818997376571,-0.09345539269192023,0.46262987688538404,0.02990102667340742,-0.037200291598385005,0.07903031087156218,-0.0010784181002623724,-0.1315899749735009,0.4606115841053848,0.4222334793415281,0.027059166485932384,0.2060553408843784,0.3834464158706242,-0.23482309770416315,0.24999286630495085,0.7114946112697003,0.15531662704314458,0.45083324239491807,0.6859235851396875,-0.1914451605842891,0.24242901002022083,0.8904379175247717,0.1453893907385746,0.3756688558134294,0.8538858701126835,-0.13019213875172958,0.32221444778174774,1.059204782234809,0.0618176943379429,0.37611215556092736,1.0392186372081587,-0.14104973209669738,0.281271877057609,0.6822715571058688,-0.010823697522899921,0.28139570643456835,0.6854537870955542
1.633333333333335,0,0-ACCAD_Female1Walking_c3d_B1 - stand to walk_poses,48,-0.04759429441764951,0.31489746645092964,0.7588408582362967,0.7586963546194577,-0.055134447314709435,0.06243531253653674,0.6460974121252248,-0.7059423923492432,-0.03124362789094448,0.14164267480373383,0.33962810039520264,0.17676489305739929,0.12095108180740577,0.0807962715625763,0.10692805051803589,-0.04831407219171524,0.026208439841866493,-0.28051507637017714,-0.10410055829469889,0.44152402877807617,0.03515701740980148,0.00335539854131639,0.255661278963089,0.08349928259849548,1.022783875465393,0.05128702148795128,-0.29069462418556213,0.9183073043823242,-0.045832211373848214,0.3272229061579368,0.8328001619064617,-0.014186042912797792,0.41576627280747563,1.3432398748432879,-0.06883966164723992,0.6590086298409995,0.03105653097698787,-0.002325076180422582,0.24650685012377818,-0.0008784031230430131,-0.08085592844768996,0.4894533771520661,0.028482503437827843,-0.038772666425969736,0.08046012771682812,-0.0011215968769569366,-0.1250342845039048,0.47509591070554086,0.41780179348727686,0.027091735062583416,0.2158407393564599,0.38119703802412797,-0.22941093539856752,0.26332119900244627,0.7081682201526669,0.15680852541076384,0.46971308353239544,0.6825212129422027,-0.18781455658057788,0.2583100447736816,0.8876234898069569,0.1471772991801249,0.39303023799575265,0.8498130085744624,-0.1283522492460024,0.3393412933262232,1.0559735716462988,0.06373931823231094,0.39270847607467907,1.0353590522675329,-0.1404248419383717,0.29958356778929374,0.6787522408674473,-0.01015459853199904,0.29780483216074727,0.6819213356859052
1.6666666666666685,0,0-ACCAD_Female1Walking_c3d_B1 - stand to walk_poses,49,-0.046534374821931124,0.3342662639915943,0.7546417165381397,0.7658479619901724,-0.05449811381166677,0.061641347034712995,0.6377359947832772,-0.702191174030304,-0.03420610353350639,0.15195554494857788,0.31472712755203247,0.1996182544447458,0.13232821590145416,0.1016855463385582,0.10185083001852036,-0.046666208654642105,0.04055749997496605,-0.3141069055845527,-0.09694325371418178,0.4544501304626465,0.03512793034315109,0.0009097617003135383,0.2646835148334503,0.07455281168222427,1.0286760330200195,0.04719151556491852,-0.2938453257083893,0.913849413394928,-0.04466650114562588,0.34642349026648495,0.8286262615271472,-0.011916793593912482,0.43236748723377516,1.3394505945474966,-0.05532917314694868,0.6844922735335603,0.028092982114849067,-0.0010465105194551044,0.24895819564391541,-0.0007998154734692696,-0.07000116953467121,0.5151436947920756,0.025686449289847334,-0.04110232657866704,0.08374508688903501,-0.0012001845265307565,-0.1186307438771008,0.4943737047459973,0.41294935982252906,0.02725388019683981,0.22897655850572224,0.3781170866482684,-0.2248088091771165,0.28140090702257015,0.7035049829596228,0.15946277897087213,0.49005599479514134,0.6796059773168095,-0.18514147496820302,0.2774379052472786,0.8834226347280235,0.14928876660942153,0.41123516678004896,0.8458688136563006,-0.12694276192303836,0.35828753532208135,1.051913090133902,0.06563255488541697,0.40993368384074114,1.0314287644356617,-0.1394862214672446,0.3212073168616679,0.6743724090144925,-0.009216009852345983,0.316985496283689,0.6776417817165812
1.700000000000002,0,0-ACCAD_Female1Walking_c3d_B1 - stand to walk_poses,50,-0.04479543538764119,0.3557081110775471,0.7495787917410058,0.7737659638951045,-0.05196226033962183,0.059844484334877567,0.6284940686375406,-0.6937397122383118,-0.03309238702058792,0.1606292724609375,0.3079787492752075,0.20337760050026055,0.13739989959267562,0.12435397505760193,0.09565827250480652,-0.044435515999794006,0.0651373639702797,-0.35623666014605226,-0.09072218004045873,0.4642646014690399,0.03426405414938927,-0.0008469970198348165,0.27065566182136536,0.06780975311994553,1.0338152647018433,0.042912840843200684,-0.2951434552669525,0.9094511270523071,-0.042748287484331696,0.36738089086299686,0.8236365759202693,-0.00895551946563107,0.448663667108231,1.335161502831933,-0.04440249836308995,0.7072717995809789,0.022944140293949443,-0.0007948956739893577,0.25246176440240753,-0.0006747494568353357,-0.061893781641062046,0.538190593853033,0.020577522692021094,-0.04467075642347475,0.08822265306826632,-0.0013252505431646383,-0.11267380413899118,0.5172233719300073,0.4073357855475019,0.027644231227340874,0.24552003334794092,0.3736667763625508,-0.22079246223012222,0.3036066795425884,0.6976902118625906,0.1631608184223861,0.5114501577434499,0.6764829849350743,-0.18274012878364415,0.29927442877576543,0.8779478489455712,0.15210933380050135,0.4300235162558453,0.8414288274042602,-0.12495007777340815,0.3786105685710454,1.047004505800778,0.06837318899223259,0.42757670562505823,1.0269890905148407,-0.13787494723851418,0.3455685317317454,0.6692093524078354,-0.0076756562674564835,0.33851021088432226,0.672379329406355
1.7333333333333354,0,0-ACCAD_Female1Walking_c3d_B1 - stand to walk_poses,51,-0.04250649781897664,0.3798043020069599,0.7431299130165872,0.7818077876732346,-0.04945132551470022,0.05745334291379573,0.6188943875382549,-0.6752541065216064,-0.03045126236975193,0.16796354949474335,0.3133218288421631,0.18561403564121393,0.13945011786239037,0.1453181803226471,0.08659205585718155,-0.041289832442998886,0.10224609076976776,-0.4088687936671844,-0.0813490817346485,0.46938154101371765,0.03244882822036743,-0.0012798452517017722,0.2733328342437744,0.0637999102473259,1.0384231805801392,0.039970725774765015,-0.29518958926200867,0.9060431122779846,-0.04035964935390298,0.39093714943788227,0.8172679649855175,-0.006797271448643543,0.4676440965594785,1.329513373739441,-0.03500637069467709,0.7240716290738775,0.013394696835187372,0.0007753394610728048,0.25655473801673506,-0.0004814044328175504,-0.05521926397998369,0.555294571984048,0.010998043933069527,-0.04672984276525559,0.09333040804049009,-0.0015185955671825728,-0.1066736810882443,0.5412483446567982,0.398906298733288,0.029647197222359416,0.2657633294869205,0.3673950932465739,-0.21749356752155025,0.33021304451442446,0.6900478407493877,0.16828914236300643,0.5335597309555418,0.6723250155580149,-0.181071622343025,0.3248908977904348,0.8706155036013751,0.15543052780035777,0.4501199152118063,0.8361298304577877,-0.1231598677906402,0.4020757883645553,1.0404507987791132,0.07115976561560947,0.4473621457278764,1.0214452519671335,-0.13551251818749394,0.3729111238154982,0.6627047931962274,-0.005512784642097961,0.3626778581089693,0.6657605139032636
1.7666666666666688,0,0-ACCAD_Female1Walking_c3d_B1 - stand to walk_poses,52,-0.040284060407429934,0.40684156492352486,0.736281525282146,0.7899688208261277,-0.045706040834794334,0.05363107975140045,0.6090844992597368,-0.647232174873352,-0.029563432559370995,0.17472898960113525,0.32234349846839905,0.15824199844477227,0.14108537849637925,0.16145466268062592,0.07228226959705353,-0.036662545055150986,0.15337546169757843,-0.46758793260819065,-0.06734114770988087,0.4687310755252838,0.029911408200860023,-3.791832205024548e-05,0.2728237509727478,0.06298763304948807,1.042855978012085,0.038853079080581665,-0.2940451204776764,0.9037078619003296,-0.03810485443205393,0.41715739590422996,0.810536725049532,-0.005856700106613872,0.488093368083924,1.3236887686815386,-0.026045534502568926,0.739430443060954,0.002143311296037856,0.004413584833077126,0.2647864956889384,-0.00020781771759848314,-0.04918133741858001,0.5710298537822011,-0.00030130605648741315,-0.04628649623228774,0.10253055105549463,-0.0017921822824016123,-0.10065537904423646,0.5672423143013442,0.38924662292718554,0.033479959980000876,0.2917553252109631,0.359523385628288,-0.21563208364696115,0.36168513617872644,0.6815363830580634,0.1743200168611634,0.5564159888189731,0.6683794827950436,-0.18078139011102964,0.35437475962522413,0.8623444353092801,0.15866700367454817,0.47127205597457117,0.831060330106999,-0.12207461574220953,0.42829707294219194,1.0333193001034346,0.07345659396957546,0.4687510791072077,1.015906537144994,-0.13301121038457428,0.4037341402265438,0.6558483613869489,-0.0033786038176435093,0.3899422948139692,0.6587384045767688
1.8000000000000023,0,0-ACCAD_Female1Walking_c3d_B1 - stand to walk_poses,53,-0.03810257138684392,0.4359401650726795,0.7394492317710986,0.7968181227190502,-0.04062374456576666,0.04871752151832876,0.6008803489722853,-0.6100387573242188,-0.03276486694812775,0.1816142201423645,0.3314005732536316,0.124783218456882,0.14365598947743363,0.1709306687116623,0.052799470722675323,-0.03056550957262516,0.21982039511203766,-0.5325275758985599,-0.049265550370282574,0.46128207445144653,0.027104057371616364,0.0032036432530730963,0.2679321765899658,0.06549786031246185,1.0465993881225586,0.039295654743909836,-0.2913593649864197,0.9022421836853027,-0.035941222252565797,0.4451866356547361,0.8138456789422835,-0.0056951637831605985,0.5096714369079214,1.3279530839493283,-0.01837206091279945,0.7531894041206593,0.00024250868241130347,0.010407473943547102,0.2770688264472433,0.010670420731612021,-0.043991517650084765,0.5851493251954728,-0.0022425086824112046,-0.04234889463451934,0.11547827249010396,0.008377290495440351,-0.09518219399551148,0.5936819071482051,0.3889424410807406,0.039620800304296086,0.32327817161475986,0.36022588830318814,-0.2151326244437191,0.3970950182004618,0.6828272110848377,0.1803674452638167,0.5798606818483549,0.6746308446650907,-0.1815100186060609,0.38673014383252574,0.8637184877130667,0.16154095593111142,0.49335862356970533,0.8362554758854922,-0.12136149297814536,0.45632360520581505,1.0361107665021645,0.07535577243063926,0.49143152950543256,1.0205564731571708,-0.130395638737015,0.4367087630793103,0.6591586923336633,-0.001255918991901233,0.419538261689089,0.6617196684765333
1.8333333333333357,0,0-ACCAD_Female1Walking_c3d_B1 - stand to walk_poses,54,-0.036757898051291704,0.4671153612434864,0.7452346008340368,0.8034166012631215,-0.035468194856180704,0.04319583096572472,0.592788235507115,-0.563818633556366,-0.04114290699362755,0.18879637122154236,0.3399370014667511,0.08326509935737314,0.14957562012640369,0.17025849223136902,0.03109804540872574,-0.023901455104351044,0.30173274874687195,-0.6027984136624718,-0.02741108584023466,0.44680023193359375,0.02466602995991707,0.0086002042517066,0.256897896528244,0.07145249843597412,1.0485515594482422,0.03966242074966431,-0.28709304332733154,0.900857150554657,-0.034706030192621556,0.47523061879104533,0.8197660199351605,-0.006984261731531313,0.5340288693604449,1.3346724258847447,-0.010540559539217793,0.7633951116311902,0.00025475216599202266,0.017267830799018197,0.2939405537197862,0.025138510898296638,-0.03876905633694719,0.5957739484191772,-0.0022547521659919308,-0.03727046335003849,0.13295709678405343,0.02199191522487154,-0.0899940481019595,0.6197101960712585,0.39028921450348486,0.04693158904641133,0.3601315803201451,0.36233188556157153,-0.21692447646541607,0.4379595308214153,0.6866160238875328,0.1858563005537706,0.6035354174059735,0.6834198257575174,-0.1842641976415518,0.4233278890052403,0.8673887692035199,0.1632637451547135,0.5162140055093127,0.8441186486190503,-0.12179819590028385,0.48738497705853545,1.0413488214112703,0.07614645136961576,0.5157992878586559,1.0278311123246986,-0.12838859930605345,0.47196467394307506,0.6651468887929629,4.898901812941739e-05,0.45106459322988024,0.6674167161871886
1.8666666666666691,0,0-ACCAD_Female1Walking_c3d_B1 - stand to walk_poses,55,-0.03596522333100438,0.4972388334572315,0.750404460821824,0.805763497477439,-0.030368010039508123,0.036316929161888216,0.5903423165887871,-0.5132331848144531,-0.05184309929609299,0.19552896916866302,0.3450171649456024,0.04270469474176397,0.15753899997538656,0.15417227149009705,0.010030234232544899,-0.017765473574399948,0.397861510515213,-0.6707752309248396,-0.003360628734601412,0.4240347146987915,0.022800114005804062,0.01608896069228649,0.236989825963974,0.08076541870832443,1.0468500852584839,0.03851521387696266,-0.2830389142036438,0.8991698622703552,-0.03426492316167308,0.5041251615682841,0.8250682905151976,-0.010414549752460171,0.5579096184249159,1.3406851940776578,-0.006611392837952205,0.7719408823457304,0.0002473887233221325,0.027806739694586406,0.31750498499886337,0.038542215877810544,-0.03518344612506415,0.6043777185642771,-0.0022473887233222037,-0.026366789934979575,0.1564200326448838,0.03443529335715481,-0.08709969527410917,0.642943850594117,0.39091836997332885,0.05721661555753908,0.4023173800912691,0.36253887439875504,-0.22017836199002383,0.48049968286318506,0.6896491833168191,0.18976875907620255,0.6278159392504261,0.6919694435366627,-0.18816594427719857,0.4597455379403496,0.869937937222518,0.16369271625924958,0.5394626360319812,0.8515730086771887,-0.12340689198566804,0.5170525511317192,1.0457952828250976,0.07540180075341321,0.5398851198986521,1.0345719858549156,-0.12678427425181915,0.505096406709396,0.670462643759139,0.001039402370040049,0.4818403292654509,0.6726342840062381
1.9000000000000026,0,0-ACCAD_Female1Walking_c3d_B1 - stand to walk_poses,56,-0.03411593707278371,0.5258093662559986,0.7555380360429278,0.805878942781101,-0.026755848586846143,0.03188007958092326,0.590615708116815,-0.46181297302246094,-0.06194508448243141,0.20152074098587036,0.3438326418399811,0.0023886113350031213,0.1628947086367316,0.11854755878448486,-0.006581116002053022,-0.013769188895821571,0.5052021145820618,-0.7368890325502857,0.016760442274720067,0.3921119272708893,0.020305054262280464,0.025959817692637444,0.20736071467399597,0.09243863075971603,1.040385127067566,0.03598136827349663,-0.28200140595436096,0.8979561924934387,-0.0326325780174239,0.5318679938683315,0.8302782038067745,-0.011946358300714492,0.5847184276567068,1.3460895724652358,-0.006102174445286594,0.7768184984564914,0.0002041256591434927,0.03884359981196212,0.34612307203277437,0.05203090658928166,-0.033626021055857866,0.6090787053442257,-0.0022041256591435847,-0.01442604706782407,0.1847664444391253,0.04689442404698369,-0.08548868998469464,0.6617678583986334,0.3911378003640146,0.06898685237880771,0.4476741056285966,0.36211354218733866,-0.22294765127524696,0.5259291423689509,0.6933214390889121,0.1956579544215952,0.6499580363726144,0.6994706282732847,-0.19120677403246206,0.4977744727584754,0.872651847818585,0.16571832887572824,0.5617496991074273,0.8584752579645374,-0.12345658324617009,0.5475679456807796,1.0501471109439797,0.07605416649176475,0.5642808736431097,1.040749043167405,-0.1243543753413231,0.5356536469860554,0.6759329126453969,0.0028546122048272275,0.5104563536885922,0.6779026447578115
1.933333333333336,0,0-ACCAD_Female1Walking_c3d_B1 - stand to walk_poses,57,-0.03229163633659482,0.5508982129395008,0.759935428630332,0.803065506410635,-0.02397590124873705,0.027875062546628557,0.5947553526121163,-0.41218113899230957,-0.06951874494552612,0.20596906542778015,0.3351553678512573,-0.029671197922284787,0.16577538362456334,0.06601753830909729,-0.018097462132573128,-0.011199009604752064,0.6189733743667603,-0.7946111282090369,0.032887310638337164,0.35223034024238586,0.017812876030802727,0.038167376071214676,0.1672094613313675,0.1058104932308197,1.0282362699508667,0.030604524537920952,-0.28268876671791077,0.8964298963546753,-0.031072780493767244,0.5562731722292968,0.8347326491874318,-0.013660671790187696,0.6105598555910872,1.3504716840783382,-0.009032996761517208,0.7808564636813287,0.00013265527060770874,0.05103454061900379,0.38023872602395326,0.06397965325374914,-0.03379692724692935,0.6126850745716899,-0.002132655270607745,-0.000252118990521074,0.2182784029877284,0.05777221351594798,-0.08581460502641342,0.6760895432744086,0.39100207915055446,0.08155314702500294,0.495388043612891,0.3612154402988959,-0.22547135719718514,0.5723701293175714,0.696820957463734,0.20152443842647555,0.6696742164067017,0.7061330433142439,-0.19418989960967709,0.5347024302216189,0.8744784342559754,0.16772896710831178,0.5818060905976449,0.8645521797509604,-0.12351095511925458,0.5756190637675058,1.0536406118689838,0.0764780198478236,0.5865055669486703,1.0460196644145088,-0.12207164565741165,0.5616907450628882,0.6806127853436991,0.004664091474732103,0.5354034718687832,0.6824814203657166
1.9666666666666694,0,0-ACCAD_Female1Walking_c3d_B1 - stand to walk_poses,58,-0.030812200624495745,0.574398297816515,0.764002647099627,0.8000120879285822,-0.023959341859834022,0.025798591288579982,0.598949949322411,-0.36735525727272034,-0.07493843883275986,0.2086966186761856,0.31870269775390625,-0.055075102844466706,0.16775284142935898,0.0049487813375890255,-0.02712961658835411,-0.006129771005362272,0.7305802702903748,-0.8478424559272559,0.05112072693310166,0.30738431215286255,0.01596216671168804,0.05152400955557823,0.1191275492310524,0.1214241161942482,1.0111280679702759,0.021205607801675797,-0.2839084267616272,0.8935403227806091,-0.02986888988104868,0.5795912720242498,0.8388167044934022,-0.014975413848858823,0.6394472942322202,1.3539744306695998,-0.012203136140837043,0.7838544117341475,3.2512498492284075e-05,0.06355583016331877,0.41448744644489366,0.0768502969542217,-0.03410897318896742,0.6152843373585852,-0.0020325124984922616,0.014564817087029246,0.2518600395813958,0.0696248437080143,-0.08656640669495934,0.687145261296736,0.3906641841383454,0.09370427891544969,0.5416673135900095,0.3616345415385519,-0.22751896200017213,0.6216733871252522,0.7008615344948588,0.2073501043774625,0.6877796657356833,0.7118770008870635,-0.19724968789102312,0.5734837618068496,0.8761358773427075,0.16949127066278158,0.6009095001561777,0.869927142443854,-0.12348766985273271,0.604817601533164,1.0566152139128147,0.07681074729584088,0.6088856312712695,1.0506002224892232,-0.12017065655384424,0.5854784714393262,0.684795000816391,0.006102294386431829,0.5580361646038012,0.6867795039501438
2.0000000000000027,0,0-ACCAD_Female1Walking_c3d_B1 - stand to walk_poses,59,-0.02851334633305669,0.5956450887024403,0.7675510476833675,0.7974995430249069,-0.025181105310519144,0.025167545256513185,0.6022682006184343,-0.32599395513534546,-0.07948826998472214,0.2100161463022232,0.2965712249279022,-0.07468262021855199,0.16841020864745992,-0.06575587391853333,-0.03146698325872421,0.0027752050664275885,0.8240283131599426,-0.8762795455717072,0.064605249839089,0.2603774964809418,0.01492039579898119,0.06538888812065125,0.06748783588409424,0.14062581956386566,0.9907904267311096,0.008655456826090813,-0.28491324186325073,0.8892346024513245,-0.02777754730462995,0.6009310185284839,0.8423609236735328,-0.013861533079935439,0.6685206034440474,1.356548083723462,-0.01419726172475122,0.7855748417402981,-8.573664903063424e-05,0.07707876123572804,0.45345200606164077,0.08566284586641848,-0.03370300214870388,0.6167074897132895,-0.001914263350969267,0.030568731653942926,0.29013701040270384,0.0775987686580259,-0.08640530073995757,0.6951740213731563,0.3903004753043734,0.1054501819323659,0.5866705705444187,0.3637806312847658,-0.2276975259728109,0.6714528657072448,0.7055976425824013,0.21404142567721046,0.7035706406403838,0.716583597929882,-0.19888990537868756,0.6122234954733601,0.8777068140450823,0.1721865288567349,0.6179198140349436,0.8742911364881902,-0.12176033850697981,0.6333863163260489,1.0590248766188448,0.07858130068895841,0.6297513274562638,1.0543132569184595,-0.11751900932028891,0.6068405106437739,0.6884179291408371,0.008223192727486534,0.5778077639201726,0.6904984403736888
2.033333333333336,0,0-ACCAD_Female1Walking_c3d_B1 - stand to walk_poses,60,-0.026212739292532206,0.6149186082184315,0.7705861165126097,0.7965400065242447,-0.02692679548599691,0.025439213435547045,0.60344992510646,-0.28675970435142517,-0.08312379568815231,0.21016810834407806,0.27100875973701477,-0.09037063602578699,0.16752326356482783,-0.14534899592399597,-0.027360549196600914,0.013845795765519142,0.8892706036567688,-0.8685652143984091,0.0652188751578866,0.21345293521881104,0.015323365107178688,0.07888459414243698,0.0160910002887249,0.1639348715543747,0.9686439633369446,-0.004937892779707909,-0.2844080924987793,0.8841171860694885,-0.02561058251505113,0.6204385424126126,0.845380285628305,-0.010605736551317205,0.6964031088340223,1.3583319314684064,-0.01564165767421694,0.7861337315082965,-0.0002125000859921622,0.08919508863961731,0.499739782852448,0.0878329529046866,-0.03375621642023278,0.6171089341057291,-0.0017874999140078535,0.04476557455710688,0.33587847095803897,0.07914452711889444,-0.08597855209382228,0.701113311812905,0.3899915681597706,0.11485535923726657,0.630618021101386,0.36841553002281335,-0.22645366294018643,0.7207755459686322,0.7111876143106949,0.22052548791552778,0.7163732410130301,0.7201203730357268,-0.19963600924350092,0.650441013705686,0.879394127935243,0.17483264991809822,0.6322406328978377,0.8775796789266275,-0.11884849449982127,0.660909804446914,1.0609763197758142,0.08116182573918224,0.6485078126957451,1.057201760398193,-0.11487351519464764,0.6265107771314147,0.6915068882407709,0.010163192104752913,0.595042786665069,0.6935819603691885
2.066666666666669,0,0-ACCAD_Female1Walking_c3d_B1 - stand to walk_poses,61,-0.023658520076423883,0.6341674514114857,0.773276844278954,0.7950742846805038,-0.02964409493032022,0.025618321176283203,0.6052452487179527,-0.2482491433620453,-0.08459790796041489,0.2092040777206421,0.24367251992225647,-0.10431981682750258,0.16561576925316757,-0.22730080783367157,-0.01466060895472765,0.025949828326702118,0.9239670634269714,-0.8274717391495994,0.05662608704850647,0.16698598861694336,0.017633207142353058,0.09064610302448273,-0.033541176468133926,0.1908489614725113,0.9447507262229919,-0.01633356511592865,-0.28134217858314514,0.8795958757400513,-0.023294541960199606,0.6400286451230559,0.8480465836673347,-0.0064338186402506286,0.7239499798670544,1.35967358314264,-0.017279837928605695,0.7868745317132663,-0.0003427726775799035,0.1012086081766494,0.553587617898007,0.08483695162683612,-0.03377409620379687,0.6176817078319387,-0.0016572273224201226,0.05971967618039075,0.3889772952789865,0.07577548325400636,-0.085420080896729,0.7065353273164379,0.3897001618520358,0.12226847334712466,0.6744447258655701,0.37600681467536906,-0.2237961000695457,0.7697260230245624,0.7176121000484781,0.22607455985018657,0.7287467063450941,0.7228246744685128,-0.19943526605114573,0.6883974543056393,0.8811718074345805,0.17712903621890488,0.6465281319766008,0.8803175503373607,-0.11524366959698545,0.6881024300528285,1.0625675437951039,0.0840878928233136,0.6673474078969077,1.0596792608467647,-0.11190068408967702,0.6458911404681725,0.6940793447686734,0.012492168446765279,0.6121530977515209,0.6962422566814525
2.1000000000000023,0,0-ACCAD_Female1Walking_c3d_B1 - stand to walk_poses,62,-0.0197771773673594,0.6534143276512623,0.7755966697850482,0.7925687930123403,-0.032300999164336194,0.02675329606207082,0.6083384049571118,-0.21047943830490112,-0.0834779441356659,0.20752109587192535,0.21522028744220734,-0.11714995048586818,0.1593754821691975,-0.3077419400215149,0.004773103632032871,0.038597702980041504,0.927375853061676,-0.7561485522796119,0.040287173131736354,0.12030988186597824,0.021173439919948578,0.09995082020759583,-0.08146081864833832,0.21932323276996613,0.9190852046012878,-0.024096747860312462,-0.2756569981575012,0.876302182674408,-0.0195440939785298,0.6596957008574397,0.8503328057754682,0.0007401274010219484,0.7505220618731482,1.3606384653518357,-0.02061438527035557,0.7879400105661529,-0.0004683955834092375,0.11201788777855495,0.6141496368609177,0.07760306970874206,-0.03495402897034261,0.6185492073756181,-0.00153160441659074,0.0746818876540433,0.44855305955143965,0.06844901715872558,-0.08490353186024442,0.7115594004103158,0.38961888418723967,0.1274493979997238,0.7169843121765618,0.38570305004615224,-0.21838015568976674,0.8180440595930334,0.7253459308335822,0.23152587965668206,0.7405541248667399,0.7241310188993352,-0.19680271434321564,0.7257677659754193,0.8833935941041923,0.1803267713101124,0.6606903887514536,0.8821183575135173,-0.10938884953299212,0.7145793088999695,1.064030380401566,0.08899133887366804,0.6860956369259417,1.0615472012670715,-0.107783307941382,0.6648902251305454,0.6963786156357121,0.016132537107617004,0.6293499763274857,0.698354245576654
2.1333333333333355,0,0-ACCAD_Female1Walking_c3d_B1 - stand to walk_poses,63,-0.01664079399779439,0.6718192286789417,0.777435779521684,0.790293332829909,-0.0363431664134019,0.027392526187390777,0.61103622793474,-0.174246147274971,-0.08086370676755905,0.20584611594676971,0.18613938987255096,-0.1289084518933712,0.15442605880966676,-0.38481631875038147,0.028161052614450455,0.05129681155085564,0.8994878530502319,-0.6555889741840466,0.027992956011214765,0.07360775023698807,0.02531212940812111,0.1063850075006485,-0.1273840069770813,0.247677281498909,0.8920645117759705,-0.028318701311945915,-0.26870912313461304,0.8743593692779541,-0.016724623072972292,0.6786381668767797,0.8521251030863021,0.006143127276944275,0.7753004569608425,1.3612401349070409,-0.023080745956465032,0.7881622563113165,-0.0005962318924719948,0.12222265426163383,0.6795000313338895,0.06795966563169534,-0.03540683560995631,0.6186116284766917,-0.0014037681075280278,0.08953788716993205,0.5129096927304294,0.05905095729963347,-0.0841869736640281,0.71554259526271,0.38942506868533966,0.13072790842057194,0.7555034214113758,0.3973423043846544,-0.21105423598501044,0.8651803914169682,0.7331337070435767,0.2357576919767065,0.7500759491042993,0.7253388934972492,-0.19389968164823218,0.7622321864746986,0.8850117916010241,0.18205344334650575,0.6732078776710477,0.8839791074323237,-0.10463444347774684,0.7399004135362222,1.0648083622292213,0.09246736816613554,0.7035597584290271,1.0632535204110838,-0.10421518864365976,0.6829622806428143,0.6979168208988418,0.0192664405011931,0.6456557725785423,0.7000056156355094
2.1666666666666687,0,0-ACCAD_Female1Walking_c3d_B1 - stand to walk_poses,64,-0.012715220917016268,0.689859289675951,0.7786804744668132,0.786151584176918,-0.04079259328905114,0.028442582944701776,0.6160297643006466,-0.14006510376930237,-0.0773915946483612,0.20471195876598358,0.15715081989765167,-0.13987650127403595,0.14854599138656233,-0.4571136236190796,0.05254680663347244,0.06251800805330276,0.841697633266449,-0.5290755711807513,0.018432178286179823,0.027920018881559372,0.03059941902756691,0.11014875024557114,-0.170364648103714,0.27510082721710205,0.864567220211029,-0.028245247900485992,-0.26005715131759644,0.8743142485618591,-0.01313061141536711,0.6972978856016108,0.8533095220380414,0.012384385712802367,0.7987161178647296,1.361372261335241,-0.02558060134361954,0.788275528466609,-0.0007199692248454244,0.13125266354965964,0.7511027984170069,0.05746365950291558,-0.03487025957324382,0.6185304590800826,-0.001280030775154685,0.10441763089037624,0.583442069869127,0.049111346950735,-0.08287959352357102,0.7188164181721657,0.38924706991928243,0.1326200471509733,0.7907997600694584,0.4094986523589898,-0.20214888236753395,0.9094008373284739,0.7413852609412669,0.239240732231586,0.7594672613625302,0.7254066011360495,-0.18959669639962817,0.7965468571932288,0.8865265231626936,0.1840289582803577,0.6859436764948471,0.88511103654575,-0.09906652969871887,0.7637501941596009,1.065141427789725,0.09673809276399406,0.7209473378606416,1.0643350687598203,-0.09996854763971423,0.7000177144716406,0.6988500215927641,0.02339202223263461,0.6618593532815887,0.7010066020041125
2.200000000000002,0,0-ACCAD_Female1Walking_c3d_B1 - stand to walk_poses,65,-0.008227126207202673,0.7083679027855396,0.7792869446202625,0.781084598815326,-0.04492827394355659,0.02961126581966807,0.6221024615210191,-0.10671628266572952,-0.07356071472167969,0.20433665812015533,0.12906967103481293,-0.15073504034895757,0.14155952061927657,-0.5213114023208618,0.07711277902126312,0.06857173889875412,0.7599022388458252,-0.3848282863995627,0.008436418585726302,-0.0155450738966465,0.03682143986225128,0.11143084615468979,-0.20851966738700867,0.2997571527957916,0.8379252552986145,-0.023368552327156067,-0.24974533915519714,0.8766235113143921,-0.008950289126553844,0.7163950064131152,0.8538526380908139,0.01936462673343157,0.8208518369127404,1.3611578081853173,-0.027948475198832156,0.7890978022166741,-0.0008364018951240969,0.13619110675741317,0.8277352106114253,0.04869895337326899,-0.03369984313658928,0.6191954340475258,-0.0011635981048759118,0.11524956124618455,0.6591990389678086,0.041148422311515186,-0.08098910722959714,0.7226628698669443,0.3890644698032707,0.13301323166191434,0.82295253095634,0.4207974902170938,-0.19195499919964853,0.9509058010328892,0.7497866770362636,0.241858574046945,0.7689552196190236,0.724313566874611,-0.18410220479056902,0.8292131639710696,0.8879489001983026,0.1860511311455328,0.6991374050179551,0.885467425920259,-0.09286209933081657,0.7867794969999319,1.0651158065715998,0.10167200366490581,0.7385244243034385,1.064775761418972,-0.09524371620295498,0.7173088281589304,0.6991849152370034,0.028207991848974857,0.6788738475797164,0.7013226480277236
2.233333333333335,0,0-ACCAD_Female1Walking_c3d_B1 - stand to walk_poses,66,-0.004464191384613514,0.7279430814087391,0.7791801892692141,0.7765606252499896,-0.04888233946318309,0.0307644424551522,0.6273895610227948,-0.07263295352458954,-0.0696415826678276,0.20463968813419342,0.10245389491319656,-0.16359723312527663,0.1340326735960693,-0.572778582572937,0.10220798850059509,0.0660003200173378,0.6653543710708618,-0.23934912515123297,-0.00555708002483124,-0.05522339046001434,0.044034235179424286,0.10988526791334152,-0.24037951231002808,0.32054030895233154,0.8131630420684814,-0.013832141645252705,-0.23811180889606476,0.8813444375991821,-0.005480863608983518,0.7365322899303782,0.8536797991645686,0.0257404056987969,0.8421018849865137,1.3605993811481163,-0.03067039594845016,0.7901371776886054,-0.0009457690624975097,0.13420653228818832,0.9033393739798419,0.04373870652099199,-0.03317954090564708,0.6201557303844791,-0.0010542309375023602,0.11792392149239575,0.734250265896297,0.03712431968742967,-0.07948497638077742,0.7276078127669126,0.38872798932884617,0.13122745550802023,0.8513101962674476,0.42958908189311734,-0.18149972990092056,0.9902129134052025,0.7576968049395341,0.24259126615974044,0.7784581821043577,0.7221968022122347,-0.178595291847092,0.8609938365307334,0.8890496070241095,0.1868009797950933,0.7128002318549145,0.8850956718232925,-0.08728872439774893,0.8098128446606963,1.0646627954846573,0.10591629129396185,0.756483702802417,1.064565634662666,-0.09122474502041567,0.7358795016886915,0.6987929459999338,0.0323471815017366,0.6972204756544813,0.7009858846254359
2.2666666666666684,0,0-ACCAD_Female1Walking_c3d_B1 - stand to walk_poses,67,0.0010621380351949483,0.7477925010025501,0.7783524761309211,0.7698730707693965,-0.05216572907638681,0.03173885670173425,0.6352691056468083,-0.037675607949495316,-0.06527206301689148,0.20529991388320923,0.07791565358638763,-0.17823574245863538,0.12461255901603352,-0.611686110496521,0.12643800675868988,0.05516351759433746,0.5667763948440552,-0.10118720848832519,-0.024780906005227976,-0.08976857364177704,0.0517205186188221,0.10666421055793762,-0.2641739249229431,0.33649981021881104,0.7917173504829407,0.00018795656797010452,-0.22594641149044037,0.8886117935180664,-0.00024351971241944569,0.7568410567741689,0.8527931833837005,0.03327385515756327,0.8621904596611688,1.3596338351077935,-0.032592538036162216,0.7908214038504181,-0.001042339734620673,0.12657707513240937,0.975310704439141,0.04266489048343526,-0.030761991298899578,0.6208312808196073,-0.0009576602653794432,0.11508374408442186,0.8057932598324142,0.03703112483099278,-0.07628546392002929,0.7325959784205189,0.38827941682924144,0.1290596263260682,0.8772084584216737,0.43530654905442845,-0.17163046973342472,1.0240285412987316,0.764427126452814,0.24361222928836224,0.7895698561722444,0.7189233290163479,-0.17211173132211158,0.8889432204886414,0.889771806009173,0.18917034314286274,0.7280372676944952,0.8838760064493515,-0.08050151892406904,0.8313064758379362,1.0638332723877726,0.11191507099922743,0.7751996049332299,1.0635886102276455,-0.08555857426849539,0.7542635138676228,0.6977449547263574,0.038474543932278095,0.7164820216771487,0.6999637685871165
2.3000000000000016,0,0-ACCAD_Female1Walking_c3d_B1 - stand to walk_poses,68,0.0037479973398149014,0.7702121324837208,0.7763117255876634,0.7670940087425431,-0.055128611512454344,0.032035099229353686,0.638358340089146,0.000769861857406795,-0.06319093704223633,0.20667664706707,0.05690225958824158,-0.19894876989535404,0.1180203921789803,-0.638237476348877,0.14781127870082855,0.038576338440179825,0.47043466567993164,0.02319762538011161,-0.045328266897535774,-0.11923771351575851,0.05939382314682007,0.1011560782790184,-0.2805555462837219,0.3450174629688263,0.7735263109207153,0.016045333817601204,-0.21404296159744263,0.897000789642334,0.002155315902584951,0.7796229375392418,0.8507019138791745,0.03781520589052331,0.8824968079897131,1.3579337968716378,-0.034353530672799594,0.7919435555259934,-0.001130400643539104,0.11718352835552717,1.0409168252818632,0.04421836067052891,-0.030257827391291243,0.6219931004006289,-0.0008695993564609705,0.10747478448117306,0.8712591443578822,0.03952670894871656,-0.07478431756700775,0.7407258939115342,0.3871895700288234,0.1259607889047943,0.9011582867430399,0.4376233105388492,-0.16133589924165745,1.0581146648781705,0.7687237768124741,0.24181228142076253,0.8011445081783464,0.71502012326593,-0.16669090928868693,0.9185786356949625,0.8889759478171892,0.18820560013777457,0.7439726048565186,0.8818051987269911,-0.07637436108295396,0.8549760591625675,1.061960858432846,0.1147818826262675,0.7947149801090331,1.0616820353986096,-0.08252028122506541,0.7764859751398258,0.695334106225872,0.0415547757289753,0.7382518001817645,0.69786572695203
2.333333333333335,0,0-ACCAD_Female1Walking_c3d_B1 - stand to walk_poses,69,0.00833362527191639,0.793775636702776,0.7731034461451298,0.7631764218831951,-0.056452096764755405,0.03205551907633666,0.6429209543553334,0.04167966544628143,-0.06195514649152756,0.20827648043632507,0.040502771735191345,-0.22420609225912846,0.1096937797772316,-0.6526981592178345,0.16678404808044434,0.018438167870044708,0.3824087679386139,0.12858105170580192,-0.07059638271381574,-0.1446489840745926,0.06575244665145874,0.09470915049314499,-0.28903928399086,0.34604623913764954,0.7599056959152222,0.03402649611234665,-0.20223784446716309,0.9065783619880676,0.006559092335356031,0.8033294478228226,0.8474712868152712,0.04377525206406288,0.9022240000671452,1.3554128085532127,-0.03506794314942271,0.7931663176700682,-0.0011945069020704024,0.10623337241586185,1.0997186158199594,0.04656662230735954,-0.0281608715826568,0.6233071376690105,-0.0008054930979293912,0.09821393168516102,0.9299520602731005,0.042692969235384515,-0.07166670210809134,0.7503476286701993,0.3856487290819603,0.1235986648332543,0.9248938573300314,0.4364854902951427,-0.15057445546475878,1.088250764703446,0.7705179567898336,0.24114649452193684,0.8151980582048495,0.7098710318729495,-0.15963921835753964,0.9457363964540939,0.8869956332791669,0.18920785826551756,0.7619042312387875,0.8784584284223445,-0.07074608186303889,0.878196881488233,1.0592638751463166,0.11955702532819207,0.815296347589115,1.0586042323878786,-0.0777542149578781,0.7998259549395406,0.6918896091525555,0.04655147228056351,0.7617927080761661,0.6945811677697868
2.366666666666668,0,0-ACCAD_Female1Walking_c3d_B1 - stand to walk_poses,70,0.012472077738493681,0.8188784904778004,0.7688211332919334,0.7584109162241278,-0.05694775759358372,0.031113939212126993,0.6485381699205109,0.08432542532682419,-0.05982223153114319,0.20957107841968536,0.03018076717853546,-0.25482542418650933,0.10030204093709916,-0.6573429107666016,0.18304206430912018,-0.0023079835809767246,0.30935239791870117,0.2098713740485556,-0.09631151715966835,-0.16762317717075348,0.06951937079429626,0.08841998875141144,-0.28964558243751526,0.3402005434036255,0.7520593404769897,0.05424492433667183,-0.19057098031044006,0.9173680543899536,0.010471731236652388,0.8283837472091669,0.8431894646456983,0.047327983353710516,0.9227295997068323,1.3520464221187076,-0.036135835858189295,0.7948556833560603,-0.001228548541474455,0.09439908172590503,1.1509477104860135,0.04830295531335368,-0.02611147446064128,0.6251521087301023,-0.0007714514585255815,0.08809717331400066,0.9810958499880731,0.04504236706026872,-0.06878220808933808,0.7621371517360551,0.3834348494927218,0.12083375326777866,0.9494983086858013,0.43281449703722585,-0.14157258738747594,1.1153416947593662,0.7686353041857553,0.2396890511472696,0.8312611038790391,0.7042273927139238,-0.15354662625422394,0.9714319777628984,0.8831175296680646,0.18955054911961558,0.78184255474865,0.8745315377616542,-0.0666389614472272,0.9020333842204182,1.0554324789754865,0.12313164351248672,0.8375444629327793,1.054738631455549,-0.07343533753718726,0.8247081451016731,0.6873157498093889,0.051236683929179586,0.7873893283732907,0.6902747963833892
2.4000000000000012,0,0-ACCAD_Female1Walking_c3d_B1 - stand to walk_poses,71,0.016396065708249807,0.8455102629959583,0.7632011886421449,0.7525592710095397,-0.05689338268342514,0.029655627673828774,0.65539166181124,0.12845353782176971,-0.05497359111905098,0.21005354821681976,0.02785412408411503,-0.2932056212004719,0.08782580406911056,-0.6542155742645264,0.19555027782917023,-0.021454663947224617,0.25690364837646484,0.26233338961527486,-0.11969778541264431,-0.18851767480373383,0.07010171562433243,0.08206114172935486,-0.2828282415866852,0.3284943699836731,0.7506106495857239,0.07484345883131027,-0.17971177399158478,0.9282973408699036,0.01415059104633892,0.8548480170510651,0.8375837416552612,0.04861944382649406,0.9446244717450564,1.347450118458525,-0.03829115742919172,0.7959943408522746,-0.0012192365410903308,0.08284930482052588,1.1936520190107944,0.04718851453204201,-0.024867396638944102,0.626525729045833,-0.000780763458909671,0.07847577384709499,1.023732793400488,0.04430251473678148,-0.06638054056747882,0.775857928797422,0.38020493592088406,0.11823218111043442,0.9754244175107971,0.4267639492865042,-0.13451960407669092,1.1396901797617407,0.7625171745757491,0.2382558396745008,0.8500150227494456,0.697990966356737,-0.14839904692111272,0.9959119396200441,0.8769494380867592,0.1897713557964092,0.8041901811228215,0.869772522168582,-0.06387575725263975,0.9267618992932132,1.0500910974935338,0.12572567817635943,0.8617741634067672,1.0498176608160088,-0.06936685010108448,0.8509858000725914,0.6813721143546766,0.05580999429798307,0.8149335396676273,0.6846798351094608
2.4333333333333345,0,0-ACCAD_Female1Walking_c3d_B1 - stand to walk_poses,72,0.01980404695495963,0.8739826865494251,0.7561060058779112,0.7462159403640003,-0.056253471466534165,0.027786728007939382,0.6627406846129543,0.17211207747459412,-0.04692167788743973,0.2096962332725525,0.03585180640220642,-0.3398733646484393,0.07218136656167973,-0.6436392068862915,0.20317955315113068,-0.03822843357920647,0.22764696180820465,0.28389839225657854,-0.1382668640045055,-0.2060781717300415,0.06770626455545425,0.07576301693916321,-0.2677704393863678,0.3118495047092438,0.7564314603805542,0.09382316470146179,-0.16992215812206268,0.9383342266082764,0.017322062231734187,0.8830415813872664,0.8305155225820977,0.047772461179787236,0.9682766986497306,1.3414242198490476,-0.041680553934162604,0.7975008843614623,-0.0011550445875587317,0.07293380676029934,1.2277651148454802,0.04152359121057216,-0.02497674426494328,0.6283237978892158,-0.0008449554124411798,0.07027777100610459,1.0578076767968676,0.03880059175695362,-0.06490887455388922,0.7925638497573576,0.37558573997238376,0.11613845327249553,1.002959019243729,0.41841762680553385,-0.1298890669877746,1.1615510826057873,0.7519264547934676,0.2369624664863012,0.8723668236006497,0.6909650952035137,-0.14451069091166585,1.0195511064449532,0.8684673449922258,0.18981893479460038,0.8294428291233625,0.863865593531065,-0.06253709316769014,0.9527900372295508,1.0431146580723458,0.12721823067448007,0.8882545198181085,1.0436332773841597,-0.06585477948174673,0.8790812915834049,0.6739391733777257,0.059885629071393214,0.8446555493535449,0.6776549917204586
2.4666666666666677,0,0-ACCAD_Female1Walking_c3d_B1 - stand to walk_poses,73,0.022038232069462538,0.9052131362259388,0.7471090724484115,0.740319730953861,-0.055567296361819486,0.02520742215404216,0.6694800649786283,0.2136145979166031,-0.03700371831655502,0.20894365012645721,0.05741576850414276,-0.3973945148003941,0.056475861098850944,-0.6272701025009155,0.20581579208374023,-0.052708256989717484,0.21902288496494293,0.27901945545576434,-0.14958832971293423,-0.21852287650108337,0.06400682777166367,0.07029323279857635,-0.24290603399276733,0.29061901569366455,0.7700067758560181,0.11111865192651749,-0.16108837723731995,0.9478487968444824,0.01925728529068103,0.9139151511030459,0.8215506016649193,0.044640394040572504,0.9948659420128437,1.3334354464431115,-0.0450454017015919,0.8003338003800742,-0.0010278740877804546,0.06633324901567432,1.2558231561880986,0.03084584072149218,-0.025591885922455083,0.631450534139834,-0.0009721259122192107,0.06469467573532739,1.0858524037912887,0.028151697579925253,-0.0643857233440339,0.8137902056123996,0.36879319880862416,0.11483382053910288,1.032947098065154,0.4077331779907785,-0.12817947488907527,1.181441722518985,0.736220367556132,0.23509128539736124,0.8988013240671625,0.6824835263543936,-0.14240848549331,1.0432571365136336,0.8573076073955235,0.1890108383231404,0.8583173282699623,0.8562569497709226,-0.06302110434674518,0.9812753723970568,1.0340679009539484,0.12712038312579582,0.9179045877076563,1.0356626703978475,-0.06343800376793189,0.910084771919141,0.664491012404947,0.06281200150331945,0.8772982975811623,0.6688176464542085
2.500000000000001,0,0-ACCAD_Female1Walking_c3d_B1 - stand to walk_poses,74,0.024756684433668852,0.9394670911133289,0.7362236343556894,0.7356492769147777,-0.05339144091849928,0.021763905657118554,0.6749043101225234,0.2516312897205353,-0.025141621008515358,0.2078441083431244,0.09602700918912888,-0.46564624649430986,0.03933907840699735,-0.6056579351425171,0.20416930317878723,-0.06514061987400055,0.22455145418643951,0.25762909164264647,-0.1560115094940363,-0.2231590896844864,0.06034969910979271,0.06584703177213669,-0.20714154839515686,0.26628732681274414,0.7911885380744934,0.12622220814228058,-0.15436160564422607,0.9569974541664124,0.021753157612661875,0.9475619804090621,0.8107249873227685,0.0427214892730769,1.0231489333230173,1.3236308106168362,-0.04805589916174221,0.8066947966169878,-0.0008204002179973899,0.06408191166535712,1.281963743826899,0.01636757689373514,-0.026756151442660164,0.6380348081111876,-0.0011795997820026848,0.06252322766339119,1.1119930138296976,0.013625050977624856,-0.06410064482253207,0.8413512693212685,0.35935269462608976,0.11554249561023161,1.0661694810967,0.394902623648907,-0.12813014593230007,1.1991725642957112,0.7168642745588159,0.23451835329439832,0.9298286774260205,0.6718961552123828,-0.14033087602185743,1.0668258578564649,0.8445163630028907,0.189579266934087,0.8908713873422602,0.8463162580405785,-0.06279918398820605,1.0117100404267767,1.023412276289783,0.12797492649029113,0.9502885113589672,1.0256075981592137,-0.060584434870535164,0.9446142703465815,0.6532112017842713,0.06606004464466542,0.913214533908285,0.6580446078646838
2.533333333333334,0,0-ACCAD_Female1Walking_c3d_B1 - stand to walk_poses,75,0.025985640939325094,0.9768929071724415,0.7252981609053555,0.7324134447479012,-0.05047813172698398,0.017586584821729426,0.6787585846265036,0.28206387162208557,-0.012869665399193764,0.2069089263677597,0.15327176451683044,-0.5439688024526599,0.02362531927563627,-0.5784718990325928,0.2003835141658783,-0.07612895965576172,0.23937354981899261,0.22331900938372318,-0.15891031871159178,-0.21857550740242004,0.05660632625222206,0.06213748827576637,-0.16049738228321075,0.23977190256118774,0.8192623257637024,0.1379106491804123,-0.15141747891902924,0.9653648734092712,0.022778368828080518,0.9842290933371329,0.7998695614431047,0.039463767936834704,1.053925976225539,1.313766538776285,-0.05131253716675477,0.8181522745206465,0.0011940247557117936,0.06358224858730392,1.3066500947398396,0.0004151702042014052,-0.028980234212616106,0.6496281193826361,0.0002573392245428831,0.06118726809060919,1.1366905311913502,-0.0024151702042014694,-0.06543885523341679,0.8760281100843924,0.34850684336457505,0.11606544849467283,1.1019992553512323,0.3816352672698752,-0.13160907995961885,1.2145300272313022,0.6958442895041954,0.23406402995811534,0.9660244605042568,0.6613874971810602,-0.14034013852881436,1.0904338006750374,0.8317981764472527,0.1898715529649572,0.9276416268110047,0.8361254359895899,-0.06413674407353125,1.0444896787029718,1.0128105298481602,0.12753972173397457,0.9859612877556599,1.0154076067940059,-0.05920463859065364,0.9826748858871583,0.6419251740072551,0.06771252166529655,0.9524299630863485,0.6472619438559726
2.5666666666666673,0,0-ACCAD_Female1Walking_c3d_B1 - stand to walk_poses,76,0.02736770687624812,1.0156634636223316,0.7312256787275718,0.7312801150230965,-0.0473400609158345,0.013351505761706501,0.6803014400236023,0.2990410327911377,-0.0002519246772862971,0.20641501247882843,0.2287328988313675,-0.6277571680777507,0.009764187490161502,-0.5459449291229248,0.19783540070056915,-0.08651883155107498,0.2604355216026306,0.1777807315062112,-0.16190711647025324,-0.2039516568183899,0.05260736867785454,0.05896540358662605,-0.10566087812185287,0.21389088034629822,0.8523578643798828,0.14481118321418762,-0.15214025974273682,0.9721859097480774,0.024001433734843872,1.0222187476905173,0.8058627771165289,0.036613146453376065,1.0862332081957862,1.3206139051185133,-0.05378378286691708,0.835775194133124,0.02086584723018487,0.06461665876371,1.3277188092102987,0.0004750581822427387,-0.0314131617871775,0.6672618059949064,0.01919452120420339,0.06032078916131186,1.1577987035200208,-0.0024750581822427474,-0.06701138063551607,0.9170564763033174,0.3525184327846392,0.11730029468628214,1.1377325931450253,0.38470900156036125,-0.1363549321300221,1.2267018466531345,0.6910558493086053,0.23548819873702254,1.0058860685405686,0.6679300227370868,-0.14061344022453245,1.113244384016402,0.8362069205585673,0.19151995689951817,0.9670627862114941,0.8426272198041371,-0.06528158745978549,1.078324470945065,1.0190321679633019,0.12745912508912338,1.0234186591923577,1.021956969138618,-0.05766603865040461,1.0223465347982845,0.647610828728077,0.06936130031763411,0.9928978527822847,0.653389606288186
2.6000000000000005,0,0-ACCAD_Female1Walking_c3d_B1 - stand to walk_poses,77,0.02787437802180648,1.05383475497365,0.7372610181111804,0.7315571096152728,-0.04301130344025666,0.009387866269887555,0.6803573260534619,0.29603111743927,0.01186858955770731,0.20716561377048492,0.3213579058647156,-0.7084817200639932,-0.002390502632545144,-0.506723165512085,0.19909924268722534,-0.0967862606048584,0.2842288315296173,0.12401388924449619,-0.16964327984523664,-0.178933784365654,0.04756343737244606,0.05650687217712402,-0.04711740463972092,0.19281107187271118,0.8879332542419434,0.14511346817016602,-0.15680420398712158,0.9761032462120056,0.024515083759081464,1.05951260423639,0.8119703024726708,0.03363951057758879,1.117787988929408,1.327472365115554,-0.057010984104942986,0.8621681036473627,0.039182148609242226,0.06217145177986669,1.3440072265088576,0.0005420259865801247,-0.03493187309896809,0.693627361324918,0.03662655971720047,0.055395227081755566,1.174170330039723,-0.0025420259865800952,-0.06999349203534529,0.9643701452714023,0.3541044864559633,0.11652640241822129,1.1713651396251934,0.3872207733027159,-0.14381229429352405,1.2351404726836595,0.6876360973344238,0.2379358699959578,1.0489684999622721,0.6747081277835287,-0.14239347377532086,1.1338446839225682,0.8415734687936429,0.1938453905387061,1.00791494285642,0.8488638031844593,-0.0670510173159001,1.1108466014584724,1.025462656923584,0.12700491543840034,1.0607896505817762,1.0284260218667598,-0.05717299610071382,1.0614330508773544,0.6537653692732294,0.06990083715898394,1.0328644587642912,0.6595883690939806
2.6333333333333337,0,0-ACCAD_Female1Walking_c3d_B1 - stand to walk_poses,78,0.028598958160728216,1.0890950746834278,0.7439854545187495,0.7338242744114881,-0.039287799903906795,0.007198068163848377,0.6781641326978832,0.26715680956840515,0.02347228117287159,0.21009662747383118,0.4299072325229645,-0.7837027584238547,-0.011617730834957762,-0.45922955870628357,0.20089752972126007,-0.10520443320274353,0.3067988455295563,0.06022448897938126,-0.1780644486961137,-0.1432385891675949,0.042164985090494156,0.05505858361721039,0.010304298251867294,0.18070608377456665,0.9231725931167603,0.1373003125190735,-0.16428232192993164,0.9758419394493103,0.025394739220737147,1.0941518466200995,0.8187461530077624,0.031902719635812385,1.1489914446601928,1.3346584205361038,-0.059807402847364216,0.8957274485352343,0.05606103266538924,0.06021362232214003,1.3502047112927025,0.0005782721469430631,-0.038377911090304924,0.727121600834403,0.05247703990337075,0.049752549172473105,1.1805562448195923,-0.0025782721469429816,-0.0730674532155018,1.015831241538061,0.3541376929748506,0.1159333726355305,1.1981825096123824,0.38902564144756036,-0.1526249863881663,1.2397260716160599,0.6866357044850173,0.24196051306275143,1.0933199498880308,0.682373454271003,-0.14460868932596674,1.1517460300789237,0.8483602093589001,0.19759904877277654,1.0485586214527451,0.8555440296206446,-0.06814868068680863,1.1412265025547401,1.0324564151204025,0.12730594414475813,1.096940137137805,1.0353533738893836,-0.05659781193873993,1.097258237033023,0.6609433827511528,0.07043090026447897,1.0696167192067456,0.6665487188688795
2.666666666666667,0,0-ACCAD_Female1Walking_c3d_B1 - stand to walk_poses,79,0.029343086760491133,1.121244866400957,0.7501308047134885,0.7408497251320002,-0.0349188632208308,0.006392442682027113,0.6707320586044487,0.2111867219209671,0.03565511479973793,0.21577145159244537,0.5509134531021118,-0.8457547409400301,-0.018547798312110286,-0.4084126949310303,0.19821764528751373,-0.10983619838953018,0.3211391270160675,0.0014549487127086813,-0.18305668296253486,-0.09855897724628448,0.037276506423950195,0.05505404993891716,0.06180062144994736,0.17857345938682556,0.9550643563270569,0.12122403830289841,-0.1735566407442093,0.9709953665733337,0.02654028251924116,1.1257684533697623,0.8249417761636768,0.032653488987813326,1.1781491891252307,1.3411059318361365,-0.06468219536297494,0.9401333305848962,0.06874961968819379,0.0627159963992373,1.35265856025091,0.0005672872736699301,-0.04549336372597419,0.7712860700606929,0.06401766936314503,0.04613351413701088,1.1834982938629957,-0.002567287273669925,-0.0770559561388572,1.0737239516138877,0.35224767841993254,0.11695291465934447,1.219023896905089,0.38968568453495583,-0.1614049305922187,1.2443245060196657,0.6882087725574523,0.2466204937527142,1.1371042565620355,0.6893783464906573,-0.1467021528936445,1.1690609185656804,0.8557760275199621,0.2019971450324309,1.0869995033500277,0.8610111949163591,-0.06784371639670442,1.1694926085777329,1.0390761246435072,0.12863812296847277,1.1299710597040213,1.0413386175826274,-0.05614700471463687,1.13047899013262,0.6679163860999205,0.07055513921686773,1.1027130042586462,0.6728376702102288
2.7,0,0-ACCAD_Female1Walking_c3d_B1 - stand to walk_poses,80,0.029556611087173223,1.1507608480751514,0.7553669700873918,0.7478511428646957,-0.0313126918632394,0.00639551572900172,0.6630967356448128,0.1350599080324173,0.051220864057540894,0.22193053364753723,0.6743466854095459,-0.8922200016324511,-0.0239440303792382,-0.361144095659256,0.1905549019575119,-0.11065424233675003,0.32326316833496094,-0.04274273069619294,-0.18159027448860998,-0.048891354352235794,0.03329503908753395,0.055706411600112915,0.1025126501917839,0.18532873690128326,0.9805061221122742,0.09837023913860321,-0.18547189235687256,0.9619837403297424,0.027159543585429793,1.1549095597749655,0.8302137619934176,0.03332053558975832,1.2061486061556808,1.3464839513281772,-0.0696575859339978,0.9919675263529427,0.07781794461648003,0.06732338053761729,1.3562823395821126,0.0005180071761156264,-0.052387340331542034,0.8229503346584115,0.07190799296481781,0.04488283525259623,1.1877973119263472,-0.0025180071761156213,-0.08101340244748324,1.134641333572786,0.3501845552253285,0.11831548980919313,1.2364876587233073,0.38978171072787576,-0.1714773961706939,1.2498947210180973,0.6915497924146917,0.25124986449565767,1.1823548782296207,0.6960559720397016,-0.1498638237142977,1.1854510093285582,0.8628373451250853,0.20653973792731942,1.1252744865923459,0.865473791872642,-0.0678913783530876,1.195363641766729,1.044761459410778,0.12966003614512275,1.1615505188045014,1.0462767961052384,-0.056300939718263165,1.1604004486550945,0.673995768477359,0.07017096525325134,1.132935210695388,0.6781807424698006
2.7333333333333334,0,0-ACCAD_Female1Walking_c3d_B1 - stand to walk_poses,81,0.02901563374325633,1.177555400878191,0.7602016148173255,0.7534535864561159,-0.030318100650931278,0.00886239098871569,0.6567419309403805,0.047992002218961716,0.07384680956602097,0.22278106212615967,0.7851050496101379,-0.9203112061418577,-0.03691844427822799,-0.3209637701511383,0.17917850613594055,-0.1082969680428505,0.31332623958587646,-0.07408829930471894,-0.1743304237586598,0.0014863312244415283,0.03037293255329132,0.05594552680850029,0.1291642189025879,0.19717219471931458,0.9972670078277588,0.07133844494819641,-0.20002232491970062,0.9500797390937805,0.027030568589919347,1.1818549386942898,0.8350519554371579,0.033671324052703656,1.235222982141072,1.3510957382197641,-0.07771348933306693,1.0454455555857476,0.08478272211363302,0.07265661401310207,1.3594661586011298,0.00044005464307373884,-0.06232791405114117,0.8762859417801612,0.07783224512359602,0.045386595804051584,1.1916923493299034,-0.0024400546430736435,-0.08651592349467828,1.1930490409594434,0.35050343158403025,0.11917923672705391,1.2498788589674508,0.38985368590633224,-0.18175015503246705,1.2576537808577857,0.6962672854787149,0.25498478589891727,1.2276942587014212,0.7026994032327011,-0.15363913593198927,1.2017728843870352,0.8696070103513649,0.2106569839000969,1.1633316911810707,0.8695887979715815,-0.06847155551998475,1.219943824671028,1.0498815144365987,0.13010173248236945,1.1927353537810517,1.0506117909345245,-0.0573366634699867,1.1864101863236458,0.679518678215799,0.0690885085652374,1.1598793432958587,0.6831450955294807
2.7666666666666666,0,0-ACCAD_Female1Walking_c3d_B1 - stand to walk_poses,82,0.028797711711376905,1.2015393562614918,0.7644580254390904,0.7556290990349828,-0.030794719141229464,0.012280881774443142,0.6541601714468981,-0.04952138289809227,0.1011408269405365,0.21749341487884521,0.8655092716217041,-0.9088523567771327,-0.052184529200713925,-0.28429803252220154,0.16766494512557983,-0.10431420058012009,0.2942925691604614,-0.09578364329135547,-0.16495795994377638,0.049674976617097855,0.02867758832871914,0.05567064508795738,0.14169767498970032,0.2102000117301941,1.0050748586654663,0.042957011610269547,-0.216768279671669,0.9369704723358154,0.027167978643000686,1.2062348137025134,0.8392931552214686,0.034308484969067986,1.2630904274901447,1.3549562995019933,-0.08639978563879688,1.1045013214213497,0.08492246949209492,0.0768718703389249,1.3620571388924319,0.0003400405313492075,-0.07164391215603108,0.9353169664355377,0.07724664863726773,0.04693184989673106,1.194735854109478,-0.0023400405313491156,-0.0921725958254678,1.248617570549788,0.3542715834990687,0.11950886231574219,1.2602759119393125,0.3899521958446177,-0.19057871687421216,1.2669869163660037,0.7017229825185302,0.2579787118388027,1.2728613285550916,0.7090004184125432,-0.15655428816606914,1.2167421397423368,0.8757269045355078,0.21499437231788743,1.2008863258248323,0.8731086441116166,-0.06873537053895279,1.2417127167457522,1.0544208000430086,0.13079216940749513,1.2227154488094185,1.0541982829115673,-0.05819158051958956,1.2081752064325373,0.6842453456421435,0.06853153276986788,1.1840730108940971,0.6875423201870624
2.8,0,0-ACCAD_Female1Walking_c3d_B1 - stand to walk_poses,83,0.02801678841933608,1.2249439544975758,0.7679985406180063,0.7546128214685183,-0.032973144222139227,0.01617071017876163,0.6551417934827106,-0.15457667410373688,0.12515752017498016,0.20970651507377625,0.9102411270141602,-0.8569245181893881,-0.05547163353102902,-0.2469375729560852,0.15850971639156342,-0.09983842074871063,0.2698884904384613,-0.1156095798988217,-0.15538596851699105,0.09440850466489792,0.027923841029405594,0.05544473975896835,0.14335033297538757,0.22086288034915924,1.0054396390914917,0.015651976689696312,-0.23598545789718628,0.9240745902061462,0.026606869477939374,1.2302653643169597,0.8427962326018694,0.03365733952478425,1.2921721194863103,1.3578783613751377,-0.0931655524009723,1.170552727420631,0.07862158139715644,0.07852336500237397,1.3631011930343453,0.00022127204707864806,-0.0773386151284188,1.0014848024764018,0.07052560637106337,0.04781524942929165,1.1959155309209384,-0.0022212720470785596,-0.09713234881482816,1.3019688940417387,0.3617589687829417,0.11841530941546417,1.2691147309834587,0.38991154242215625,-0.19811843999446696,1.2789567609651518,0.7067581218048504,0.2591025745695632,1.3185503680837893,0.7147403067333875,-0.15914941051303755,1.2322342860654325,0.8807063591764568,0.21821482277660215,1.2394530638584051,0.8760827141214093,-0.06979596470096278,1.2631620804712913,1.0581243612503486,0.1304031255352617,1.253613898270813,1.0569661793758014,-0.059601525216833436,1.2280781258700981,0.6879149340227674,0.06768025098993836,1.207841732892978,0.6912923378584412
2.833333333333333,0,0-ACCAD_Female1Walking_c3d_B1 - stand to walk_poses,84,0.02698384178802371,1.2478289194405079,0.7706611854540899,0.7525647670631491,-0.03521506801719498,0.020663290872087767,0.6572512447839624,-0.26091939210891724,0.1420784890651703,0.20106953382492065,0.9204527735710144,-0.7700484282965383,-0.04850654806141308,-0.20838725566864014,0.15113337337970734,-0.09488576650619507,0.2433672994375229,-0.13542241738647487,-0.14784835630528437,0.13591156899929047,0.02745170332491398,0.05571872740983963,0.13818395137786865,0.22603021562099457,1.0004754066467285,-0.010011407546699047,-0.25771376490592957,0.9116545915603638,0.02584463939689234,1.2538413084064808,0.8454111245633219,0.03328843848721949,1.3214111199941605,1.3597740854690075,-0.09892052961497415,1.243027152106904,0.0683708401512006,0.07783947332308674,1.3628856393426887,9.23665835641102e-05,-0.08156609871812248,1.0741155801073194,0.06014256129864162,0.04713355450422346,1.1956960060202908,-0.0020923665835642716,-0.10124972582856039,1.3524279057456643,0.37266578222668784,0.11615808312781652,1.276790231239935,0.3895719868860747,-0.20338700198284226,1.2933609423455983,0.7111226061475034,0.25901720427036323,1.3632242582764795,0.7193699593215123,-0.1605022138464051,1.2485144839601385,0.8846427903363818,0.22074201465409254,1.2776052111356255,0.8780014594427017,-0.07062285493783356,1.2844304332725587,1.0610576630580169,0.12979206926722073,1.2842919082828006,1.0586033063786473,-0.061315363646307366,1.2471090881972913,0.6905644581580583,0.06655830986533672,1.2311785401536357,0.6941009602306972
2.8666666666666663,0,0-ACCAD_Female1Walking_c3d_B1 - stand to walk_poses,84,0.02698384178802371,1.2478289194405079,0.7706611854540899,0.7525647670631491,-0.03521506801719498,0.020663290872087767,0.6572512447839624,-0.26091939210891724,0.1420784890651703,0.20106953382492065,0.9204527735710144,-0.7700484282965383,-0.04850654806141308,-0.20838725566864014,0.15113337337970734,-0.09488576650619507,0.2433672994375229,-0.13542241738647487,-0.14784835630528437,0.13591156899929047,0.02745170332491398,0.05571872740983963,0.13818395137786865,0.22603021562099457,1.0004754066467285,-0.010011407546699047,-0.25771376490592957,0.9116545915603638,0.02584463939689234,1.2538413084064808,0.8454111245633219,0.03328843848721949,1.3214111199941605,1.3597740854690075,-0.09892052961497415,1.243027152106904,0.0683708401512006,0.07783947332308674,1.3628856393426887,9.23665835641102e-05,-0.08156609871812248,1.0741155801073194,0.06014256129864162,0.04713355450422346,1.1956960060202908,-0.0020923665835642716,-0.10124972582856039,1.3524279057456643,0.37266578222668784,0.11615808312781652,1.276790231239935,0.3895719868860747,-0.20338700198284226,1.2933609423455983,0.7111226061475034,0.25901720427036323,1.3632242582764795,0.7193699593215123,-0.1605022138464051,1.2485144839601385,0.8846427903363818,0.22074201465409254,1.2776052111356255,0.8780014594427017,-0.07062285493783356,1.2844304332725587,1.0610576630580169,0.12979206926722073,1.2842919082828006,1.0586033063786473,-0.061315363646307366,1.2471090881972913,0.6905644581580583,0.06655830986533672,1.2311785401536357,0.6941009602306972
2.8999999999999995,0,0-ACCAD_Female1Walking_c3d_B1 - stand to walk_poses,85,0.025767290499061346,1.270058710128069,0.7725001153344121,0.7515001172573365,-0.03772072127633226,0.02566385693065395,0.6581535439364021,-0.36385148763656616,0.1507387012243271,0.1928166300058365,0.8974019885063171,-0.6542593973663897,-0.034064721300423706,-0.1706157922744751,0.1428913176059723,-0.08879771828651428,0.2166288197040558,-0.1551126957222584,-0.13921795837951267,0.17495036125183105,0.027669478207826614,0.056842412799596786,0.12903811037540436,0.22448450326919556,0.9919158220291138,-0.034429363906383514,-0.2813464403152466,0.899487316608429,0.02493634526478234,1.2768443928558961,0.8471878923794876,0.03349765342807285,1.3509478056395796,1.3606298379132573,-0.10278474947286033,1.320952274972394,0.05661205847228877,0.07784757874012282,1.3614311844091422,-3.2332006502548e-05,-0.08473185305554251,1.152105794237664,0.04855235162638326,0.046914031384577295,1.194280443691012,-0.0019676679934974156,-0.10338127542465458,1.3988147384437142,0.3858400772952641,0.11407611181254286,1.2831706852994482,0.3891129377441851,-0.20615224955979344,1.3101890896788926,0.7145272617663051,0.25840948704201255,1.4056147332920772,0.722854854851489,-0.16055056658729905,1.2660950671021907,0.8875468210284,0.22275431533301498,1.3142448315180475,0.8788670786814639,-0.07106344693169009,1.3060671187625574,1.0632255182628993,0.12916059255012408,1.314184246756077,1.0591473879656028,-0.06319077660701257,1.265799326874214,0.6922290573029949,0.0651728756102627,1.2536440164110707,0.6960405433499594
2.9333333333333327,0,0-ACCAD_Female1Walking_c3d_B1 - stand to walk_poses,86,0.023732348810881376,1.2908839769661427,0.7733955644485839,0.7523461258422497,-0.040204582256698304,0.03060896472420826,0.65682721455055,-0.46046462655067444,0.15032407641410828,0.1869519054889679,0.8423048853874207,-0.512308789114289,-0.013543361857951575,-0.1345360428094864,0.13480615615844727,-0.08220144361257553,0.19066263735294342,-0.173686787736411,-0.1303993235517804,0.21191880106925964,0.028464090079069138,0.05836198851466179,0.11775124818086624,0.2157457023859024,0.981265664100647,-0.05875374749302864,-0.30615100264549255,0.8869262933731079,0.02322550964845106,1.2984368613774442,0.8480125668751954,0.033466065183631405,1.379114644853639,1.3604283685988932,-0.1030362304404837,1.4041382372835778,0.04528668267732272,0.07765444994920793,1.3590747430234997,-0.00014921435986072623,-0.08569081414035448,1.2351947697044374,0.03772088491957285,0.04581171674995572,1.1920922738910205,-0.0018507856401391264,-0.10304865441189001,1.44015310316759,0.3998430349523446,0.11139345785187972,1.2880915397054868,0.3885413322150656,-0.20707373822000075,1.3286815200035371,0.7165926861842581,0.25710876698986246,1.4449902992922392,0.725497548420952,-0.16009616423702883,1.2842743825046516,0.8891634771252444,0.22376172432633784,1.348162031529522,0.8787027229805494,-0.07192640583760365,1.3271248060295422,1.0644788580049869,0.1278747513899048,1.3418640398007458,1.0586105142534472,-0.06585545012138103,1.2838246219592528,0.6927855637537085,0.06289373669757131,1.2744470462057491,0.6969994593697763
2.966666666666666,0,0-ACCAD_Female1Walking_c3d_B1 - stand to walk_poses,87,0.020365755539387465,1.312360841780901,0.7733571280729066,0.7555365545236263,-0.042519185096819886,0.0355765512223886,0.652756419103168,-0.546643078327179,0.14410147070884705,0.1831139773130417,0.7581883668899536,-0.3503273254976289,0.00678661313010076,-0.09979621320962906,0.12706317007541656,-0.07532219588756561,0.16647875308990479,-0.1925455550917916,-0.1219340307005603,0.24677298963069916,0.030503733083605766,0.059452369809150696,0.10641621053218842,0.20066969096660614,0.9700942635536194,-0.08256364613771439,-0.33045345544815063,0.8740866184234619,0.02023446262819924,1.3206629848992766,0.8478960922581801,0.03342653624595207,1.407493928286017,1.3592370389933455,-0.10038086062853417,1.492634630683297,0.037015456453672275,0.07609957725236652,1.3573909135998672,-0.00025603319286945925,-0.08548999984034224,1.3234225900281014,0.030266563041326675,0.04238692575606039,1.1907738581023937,-0.0017439668071305356,-0.10136489183056883,1.477677053413078,0.41302466920004516,0.10719080737658185,1.2935355171216263,0.3877708244531811,-0.2071083236827064,1.35043589995946,0.717542380407403,0.25474018656953157,1.4828237069158063,0.7270512709449573,-0.15981373658207684,1.3049816685279596,0.8897535852696904,0.2234311879777708,1.3808495306766284,0.8773196248711593,-0.07346296974917105,1.3495972208639582,1.06492558171128,0.12586384213222343,1.369028719033318,1.0569616728661602,-0.06988266926291714,1.30347671225311,0.6923414156754257,0.059173454565914524,1.2956077179110879,0.6969857009023743
2.999999999999999,0,0-ACCAD_Female1Walking_c3d_B1 - stand to walk_poses,88,0.01689023757353425,1.3348768539726734,0.7726530070666552,0.7593607601303255,-0.044051749450131544,0.039151169581365136,0.6479952663909577,-0.6134193539619446,0.1355150043964386,0.18027281761169434,0.6559329032897949,-0.18530086681984081,0.023655997825141606,-0.06641910970211029,0.11899261176586151,-0.06804818660020828,0.1451921910047531,-0.20991847528320484,-0.11264122890323125,0.2783050239086151,0.03445049002766609,0.05914407968521118,0.0960226058959961,0.18146942555904388,0.9593917727470398,-0.10490859299898148,-0.352806031703949,0.8612260222434998,0.017067918089539898,1.3436999953491608,0.8471320014602743,0.03401564048239313,1.4344567067143614,1.3576864316766053,-0.09505611664201051,1.5797084267908899,0.03390174646938275,0.07495787605824641,1.358734671495101,-0.0003445283698093743,-0.08337346756377778,1.4102074280485037,0.028163529337855188,0.0393626761020396,1.1925081297881708,-0.0016554716301905477,-0.09880614393054005,1.5105912818990248,0.4232809480987876,0.10318457820828053,1.3015024570499742,0.38697358127748493,-0.20591841357927806,1.374625378059212,0.7178082932935588,0.25191311371686026,1.5201234386935691,0.7283182626412755,-0.15894263948959522,1.327288403846227,0.8895990140127013,0.2226845641523733,1.4128743944612614,0.8752975081345796,-0.07477599089521428,1.3724777713366716,1.064907297137723,0.12406535667788832,1.395524471421481,1.0547508700832184,-0.07390656838668958,1.325069749370212,0.6911981013171303,0.055407054605059715,1.3179351415168705,0.6962690699660806
3.0333333333333323,0,0-ACCAD_Female1Walking_c3d_B1 - stand to walk_poses,89,0.013777321670204401,1.3574759550392628,0.7710041643094259,0.7617371905202209,-0.045916091852074466,0.04355683980787494,0.6447875361646995,-0.6557804942131042,0.12039244174957275,0.1819719672203064,0.5524485111236572,-0.04532112323119741,0.04077053649309381,-0.03499843180179596,0.11095782369375229,-0.06061559170484543,0.12778611481189728,-0.23122508291226707,-0.10450201950932114,0.30412954092025757,0.038524873554706573,0.057566456496715546,0.08793560415506363,0.15838311612606049,0.950700581073761,-0.12415428459644318,-0.3726896345615387,0.8489851355552673,0.014313232827341227,1.366935090373749,0.8454033414416733,0.03555464442621026,1.4617895937195808,1.3550625915079542,-0.08687592407415687,1.651531391754189,0.034017795953995345,0.07274442302123685,1.3593147945164867,-0.0004171116596339078,-0.07798790748070633,1.481829655530852,0.0292929802094878,0.03612308767904666,1.1933102199937178,-0.0015828883403659032,-0.09588467659881975,1.535768354799627,0.4278700278024253,0.09913478312894074,1.3100357127015299,0.3856926340644028,-0.203142769241128,1.3984335770761578,0.7169110247461206,0.24872668329399844,1.5558667387817455,0.7278963735580777,-0.1569019341863685,1.3498403605935196,0.8885503229545382,0.2218954073708928,1.4441444439862705,0.8719719637256673,-0.07541575137794848,1.3957909611045587,1.0639846279694793,0.12288281279377175,1.4221011366623122,1.0514291905197393,-0.07755380081530747,1.3468036587878782,0.6894638675046831,0.051990115139867794,1.340337311954592,0.694565010617601
3.0666666666666655,0,0-ACCAD_Female1Walking_c3d_B1 - stand to walk_poses,90,0.011106987949460745,1.3822152204811573,0.7686310404722724,0.7613142687846117,-0.047318706237348365,0.046019663973975666,0.6450145073660731,-0.6810162663459778,0.10119592398405075,0.188327357172966,0.45495596528053284,0.07391218749688822,0.06235062692307358,-0.003836255054920912,0.10217642039060593,-0.05288606509566307,0.11609749495983124,-0.254773082434953,-0.09483026899338087,0.3236677050590515,0.041896525770425797,0.05564176291227341,0.08384142071008682,0.13362203538417816,0.9454140067100525,-0.138434037566185,-0.38871556520462036,0.8382843732833862,0.01178411417473739,1.3920713840500942,0.8429775100574343,0.03540601166393328,1.4892688480784297,1.3521018527387718,-0.07701973125629212,1.7146656390649055,0.0360918307840741,0.07216384684666514,1.3634242272377568,-0.00045866581570976755,-0.06936261314696128,1.544880704876742,0.03229121702038749,0.03623025981923665,1.1972688627364987,-0.0015413341842901926,-0.09290518943225708,1.5591311083544501,0.4286299103198942,0.09683720983801003,1.3230585142843516,0.384093241505065,-0.19924236556863206,1.4222730662344254,0.7144793273510807,0.2445142728924928,1.5924079328773035,0.7272180842801562,-0.15432582541686185,1.3731102676161868,0.8863079857785533,0.2202959881289218,1.4767461892619536,0.8686231759534613,-0.07658974719819474,1.419988111324309,1.0621815902157938,0.12104678619635248,1.4501295806846788,1.0479170400096385,-0.08046302224519011,1.3705013515396949,0.6870092521083633,0.0493081059861845,1.3654626214907613,0.6921208248322375
3.0999999999999988,0,0-ACCAD_Female1Walking_c3d_B1 - stand to walk_poses,91,0.008128431160002947,1.408896166831255,0.7647273136553095,0.7613041073591281,-0.0487492489489535,0.0481958916847945,0.6447609811936061,-0.6924058198928833,0.08263423293828964,0.19650717079639435,0.3716062903404236,0.16473399088880636,0.08302062592294834,0.029487892985343933,0.0915016457438469,-0.04454546421766281,0.11250629276037216,-0.2885825745927524,-0.08317961882439517,0.33741432428359985,0.04413928836584091,0.05187106132507324,0.08144766837358475,0.10965565592050552,0.9420580267906189,-0.14794258773326874,-0.39884862303733826,0.8289980292320251,0.008917448666906608,1.41912434191141,0.8390224136680526,0.03449906188306148,1.5173511842198126,1.3478699778983867,-0.06782118227032267,1.767520762916293,0.03684947430568617,0.07209763394948637,1.3659207866651406,-0.00045936281190686254,-0.06130080152177296,1.5976733311799463,0.03379422186751241,0.03683291108575282,1.199622169211274,-0.0015406371880931288,-0.09047111076569339,1.5821079793228188,0.4252034377085829,0.09486716224698238,1.3377665385363346,0.38136818111023574,-0.1954531352787444,1.4490301465476643,0.7102056884469685,0.24003231899245783,1.627238677235937,0.7247218487883584,-0.1524123483983968,1.3991535680313945,0.8823085117369976,0.21789678525302383,1.5086059520271375,0.8639908649397333,-0.07836886714492936,1.446209874269884,1.0587396029371408,0.11878192946072885,1.4788161917415217,1.0432290788101757,-0.08360270604459226,1.3965750843947498,0.6831487222690077,0.04634785820666142,1.392555673738706,0.688122833647934
3.133333333333332,0,0-ACCAD_Female1Walking_c3d_B1 - stand to walk_poses,92,0.005166878690943122,1.436855275183916,0.7592753617994381,0.7624885716221552,-0.048660722887044684,0.04880597364326894,0.6433205181948173,-0.6934294104576111,0.06611501425504684,0.20416834950447083,0.3112866282463074,0.22550737964386514,0.10103540327418048,0.06587471812963486,0.08066753298044205,-0.036033596843481064,0.11829017102718353,-0.33106667759877406,-0.07207161039428733,0.3478905260562897,0.04434177652001381,0.04719020426273346,0.08248402923345566,0.08721952140331268,0.9414747953414917,-0.15249253809452057,-0.4013558626174927,0.821378767490387,0.0060533120409116264,1.4471304445854314,0.8335628784471645,0.03268485934594031,1.5433874083831978,1.3427478140054934,-0.05897512496828076,1.8119146427892439,0.03526207315992722,0.07148766775402646,1.3682490016588589,-0.0004166702305097719,-0.05396176845393497,1.6420077952421293,0.03270680153803935,0.036513356468356566,1.2018896422719787,-0.0015833297694902507,-0.08822702906872594,1.606906171518841,0.41919689140183025,0.09287946462208492,1.3547381378202226,0.37727694369523834,-0.19151466983802837,1.4771046844416378,0.7040321764955081,0.23533278362552076,1.659722095469757,0.7210273093092063,-0.15096580789336522,1.4263326682384148,0.8764779835475218,0.21479902270818213,1.538678892065717,0.8584553696769708,-0.08066735679240394,1.4727040911532228,1.0536945786463596,0.11622717175895667,1.5065938576364013,1.0376879158382337,-0.08667816544807999,1.4248054182122663,0.6777638685495291,0.04341530612305176,1.421199589429956,0.6824844431366089
3.166666666666665,0,0-ACCAD_Female1Walking_c3d_B1 - stand to walk_poses,93,0.0025526907993480563,1.467310506850481,0.7522609584395448,0.7652281817632097,-0.0471729252675901,0.04757834034821587,0.6402631072354393,-0.68590247631073,0.052117783576250076,0.21011054515838623,0.2778540551662445,0.2544134220854568,0.11555641937431627,0.10368967801332474,0.07109192758798599,-0.027713028714060783,0.13376955687999725,-0.38071819166227416,-0.06240130842311442,0.3559828996658325,0.04295157268643379,0.04198409616947174,0.08831536024808884,0.06775788962841034,0.9441970586776733,-0.15071335434913635,-0.3961679935455322,0.8163807392120361,0.0034834712743626534,1.4772946130293947,0.826587610937256,0.03016955233297746,1.5686989142681302,1.3366771593797797,-0.04948463584050835,1.8493808232676987,0.029917656881724382,0.07010638980791269,1.3728102026169235,-0.00033009722947530476,-0.04660018928917242,1.6794209135490403,0.027613517884626466,0.034801558247691496,1.2065219775689169,-0.0016699027705247525,-0.08560460355317849,1.6354609638238717,0.41112711828524007,0.09094559491010515,1.375672424239039,0.3716639057467839,-0.1874541047104629,1.5069301502545587,0.6959414131705925,0.23110000503235448,1.6904440091475932,0.7158043836191801,-0.14990275662692976,1.4555269264614747,0.8688783064147918,0.21144221595708315,1.567868999462042,0.8519972708542604,-0.08323981254825137,1.5007484413964305,1.0469916776872403,0.11366764064937025,1.534701518584921,1.0312809067112882,-0.08931732680894426,1.4564840147241125,0.6707567929485058,0.04087701589432204,1.4525422986565997,0.6752254061547238
3.1999999999999984,0,0-ACCAD_Female1Walking_c3d_B1 - stand to walk_poses,94,0.0011629159998847172,1.500058013945818,0.7436259792735824,0.7676485929391441,-0.044394655632697594,0.04594314255114601,0.6376785867208743,-0.6723241209983826,0.04042578861117363,0.21444271504878998,0.26891013979911804,0.2546988160395349,0.12422832687934848,0.14041748642921448,0.06204431131482124,-0.019366301596164703,0.15996533632278442,-0.43845467843364316,-0.055670370485597975,0.36148691177368164,0.04111975058913231,0.036516547203063965,0.09946952015161514,0.05339714512228966,0.9504286050796509,-0.14159415662288666,-0.38476529717445374,0.8148523569107056,0.0022067161208004053,1.5095644819171163,0.8180137306041493,0.029230599981750517,1.5946178958365922,1.329197607169148,-0.041976699890230125,1.8803309753471316,0.020396395584636816,0.06813092680869981,1.3796578802094441,-0.000197592203803134,-0.040908580686272206,1.7103491106864122,0.01815478727116014,0.032796937718619315,1.2133781947938873,-0.0018024077961970447,-0.08333467829907876,1.666839221235804,0.4013116071849609,0.08977967928679954,1.4007750447841698,0.36408633606676327,-0.18348485784206464,1.536724792658694,0.6864869703386008,0.2275008994020506,1.7199743942523538,0.7075513594060934,-0.1482938104591455,1.4857921514437962,0.8600583402333384,0.20877356777105296,1.5971415733627132,0.843643054106557,-0.08442974252636477,1.530392794083009,1.0387615695371593,0.11253540787585423,1.564159357084703,1.0233754182937882,-0.0907766394945397,1.4906905881141053,0.6622883037883579,0.03950217709420813,1.4863779367012764,0.6662486744393201
3.2333333333333316,0,0-ACCAD_Female1Walking_c3d_B1 - stand to walk_poses,95,0.00024527276400476694,1.5347494669258595,0.7344162971642223,0.7712331550416386,-0.03953263937567175,0.042938088407339425,0.6338713683015161,-0.6537244915962219,0.030438115820288658,0.2177984118461609,0.2763652503490448,0.23816968214157863,0.1290565603979078,0.17272359132766724,0.052507415413856506,-0.01074281707406044,0.19821898639202118,-0.49981455097304384,-0.05058183521000581,0.3640258014202118,0.03931189328432083,0.03180265426635742,0.11648042500019073,0.04448332265019417,0.9606328010559082,-0.12524771690368652,-0.36914941668510437,0.817106306552887,0.001453773141038029,1.5434053829824346,0.8089053208124097,0.029209732371686482,1.6198079360049722,1.3214273768019962,-0.03468138271451316,1.9091739277861528,0.009113456967693764,0.06577754301665181,1.3914648456764689,-9.923572712528667e-06,-0.035923189817951603,1.739193979539707,0.006816696367751212,0.030056424602290487,1.2252719436201547,-0.0019900764272873864,-0.08092063378844369,1.701749101478196,0.3912082494258439,0.08894363588532059,1.4310968522237304,0.3549492585503051,-0.18026283380886365,1.566701784061985,0.6765609715218188,0.22536757303392452,1.7470203467045902,0.6978835473523559,-0.1470960948933166,1.5171483137826365,0.8509283572828887,0.20671933299267445,1.6250618823352807,0.8347701439066276,-0.08502439082743478,1.5612480399217434,1.0300205601738681,0.11220915329340418,1.5936400924823728,1.0151252956766368,-0.09178310400318962,1.527663695852432,0.6533099941242455,0.03852250411992478,1.522299744434984,0.6566344523202994
3.266666666666665,0,0-ACCAD_Female1Walking_c3d_B1 - stand to walk_poses,96,-0.0011372764129191637,1.5720597095787525,0.729492015959144,0.7760301335372887,-0.03344022453109564,0.038637954478892955,0.628622376072547,-0.6256721615791321,0.019413774833083153,0.22104550898075104,0.2932875156402588,0.20579732337408063,0.13289585116681857,0.19840189814567566,0.04214449226856232,-0.0019189686281606555,0.25033342838287354,-0.5657473276414793,-0.045310920485764905,0.3616653084754944,0.03825782984495163,0.0279808659106493,0.13671039044857025,0.040314625948667526,0.973442554473877,-0.10184545069932938,-0.3501228988170624,0.8232698440551758,0.0002071651229897612,1.5795956052776756,0.8041003449376936,0.028914791801565677,1.645854436155417,1.3179915581994033,-0.02685915560800069,1.9346629990858715,0.00020694054392081385,0.06301537133705837,1.4087476628996973,0.005175460656675547,-0.0310141162357642,1.7647309259499402,-0.0022069405439204895,0.026467782968348674,1.24274141281068,0.0026857386211940476,-0.0783935709664335,1.7388628108031192,0.38457486069000085,0.08804998009382081,1.4673291679970832,0.3489280286577765,-0.17867147123454205,1.5989993502199211,0.6709178931858101,0.22418018961694064,1.7717582562155048,0.6914428763869688,-0.1474072475905985,1.5512856553740109,0.8461477874626171,0.2044105980460203,1.652073238414518,0.8301664287033098,-0.08611770441888662,1.5946809395277775,1.02551005935566,0.111643040134498,1.6240118904335514,1.0112774161487916,-0.09314693036079344,1.5680849699455115,0.6486829809230301,0.03707321091153334,1.5608145628900325,0.6513383861166024
3.299999999999998,0,0-ACCAD_Female1Walking_c3d_B1 - stand to walk_poses,97,-0.002135918475687504,1.6107961721718311,0.7357647572290866,0.7766764917507076,-0.02723311388948805,0.033743535527051755,0.6284054093336799,-0.5856226682662964,0.005923809017986059,0.2246360331773758,0.31517261266708374,0.15704940863953576,0.13646358489357502,0.21466457843780518,0.031468864530324936,0.006478303112089634,0.3175746202468872,-0.6373648112192947,-0.03999677718255157,0.3517414927482605,0.038450680673122406,0.024417102336883545,0.15529480576515198,0.040348976850509644,0.9861456155776978,-0.07268554717302322,-0.32863569259643555,0.8329319357872009,-0.0007717622689982846,1.6171495631133879,0.8104827169267892,0.028612831815516285,1.6731645911476525,1.3255660769727207,-0.023782912412637133,1.9530280212711915,0.00027411868883559995,0.06331719341591852,1.431179407458992,0.02251997613057205,-0.028535762471797507,1.7831135813239574,-0.002274118688835626,0.02814886325734923,1.264886617897142,0.019374075052001196,-0.07767146982981168,1.773895969876349,0.387563806757566,0.08958158417269918,1.5096289119073307,0.35278842819677925,-0.17847968245342152,1.6320958187655623,0.6767487190354489,0.22174795807865497,1.7966353766897138,0.6948526918460554,-0.1481049058271515,1.5861455184010729,0.8526052146376459,0.20157230789918457,1.6804113156690632,0.8364312035767265,-0.0869417436125669,1.6289137390109238,1.0321625471839688,0.11114445931648098,1.6562459405517889,1.0184880501884077,-0.0939798743984283,1.6090696779913,0.6554135770619667,0.0361307434590139,1.601119250020902,0.6573196866598677
3.3333333333333313,0,0-ACCAD_Female1Walking_c3d_B1 - stand to walk_poses,98,-0.002746076788753271,1.6482048816978931,0.7423603488169239,0.7760690055539785,-0.021117394661137913,0.02855945805078561,0.6296469738012167,-0.5380311012268066,-0.010696016252040863,0.22931073606014252,0.33593085408210754,0.1016536116495097,0.1425549242074391,0.21647338569164276,0.021198691800236702,0.013550634495913982,0.39944007992744446,-0.7098193582451877,-0.033981722212735876,0.3333158791065216,0.039052292704582214,0.0229413490742445,0.17038734257221222,0.04222783073782921,0.9978635907173157,-0.039759811013936996,-0.30767303705215454,0.846147894859314,-0.0014159358039009266,1.6533605214693392,0.8171711107667096,0.028359006248292733,1.7000532438504008,1.3331670545821608,-0.02053193056626248,1.965390503758988,0.00032965385014058907,0.06600409807422092,1.4580941830000398,0.04006773096862942,-0.025104632754296946,1.7954728222857088,-0.002329653850140591,0.032706051397409855,1.2914338718263367,0.03612048294077873,-0.0766358578088834,1.8052090826325398,0.3899240027813103,0.0927596945528655,1.5555459757369956,0.355429320378967,-0.178623457618939,1.665747522561952,0.6828573498853447,0.22069400024926517,1.8172246178005407,0.6976797123031023,-0.14912808807811656,1.6210576235531777,0.8591877224999455,0.19927493373977953,1.7059264720954737,0.8429846005782186,-0.08758606689227241,1.6626771425020392,1.0389623704384239,0.11092453834474134,1.6870752031965204,1.025906370178662,-0.09434814720470489,1.6485607416559134,0.6625270176954999,0.03557277784091502,1.6399299192063024,0.6637678142368588
3.3666666666666645,0,0-ACCAD_Female1Walking_c3d_B1 - stand to walk_poses,99,-0.003199989441782236,1.6837755031883717,0.7490707879949621,0.7734296976675624,-0.017050743977618334,0.024758236015167936,0.6331688595036004,-0.4867388606071472,-0.02659016102552414,0.23320125043392181,0.3497161865234375,0.04516909714020878,0.14798304959375475,0.19780750572681427,0.013091083616018295,0.018212664872407913,0.4933265745639801,-0.7793775232682818,-0.027452938603223398,0.30589887499809265,0.039945948868989944,0.024414896965026855,0.17813357710838318,0.045004528015851974,1.0066181421279907,-0.00726904533803463,-0.2908651828765869,0.8615623116493225,-0.0019470762100826846,1.688105057561471,0.8239352332768461,0.02790819536778843,1.729553582707256,1.340370433446437,-0.019990463624823335,1.9721307922039844,0.00034380345578879923,0.07092410721241868,1.4899988625950984,0.0570616038552677,-0.023018812516741444,1.8021790170673955,-0.0023438034557890716,0.040098089181809106,1.3228879488867928,0.05219342843198907,-0.07669563827073238,1.831115252037884,0.3913385462336661,0.09721095975807394,1.604589532323886,0.3570325697066491,-0.17922273586679185,1.7005452173166469,0.6890913304617764,0.2209544307973189,1.8347967427818968,0.6998063985401439,-0.150560658550572,1.6566694884206266,0.8657632578920562,0.19756875174460056,1.729960782710401,0.8495464923537218,-0.08824719430556623,1.697030666342387,1.0456725975693393,0.11070306504164273,1.7178493830922146,1.0331202974387361,-0.09453667847031554,1.6853561911321027,0.6697585899013453,0.03513506783447366,1.6762734767092455,0.6705340017314342
3.3999999999999977,0,0-ACCAD_Female1Walking_c3d_B1 - stand to walk_poses,100,-0.00245459983125329,1.7166478224098682,0.7551702673215877,0.7680779669163279,-0.014261432365618186,0.021607888795168763,0.6398327495731809,-0.4341093897819519,-0.03833894804120064,0.23432907462120056,0.35369500517845154,-0.004208192674192812,0.14946114396417154,0.15540491044521332,0.009422915987670422,0.019429661333560944,0.5949884057044983,-0.8360514798661893,-0.023538666395768737,0.27077552676200867,0.04050065204501152,0.02861579693853855,0.17646971344947815,0.04914546012878418,1.0112007856369019,0.020416853949427605,-0.27890464663505554,0.8764082193374634,-0.0013338580594830071,1.7203647214414157,0.8300697239248921,0.027916996841876353,1.7594820198775152,1.3467073156931475,-0.022917084790237373,1.9765524537453047,0.00031331760055842983,0.07845977655282876,1.5305635720469934,0.07045407888031288,-0.02278498649392001,1.8065727980874573,-0.002313317600558206,0.05084714095875324,1.3629235162225808,0.06459284703567614,-0.0776525471038284,1.8519177846766124,0.39188712601398834,0.10336372616305445,1.658108225900318,0.35727327522831986,-0.17935563689238507,1.7361670937300955,0.6947949285587155,0.22288316278660886,1.8512376301098707,0.7020073336450714,-0.15136584221102256,1.6917448894799592,0.8714380811784038,0.1973157571704254,1.7529682301179532,0.8557896375667325,-0.0880276141031924,1.730104702733604,1.0515964051189826,0.11129347865493727,1.7474265457500755,1.0396280870994032,-0.09352211582998189,1.718528428273352,0.6763133202206549,0.03587846929584942,1.7094493050588355,0.6768479227572823
3.433333333333331,0,0-ACCAD_Female1Walking_c3d_B1 - stand to walk_poses,101,-0.0008452292531728745,1.7466799803078175,0.7603234363245706,0.7629339968654801,-0.012253145071067593,0.018885233846114322,0.6460843016242606,-0.38331666588783264,-0.046503111720085144,0.23259712755680084,0.34767937660217285,-0.042256929649419295,0.14776027804846004,0.09450581669807434,0.01047935988754034,0.01812920905649662,0.700198233127594,-0.8795808844863724,-0.02436105463998306,0.23079214990139008,0.04029535874724388,0.0343836173415184,0.166287362575531,0.05637991428375244,1.0115317106246948,0.040373533964157104,-0.27078717947006226,0.8881186842918396,0.0001285140864291936,1.7499124494173754,0.8352474175813372,0.028355788745372024,1.7882646346721478,1.3519790434859327,-0.025968387412840535,1.9811624251422555,0.000248732116068507,0.08554874701420728,1.5774645493451218,0.08062306610136526,-0.022894642016413762,1.8112085644575182,-0.0022487321160686094,0.060544129403004576,1.4094544427268867,0.07374024892764491,-0.0780687208248507,1.869222137900676,0.39190669245305265,0.1094817656722154,1.7140214414206365,0.3571095931330729,-0.17955416316317188,1.7734967958267573,0.6997536774293183,0.22657336403914702,1.8665193282454733,0.7046549535748542,-0.15220278775596308,1.7267496236755848,0.875896143528129,0.19824435356029796,1.7738959107513812,0.8614284650529496,-0.08715083034808128,1.761717853088286,1.0564285089866214,0.11256415907728977,1.7743721496784128,1.045204575779718,-0.09164176193450747,1.7487858651808286,0.6818176677781769,0.037444045136475326,1.7391473084832234,0.6822602900691638
3.466666666666664,0,0-ACCAD_Female1Walking_c3d_B1 - stand to walk_poses,102,0.0007271028589457273,1.7729489393532276,0.7649379152959686,0.7595957589047508,-0.01404534357433909,0.018043438504385098,0.6499934197395639,-0.33969375491142273,-0.052635032683610916,0.22901740670204163,0.33153313398361206,-0.07047689817886482,0.14713344783443183,0.027128977701067924,0.012731724418699741,0.018761897459626198,0.8004680871963501,-0.9192943535704194,-0.02122437366778218,0.1891564130783081,0.03851449117064476,0.03979240730404854,0.14916874468326569,0.06693645566701889,1.0079642534255981,0.05107549950480461,-0.2651793956756592,0.895193338394165,0.001413553628348901,1.7763084743095408,0.8398594896935911,0.027052085364655143,1.8177350327583932,1.3564676758839362,-0.026197871028777756,1.9835768135201584,0.00014763081484439264,0.09314196286459528,1.6198489822791406,0.09168156760180268,-0.02125712472334003,1.8136641277077195,-0.002147630814844443,0.07013829043212216,1.4515962380039968,0.08381740213415924,-0.07696327027247282,1.8814113780120802,0.39156670828665074,0.11571594259801955,1.7642542601415638,0.35850348875485966,-0.18013703779155443,1.8112440465337036,0.7037935831164035,0.23098754723297363,1.8799263641963595,0.7082194554200687,-0.1540401344472782,1.761460859367363,0.8792932985451436,0.19900467487861104,1.7923008063090562,0.8671484385700011,-0.08710987788551508,1.7925585094308614,1.0602754782660804,0.11297559266625234,1.798964990072444,1.0504293429904081,-0.08965901028004337,1.7750144505465646,0.6864620265952902,0.03909798300537906,1.764037176315415,0.6871954181867388
3.4999999999999973,0,0-ACCAD_Female1Walking_c3d_B1 - stand to walk_poses,103,0.0030349823646247387,1.797347266227007,0.7688807955456883,0.758055585415988,-0.01595627099998315,0.018387621301012264,0.6517353927924195,-0.29740238189697266,-0.057670414447784424,0.22410783171653748,0.3094828426837921,-0.09264979843260579,0.14390965966530167,-0.05385710671544075,0.017697246745228767,0.022334855049848557,0.8750553131103516,-0.9200771137010744,-0.02176383466619214,0.1480129361152649,0.03563588112592697,0.0448615625500679,0.12755776941776276,0.08152781426906586,1.0013964176177979,0.05540075525641441,-0.2597353458404541,0.8990201950073242,0.0035659182369352435,1.8009592068187692,0.8437918894654882,0.027177820187723217,1.8460869010506393,1.3601656812620218,-0.025949518034620426,1.9855004717043523,2.9599482125004795e-05,0.100467989081591,1.6711167800742084,0.09475182708103183,-0.02024438584120894,1.8156087086130202,-0.0020295994821249858,0.07912139409218082,1.5026811314705475,0.08616374453472697,-0.07517284192705699,1.8914319305719969,0.3912407692055243,0.12156513791767302,1.8147743961362073,0.3619840613852289,-0.18038840592575334,1.850355547593606,0.7076432958025793,0.23589115652722573,1.8929593365837607,0.7117816967459165,-0.15541754775536626,1.7963258064102423,0.8820474457361783,0.20034254223430853,1.8092960763457129,0.8720824113805126,-0.0858731581771516,1.8224290793688498,1.0634226731325844,0.11437346044148688,1.8215441874664005,1.0548966190556652,-0.08706061164538281,1.799733317560844,0.6905133098723506,0.04128887311487532,1.7863578482521456,0.691311031470747
3.5333333333333306,0,0-ACCAD_Female1Walking_c3d_B1 - stand to walk_poses,104,0.005461995489895344,1.8224261589348316,0.7724039040675523,0.7593903474076342,-0.01904513148163764,0.01922493911582108,0.6500722920929277,-0.2541508376598358,-0.06067623198032379,0.21814745664596558,0.28481975197792053,-0.11509636620421393,0.13957061283994876,-0.14432135224342346,0.027961283922195435,0.027314797043800354,0.9169657826423645,-0.8789498032085681,-0.02489957704217205,0.10849811136722565,0.0324263796210289,0.04963424429297447,0.10269366949796677,0.10029837489128113,0.9921167492866516,0.056330110877752304,-0.2529843747615814,0.9012249112129211,0.005794773627681538,1.8264702023221266,0.8472940567699784,0.027229563001379617,1.8763345387310268,1.3633074701827645,-0.024594696805334274,1.9868303807112937,-9.634914762509522e-05,0.10689947353718224,1.73233467541815,0.09063660409800407,-0.019628334322943586,1.8169125508515598,-0.0019036508523750419,0.08626471565216884,1.5638311981044295,0.0816485620302681,-0.07266574506868494,1.9014254088678817,0.39076716770892267,0.12693778367054967,1.8658938004981156,0.3689809812599981,-0.18024860552040206,1.8933688844570313,0.7111998309048032,0.24062533143184187,1.906319522045745,0.7154110525956607,-0.15689324300119753,1.8342175075334413,0.8841599588355146,0.20119135060293308,1.8265452214620028,0.8767820113414281,-0.08444683122228845,1.8543133787132304,1.0659187000612946,0.11563332037464288,1.844678386317042,1.0590423086766831,-0.08423777123802513,1.8257753131541938,0.6940034182010921,0.043542641972130286,1.8085962035754222,0.6949072472985182
3.5666666666666638,0,0-ACCAD_Female1Walking_c3d_B1 - stand to walk_poses,105,0.008096086792647839,1.8453099317848682,0.7750984224110018,0.7617309595602471,-0.02277273750029019,0.020091933682730656,0.6471813207093179,-0.21385006606578827,-0.06186184659600258,0.21220313012599945,0.25925859808921814,-0.13444368864042966,0.13527632179711124,-0.23664599657058716,0.04364055022597313,0.032569605857133865,0.9263917803764343,-0.8022305376002454,-0.03029320712586403,0.07105781883001328,0.029787395149469376,0.05408564954996109,0.07423346489667892,0.12363779544830322,0.9796356558799744,0.05422145128250122,-0.2449105829000473,0.9017109274864197,0.008181070431442268,1.8498624052895138,0.8499600799051465,0.027620714878012587,1.9048680718278914,1.3655129440594158,-0.022783665176285918,1.9874992722620584,-0.00022105953695767885,0.11278529516467656,1.7988132145952438,0.0815083519538647,-0.019091030183377253,1.8175465216110926,-0.0017789404630424131,0.09288388983467023,1.630225608107075,0.07244452249379776,-0.06986804139423701,1.9097919350518067,0.39022024946001815,0.1316579178556978,1.9133242553692997,0.37890297190447314,-0.17967408788151776,1.936717587769632,0.7144651920993063,0.2446748903654655,1.9186153843420943,0.7185703061937675,-0.1581062590408116,1.871298053734475,0.8853882084835518,0.20165206190974805,1.8422174830964408,0.8806565829759103,-0.08256199915933753,1.8843406342675924,1.0674608966846972,0.11694037519957931,1.8657607738985011,1.0623838587865047,-0.08112708539384118,1.8497591874412682,0.696515029072801,0.04599470014735314,1.8284152264811604,0.6975411661578692
3.599999999999997,0,0-ACCAD_Female1Walking_c3d_B1 - stand to walk_poses,106,0.011555538047105074,1.867481429129839,0.7770222199429568,0.7624829276887125,-0.026494947191545548,0.0219958107738108,0.6460913148038514,-0.17754697799682617,-0.06040872260928154,0.20660400390625,0.2343260943889618,-0.1514738269291609,0.12781443235981504,-0.32681137323379517,0.06279312819242477,0.037770289927721024,0.9035945534706116,-0.6948178705297319,-0.037852621100664785,0.03504698723554611,0.027892904356122017,0.058441609144210815,0.042975813150405884,0.15073704719543457,0.9642457962036133,0.05138218775391579,-0.23668304085731506,0.9016964435577393,0.011503529286463761,1.8726434162108283,0.8518443502552149,0.030148955260742728,1.9335560359497432,1.3667470352482973,-0.023321680663012417,1.9888508671405944,-0.00033315053187212354,0.11775557324565149,1.8715034385369134,0.0694811614222167,-0.020045366455538206,1.8188876740299644,-0.0016668494681278609,0.09991102703225417,1.702672604156528,0.0606651797490961,-0.0678215607277416,1.9177321583383435,0.3897781092132813,0.13508250501674923,1.9577091041129342,0.39075367424794444,-0.1783878052925113,1.9801636430937908,0.7180215032762305,0.24851178390182058,1.932011886400864,0.7204771982851891,-0.15810668749396278,1.907763304341544,0.8862666559956162,0.20291585987937202,1.8587939801379898,0.8833259444246304,-0.07910543354275884,1.91344560285157,1.0683250552979806,0.119563372418736,1.887186453135159,1.0646716330660149,-0.07735354074056723,1.8724071703811611,0.6983419440066704,0.04920956048945282,1.8476851116796817,0.6992030562751856
3.63333333333333,0,0-ACCAD_Female1Walking_c3d_B1 - stand to walk_poses,107,0.014915346633642912,1.8885885067284107,0.7782760189739806,0.7642811585333066,-0.030549064342706763,0.023890013848824172,0.6437160341463267,-0.14406809210777283,-0.05746662616729736,0.20191574096679688,0.2102416306734085,-0.16697846483047263,0.1204148259097233,-0.4120096266269684,0.08252659440040588,0.04254138097167015,0.8496120572090149,-0.5597729850779611,-0.0415086426891359,-1.2395726116665173e-06,0.026616176590323448,0.061953913420438766,0.008725357241928577,0.17727185785770416,0.9461185336112976,0.04885433241724968,-0.22621220350265503,0.901508092880249,0.0147044113710711,1.8943974756171735,0.8530504222598938,0.03289426243739753,1.9609391336835285,1.3672608262647539,-0.023692542215775905,1.9905195804770746,-0.0004379318566717638,0.12286394047369659,1.9490302573930836,0.05712439486300539,-0.021316755717981816,1.8205398994674729,-0.0015620681433282171,0.10684977551900207,1.7799887764749753,0.04884645732901587,-0.06579554884282766,1.9255193020501953,0.3892796890906028,0.13840402914180272,1.9968044317207625,0.40387232754524244,-0.17466433125314634,2.0248279465839514,0.7215271796992506,0.25134861783681717,1.9439559154496842,0.7217008662753858,-0.1569935016488813,1.944448982408123,0.8864105569793335,0.2034111149180749,1.873995577053293,0.885307440316731,-0.07541667040616008,1.9415990182682819,1.0684442757325363,0.12203600609385781,1.9072462539711321,1.0663198868501138,-0.0736237562958445,1.894176438036205,0.6993979452556183,0.05231343842281361,1.8658893963170993,0.7001121467247454
3.6666666666666634,0,0-ACCAD_Female1Walking_c3d_B1 - stand to walk_poses,108,0.01862643240019679,1.9100142307579517,0.77870531212705,0.7634907103934879,-0.03507413220987088,0.02579478681247042,0.6443495707811645,-0.11155135184526443,-0.055613841861486435,0.1988372951745987,0.18669389188289642,-0.1831848945895449,0.11500444375331142,-0.489328533411026,0.10040067881345749,0.045335251837968826,0.7680187225341797,-0.40434826855420947,-0.042169495941638324,-0.03351522982120514,0.026941103860735893,0.06410094350576401,-0.026387743651866913,0.2046644389629364,0.9261258244514465,0.047827206552028656,-0.21531514823436737,0.9017034769058228,0.018190544111139215,1.9165241758472051,0.8534209772605035,0.036065720758044845,1.9883443905794904,1.3669262044497743,-0.0234165335842805,1.9919330696336557,-0.0005422080330794096,0.12798585778725619,2.0319891017197764,0.04704854395962953,-0.020450198784861647,1.8219614173974141,-0.0014577919669203146,0.114964915007431,1.8626539259813921,0.0395616683245599,-0.06324122793064131,1.9328913616226902,0.38854044510725105,0.14121494857451813,2.032405116436265,0.41655353943414164,-0.1703565557283361,2.068899597036298,0.7251829092104621,0.25346166146763904,1.9581304968012152,0.7218805340979528,-0.1551870567240767,1.9802564296265313,0.886030164007341,0.20415732522992058,1.8911556539587662,0.8863281459947372,-0.07139479263677284,1.9690082121070902,1.0678025187064086,0.12489179367751227,1.9284716925452758,1.067059878215068,-0.06956401534355172,1.915476662507466,0.6995632047277148,0.05600603618191814,1.8848797124945302,0.7001727036115625
3.6999999999999966,0,0-ACCAD_Female1Walking_c3d_B1 - stand to walk_poses,109,0.02206944627687335,1.932167012244463,0.7781853111049474,0.7620961357708288,-0.03868605888802255,0.02823395510875371,0.645690105600047,-0.07879631221294403,-0.055661506950855255,0.19751420617103577,0.16340385377407074,-0.19968479544397355,0.10962301973331401,-0.5532384514808655,0.1172545999288559,0.04274120181798935,0.6686334013938904,-0.24318235290622647,-0.047830380365969094,-0.06494627892971039,0.028716200962662697,0.06541961431503296,-0.05999847501516342,0.2313026785850525,0.9058358669281006,0.04934540390968323,-0.20473983883857727,0.9030654430389404,0.02155011367246105,1.9393239444608295,0.8528412459989417,0.040712344102797046,2.0154650698864387,1.3656756510590604,-0.02371996783873594,1.9940408095624336,-0.0006439632153517547,0.12856112399643324,2.1153430956839787,0.0413098406321549,-0.019699274100514537,1.8240898549517126,-0.0013560367846481604,0.11808569264950255,1.94579138770914,0.034791891498369476,-0.06117164004855013,1.9409413442098344,0.38766437420266814,0.14205819261093555,2.0638856241410024,0.42653547781280304,-0.165598875994029,2.1125532325161545,0.7291560534599963,0.25466420229097797,1.973086308321946,0.7203453588344132,-0.15280072096513653,2.0158309611063623,0.8854908661069402,0.20485399698679943,1.9092296268651432,0.8858773251884926,-0.06679600822262215,1.9962850837435593,1.0665590994917449,0.12829801860685838,1.950344848744277,1.0665390079847714,-0.06594596929622315,1.9374089979753104,0.6989344971675663,0.059384529818933794,1.90505965683936,0.6992389518015293
3.73333333333333,0,0-ACCAD_Female1Walking_c3d_B1 - stand to walk_poses,110,0.02478156378492713,1.954914290457964,0.7765205205180243,0.7591313459019676,-0.04218090071878498,0.03178523095807563,0.6487912379005754,-0.04499901086091995,-0.05759042501449585,0.1977231502532959,0.14028938114643097,-0.21910671156945072,0.10388707201601055,-0.6002783179283142,0.1332329958677292,0.033777423202991486,0.5642075538635254,-0.0952739480648821,-0.060583338464589076,-0.09345085173845291,0.03190484270453453,0.06638536602258682,-0.09017664939165115,0.25558775663375854,0.8866098523139954,0.0535910464823246,-0.19538791477680206,0.9059064984321594,0.024295948739513188,1.962810713949102,0.8511020911241484,0.04607272029470062,2.0436291189743736,1.3631173011512625,-0.025271589215878503,1.9946804409952972,-0.0007442249282492361,0.12262643841503527,2.1913378707603908,0.03964114280116671,-0.019200822866378895,1.8247896404427644,-0.0012557750717506581,0.11452389349298393,2.0216203693229615,0.03413492162668053,-0.06001623017292424,1.9483221487290132,0.38646727998185043,0.1400150105496205,2.090932460053397,0.4319343571617046,-0.1617325611873024,2.15375589706256,0.7323911321374631,0.2546079350443497,1.9891691714682658,0.7168348948927847,-0.1506596884811993,2.050123519166852,0.8843690448283662,0.20530914568530564,1.928885276561755,0.8838529944712482,-0.06235678374735448,2.023652982151069,1.0643856059455135,0.1317701871373433,1.9737842446732974,1.0645000502759807,-0.06324400644982786,1.959453795745718,0.6973053687962778,0.0620756848036241,1.92630228359321,0.6972616998601969
3.766666666666663,0,0-ACCAD_Female1Walking_c3d_B1 - stand to walk_poses,111,0.027310728561133146,1.9784462042152882,0.7738206471474646,0.7574257445100115,-0.044652854775110676,0.03347934507891388,0.6505317037370083,-0.006809845566749573,-0.0617607906460762,0.19910423457622528,0.11871752142906189,-0.24097520272445827,0.10133706344371374,-0.6320396065711975,0.14705796539783478,0.02013818547129631,0.4638376832008362,0.03650651961100837,-0.07558304753292044,-0.11935320496559143,0.03638926148414612,0.06600682437419891,-0.11775907874107361,0.2749684154987335,0.8682765960693359,0.058302585035562515,-0.18833434581756592,0.9091747403144836,0.026757231587912645,1.9867862937902963,0.8483534355494926,0.05097297285133426,2.0692529446898362,1.36000385207746,-0.024386802207644748,1.9958404241765457,-0.0008432852032277949,0.11683844083065681,2.2602652096836,0.041370280246464414,-0.016740285789395837,1.8260127687474157,-0.001156714796772127,0.10967459322613826,2.090477687398718,0.03680119238781582,-0.057801363782921666,1.9571169791838716,0.3848049926966661,0.13859242392520826,2.115842131944542,0.43393808524693167,-0.15582641066156067,2.19463433019549,0.7352172195454142,0.254931493107561,2.0058921045790843,0.7128672524917462,-0.14758448359566437,2.0841669157591505,0.8824876686863014,0.2057393718694863,1.9484965379541621,0.8809310747262498,-0.05817821568999519,2.050319390735632,1.06146714129574,0.13484054474488866,1.9963200952470255,1.0616053690610046,-0.06056033870702886,1.9830231823597868,0.6944682925699526,0.06468029394634776,1.9488548028654118,0.6943626547190747
3.7999999999999963,0,0-ACCAD_Female1Walking_c3d_B1 - stand to walk_poses,112,0.029725858476012945,2.0042243786156178,0.7694733424242489,0.7553140075885972,-0.04622105684451922,0.0351902239892985,0.6527832810207467,0.0363139733672142,-0.06683048605918884,0.20106516778469086,0.10050006955862045,-0.27004535599126633,0.09737188676897768,-0.6507134437561035,0.15837447345256805,0.0036438852548599243,0.3753625154495239,0.1431640067823352,-0.0945264582388905,-0.14336584508419037,0.04168536514043808,0.06530792266130447,-0.14120744168758392,0.2874535620212555,0.8520652651786804,0.06463237851858139,-0.18341676890850067,0.91379314661026,0.02918695887152581,2.012906828848988,0.8439671317302128,0.056669652183335154,2.0960193172100228,1.3553588466257722,-0.024304513380848186,1.9961781712134696,-0.0009254943276989329,0.10951040738094704,2.320774833685497,0.04319467186011681,-0.014737162084872229,1.8264476684015163,-0.0010745056723009822,0.10277133239107783,2.1509508134728677,0.03940164838256453,-0.05597301921465394,1.9673882764363084,0.38236405544472507,0.1364776941140048,2.1409136851167054,0.4316911547906766,-0.1487382464301289,2.2347015832102306,0.7362505402823616,0.2552426557492091,2.0248053006438504,0.7069209496574497,-0.14350857358831703,2.11856901353889,0.8792380956417949,0.20653272920508425,1.9703825932626542,0.8761104179512379,-0.053720943141841525,2.078401461059498,1.0571975535005538,0.138276310330459,2.0208763370038265,1.0568818614468818,-0.058084614594352,2.0089536884376336,0.6900423021822144,0.06715335744376599,1.9740932777691245,0.6898845414393326
3.8333333333333295,0,0-ACCAD_Female1Walking_c3d_B1 - stand to walk_poses,113,0.03257963201031089,2.0315743274986744,0.7637628405416712,0.7512020493600979,-0.046436102817687126,0.03582800328555569,0.6574614236385771,0.08277687430381775,-0.06954275071620941,0.20265793800354004,0.08842331171035767,-0.3049205739553331,0.08978583747575442,-0.6598895192146301,0.16670405864715576,-0.013383224606513977,0.3063669800758362,0.22245121859692252,-0.11428623098793977,-0.16570810973644257,0.04727135971188545,0.06486186385154724,-0.15917246043682098,0.2931765913963318,0.839033842086792,0.07321365177631378,-0.18043257296085358,0.920208215713501,0.03203725049418776,2.0403400913457532,0.8382468469220226,0.06263049666288593,2.1225668261444146,1.3496171831365678,-0.025315494903575077,1.9967753081447277,-0.0009713976366438164,0.10115679535126845,2.3738191406786036,0.04386201098605225,-0.012847645013757633,1.8272331321331399,-0.0010286023633560848,0.09543825817523234,2.2039464321483484,0.04061220650559288,-0.05415730767461805,1.9795648789163127,0.37914981709542506,0.13419269852153154,2.168015150894486,0.42672610349986106,-0.14171257475073232,2.271920411293046,0.7354877087306613,0.25596736900477524,2.0460543881608717,0.6994755898218804,-0.13886274035709137,2.1513496209240075,0.8748222958147098,0.20825951448377786,1.9944055717358806,0.8698162032500028,-0.04912377712772701,2.106402769811973,1.051881839782601,0.1422613356070207,2.0468827925348956,1.0507434951756893,-0.05523897653353887,2.0362518833014236,0.6842484062287181,0.070243256050979,2.001617047202167,0.6840395367425808
3.8666666666666627,0,0-ACCAD_Female1Walking_c3d_B1 - stand to walk_poses,114,0.03552382020279765,2.060417491942644,0.7566131658580105,0.7464493076187461,-0.045394597975567684,0.03539008767952325,0.6629481905278622,0.13035325706005096,-0.06970643997192383,0.20380927622318268,0.08548165112733841,-0.34662767749527434,0.07929201632336302,-0.6614875793457031,0.17216570675373077,-0.029394950717687607,0.2620683014392853,0.27097713453830696,-0.13248522006938757,-0.18618522584438324,0.052977439016103745,0.06397634744644165,-0.17179270088672638,0.2923590838909149,0.8292534947395325,0.08278453350067139,-0.17921438813209534,0.9277225136756897,0.034972216181393324,2.0690194760653826,0.8311161966833114,0.0685228104129391,2.1485062738918934,1.3427491338832018,-0.026980973472739186,1.998208919736878,-0.0009677552197296831,0.09316341902886058,2.4187098624479195,0.04149471577638392,-0.011438763957588478,1.8289208942758792,-0.0010322447802702528,0.08853226170215747,2.2487987231989637,0.038535469092283,-0.05254477081165175,1.994622378735175,0.3748115825669159,0.1322571199562777,2.1972588157496813,0.4196144089768681,-0.1345186153662167,2.30713530045964,0.7327598203842285,0.25702738599134195,2.069273342741258,0.6906340773750315,-0.1337797200391176,2.1831454123934515,0.8690885623838439,0.21046615050051629,2.019984510980328,0.8619881745462945,-0.04462021702005344,2.1344970316568492,1.0454293975975206,0.14636628588381148,2.0737413399339766,1.0431740635142306,-0.052337445567662774,2.0651422308751615,0.6769853423928912,0.07348728491157576,2.031140002677956,0.6767480791208274
3.899999999999996,0,0-ACCAD_Female1Walking_c3d_B1 - stand to walk_poses,115,0.03733773110434413,2.090749818831682,0.7477638202549886,0.7411894387652092,-0.04414519871996672,0.03485940358737406,0.6689351532655625,0.1747726947069168,-0.06797845661640167,0.20479577779769897,0.09440760314464569,-0.39684800733484504,0.06723124888058996,-0.6548302173614502,0.1746969074010849,-0.04384217411279678,0.2440042942762375,0.28391733861574253,-0.14743505764024112,-0.20322991907596588,0.05842260643839836,0.0625159814953804,-0.17805837094783783,0.28484371304512024,0.8233251571655273,0.0915621742606163,-0.17955142259597778,0.9353210926055908,0.03678380308068454,2.0991556141634167,0.8222892237667146,0.07299875783106627,2.175589536420059,1.3342228816920252,-0.02953319196082748,2.0002873215609562,-0.0009047673837220202,0.08467894937183044,2.4529801648362928,0.03354180344303311,-0.010841111447531835,1.831318182813433,-0.0010952326162777769,0.08102433298686376,2.283043955380054,0.030655890290489065,-0.05206692781011888,2.0127545256489685,0.36881847431799364,0.1296228248362541,2.227497932714167,0.40979299575182115,-0.12892453774123228,2.339823700508905,0.7267524819309206,0.25740876607214036,2.095285246095179,0.6801893519277864,-0.12972155469327143,2.213940773029026,0.8613348639028631,0.21207236665432355,2.0479171019097997,0.8524114004826373,-0.04152213837926485,2.1634537047543088,1.0373486405887373,0.149350180233774,2.102397281828956,1.0338764500923732,-0.050616767883112646,2.095344430491382,0.6680137601440913,0.07562995517463744,2.0624200219193405,0.6678448215819377
3.933333333333329,0,0-ACCAD_Female1Walking_c3d_B1 - stand to walk_poses,116,0.03922209842130542,2.123761970549822,0.7370245059439144,0.7379190862166771,-0.042821626872992756,0.034402148513195056,0.6726501487748073,0.21383246779441833,-0.06386664509773254,0.20553340017795563,0.11878376454114914,-0.45753222805741656,0.05388669150697911,-0.6431034803390503,0.1739339977502823,-0.056486357003450394,0.2480553239583969,0.26870171350526006,-0.1574934851794758,-0.21449866890907288,0.06345878541469574,0.061185598373413086,-0.1760096698999405,0.27122634649276733,0.8223088979721069,0.09875383228063583,-0.1811407506465912,0.942546546459198,0.03870940266748284,2.1319728964630222,0.8115719260113584,0.07769297065356028,2.205477748774373,1.3237482357201649,-0.032257415600185885,2.004940071312859,-0.0007669050393967966,0.080441355626518,2.480392605306205,0.02039827811566849,-0.011655930416750074,1.8361936299423995,-0.0012330949606032607,0.07642390410462498,2.3104657771167982,0.017443088653532886,-0.05216389234808629,2.036380677885144,0.3605021467782165,0.1288520310837083,2.259676722496448,0.3975495043761885,-0.12310352605826058,2.371409616165642,0.7165894609502718,0.25837891706532407,2.1244142945909754,0.6679576612291364,-0.12513770032305266,2.2455697463450943,0.8511990947168645,0.21407068645755412,2.078738785624501,0.8409030074666985,-0.03826349026811029,2.1951679307440917,1.0273626154002957,0.15247194768695144,2.1337678940692464,1.0226495373807345,-0.04881557030207231,2.128621403733289,0.6571392403621407,0.07767851600891898,2.0962633838854488,0.6571217074115198
3.9666666666666623,0,0-ACCAD_Female1Walking_c3d_B1 - stand to walk_poses,117,0.040678862016648054,2.15973599627614,0.7249001959106373,0.736088202806687,-0.039645878296431694,0.032667942658790985,0.6749334541607552,0.2467225342988968,-0.05827891454100609,0.20628191530704498,0.1619199812412262,-0.5271149618068223,0.04017402244336965,-0.6291467547416687,0.17082582414150238,-0.06753084808588028,0.26660871505737305,0.24069211474417185,-0.16447965288764899,-0.21844834089279175,0.06811295449733734,0.06070931255817413,-0.1648074835538864,0.25254321098327637,0.8265982866287231,0.10432861000299454,-0.1836017221212387,0.9493536949157715,0.040272085659536126,2.1674207288785805,0.7995043473891192,0.08234809646972162,2.2363548189806663,1.312086040661903,-0.03550070552255407,2.015203935379326,-0.0005414701264416441,0.07832873363387759,2.508159219736896,0.005160637313412781,-0.013864404087145992,1.846588902058995,-0.0014585298735584722,0.07322590641984328,2.3382643647247527,0.0020462521691835267,-0.053347457058630685,2.067539720912547,0.3496176284450864,0.1287920851391933,2.2961342883395064,0.3842822103743152,-0.11891554430724106,2.401475611546453,0.703802826523749,0.25926343118773654,2.157993210301002,0.654205166908875,-0.12108687391765172,2.277181338317447,0.8398387893216954,0.2161445709321231,2.11294820150177,0.8276158796018979,-0.03533811849082917,2.2285216048473804,1.0163070274201058,0.15544801818351234,2.1674305074122837,1.0099263717284859,-0.04747877042442136,2.165421693142,0.6449605143636001,0.07915189844932538,2.1333202873367214,0.6449065395305561
3.9999999999999956,0,0-ACCAD_Female1Walking_c3d_B1 - stand to walk_poses,118,0.041328809689730406,2.19769986346364,0.7247066407494008,0.7364346212008062,-0.03744549084571675,0.02995668980357036,0.6748069951090913,0.268079549074173,-0.05178285762667656,0.20749083161354065,0.22409580647945404,-0.6057097677766103,0.03119812200751837,-0.6113139986991882,0.1676170527935028,-0.07755305618047714,0.2944490313529968,0.19936791795692854,-0.16711375773863724,-0.21391761302947998,0.07177295535802841,0.060952115803956985,-0.14486537873744965,0.2302703708410263,0.8359255790710449,0.10735077410936356,-0.18615934252738953,0.9550089240074158,0.040847709342221296,2.204868534418101,0.7993617055421012,0.08433397979531254,2.269941629008517,1.3123406937441402,-0.037372753792365536,2.03045368771763,0.012888060897376093,0.07957196214776328,2.5326216625214237,0.0006505572677667042,-0.01581181704651812,1.8618334496322895,0.011357925385526647,0.07230385879690061,2.3628091856049602,-0.0026505572677666643,-0.054739300045594345,2.105110389212243,0.3487853356898717,0.1299074661617535,2.3335119614860336,0.3826935163160989,-0.11661120771138132,2.429403905815949,0.7002675080028656,0.2598890023710178,2.1950317458650335,0.6531333797190129,-0.11841624709977924,2.3086840004501474,0.8394903886132253,0.21740471726417016,2.1500869422538074,0.8267266236874247,-0.03419796305568768,2.2639761607672204,1.016855971935517,0.15678614237183683,2.2036247292096642,1.0094423976962028,-0.046695022340112795,2.204489156246215,0.6445313577683841,0.07990106168091467,2.172200156374011,0.6447962344446603
4.033333333333329,0,0-ACCAD_Female1Walking_c3d_B1 - stand to walk_poses,119,0.04194530798122287,2.2358728237450123,0.7293506080643866,0.7382569599852605,-0.03474363454178748,0.026112954813773594,0.6731178607666282,0.27260008454322815,-0.04358039051294327,0.2094038724899292,0.3046369254589081,-0.6847013807445466,0.025590234045438476,-0.5875586867332458,0.16770319640636444,-0.08742567151784897,0.3271277844905853,0.14948440115445316,-0.17115857505670162,-0.20042721927165985,0.07330016791820526,0.06192024424672127,-0.11797190457582474,0.20711515843868256,0.8494395613670349,0.10698193311691284,-0.18802495300769806,0.9587229490280151,0.04132903443307639,2.2423568476897424,0.8040672570818446,0.08471136758390083,2.3033734081652395,1.3175554301708985,-0.038687216833496824,2.0537729969694887,0.030231402892146892,0.080385057080716,2.553682829473166,0.0007563582836080905,-0.01790811156118073,1.885063477909876,0.027923381497927696,0.07045850475030897,2.3840092476133194,-0.0027563582836081547,-0.05614907882964117,2.1493812784180877,0.35019760930461474,0.1310604706206102,2.3702939144749293,0.3855681357526582,-0.11623703532683706,2.4538626446961906,0.7002665762234355,0.2608835486079125,2.2349789041529657,0.6575147454637514,-0.11673443664277151,2.3381251912896737,0.8436686636387632,0.21877711525065952,2.1888279433062183,0.8308834314685237,-0.03398881366937367,2.2989463348660997,1.022111193296774,0.15749672715453608,2.2402910981654296,1.0140467179286448,-0.045852083840716096,2.2439298355571244,0.6490059301270433,0.08061853187775661,2.2114384422137006,0.6495868896831026
4.066666666666662,0,0-ACCAD_Female1Walking_c3d_B1 - stand to walk_poses,120,0.042576934676617384,2.272251922637224,0.7353098337322809,0.7403264439294712,-0.0322733798963584,0.023738684108901714,0.6710526508744202,0.2544534206390381,-0.03259245306253433,0.21252138912677765,0.40239784121513367,-0.761219044223052,0.019069971467929325,-0.5544866919517517,0.16989444196224213,-0.09608876705169678,0.3597763478755951,0.08803989462139183,-0.17799612300012024,-0.17700284719467163,0.0723995491862297,0.06357959657907486,-0.08666872978210449,0.18671609461307526,0.8657337427139282,0.10188872367143631,-0.18874743580818176,0.9594993591308594,0.04196452044528434,2.278225334157995,0.8100690693063073,0.08483457510823748,2.337558491855987,1.3237900240487417,-0.041120926474549964,2.0835002198700585,0.047468890745976045,0.07852733933344494,2.565719910632918,0.0008436751261357983,-0.021147191221257175,1.9147089936489228,0.04421745248010357,0.06574118410990663,2.396241541267631,-0.0028436751261358764,-0.05836531778297415,2.19792713659583,0.3506726524792498,0.13104485944649844,2.4020967176936847,0.3879335817477665,-0.11892416525281627,2.4732378234389834,0.700651395022912,0.26204504215431584,2.2771259801599357,0.6633497925888794,-0.11632813352158773,2.3640464512277153,0.8490766929274094,0.22073731967092206,2.2286800930187898,0.8362839774295591,-0.03411326491598933,2.3324616974429215,1.0284562075800348,0.1583697346553911,2.277241470426184,1.0199001393110274,-0.045179971647466226,2.2809454270187617,0.6551385145246381,0.08120855551101408,2.2488685006906617,0.655786650751146
4.099999999999995,0,0-ACCAD_Female1Walking_c3d_B1 - stand to walk_poses,121,0.04286332754418254,2.306654293090105,0.7422199960630648,0.7463102516343167,-0.030320166230398793,0.023287094265435567,0.6644993657378135,0.2090977281332016,-0.017326418310403824,0.21732988953590393,0.5157362222671509,-0.829779157452061,0.010754812620760834,-0.5124868154525757,0.16922485828399658,-0.10124965012073517,0.3854464888572693,0.02201297283407344,-0.18220934644590492,-0.1431809365749359,0.06914274394512177,0.06595515459775925,-0.05415720492601395,0.1722244769334793,0.8830476403236389,0.09053125232458115,-0.18867330253124237,0.9563567638397217,0.04244807743696817,2.3123696696288443,0.8170007558771298,0.08494615963815567,2.37237839807645,1.330657640482559,-0.047160240610362864,2.1227691463778164,0.06295400920685666,0.08018919866962779,2.569639780438251,0.0008776209670722651,-0.029723459087969188,1.9537215836691664,0.058608874869996566,0.06227984073300713,2.400627493736029,-0.0028776209670723085,-0.06241752985269735,2.2528217489357263,0.35021515737859416,0.132135393929949,2.427053631039447,0.3893438389970221,-0.1229491329711102,2.4903742127573216,0.7019041438431275,0.2631475209940266,2.3196140865908492,0.6704358389118281,-0.1167455773897677,2.388784565392541,0.855529088596956,0.22248492457433763,2.2679639225761195,0.8425938419608561,-0.03431248524969497,2.3654021496796798,1.0354876272909914,0.1590309773371887,2.313320909904368,1.0266538943099248,-0.04495141078199953,2.31612224192665,0.662534818962832,0.08107779447627997,2.2838083715590645,0.6630292553208128
4.133333333333328,0,0-ACCAD_Female1Walking_c3d_B1 - stand to walk_poses,122,0.04426664812490344,2.338127691298723,0.7479455062911663,0.7544404506571877,-0.025430261704421944,0.022622780280803233,0.6554854064082514,0.13792257010936737,0.003182434244081378,0.22303736209869385,0.6384039521217346,-0.8768435040903406,-0.0021272995625480906,-0.46722421050071716,0.16502098739147186,-0.10281750559806824,0.39879894256591797,-0.029714287764376124,-0.1855340371724804,-0.10079945623874664,0.06387369334697723,0.06957715004682541,-0.023887556046247482,0.165242999792099,0.8995944857597351,0.07318130880594254,-0.18916431069374084,0.9494013786315918,0.04432640439316992,2.343229869362782,0.822771733031468,0.08731892514768556,2.402427480731799,1.336456715107817,-0.05518337977949578,2.175991214706424,0.07208829739856791,0.08387418419939867,2.5750313938729024,0.0008663206693211786,-0.04110630041737769,2.0066652656026505,0.06656029624635576,0.05994506497156805,2.4067653407260563,-0.0028663206693212047,-0.06658486598717528,2.315683211161923,0.3482094486561447,0.13441725455226813,2.448492880455552,0.38945858101283976,-0.12758100853453558,2.5054710451556375,0.7042866733417631,0.2657073509777875,2.3625829150862714,0.6764863450785635,-0.11673156122525877,2.4106078454581974,0.8619027481578012,0.22593841760629435,2.3054623155225826,0.8471182097702048,-0.032819796268110886,2.394241800675689,1.0416749121275677,0.1614147843997622,2.3457488103010795,1.0320031771589335,-0.04389080909985457,2.3486894439820496,0.6691773295816309,0.08169543675325994,2.3160365812499415,0.6688558221800558
4.166666666666662,0,0-ACCAD_Female1Walking_c3d_B1 - stand to walk_poses,123,0.04446694580838084,2.3659456558525562,0.7533319655440012,0.7593803237039964,-0.024059148350696308,0.022441530672544896,0.6498146343788558,0.05219068378210068,0.02913832478225231,0.22461910545825958,0.7568389177322388,-0.9102487419884984,-0.01370964266785013,-0.42407795786857605,0.15846911072731018,-0.10156670957803726,0.39857974648475647,-0.07033026929324304,-0.18092065575152438,-0.05423210561275482,0.058663442730903625,0.07221464067697525,-0.00013337453128769994,0.1648961752653122,0.9123170971870422,0.05231610685586929,-0.1916019469499588,0.9399703741073608,0.04467809632901423,2.3708735876892777,0.828169595806258,0.08538314596969937,2.432193943033009,1.3417712081227422,-0.06166628558843886,2.230678851395225,0.07952058969817147,0.08814650667561132,2.5777937362380654,0.0008144085497373589,-0.04967613445451056,2.061233285870668,0.07285451140216172,0.05999284540337174,2.410180481859342,-0.0028144085497373156,-0.07027231036620789,2.376416941575612,0.347749715721999,0.13596970825253094,2.464585250051019,0.3894165579733914,-0.1357439735506199,2.517359365275407,0.7066281561602827,0.2673456807583397,2.40621741835282,0.6835268259488806,-0.11968764360784774,2.428663183774319,0.8673600629493923,0.22845584636429545,2.342973549116019,0.8521902718668692,-0.03432625937097246,2.41979266874775,1.046961954911832,0.161357378911753,2.377495881687046,1.0374183490536184,-0.04392836688159986,2.3759283885000566,0.6750213277624215,0.08163116601794942,2.3444651333325974,0.6745536431572361
4.199999999999995,0,0-ACCAD_Female1Walking_c3d_B1 - stand to walk_poses,124,0.04472099570557475,2.392047483474016,0.7583170583136916,0.761895615388003,-0.024681292432950617,0.02393975676477304,0.6467865127709598,-0.04033524543046951,0.0639340952038765,0.21547749638557434,0.8554020524024963,-0.9192148287828283,-0.0395804117154297,-0.3833104074001312,0.15163348615169525,-0.0985371321439743,0.3862774074077606,-0.10092892293019728,-0.17415119307633076,-0.006402994971722364,0.05415321886539459,0.07255592197179794,0.016717875376343727,0.16889844834804535,0.9206104874610901,0.029614362865686417,-0.1967085301876068,0.9289311766624451,0.04506240600294687,2.397190755516203,0.8331397165911739,0.08309120334174873,2.462141694647314,1.346488182782248,-0.07223518114198084,2.288020621497971,0.08399390450185712,0.09139001589030712,2.5800614240295725,0.000728322218871244,-0.06228356518124574,2.1184809667177404,0.07642615736216575,0.06050233992573138,2.4129267385727875,-0.002728322218871298,-0.07587360619649507,2.4346412104044326,0.35053541642302855,0.13663945455220627,2.477477905045899,0.3892166383722918,-0.14458484639345678,2.528914449875897,0.7096957829905585,0.26865002886451367,2.4508167305273827,0.6905088569307987,-0.12299151646301795,2.445409973390707,0.8725463117389101,0.2312483949810111,2.381102514218462,0.8569438593535027,-0.0360203888043121,2.4437945374364283,1.0517468732438673,0.16120258906808743,2.409344489516857,1.042340699873029,-0.04406300346803722,2.4002268998922207,0.6802553806256488,0.08177184132009535,2.3709950089267857,0.6798924644124367
4.233333333333328,0,0-ACCAD_Female1Walking_c3d_B1 - stand to walk_poses,125,0.04456799058243632,2.4163869209587574,0.7626031132420323,0.7628824518590875,-0.02662177389199531,0.025466367486304226,0.6454867232773754,-0.14217527210712433,0.09877071529626846,0.20065928995609283,0.9204967617988586,-0.8861147556609987,-0.06030151267061168,-0.34285375475883484,0.146939218044281,-0.0949639305472374,0.363994300365448,-0.12249676800928233,-0.16674693136238905,0.03986002132296562,0.05019426718354225,0.0705055370926857,0.02679571323096752,0.17382250726222992,0.9245761036872864,0.006371570285409689,-0.20499765872955322,0.9171810150146484,0.04490456707301448,2.4218990438950687,0.8373995250343167,0.07927348841143228,2.490082275327809,1.3505832302343714,-0.08226391519870839,2.353078303369462,0.08154428641224568,0.09340014587384145,2.5822553763046905,0.0006121517794542806,-0.0736455299773898,2.1834909493567887,0.07342931289674794,0.06088759775986105,2.4154245096112152,-0.0026121517794539494,-0.08092733777520911,2.4914489666013457,0.3571877318477927,0.13628848815346953,2.487691335652157,0.38901932637394665,-0.15280480589609147,2.5409201019783607,0.7128654495275152,0.26923238332983906,2.4947938568148325,0.6975877619216849,-0.1264311561518155,2.4611133941364236,0.876862047622616,0.23340643164457803,2.418319258140762,0.8613794013531693,-0.03855552439308105,2.4656581454401483,1.055767330509756,0.159980399415447,2.4397061175887824,1.0467028885580254,-0.04458681401025247,2.4219581347393304,0.6844293050514572,0.08173093651279288,2.395783169588504,0.684583804018413
4.266666666666661,0,0-ACCAD_Female1Walking_c3d_B1 - stand to walk_poses,126,0.044989734422415495,2.440032798796892,0.7661787268812014,0.7602186564144239,-0.02905387529316202,0.027671381152622687,0.6484271442768291,-0.2485218346118927,0.12680532038211823,0.1843089610338211,0.9498914480209351,-0.8144501319815363,-0.06888569214203111,-0.3011719584465027,0.1449972540140152,-0.09131363779306412,0.3352719247341156,-0.140268373367044,-0.16205221209836884,0.08338408917188644,0.046333733946084976,0.06778808683156967,0.034037962555885315,0.17752796411514282,0.926668643951416,-0.015160620212554932,-0.21727676689624786,0.9061241745948792,0.0453192812445842,2.446037324701591,0.8409372519305347,0.07579116838802921,2.517924739969703,1.353860638426458,-0.08944927105062232,2.4241091860770365,0.07424500877634821,0.09213099101877223,2.5842076545716046,0.00046696105234782584,-0.07995006850297379,2.254580443524454,0.06589212906340544,0.0600602607479625,2.417285935310807,-0.0024669610523478346,-0.08474808426909353,2.544853331896108,0.36797816493653446,0.13463806845278428,2.4968422861719772,0.3886194480480659,-0.16008035757902844,2.551342295076253,0.7157029604631719,0.26942011028468804,2.539251050817647,0.7039642404214763,-0.12876084079108124,2.4751454660022394,0.8805443852064783,0.23602286426615166,2.4563782279897297,0.8651358365514336,-0.04051870601144147,2.4862781896554065,1.0591283224513108,0.1590931824304788,2.470544725553947,1.050198764790461,-0.04465780675539004,2.4417773742983,0.6877122539011552,0.08243384697356168,2.420212977860037,0.6885257013335403
4.2999999999999945,0,0-ACCAD_Female1Walking_c3d_B1 - stand to walk_poses,127,0.044855769257992506,2.4623370952904224,0.7689871763936851,0.757719315726032,-0.0315277714117707,0.03000765175722985,0.6511274675833433,-0.35207298398017883,0.14540976285934448,0.16834203898906708,0.9453814625740051,-0.712392900350757,-0.06521355970248965,-0.2577366232872009,0.14360611140727997,-0.08694910258054733,0.3043123483657837,-0.15759896135016316,-0.1575848281611537,0.12440705299377441,0.04241235554218292,0.0644555389881134,0.04043364152312279,0.1792459636926651,0.9280931353569031,-0.035092469304800034,-0.23383581638336182,0.8957448601722717,0.04518708616771358,2.4688512964420175,0.8437030074635586,0.07193244660557083,2.5438476614768195,1.356390489976874,-0.0947812549114341,2.4995392502134353,0.06462688821726521,0.09024986647233019,2.584013505031743,0.0003129187434504632,-0.08438378256570503,2.3300623094916406,0.05629267365313202,0.05867641298635925,2.4169918836395965,-0.0023129187434506315,-0.08714492199815693,2.5935345639776575,0.3816865794910864,0.13240729109410077,2.5037206007155612,0.38808688941056374,-0.1660779724600479,2.561057647652074,0.7178885554798013,0.26918747621790895,2.581183455647879,0.7098764435516276,-0.13061201546610007,2.4883368971658713,0.8834585483752383,0.237978305029734,2.4924037744714647,0.8683179786619942,-0.0426786642989889,2.505585560396389,1.0617772961314123,0.15746165858421984,2.4994984778329608,1.0528900309687785,-0.045225157050325815,2.4603894567898457,0.6900215808842649,0.08255500263561358,2.443319997098876,0.6916536108758282
4.333333333333328,0,0-ACCAD_Female1Walking_c3d_B1 - stand to walk_poses,128,0.04417848912999034,2.4849835224449635,0.7709240641658509,0.7560882515336861,-0.03391308478107368,0.03228130164575281,0.6527927512905004,-0.44686388969421387,0.15382401645183563,0.15410931408405304,0.9088115692138672,-0.5869516119917684,-0.05336703210057414,-0.21305060386657715,0.14150692522525787,-0.08176063001155853,0.2735101878643036,-0.17598641286436711,-0.15213132909750726,0.16361187398433685,0.03922577202320099,0.06129961833357811,0.047653503715991974,0.17842376232147217,0.929918110370636,-0.05274605751037598,-0.2526468336582184,0.8863678574562073,0.04451888367992789,2.4919906651488843,0.845595237202554,0.0682380022305813,2.569702138661029,1.358030347225295,-0.09730957947336938,2.579322461565803,0.054642451541394764,0.08879924208404336,2.583156934565759,0.0001630194390990318,-0.08668490696519877,2.409845777950031,0.04659446765140124,0.05740407562104082,2.4160972653876547,-0.0021630194390990544,-0.08756992029293444,2.637774291488486,0.39644382304811143,0.1301080352477919,2.5102480113240664,0.3874162516041775,-0.17075624824651514,2.5714106322088823,0.7192132814746273,0.2683161432547253,2.6216684037549043,0.71483059085138,-0.13190058021987267,2.502396200516715,0.8856068194638731,0.23917739036224847,2.5276685666234147,0.8706334403224111,-0.04482283008563852,2.525487623532401,1.063651418024182,0.15538476043613209,2.5281480007540047,1.0545944875007773,-0.04625602362828231,2.4798622771593495,0.6913090889490325,0.08208436132820773,2.466727584084649,0.6938545112851459
4.366666666666661,0,0-ACCAD_Female1Walking_c3d_B1 - stand to walk_poses,129,0.04293402237817645,2.5074213333427906,0.7717782423940487,0.7558677656386441,-0.03643476236476062,0.03494724937419179,0.6527749372647861,-0.530052900314331,0.153263658285141,0.14240941405296326,0.8419486284255981,-0.4428824335152117,-0.038134232406233814,-0.1686152219772339,0.13957588374614716,-0.07640063762664795,0.2435387820005417,-0.195715608124176,-0.1469876983743048,0.20161393284797668,0.036857713013887405,0.05870601162314415,0.05663247033953667,0.17487786710262299,0.9329769015312195,-0.0686674416065216,-0.272065669298172,0.8775919079780579,0.04332879231559238,2.514974215983497,0.8463959220719389,0.06504092267243301,2.5957744175819344,1.358445589067884,-0.0965491906150812,2.6616565946608852,0.045667989549576384,0.08697404527735361,2.5811794244470323,1.766143178401694e-05,-0.0868658150288586,2.4920966818497163,0.03820687671535567,0.055116223567841,2.414203567938476,-0.002017661431783946,-0.08606071739475961,2.676286574575824,0.4102377551048573,0.12731277890949594,2.5158975039097577,0.3864961978781572,-0.1741381788668415,2.581695518609851,0.7193502004775443,0.26672387982486606,2.660057779543825,0.7182615239680497,-0.1326487302339863,2.517015406795418,0.8868454929247718,0.23960319852512785,2.561589925796634,0.8716502935322779,-0.046862972022457934,2.5459573216139098,1.0645197405769466,0.1530778700331652,2.5562150345002954,1.055000081737006,-0.04783096920166046,2.4997911485707722,0.691484594378692,0.08094607572396678,2.4897063066663545,0.6949157939469017
4.399999999999994,0,0-ACCAD_Female1Walking_c3d_B1 - stand to walk_poses,130,0.041409417521208525,2.5304783172905445,0.7717543878686309,0.7574657088271783,-0.03789752365207301,0.03651191013860321,0.6507506112713313,-0.5994884371757507,0.14804238080978394,0.13256096839904785,0.7484804391860962,-0.2814419985865977,-0.023851194530435493,-0.12497411668300629,0.13751643896102905,-0.07096223533153534,0.21484047174453735,-0.21288326512368805,-0.14177023295489954,0.23837031424045563,0.03518759459257126,0.056370921432971954,0.06737545132637024,0.16893108189105988,0.9376271963119507,-0.08345483988523483,-0.2907678782939911,0.868989109992981,0.04185862000293578,2.5383482506591384,0.8463389865864916,0.06221015733753198,2.6205899856931314,1.358219162263349,-0.09259561638297012,2.7485129438955904,0.039747032398847346,0.08550390968557861,2.581858512343443,-0.00011687379601630493,-0.08511758794377493,2.578805097993307,0.03316477367791369,0.052450427315909674,2.415112155094868,-0.0018831262039837558,-0.08295721185378856,2.7112736352992783,0.4222833098134736,0.12449400653076977,2.52309525979426,0.3855905324464808,-0.17601500915081625,2.593279884740285,0.7186287905829849,0.2648093216815884,2.6973764306209493,0.7211632135373425,-0.132823853712951,2.5328284365814118,0.8872695647498668,0.23949265151748333,2.594444880513897,0.8719071235587076,-0.04879065885258045,2.5667888940460024,1.0646533426378417,0.1507046592418304,2.5833142724846145,1.0546176649890497,-0.04963640563518461,2.521434293682233,0.6907406053773586,0.07947689504979075,2.5133164245242385,0.6950071709474284
4.433333333333327,0,0-ACCAD_Female1Walking_c3d_B1 - stand to walk_poses,131,0.03930224431678653,2.5530894584953785,0.7708175651510921,0.7599471678732522,-0.03925329085712587,0.037593671039532955,0.6477084198125576,-0.6503373384475708,0.1390046328306198,0.126191183924675,0.6393445730209351,-0.12099602776524776,-0.01020604151708493,-0.08072034269571304,0.1343819797039032,-0.06526737660169601,0.18804015219211578,-0.23170252679565784,-0.13498009515284626,0.2723742127418518,0.03372063487768173,0.05313805863261223,0.07980356365442276,0.16077576577663422,0.943943977355957,-0.09618087857961655,-0.3080059885978699,0.8609631657600403,0.03977392184322753,2.5612164831674606,0.8453744494092907,0.058928643267554905,2.643861896143064,1.3572431706354833,-0.08535228830325035,2.8306418923896826,0.03792090999826164,0.08428159702274562,2.5815227374446237,-0.00023718587548565012,-0.08069539270119457,2.660795499220006,0.03239677652745968,0.04967549359977217,2.415089297101872,-0.0017628141245143586,-0.07926848291233307,2.740227091876731,0.4301769737439663,0.12143325265722678,2.5297964394922374,0.3845077553680047,-0.1768942750558114,2.604952287563319,0.7167468244510843,0.2622918350343117,2.732359197781915,0.7233538639125999,-0.13295042925763115,2.548794046845279,0.8866725571112337,0.23850340209083234,2.625323992428351,0.8714657792914178,-0.05120848326708189,2.5872100846986443,1.0638884114641871,0.14777036855330028,2.608912254513179,1.0534664513038587,-0.051936764388483214,2.543382018483622,0.6891577987190013,0.07744922457454231,2.5364543929282144,0.694145843100944
4.466666666666661,0,0-ACCAD_Female1Walking_c3d_B1 - stand to walk_poses,132,0.038002617191523314,2.5792151279747486,0.7687156227586934,0.76052382097308,-0.040546777844514624,0.03878484134847269,0.6468811425760592,-0.6792004704475403,0.12324927002191544,0.1264500617980957,0.5322200655937195,0.015167439355678436,0.006716715511319027,-0.03402366861701012,0.1290205866098404,-0.05898630991578102,0.16414493322372437,-0.25603134574577546,-0.1266214608827515,0.3019586205482483,0.032620858401060104,0.04918981343507767,0.09386321157217026,0.15019850432872772,0.951898455619812,-0.10433583706617355,-0.3221437931060791,0.8548543453216553,0.038492794655274,2.587604023909837,0.8432433769918937,0.0567291438768039,2.670307637809565,1.3551466667854513,-0.07450428365537214,2.9021564595450937,0.03826782073973835,0.08400375325438451,2.582433608277083,-0.0003404146420205173,-0.07179077699678502,2.7322370255228763,0.033793133802855126,0.04889493630216929,2.4161037229261995,-0.0016595853579794637,-0.07490035600698011,2.766404327192434,0.43235056953726614,0.11945620024579479,2.5398566161688407,0.38288353070566705,-0.1757659485054541,2.619242926235924,0.7136692722576871,0.2592635050489416,2.76924229141932,0.7235370908350934,-0.1314714864212139,2.5678579270970947,0.885008545911857,0.2375863198340086,2.6590564795967815,0.8696492077807243,-0.05260863987319974,2.610868725890446,1.062044476578352,0.14567461298972456,2.63800393629188,1.051107525880487,-0.05335190509545641,2.5687955989750892,0.6867136790006333,0.07630092985576861,2.563384032490642,0.6920387824228996
4.499999999999994,0,0-ACCAD_Female1Walking_c3d_B1 - stand to walk_poses,133,0.03492955816909671,2.6052602119743824,0.7655212236400973,0.7613612989255403,-0.04094004784372319,0.03858095736956017,0.6458826477847318,-0.6918256878852844,0.10356176644563675,0.1322934925556183,0.43515875935554504,0.12748130857267825,0.02830101336950841,0.014702643267810345,0.1211918368935585,-0.052006158977746964,0.14479957520961761,-0.28376388085053805,-0.11556649714730471,0.3271021544933319,0.03165378049015999,0.044515639543533325,0.10900434106588364,0.1372831165790558,0.9610998630523682,-0.10831400752067566,-0.33289504051208496,0.8505498170852661,0.03536929536633796,2.613673552810026,0.8400465369717476,0.05257571068672432,2.694328862219791,1.3523254927261845,-0.06174657712188798,2.9628898052829244,0.03937534175741788,0.08351041241142067,2.582850944934616,-0.0004133998074432217,-0.060953934611708206,2.7929283220350616,0.035844629359404925,0.04803751621802778,2.4165972314828283,-0.00158660019255678,-0.07126819641163896,2.7901850098953327,0.43045512124929075,0.11660362207151607,2.550596526504169,0.3808123083024647,-0.1748499714757035,2.6344547286248945,0.7092540301489981,0.25451215461585464,2.803271056147374,0.7227604202039781,-0.13126902169616475,2.587281102485842,0.8819818912987684,0.23452721511556582,2.6904790672703647,0.8671146153023767,-0.05589083573138285,2.633805027889849,1.0591216337887204,0.14172067188385262,2.6654008672305043,1.0480049843657517,-0.056413087781183216,2.59478388990668,0.6832634349652896,0.07345944875382095,2.5905002043196097,0.6887625432828827
4.533333333333327,0,0-ACCAD_Female1Walking_c3d_B1 - stand to walk_poses,134,0.034053615760058165,2.6340361423790455,0.7609154419771602,0.7610491209741066,-0.0395260552899488,0.037980882734913415,0.6463740240483311,-0.6941151022911072,0.08428371697664261,0.14040684700012207,0.35640454292297363,0.21346236176829092,0.0479944741714694,0.06528806686401367,0.11252224445343018,-0.044691912829875946,0.13273002207279205,-0.31810796965570765,-0.10675400015946135,0.3483226001262665,0.030920812860131264,0.039264827966690063,0.12493304908275604,0.12291988730430603,0.9711201190948486,-0.10846073925495148,-0.3397179841995239,0.8479238152503967,0.03455712106106398,2.642230811225685,0.8354647135021441,0.05181879356607145,2.718864264215615,1.3483749068708546,-0.04994917236888034,3.016400280288796,0.039952029165335814,0.08365991245194944,2.5854180142343997,-0.00045775305110248507,-0.05020482993766805,2.8464233061101254,0.03716583314368971,0.04863630462337982,2.4190684702985767,-0.0015422469488974022,-0.06717655391517158,2.815925053179539,0.4259416408868724,0.11559167696550443,2.565471504453893,0.3776678363700853,-0.17087151536941933,2.65259395817643,0.703840882522724,0.2509660090272779,2.8383512441017387,0.7200172782409114,-0.12816150758778852,2.6091336908694718,0.8777564499831122,0.23322708480912363,2.7233517015669375,0.862915843623973,-0.0563442053231422,2.6584157108445976,1.0550434097957309,0.14048513524348977,2.6944381465228533,1.0435204015118347,-0.05736537758594987,2.623654698463612,0.678684793868273,0.07272816347191247,2.620777755820896,0.6838882713661417
4.56666666666666,0,0-ACCAD_Female1Walking_c3d_B1 - stand to walk_poses,135,0.0326147242449224,2.663765985518694,0.7547058512443046,0.7629461916731192,-0.03770401860796205,0.036246451652881456,0.644342851543237,-0.6891750693321228,0.06505540758371353,0.14899387955665588,0.3028893768787384,0.26751019045114677,0.06884132254850761,0.11438502371311188,0.10361235588788986,-0.03713972121477127,0.1308567225933075,-0.3594215724361258,-0.09723422223644362,0.3667718470096588,0.031051568686962128,0.03338237851858139,0.14164122939109802,0.10659052431583405,0.9814745187759399,-0.10497382283210754,-0.34146466851234436,0.8469927310943604,0.03311869085278283,2.671584177432303,0.8292955415028125,0.05082653322008394,2.7427336141485332,1.3429999428953974,-0.03559962301326358,3.0608839675183157,0.037524067137816114,0.0836055484256336,2.58834329439496,-0.0004509778685095958,-0.03795770014442591,2.890916045436239,0.03521215551652335,0.04817352702605514,2.4220803515654272,-0.0015490221314903296,-0.06219945488235594,2.8435065205961347,0.41892842639891437,0.11434263135867181,2.58250435194397,0.3733261753975792,-0.16620500824507672,2.673833753189864,0.6965673145764619,0.24763170213026303,2.8706167121593382,0.7153422828374412,-0.125445076648211,2.633291952965476,0.8716517359706931,0.23133031898951154,2.754157675689078,0.8572264677781355,-0.057359694631726736,2.68413225978216,1.0493023935707342,0.1389752101949029,2.7227270941900015,1.0376736015548116,-0.058794391307307736,2.654405323408018,0.6724400711164238,0.0714650369175103,2.651866311478167,0.6773989456329271
4.599999999999993,0,0-ACCAD_Female1Walking_c3d_B1 - stand to walk_poses,136,0.03147792397066951,2.69509394839406,0.7471410264757581,0.765948182614029,-0.035516417867566014,0.034125766267967525,0.6410127905812383,-0.6752685308456421,0.046950194984674454,0.15639939904212952,0.2768169641494751,0.2848487754894413,0.08668073056057246,0.15868689119815826,0.09375636279582977,-0.029103800654411316,0.14080704748630524,-0.4073595370737533,-0.08754555724184965,0.38170284032821655,0.0315401628613472,0.0265292227268219,0.1592886745929718,0.08864569664001465,0.9919994473457336,-0.09738434106111526,-0.33922988176345825,0.8481029272079468,0.03198373754934796,2.7024557666517763,0.8217771288965301,0.05062576707734803,2.7670067468245905,1.3363439587880017,-0.021115284187130386,3.0946484868550135,0.030084294466465922,0.08378067689815635,2.5932448472829455,-0.0003861677806352992,-0.026067623641629595,2.9247336739621033,0.027979373210300657,0.04768488311394878,2.4271256535962618,-0.001613832219364595,-0.05696039376697494,2.872525339071271,0.4095850766528423,0.11365120686233747,2.60314039403341,0.3675634680870185,-0.16036573776713497,2.6981545452304045,0.6878640133572983,0.2453706123001396,2.901157459556049,0.7086558790681997,-0.12226693634726102,2.659974309438836,0.8640750094087292,0.2298471388578898,2.784074171298183,0.8501129028852638,-0.05796697037274854,2.711566353928878,1.0421831025913393,0.13812548781891126,2.751380922079378,1.0305756522536742,-0.05988721872794542,2.687335751915747,0.6649333442549222,0.07048271198989389,2.6843749711218887,0.6695394906695555
4.633333333333327,0,0-ACCAD_Female1Walking_c3d_B1 - stand to walk_poses,137,0.030746984761208296,2.7275889702141285,0.7382917485233553,0.7700089081307456,-0.032712980653164296,0.032291052399590375,0.6363752275434751,-0.6557758450508118,0.0320141464471817,0.16170799732208252,0.2737785577774048,0.27341943513015465,0.09806385859820577,0.19679853320121765,0.08277146518230438,-0.02051144652068615,0.1637386679649353,-0.46251224678749514,-0.07892361710205609,0.3922921121120453,0.032799627631902695,0.0195158701390028,0.17807403206825256,0.07203784584999084,1.0027859210968018,-0.08487984538078308,-0.3338159918785095,0.8516567349433899,0.03135398488528108,2.7344497470640565,0.8129748208481122,0.052175182290369944,2.7919723669332246,1.3283185594422382,-0.00873086306350219,3.1203850629219887,0.018313443853934828,0.08333499762322302,2.599922935489076,-0.0002610827177840745,-0.016635259353224876,2.9505817504208327,0.016226440516681928,0.046325305315141826,2.434006996892866,-0.0017389172822158752,-0.05229941930554041,2.902978771183723,0.3986290415541566,0.11315890901445755,2.6271255408534464,0.3600015461674091,-0.15445300371163975,2.7247372276279878,0.6782663773745131,0.24473650985181716,2.9290274144550223,0.6993219385042586,-0.11898003767935798,2.688762610516026,0.8554867481242902,0.22926657853811322,2.812481241704071,0.8412276644155934,-0.05766064417765716,2.7407048968386327,1.0338625069592309,0.13848073717439624,2.780213470826228,1.0220381252512911,-0.0606438373877642,2.7219083113038316,0.6563190394759785,0.06978052414714163,2.7178038407328247,0.6603590709335683
4.66666666666666,0,0-ACCAD_Female1Walking_c3d_B1 - stand to walk_poses,138,0.03121142042800784,2.7622941322624683,0.7292937394900216,0.7748615310247751,-0.027596897902531812,0.02854478400807922,0.6308828847496427,-0.6354627013206482,0.021531322970986366,0.16473549604415894,0.28501561284065247,0.252841662166962,0.10383890106200844,0.22853562235832214,0.07155242562294006,-0.011634099297225475,0.2012113779783249,-0.5208575067944743,-0.07221296769191743,0.39784666895866394,0.03404554724693298,0.013935417868196964,0.19778604805469513,0.057274892926216125,1.0142662525177002,-0.06743764877319336,-0.3246579170227051,0.8575088381767273,0.03191759710006501,2.7682029607984475,0.804057280469835,0.05478188560148293,2.8161908626491545,1.3203126047530427,0.0021751164641889463,3.148115923294976,0.006737558496178457,0.08332289060830521,2.6131184079037366,-6.987586958800626e-05,-0.008900101165368915,2.978491010676753,0.004563030106360066,0.04529955999859242,2.447435681568875,-0.0019301241304119816,-0.04736034163521972,2.9384376697529073,0.3886813334843605,0.11398390651807369,2.65772495350085,0.3510191910587281,-0.14780209546048645,2.754492705855419,0.6684448961350546,0.24620562477333938,2.9554388566016425,0.6896983762732494,-0.11517678896796489,2.719994154445857,0.8465038850434469,0.22993737617886256,2.840016006912621,0.8324305522585611,-0.05635238800525615,2.7712552734573017,1.0253099010983584,0.1401274657180524,2.8090864884783313,1.0136201127812026,-0.060166252129866774,2.7594133313037466,0.6475432722034468,0.07025386451887206,2.7536628270619063,0.6510093057759723
4.699999999999993,0,0-ACCAD_Female1Walking_c3d_B1 - stand to walk_poses,139,0.03171120537444949,2.7997296638786793,0.7263579459452358,0.7803100615113339,-0.02145458342650258,0.023570233564226443,0.6245801412500253,-0.6100362539291382,0.012986396439373493,0.16645978391170502,0.30631741881370544,0.22012420489316264,0.10655090827668989,0.25339460372924805,0.059267912060022354,-0.002347536152228713,0.2551327645778656,-0.5866583535078527,-0.06521289752505344,0.39608892798423767,0.0346534289419651,0.010141917504370213,0.21536855399608612,0.04699424281716347,1.0254733562469482,-0.04620864987373352,-0.3138186037540436,0.8650809526443481,0.03246000292275238,2.8044490729469906,0.8012055676861943,0.05644136080607471,2.841936262047298,1.318294453209607,0.011670639079204013,3.1749534120055425,0.00016636814541029846,0.08357475073732841,2.6311739868405444,0.007237304815644146,-0.0027996635697962475,3.005586447450338,-0.0021663681454102274,0.04446411202657082,2.4657515650043007,0.004833080726991339,-0.04265704784121865,2.9771408851859578,0.3846074023405371,0.1155390957838229,2.694481143916164,0.3468287751395253,-0.14270658951876686,2.7890232677424374,0.6645176982987794,0.24924693892653008,2.980948743342807,0.6859910705525479,-0.11289976585072421,2.7552139455571347,0.8432019091299572,0.23083044433312724,2.867439374691753,0.8299911405507892,-0.05562008832786101,2.8048016877772644,1.0225582800392021,0.14152976140166004,2.8391668816653364,1.0114607532578657,-0.05952394270687385,2.8001896926133125,0.6448649983330207,0.07079310401215498,2.7922575104600704,0.6477799695844019
4.733333333333326,0,0-ACCAD_Female1Walking_c3d_B1 - stand to walk_poses,140,0.032629411201924086,2.8370111770927906,0.7316790598391111,0.7835837328861874,-0.014873863482149972,0.017946823135978052,0.620848784552719,-0.5760282278060913,0.002168578328564763,0.16831974685192108,0.33464130759239197,0.1727988192517793,0.1097074016957802,0.267343133687973,0.045222509652376175,0.007223611231893301,0.32585617899894714,-0.658004687551939,-0.05658447547701417,0.3854612410068512,0.034907158464193344,0.00869759451597929,0.22656011581420898,0.04299210011959076,1.0345507860183716,-0.022581584751605988,-0.30226242542266846,0.8737776279449463,0.033353673992200385,2.840430754212841,0.8065975617977771,0.057522689259999205,2.8678008552258416,1.3243178678356091,0.01872536112634219,3.1950425175598633,0.0002711063205340092,0.08677316039505285,2.6528269479694337,0.023452658237001035,0.0019422082289571102,3.025892102444468,-0.0022711063205340283,0.04792000078178462,2.48735582377847,0.020331913607181857,-0.03857981221283382,3.0138188460691278,0.38776392434084006,0.11948405490419987,2.735619518882269,0.3493138691027954,-0.1397268556604155,2.8257272881724362,0.6689542272044448,0.2527217319770402,3.0046606103226625,0.6901131997432504,-0.11188255513217776,2.7914574456857144,0.8478671586213679,0.23180178119290148,2.8937972923824797,0.8358226524175753,-0.05494089149973857,2.838477259803962,1.0278575857337364,0.14288990751274924,2.868955781321805,1.0175512969658511,-0.05835300530520593,2.8404957182698234,0.650576474256147,0.07178606845481075,2.830829494508709,0.6529090896944204
4.7666666666666595,0,0-ACCAD_Female1Walking_c3d_B1 - stand to walk_poses,141,0.03371472982689738,2.8737023659050465,0.7379632340631538,0.7860377258448622,-0.0096197175893667,0.01311780393812484,0.6179644632193497,-0.5361796617507935,-0.01295594684779644,0.171479269862175,0.3633522391319275,0.11564697194775042,0.1170171179391577,0.26386916637420654,0.03223273158073425,0.015650399029254913,0.41173121333122253,-0.7311379342606186,-0.04699552068689783,0.36650821566581726,0.034164655953645706,0.010747579857707024,0.2300623506307602,0.04407217726111412,1.0410475730895996,0.0020467713475227356,-0.2898827791213989,0.8830653429031372,0.034369696600772534,2.8760525355460147,0.812923541701155,0.0575988781200423,2.8965663040068703,1.3309946755968622,0.026621138117888302,3.2079553647927903,0.00037416349626382545,0.09165095543991927,2.678889574773684,0.040773843912345425,0.007892262042394314,3.0390125463609583,-0.002374163496263907,0.05332114478758984,2.51331508458149,0.03678463184081468,-0.033922096686626234,3.04692984013071,0.3904840254739397,0.12487782276493486,2.780463208261001,0.35129235066289766,-0.13868332342959955,2.865133051853463,0.6743944949991039,0.2566743424962892,3.0255187653204922,0.6942478839966703,-0.11234880845405115,2.8297871614146604,0.8533266764373763,0.23259362455184532,2.9187129382700983,0.842478105394095,-0.05467228181832067,2.873803974353551,1.0338857862910418,0.14392548047631729,2.8991638745977952,1.024505531968027,-0.056931178707126814,2.879869214435438,0.6573105738147117,0.07290382484876816,2.868260521834863,0.6591845327367247
4.799999999999993,0,0-ACCAD_Female1Walking_c3d_B1 - stand to walk_poses,142,0.03393792686983943,2.9073704071342945,0.7442300018506885,0.7852280504548219,-0.0066407491933282315,0.009387524746877918,0.6190998979229424,-0.4936825931072235,-0.029864227399230003,0.17475935816764832,0.38557419180870056,0.05770291575465025,0.1274838082043347,0.2376255840063095,0.02222788892686367,0.021906353533267975,0.5099977254867554,-0.7993974387788416,-0.03616709365532722,0.3386419713497162,0.03230470046401024,0.015198652632534504,0.22195744514465332,0.05033804476261139,1.042496919631958,0.02448585443198681,-0.2798861563205719,0.8915935158729553,0.034426935961019325,2.9090243548575714,0.8192101680750803,0.055328088837824335,2.926538772477751,1.3374707100547185,0.03123875860304385,3.214152163699375,0.0004400384590037068,0.09900316806577128,2.710104038282168,0.0568676515794921,0.012432471901592657,3.045220139685427,-0.0024400384590036774,0.06253009388959667,2.5441374615624883,0.05188666050441801,-0.03139619879933588,3.0733775183537855,0.39201297290784765,0.13147592373644923,2.8282254879070647,0.35205508928264195,-0.14056050059084144,2.9055572140538075,0.6799446372495874,0.25953201809800164,3.0441345869582728,0.6983740240642546,-0.11505351126365299,2.867681966865143,0.8584787330129133,0.2321801001019807,2.942073454847102,0.849354029688487,-0.05589739250834058,2.9080068709563625,1.0396753272244845,0.14331549212386754,2.928470100204989,1.0314492865466913,-0.0563340463585778,2.914947233185258,0.6639451096022473,0.07316229320758139,2.9021565630095965,0.665665947972728
4.833333333333326,0,0-ACCAD_Female1Walking_c3d_B1 - stand to walk_poses,143,0.035147379618138075,2.938288290053606,0.7497863586738334,0.7812552089155815,-0.004172999791460715,0.006876861489134289,0.6241599101120408,-0.44955793023109436,-0.044653523713350296,0.1761646717786789,0.39741531014442444,0.007036576162830599,0.13462113363659622,0.18662641942501068,0.016106758266687393,0.02557579055428505,0.6163182854652405,-0.8539690340247463,-0.028718919435390178,0.302292138338089,0.03015783801674843,0.020963221788406372,0.20095665752887726,0.06282054632902145,1.0374186038970947,0.04296408221125603,-0.27376216650009155,0.898510217666626,0.03556257432083429,2.939421155914525,0.8247766529011533,0.054646367388024523,2.9559267784720182,1.3431159897588192,0.03141194860260821,3.2182534041324815,0.00045108037141935314,0.1089087058080701,2.7506003820575184,0.0688800961937848,0.014393659669064337,3.0491322779985857,-0.002451080371419348,0.0754567505350156,2.584033592236016,0.06284095577738777,-0.030704923169131156,3.0946767765203083,0.39252326696680667,0.13966230145784647,2.881020991148095,0.35128172990352535,-0.14381450080865252,2.948421760869889,0.6857198806434482,0.26345254086848086,3.0617821665058944,0.7020644129661191,-0.1178416558691185,2.9053797090089004,0.863011610009234,0.2330648558387071,2.9641984942299855,0.8554057958601291,-0.055759099113854675,2.940346428383744,1.0448467912697375,0.14390728177466539,2.9561869212574257,1.0374576080672941,-0.054938594535961276,2.9462346301019378,0.6699706932832434,0.07421690889055872,2.932920111801275,0.6715069224445389
4.866666666666659,0,0-ACCAD_Female1Walking_c3d_B1 - stand to walk_poses,144,0.0357850450091064,2.9669330902397633,0.7544285821967835,0.7750819259417453,-0.0025515905931251287,0.0052020496426117115,0.631834184057333,-0.4080718159675598,-0.05591993033885956,0.17511525750160217,0.3971029222011566,-0.030037167801523434,0.13847686725551978,0.1166050136089325,0.014375055208802223,0.027019688859581947,0.7258569002151489,-0.8952095428243649,-0.025109930978804096,0.2603071630001068,0.028624318540096283,0.027853533625602722,0.16905725002288818,0.08004449307918549,1.0262073278427124,0.05673504248261452,-0.26995015144348145,0.9034688472747803,0.03614801988341407,2.967722768921138,0.8294235464065277,0.053988618024354056,2.9851559651825044,1.3477500863452316,0.027800618990345277,3.2239438332259316,0.00041112160116127047,0.1185666313454316,2.7985839398446197,0.07784320527876934,0.013794735620070817,3.054545278998556,-0.002411121601161345,0.08883722313466715,2.63135520042844,0.07072203959376946,-0.03237763320422579,3.1125113298694114,0.39242140218404814,0.1468657115427359,2.93760975406171,0.3504303422428707,-0.1490108507326177,2.9937121643901015,0.6917226605545256,0.26653995515711054,3.0791302734849437,0.7051022292941788,-0.1218325307079398,2.943184978377089,0.8668452079275318,0.2334924417777376,2.985585203767783,0.8603979021096817,-0.05585144994526734,2.9713137420675295,1.0491865563598124,0.14413640070768982,2.9827358291021735,1.0423615714526102,-0.05421600724666058,2.9744063141300847,0.6750273326302546,0.07463646957523389,2.9610099915090147,0.6764279150198406
4.899999999999992,0,0-ACCAD_Female1Walking_c3d_B1 - stand to walk_poses,145,0.0383296306245029,2.9892888851463795,0.7586877599773636,0.7721227863788724,-0.0031276309312614704,0.006458593551745784,0.6354328503064799,-0.3738096058368683,-0.06306207180023193,0.17175576090812683,0.3848724365234375,-0.054078602531732134,0.13784158319486017,0.04213659092783928,0.016159696504473686,0.028153281658887863,0.8303196430206299,-0.933801984673555,-0.027035595402516877,0.21713832020759583,0.026242142543196678,0.03290380537509918,0.12951287627220154,0.10193893313407898,1.009803295135498,0.06160446256399155,-0.2699967324733734,0.9040025472640991,0.038779544796288555,2.9902667227892246,0.8336800356514773,0.05622057204261667,3.0111676141001924,1.3518716182031227,0.026509580399999556,3.2266537296818694,0.00032809062755692966,0.1258162736610973,2.8391880875156303,0.08800874931366802,0.013823725387151119,3.057148526859853,-0.002328090627556949,0.0980030541013729,2.6716764671207596,0.0798673826957586,-0.03180754083622044,3.123500137826745,0.3922718534950307,0.15356554663068422,2.9855572513054023,0.35114841302585587,-0.15250909272625185,3.038646992814272,0.6986599916894922,0.27309457776746493,3.0911780726225304,0.7085038929569899,-0.12442036024159651,2.9789863969925796,0.8707390450858143,0.23649919738017772,3.0008569280140387,0.8649086025251156,-0.053517380412595,2.9987388952257477,1.0532083666173815,0.1467528460610858,3.0033746107609853,1.0466867541130274,-0.051682649227091454,2.9965089340367523,0.6796990359923079,0.0767804040823518,2.9817171131400824,0.6808256093828111
4.933333333333326,0,0-ACCAD_Female1Walking_c3d_B1 - stand to walk_poses,146,0.04023671103641391,3.0110755749046803,0.7627151957292463,0.7701593256509356,-0.004115455553256093,0.008705147600228003,0.6377788774675307,-0.33865174651145935,-0.0699426680803299,0.16740788519382477,0.36660683155059814,-0.07455297098987246,0.13588408895636717,-0.044518306851387024,0.018854597583413124,0.032095346599817276,0.9081270098686218,-0.9339879421285353,-0.028302846508121315,0.17549525201320648,0.024451278150081635,0.037436507642269135,0.08736011385917664,0.1281125396490097,0.9904107451438904,0.06144922599196434,-0.2706458568572998,0.9020254611968994,0.04084865103378295,3.012383802265426,0.8377012882438734,0.05892888968694716,3.0375061951380204,1.355666264621484,0.02461519524219319,3.228595743595067,0.00022239302674315412,0.1331853262432401,2.889258550643142,0.09103297050731957,0.01266432470513047,3.0590339562886135,-0.0022223930267431663,0.10727713771964427,2.721480421803231,0.08212986709311823,-0.03187397073322636,3.1327550084414875,0.39205273929838974,0.15925293075166977,3.034782011098139,0.35478492150363117,-0.15631392763053514,3.085196000030157,0.7068054907326964,0.2786815591829831,3.1042719948137965,0.7119060332742131,-0.12743259795919373,3.015609556837739,0.8749814697677888,0.23886205924506776,3.016393845777354,0.8689136845234159,-0.05116969431860744,3.026222344582287,1.0570903017137212,0.14913948096982974,3.0237181560291115,1.0505981345134474,-0.04983885024128372,3.018214644078926,0.6841911381165031,0.07815502522725207,3.0012713868537246,0.6848376168940344
4.966666666666659,0,0-ACCAD_Female1Walking_c3d_B1 - stand to walk_poses,147,0.0422194073908031,3.0321029014885426,0.7664094478632709,0.7707033547999191,-0.005800996907075393,0.011902031256852462,0.637056535157591,-0.3030468225479126,-0.07623835653066635,0.16252738237380981,0.3447028398513794,-0.09392258291198341,0.13316303501896543,-0.1406058818101883,0.02380475588142872,0.03823688253760338,0.9520741701126099,-0.8911828700489419,-0.028782617862096793,0.13641142845153809,0.02328667975962162,0.04210128262639046,0.045513007789850235,0.15723666548728943,0.9697291254997253,0.058589205145835876,-0.27051228284835815,0.8987727165222168,0.04304101325507935,3.0339108686742366,0.8413831513762977,0.06269519401309635,3.0644504122533136,1.358983195541047,0.023820627890262423,3.2289755396087907,0.00010327413106513139,0.140564799964291,2.947885486251036,0.08672255991801746,0.011303598046322694,3.059451337476314,-0.002103274131065213,0.11571426739338365,2.7799709859896975,0.07738598490749568,-0.0313051009414248,3.1405290968857944,0.391739156911663,0.16470223057431407,3.083131414206469,0.3621744249129355,-0.15859634635958,3.132485580786259,0.7156295121691643,0.2841173287172047,3.116228725021441,0.714802448480296,-0.12973512341987806,3.0530577807970976,0.8793909807857917,0.24105079805513727,3.0308917539753635,0.8723538353786101,-0.048122203985182646,3.0541546837004203,1.060637537982325,0.15191149524833392,3.0434253420817745,1.0540356216404252,-0.04789805927181197,3.039716640295333,0.6883465442496515,0.07945258804948774,3.0193571367973484,0.6883347273440444
4.999999999999992,0,0-ACCAD_Female1Walking_c3d_B1 - stand to walk_poses,148,0.044626187067478895,3.0517257042229176,0.769521189488629,0.7732465980030303,-0.008380803790126498,0.014973033065300198,0.6338732279292104,-0.2697475850582123,-0.08077456802129745,0.15737584233283997,0.3213281035423279,-0.11040831374347104,0.13089246102295193,-0.2381652444601059,0.03307047113776207,0.04468664526939392,0.9627842903137207,-0.8125652541433883,-0.029315915639707812,0.10023201256990433,0.0228129755705595,0.0470270961523056,0.0050172447226941586,0.1878502517938614,0.9485911130905151,0.05414305627346039,-0.268540620803833,0.8949235081672668,0.04556600902674511,3.0541214191459534,0.8444770250499275,0.06681204714814902,3.090747035611253,1.3616030721721892,0.02484100961821881,3.229124921750768,-1.9362506540929192e-05,0.14841437026451132,3.0119107274535906,0.07781523535797202,0.010748858773497644,3.0597213660472486,-0.0019806374934590136,0.12390318410291129,2.843952446332761,0.06836973082471803,-0.029600368881652076,3.1474014548698745,0.39135130096706805,0.17042180044603156,3.1278548560596873,0.3730048078305632,-0.1582678256107873,3.178979611631637,0.7242616859043027,0.2893393119993724,3.1264297563852788,0.7172694231933244,-0.13072196632909483,3.090049338618657,0.8832968907566819,0.2429872955708464,3.043791292733121,0.8753261823097531,-0.044509430766538176,3.0813825371330394,1.06341443417129,0.154853117522035,3.06175616913711,1.0569673480717665,-0.045374842946717044,3.060242361626194,0.6917270873488401,0.08117184276207749,3.035697781408471,0.6911233615102804
5.033333333333325,0,0-ACCAD_Female1Walking_c3d_B1 - stand to walk_poses,149,0.04748996673151851,3.06941993907094,0.7719064891710201,0.7760401327288717,-0.01116353364990413,0.01851318900737639,0.6303128982841616,-0.24009132385253906,-0.08385995030403137,0.1525464653968811,0.2987743020057678,-0.12500142102426737,0.1277969088349864,-0.3315567374229431,0.04653708264231682,0.050698474049568176,0.9412841200828552,-0.7046961278421588,-0.03267797289107499,0.06696023046970367,0.02466289885342121,0.05134442821145058,-0.034473590552806854,0.22022511065006256,0.9267274141311646,0.04949557036161423,-0.26451337337493896,0.8913737535476685,0.04858953549220179,3.0724698068642073,0.8468363847734038,0.07311462081345876,3.1151206125585955,1.3633438117178764,0.02555719523741449,3.2288036691157234,-0.0001342578067891724,0.1556973878474655,3.0795360514930574,0.06646553811368838,0.009813522984965966,3.059543104465161,-0.0018657421932110896,0.13170515980431616,2.9114910021701226,0.05723329073951404,-0.02788742387670131,3.153078275536806,0.39096364926070054,0.17522665600044432,3.16717708326956,0.3859056292186092,-0.1561064381660953,3.2232697006815556,0.7334245131745791,0.2936885572744667,3.135215655771898,0.718268826091261,-0.13017346537287444,3.1250508627407374,0.8871779033805499,0.24499313521759952,3.0552972857037926,0.877018233020953,-0.03946427657334093,3.106496836977386,1.0656052494395123,0.15887159739989537,3.078390057020139,1.05889146394194,-0.04242427758820094,3.078769969615668,0.6943549134853667,0.08327686577279204,3.0501529565243986,0.6930300012534877
5.066666666666658,0,0-ACCAD_Female1Walking_c3d_B1 - stand to walk_poses,150,0.05034974543377757,3.08679636195302,0.7737277708715651,0.7782533570308918,-0.014714552672811488,0.02156031201186449,0.6274076403389883,-0.2140992283821106,-0.08549283444881439,0.1483190357685089,0.2778317928314209,-0.13794355947313974,0.12599409285978236,-0.4174051880836487,0.06257574260234833,0.055771928280591965,0.8889777660369873,-0.5719050136164237,-0.034505967439867336,0.03620810806751251,0.02875780127942562,0.0552784688770771,-0.07154731452465057,0.25279539823532104,0.9049671292304993,0.046706777065992355,-0.2580007314682007,0.8892768025398254,0.05148184979839376,3.0905431751278942,0.8486255661044035,0.07965712799781315,3.139011713341015,1.3644261736511336,0.026725790975641102,3.2296342160087304,-0.000241303204884271,0.1634681807104518,3.15182642619114,0.055149186925525145,0.009731363202512142,3.0604925980037097,-0.0017586967951157793,0.14055592818776852,2.9836035769709373,0.046425558977600714,-0.02597678050725736,3.159187992319135,0.3905003337040389,0.17936785703386085,3.2019489850774256,0.39999879373223135,-0.15270738272469767,3.2656736346309874,0.7425066299999851,0.2965330252900432,3.1439557356469527,0.7182731172748444,-0.12884105757041064,3.158823103085496,0.890739307356376,0.2463217587306132,3.0670735364116286,0.8780464578401777,-0.03424709559967811,3.1307941441268694,1.0671806042769991,0.16285256918670854,3.0950811979117914,1.0602169476418,-0.039369068502967515,3.0966917504062423,0.6962112730286799,0.08555049564151032,3.0645415182910987,0.6943536544487477
5.099999999999992,0,0-ACCAD_Female1Walking_c3d_B1 - stand to walk_poses,151,0.05406501842662692,3.1039977855980396,0.7750797311887508,0.7793026842851556,-0.018204572160997367,0.0244931953261269,0.6259041485731681,-0.18902325630187988,-0.08573324233293533,0.1448119729757309,0.2582187354564667,-0.15105139348500196,0.12338108802502867,-0.49373069405555725,0.07923251390457153,0.05879412963986397,0.8089032769203186,-0.4189497977840575,-0.03678725806032579,0.006862575188279152,0.03377911075949669,0.05877796933054924,-0.10520850121974945,0.2827730178833008,0.8841156363487244,0.04675618186593056,-0.24958261847496033,0.8891765475273132,0.05521901277049744,3.1084253752757043,0.8499400327290235,0.08740590717516701,3.162143871288851,1.364981984927009,0.027462609702759676,3.2307296467023328,-0.0003401789184244615,0.171131293441601,3.228563166575583,0.04606323650579856,0.009977189517565425,3.0616364220435415,-0.0016598210815754882,0.14986392369818985,3.0600860016058573,0.038116924911042925,-0.023828780027739797,3.165294876394911,0.3899952123710856,0.1830382941287998,3.232301901026612,0.4138120883763129,-0.14709603495429716,3.3054322584282767,0.7512359454686413,0.2988681137191085,3.1526511327668727,0.7173152473064535,-0.12568202658389072,3.190880491517182,0.8939906201634701,0.24803526318400743,3.0791635910994737,0.8784833791760215,-0.027983442760691923,3.154134936164592,1.0683040720496844,0.16779783987422844,3.111842998657784,1.0610056960833678,-0.03549224300280758,3.114112119232957,0.6975709516479437,0.08879492701030131,3.0791723418325856,0.6951763569836923
5.133333333333325,0,0-ACCAD_Female1Walking_c3d_B1 - stand to walk_poses,152,0.05768380267545581,3.121983129531145,0.7759721206450653,0.7798229244324907,-0.021048008225570847,0.02663127893932903,0.6250791652753672,-0.16207337379455566,-0.08568846434354782,0.14235788583755493,0.2387944459915161,-0.1642607069451265,0.12084298550203298,-0.5552539229393005,0.09567899256944656,0.05801043286919594,0.7097176909446716,-0.2585900462110873,-0.041412477368252154,-0.021682990714907646,0.03888716548681259,0.06109246239066124,-0.1344810575246811,0.30722033977508545,0.8648877143859863,0.04990149289369583,-0.24078193306922913,0.8913007974624634,0.05882545423718022,3.1269421860717785,0.8507992840948341,0.09468045526486754,3.1840874478633405,1.3652312597876695,0.027785753651766706,3.232830592590259,-0.00043768828191483033,0.1766254258284671,3.306445842356617,0.04151781546912512,0.010255205758740152,3.063740630993785,-0.001562311718085102,0.1568938521810157,3.1377393103372944,0.03453418780089765,-0.021921611660680268,3.1722880599370407,0.3894086936227942,0.18546047141678548,3.2587841332272207,0.4255806811157994,-0.13949399989893613,3.3433254526983407,0.7591691883939431,0.3004242024808085,3.1616514029896,0.7159661187082129,-0.12141916663053139,3.2219662350414295,0.8966639333705785,0.24928589458860562,3.091754947518067,0.8786281092979213,-0.021953789572281272,3.177056659426512,1.0690157131752158,0.17241522418890423,3.128729414352332,1.0614428159063878,-0.03168710530221512,3.132366197705514,0.6984396885499506,0.09208834828755226,3.095176409415004,0.6955797966327238
5.166666666666658,0,0-ACCAD_Female1Walking_c3d_B1 - stand to walk_poses,153,0.06133821187540889,3.1408932991325855,0.7762555556654116,0.779614702052175,-0.023461328719104415,0.028901330461017116,0.6251521378803847,-0.13230067491531372,-0.0868949368596077,0.14144013822078705,0.2180178016424179,-0.17872190410351663,0.11872077284671656,-0.5966880321502686,0.11176223307847977,0.05218501389026642,0.6042721271514893,-0.1114029602202593,-0.0518058116566692,-0.048818279057741165,0.044574420899152756,0.06192547827959061,-0.15798260271549225,0.32601892948150635,0.8482108116149902,0.056911345571279526,-0.23210400342941284,0.8960409164428711,0.0625179622249111,3.1463470779312432,0.8510476975382592,0.10241208002214235,3.2057201235480135,1.3649376779070155,0.02777630108100935,3.2346111951437333,-0.0005425344558276715,0.1775787306941191,3.3772567972537577,0.041163789446984025,0.010813367477524915,3.0654620840474367,-0.0014574655441723476,0.15910605006969106,3.2083686651587637,0.03520066040161164,-0.020217063306566644,3.1792503015033353,0.3886553910584776,0.18605042154291193,3.2808733944402473,0.4329851064699889,-0.13081474094082593,3.378615538594009,0.7658248474255125,0.3012192082696411,3.170976792777906,0.7136050672624105,-0.11618000314508728,3.2518074664485637,0.8987349730464508,0.25043834283895156,3.1051810432992255,0.8780793426394949,-0.015684140984031897,3.199967124838012,1.0692743310078883,0.17727289102141078,3.1463544605307536,1.0611841563788809,-0.027917238555531777,3.1514522697036997,0.6987584740690574,0.09551348539094891,3.1126833898553494,0.6955256105847579
5.199999999999991,0,0-ACCAD_Female1Walking_c3d_B1 - stand to walk_poses,154,0.06491084722802043,3.160799343138933,0.7757608877949311,0.7786520512452237,-0.02490643696250587,0.031227735013382857,0.6261832647519192,-0.09818066656589508,-0.08971264213323593,0.14190299808979034,0.19562098383903503,-0.1948205184105254,0.11633327709767738,-0.6211678981781006,0.12587203085422516,0.0423261933028698,0.49995672702789307,0.018501219351032328,-0.06721639848974503,-0.07404126971960068,0.05123353749513626,0.0618274100124836,-0.17492537200450897,0.33936047554016113,0.8347940444946289,0.06796620786190033,-0.22368933260440826,0.9034496545791626,0.0662187791150294,3.166641503132666,0.8505215624894962,0.11101362086561622,3.2268409825698585,1.3639254692111455,0.02695385365508534,3.23592096128692,-0.0006551453454571726,0.17478202292130796,3.4403381890731644,0.04329721395939371,0.011185741587702264,3.066655220680915,-0.0013448546545428708,0.15723778742950348,3.271319185807487,0.03831963060148782,-0.0189914265252685,3.1861505061028708,0.3877175633194804,0.18518308905465525,3.3004813969325837,0.4360953876177539,-0.12209635318077455,3.410986929872101,0.7710343682110316,0.3009965648845891,3.180763215793811,0.7098557594261589,-0.11038890336783301,3.280104974485642,0.900233491959076,0.2515033359270816,3.119500825991714,0.8764597932526653,-0.00907932531666264,3.2227375595666685,1.0690399400534618,0.1825454799750597,3.164693969849612,1.0599261817909507,-0.024339256648161427,3.1715433829857105,0.6984132034978379,0.0988964080736837,3.131753175314314,0.6948024192672357
5.2333333333333245,0,0-ACCAD_Female1Walking_c3d_B1 - stand to walk_poses,155,0.06854223040863872,3.181405622512102,0.7744299043458323,0.7776631034435917,-0.02488975765358812,0.031951072046618616,0.6273752676839429,-0.05804363638162613,-0.09467485547065735,0.14348168671131134,0.17246182262897491,-0.21208271126950073,0.11560838500498216,-0.6311542391777039,0.1362369805574417,0.030516814440488815,0.40291446447372437,0.12986692186917792,-0.08353778496058595,-0.09765837341547012,0.05740802362561226,0.06057332456111908,-0.18521790206432343,0.34604042768478394,0.8250526785850525,0.08095245808362961,-0.21792148053646088,0.9121431708335876,0.06992702312998095,3.187315796295935,0.8491838486896849,0.11872231434318842,3.2455399362939046,1.3624690363194205,0.02726894828809484,3.2372819976840885,-0.0007752858641071406,0.17234401641809438,3.4960237758786574,0.04670377900096277,0.012917439727758972,3.0678894588393355,-0.0012247141358928994,0.15509292071380712,3.3269511440252777,0.04259953057121697,-0.01716436670959132,3.1935286936541356,0.38652151454436423,0.18469735757777503,3.3190802272590787,0.43595958907510585,-0.11270096342731786,3.440474876062781,0.7744132857503677,0.3011671109435966,3.1911128073638335,0.7058838264487118,-0.10405858996218521,3.3065335305502073,0.900685173149498,0.25276336203853994,3.1339981420343195,0.8742719385599946,-0.002874507265165638,3.2444914587130067,1.0681737037380177,0.18743961894935124,3.1824468479763026,1.0580157245228476,-0.020625988769878586,3.1927911342664617,0.6971835661966684,0.10246851163056506,3.1521855481960857,0.6933236876723509
5.266666666666658,0,0-ACCAD_Female1Walking_c3d_B1 - stand to walk_poses,156,0.07178351609036326,3.2044666595757008,0.77183267270513,0.7751990318842753,-0.023414544354562042,0.03225752888292997,0.6304583030690591,-0.011305692605674267,-0.10132178664207458,0.1459142118692398,0.14998279511928558,-0.23419030530190366,0.11402158366307014,-0.6296243667602539,0.14159108698368073,0.018674150109291077,0.31985175609588623,0.21689105139962472,-0.10007060178465588,-0.1209087148308754,0.06220468878746033,0.0588025264441967,-0.18799982964992523,0.3446149230003357,0.8197757005691528,0.09644541144371033,-0.21471543610095978,0.9222230911254883,0.07332013277938036,3.210239853431161,0.8465943543465853,0.12565222252768776,3.2651506517253153,1.3599137963133887,0.026191485091365936,3.2385449439537832,-0.0008933642605555049,0.16861386982709953,3.545033990882539,0.04879448716035751,0.014286487437253036,3.068962440298094,-0.001106635739444424,0.1517985645142777,3.3759019155297127,0.045390578512569044,-0.016081870431608247,3.2021537405303513,0.3848615422039654,0.18344604554271784,3.3395154635202924,0.4324491554848636,-0.10409565751828495,3.467762665331771,0.774699079498225,0.3011247764770417,3.2040918786289265,0.7007893876321483,-0.09789149568514055,3.3322758983755345,0.8994564783163423,0.2540520895199369,3.1511049779791516,0.8708955741931826,0.0026518893102601693,3.267427649948756,1.066209246779027,0.19190564728151305,3.2024204193897,1.0548399913592448,-0.017436812862576413,3.216453240752107,0.6947915586931325,0.10572793282857076,3.1757034616489026,0.69059937921465
5.299999999999991,0,0-ACCAD_Female1Walking_c3d_B1 - stand to walk_poses,157,0.07620480237528682,3.228815395385027,0.7679865881207599,0.7720394508587362,-0.01996480622804259,0.031422975306114445,0.6344833248028896,0.04097665846347809,-0.10817353427410126,0.1487574279308319,0.13037237524986267,-0.260391109021171,0.11050779277114886,-0.6206852793693542,0.1434815675020218,0.007334746886044741,0.2562529444694519,0.2798614700290394,-0.11621834504042783,-0.14501623809337616,0.06594125181436539,0.055605437606573105,-0.18556129932403564,0.3349613547325134,0.8180016279220581,0.11282942444086075,-0.2126428633928299,0.9327694773674011,0.07794366837004676,3.23411804116766,0.8427786885910381,0.13326797275686242,3.2828928645795252,1.356423650353408,0.025342473281290114,3.24010349269784,-0.0009958430221452229,0.16569525205648414,3.5881111628396276,0.04896525455272032,0.01642658619740081,3.070337456965172,-0.0010041569778546644,0.14932286973726455,3.418926535400812,0.04604858940524957,-0.014068159462949786,3.212226353677482,0.3827355056885103,0.18342314033837537,3.3621548164966235,0.42692551890264485,-0.0934818707383202,3.493221714985832,0.7728354041223916,0.30229928937421513,3.218727414112269,0.6946758802309314,-0.08984750110926841,3.3569268133677475,0.8968114314602774,0.25658510438087345,3.1691122905803235,0.8661638302783692,0.009123069656524527,3.2899562197940493,1.063277302675305,0.19736693653462162,3.222340285997019,1.0504508854227415,-0.013147281065336813,3.241681887396292,0.691214722677444,0.11019100583049604,3.2011096277316997,0.6865687864198492
5.333333333333324,0,0-ACCAD_Female1Walking_c3d_B1 - stand to walk_poses,158,0.07983746705576777,3.254412729293108,0.7632181604828765,0.7682066164558172,-0.016761744176818538,0.028915779358024498,0.6393289576343104,0.09455382078886032,-0.11286267638206482,0.15141335129737854,0.11553157866001129,-0.2905489618891237,0.10715950572238242,-0.6052868962287903,0.14253035187721252,-0.003222785657271743,0.21487651765346527,0.31479829951962945,-0.1271088463683886,-0.16814464330673218,0.06822512298822403,0.05283050239086151,-0.17717093229293823,0.3195847272872925,0.8213841915130615,0.1282963901758194,-0.20941247045993805,0.9429785013198853,0.08156202074428466,3.2591172059715263,0.8380505987283169,0.1376057937533454,3.3014718812142583,1.3522017315433816,0.024786210821182538,3.2422537174503057,-0.001078000391572357,0.16376382447172536,3.6234081664536477,0.045923392160359455,0.01926049993118148,3.072343617153367,-0.0009219996084278911,0.14790275965084484,3.4541699575863722,0.04330513278736174,-0.011945434892138243,3.2240579390059163,0.379970220960124,0.18387315198635099,3.3863340134444533,0.42016222385109797,-0.08445247563883693,3.516316391955349,0.7674396599254908,0.30252652988220124,3.2359835149657523,0.6884921498855227,-0.08307972003386149,3.380639535347363,0.8921371752463388,0.25793129367795475,3.1891314357154674,0.8610485516270419,0.013484088849400694,3.3131801456166015,1.0591943117975449,0.20095805295053973,3.243612823887949,1.0455529983817844,-0.009477923567752365,3.268124326747335,0.6864285723772976,0.11416708953326314,3.228122797174468,0.6817543243136429
5.366666666666657,0,0-ACCAD_Female1Walking_c3d_B1 - stand to walk_poses,159,0.08355605183169246,3.2809103317558765,0.7574193683245511,0.7632244903851171,-0.013701077784931908,0.026374019988890666,0.6454495091124751,0.14683742821216583,-0.11322744190692902,0.1533154398202896,0.1073383167386055,-0.32585379838332873,0.09953062356962294,-0.5830215811729431,0.13889431953430176,-0.012917287647724152,0.1943809986114502,0.3207126416410109,-0.134442209063654,-0.18862232565879822,0.06922034174203873,0.05081195756793022,-0.16243627667427063,0.3017376959323883,0.8304957747459412,0.14192067086696625,-0.2053733617067337,0.9523934721946716,0.08524894343691723,3.285032346210669,0.8322868720551246,0.14126791238096864,3.321962444236314,1.3468678412286768,0.022702283390528398,3.244439656291656,-0.0011197184649377329,0.16137051100872254,3.6497761042045527,0.03811513137408318,0.02100089327456593,3.0744483390380095,-0.0008802815350621648,0.14625479782850245,3.480467553522152,0.03563927174997107,-0.010174903834845195,3.237344588688164,0.3764809905950397,0.18460352958507972,3.4109615836349736,0.41158765908482936,-0.07791354067802968,3.5364495290223483,0.7587272703485302,0.3028734762129648,3.256316996919113,0.68151608419663,-0.07723850693106726,3.4030170688160406,0.8858291471910877,0.25964463309126123,3.211648189756433,0.8549967142196689,0.01735241439641408,3.3371868447720727,1.0539347497261007,0.2044861657801849,3.2668290175823476,1.0396897454727552,-0.005795717831470124,3.2951123890467913,0.6805508299313325,0.11833092171369727,3.2562968601806053,0.6760134553115986
5.399999999999991,0,0-ACCAD_Female1Walking_c3d_B1 - stand to walk_poses,160,0.08716789958998561,3.3090267963707447,0.75026224727111,0.758476081590693,-0.011251306970594175,0.023450649544903245,0.6511816250342173,0.19811344146728516,-0.10934089124202728,0.15440790355205536,0.10741905122995377,-0.36855288834692557,0.08909571528139293,-0.5564583539962769,0.13246549665927887,-0.021728716790676117,0.18758906424045563,0.3076946987485307,-0.1364165146349382,-0.20633654296398163,0.069839246571064,0.048906464129686356,-0.14213617146015167,0.2820863723754883,0.8441410660743713,0.15371327102184296,-0.20203572511672974,0.9611229300498962,0.08873691645309127,3.3125974682661328,0.8251607685402164,0.14389563350696932,3.3445287235393244,1.340176656463579,0.019926087081920275,3.2467098802632792,-0.0011165724007861852,0.16150318991273774,3.6708539946478527,0.026407420152807087,0.021656760001388102,3.0767188498682985,-0.0008834275992138339,0.14669158016720382,3.5015175848247084,0.023999822812287876,-0.008612346671033515,3.2530276935879514,0.3717437819834351,0.18658668462067343,3.436438953075102,0.40132319933323846,-0.07281324415155609,3.5554720276482406,0.7468582692659138,0.3036702978136921,3.2793531381585104,0.6736244471212307,-0.0720858542103948,3.4256397865138575,0.877635271334569,0.2614767900954666,3.2364855060422926,0.8478129605982931,0.020585477890875475,3.362850416999919,1.0471654788945983,0.20753281462630713,3.2920601248748276,1.032618564157331,-0.0021346039731417223,3.323729574745298,0.6731371285067808,0.12246386750373456,3.2861276152173926,0.669032422532616
5.433333333333324,0,0-ACCAD_Female1Walking_c3d_B1 - stand to walk_poses,161,0.09040657756850123,3.3382995910942554,0.7417240028026485,0.7527705979319245,-0.008380167852918655,0.019504714218786117,0.6579405488334135,0.24863815307617188,-0.09984929859638214,0.154266819357872,0.11813204735517502,-0.41878871735630585,0.07397526789888598,-0.5273833870887756,0.12481679767370224,-0.030162250623106956,0.18734188377857208,0.28746590768159996,-0.13558898320042756,-0.2211877405643463,0.07081188261508942,0.04626566916704178,-0.1173325851559639,0.2598617374897003,0.8607511520385742,0.16379837691783905,-0.1993303745985031,0.9693180322647095,0.09178191604077646,3.3411707840457594,0.8166564036391486,0.14560554774545523,3.3668924752816864,1.3321720425784631,0.015436813892175863,3.249383148989846,-0.0010528472245588255,0.16167416450974204,3.6911949446839616,0.012728185953145787,0.020612576043994326,3.0794619898752993,-0.0009471527754411554,0.14755309116345394,3.521799093154076,0.0103531550030753,-0.007917899342868559,3.2712431383144187,0.3654772918235401,0.1885796372930542,3.4636469313704756,0.38984031734795616,-0.06962615753626623,3.572716027852035,0.7331466446505124,0.30470842826075833,3.305650085204839,0.6644745961600224,-0.06793620743029666,3.4472144764593957,0.8680765111399152,0.26350837895361284,3.2634906425474197,0.8390732832572416,0.022971809011446992,3.3884728974956313,1.0390988766098317,0.2101363616347279,3.3183419006371655,1.0241570420181578,0.0011522243388990203,3.353382042560643,0.6642447178069458,0.12633250323163758,3.317446034553109,0.6606936645627143
5.466666666666657,0,0-ACCAD_Female1Walking_c3d_B1 - stand to walk_poses,162,0.093177470844239,3.3716669864952564,0.7354570803836101,0.7476202876535767,-0.007376391369454159,0.01523111268674644,0.6639107677583422,0.2942013740539551,-0.08240476995706558,0.1523415893316269,0.14295613765716553,-0.48021102360876,0.05460228531368805,-0.49535292387008667,0.11771903187036514,-0.03852761164307594,0.1919613778591156,0.2572390607283641,-0.1310202899340407,-0.2303461730480194,0.07296006381511688,0.04207893833518028,-0.08753616362810135,0.23755167424678802,0.8797641396522522,0.17200356721878052,-0.19724871218204498,0.9768492579460144,0.09415094432285435,3.3740110124285287,0.8104141206921134,0.14552847639215177,3.3938672216263477,1.3264583707466242,0.009366088043818697,3.2543901356116085,0.00320009742804497,0.16392572319043158,3.710632463428362,0.0001783308957325376,0.01695535254942365,3.084559703611703,0.0030344743940117977,0.15014822213764067,3.5412080655101725,-0.0021783308957325047,-0.00824794644540471,3.294988707832809,0.3608319575307165,0.19135962772500062,3.4933555814506163,0.38042873305961633,-0.06846484614435085,3.5915806516248203,0.7205963016910519,0.30601607585644647,3.337585701140442,0.6581382348329573,-0.06516936621667395,3.471532972471032,0.8603720461748624,0.2653842253058093,3.29565810803585,0.8329258026444426,0.024090438720458393,3.4181425965320855,1.0330982877610138,0.21175746576333088,3.349359528591754,1.0181932072310227,0.004190635128249642,3.3869852979956403,0.6573144354050169,0.12990102960690644,3.352681851343918,0.6548226149344687
5.49999999999999,0,0-ACCAD_Female1Walking_c3d_B1 - stand to walk_poses,163,0.09750680951401591,3.4047580547630787,0.7411483546306301,0.7427183942634246,-0.006242970517553898,0.00901584292538543,0.6695140974753422,0.326617956161499,-0.06038280203938484,0.14968977868556976,0.1846502125263214,-0.5431388069695036,0.03536865650201271,-0.4610714018344879,0.11333224922418594,-0.04717308655381203,0.2009304165840149,0.2232998969651212,-0.12571495438697922,-0.23143376410007477,0.07650963217020035,0.03681507334113121,-0.05368443578481674,0.21862636506557465,0.9001414179801941,0.1778099238872528,-0.19566610455513,0.9832583069801331,0.09788428085534315,3.406359005209689,0.8161303156149494,0.14604268954832877,3.418381047703416,1.332755422390198,0.006137461037400001,3.2647660492403885,0.018977419497232938,0.16841321373017587,3.7289947444817613,0.00018871339862652423,0.01538323842188044,3.0950186509830218,0.018397432073696953,0.15507273650906356,3.559535665322996,-0.0021887133986266648,-0.006639953152744493,3.323868357648872,0.36623282574006993,0.19623944352911443,3.523285872216851,0.38356178390242585,-0.06852161364660606,3.6078788329445346,0.7206941808316061,0.3097233050789543,3.372123888885638,0.6640400542034707,-0.06235096676006277,3.493438471647578,0.8650025001600208,0.2694535836703363,3.3288145635769295,0.8385743376068895,0.026024043077443076,3.4457881826845784,1.0390872379351728,0.21468164570553172,3.3797611488464865,1.0242237029193793,0.008966034322645814,3.4202989124078598,0.6622215787747721,0.13519347843168586,3.387902966433424,0.6609885966512691
5.5333333333333234,0,0-ACCAD_Female1Walking_c3d_B1 - stand to walk_poses,164,0.10080674616619945,3.4378274269402027,0.7467660344489672,0.7392224271061716,-0.00597281925483661,0.002255325675659173,0.6734310968462227,0.34284237027168274,-0.0379825122654438,0.14756540954113007,0.24454118311405182,-0.6099525256366256,0.020081639115303362,-0.4241132438182831,0.11264660954475403,-0.0561317540705204,0.21297496557235718,0.18308999556033112,-0.12107302079438464,-0.2254030704498291,0.0797656998038292,0.030744649469852448,-0.0189297404140234,0.20185258984565735,0.9196187257766724,0.18045340478420258,-0.1948297768831253,0.9879610538482666,0.10045348193087346,3.438717534198662,0.821759920289404,0.14425706955819384,3.4429141848219533,1.338926821527903,0.004365011479193338,3.2801514321872216,0.03452543189655085,0.17262075364284798,3.7440578335376284,0.0002144591639578232,0.014396031792925324,3.110451442441807,0.03338872090790293,0.15918672402950065,3.574606875428493,-0.0022144591639577625,-0.005241057523784926,3.357978092088475,0.3694657197073159,0.20052283789848555,3.5519847284191144,0.3866959379521723,-0.07002982292120576,3.623524135657676,0.7207144186168978,0.31336128021088794,3.4085697066784575,0.6705782871088163,-0.061105104540592,3.514851973258389,0.8692750955319478,0.27283534450547453,3.362976595047996,0.8444704402130352,0.026223722976189287,3.4731821883032166,1.0447353767685412,0.21604062599895418,3.4104422980355134,1.0304023939651332,0.01289735035194935,3.45356616175879,0.6670037474077659,0.13950737914018888,3.4229709216288584,0.6672032541594601
5.566666666666657,0,0-ACCAD_Female1Walking_c3d_B1 - stand to walk_poses,165,0.10350317088887095,3.468676883727312,0.7520306388946584,0.7352744278755442,-0.004588251086487358,-0.0041580787483638275,0.6777412294123627,0.34124937653541565,-0.016386300325393677,0.14656688272953033,0.3230992555618286,-0.6777553088061943,0.005183979291730312,-0.3838903605937958,0.11554692685604095,-0.06508337706327438,0.22651521861553192,0.13896440400606647,-0.1212051476917878,-0.21308079361915588,0.08089882135391235,0.024155057966709137,0.013334970921278,0.18822547793388367,0.9364342093467712,0.1788642704486847,-0.1947806477546692,0.9899623990058899,0.10257812450312496,3.4687602120707606,0.8270248876446218,0.14204930777604866,3.464916143149958,1.3445704445036297,0.0030613642414967206,3.2999495462653567,0.04904321880591664,0.1724794512829244,3.755247482420441,0.0002537390473392395,0.014255415623553523,3.1303285939352086,0.04719234218405709,0.15935457103945105,3.585773442897571,-0.0022537390473392586,-0.004488456149556434,3.3956403135495186,0.37031404029384746,0.20256876248504935,3.5781557937480937,0.3892876343098439,-0.0729118488211475,3.636903218158273,0.7214340462615036,0.31742302525154303,3.4463361730220705,0.6771413905488014,-0.060841848891520674,3.533333092780496,0.8733784717436467,0.2766071604846438,3.3968719156471683,0.8499039924910265,0.025739192147797435,3.4974695567984186,1.0499370089059956,0.21709949520574404,3.439471999701684,1.0361637491472524,0.016010432603202757,3.4841995670022623,0.6717865398711937,0.14304113084056352,3.4560491521577887,0.6730066332664206
5.59999999999999,0,0-ACCAD_Female1Walking_c3d_B1 - stand to walk_poses,166,0.10928667662665248,3.498501855880022,0.7577715299674824,0.7327754951250169,-0.0017298006834225567,-0.006001146219742051,0.6804418180696503,0.319881796836853,0.005377397406846285,0.14682015776634216,0.4206133782863617,-0.7493024075881367,-0.020329045405980795,-0.3419288694858551,0.1185341402888298,-0.07262183725833893,0.2385023534297943,0.09005920781538834,-0.12868935185651742,-0.19364316761493683,0.0795973539352417,0.018694885075092316,0.04093442112207413,0.1805678904056549,0.9501758813858032,0.17187908291816711,-0.19527842104434967,0.9884949922561646,0.10845049838449018,3.498079474586222,0.8327656790725292,0.1471618417199025,3.489324658564295,1.350324376972469,0.00013044211856133407,3.3237803907476526,0.06512013923047566,0.17103724524181693,3.761398413315358,0.0002868888133331915,0.012082956169025098,3.154222760081839,0.06240955057317162,0.1574605023116523,3.591960968456978,-0.0022868888133331343,-0.0040449564798290295,3.4373105581164904,0.37076280719056787,0.20519737526859333,3.6007430249639363,0.39108212380738144,-0.07338453382484307,3.650735396493299,0.7241687332691259,0.3247961270880385,3.4856579809829213,0.683436764050578,-0.05699937142283727,3.552087622597581,0.8789579685623055,0.28468248518269285,3.431761468021261,0.8550340420821113,0.030469005293583026,3.5221253392910894,1.055869751638906,0.22331687450022106,3.4693664849465593,1.041784740786512,0.021546592566176137,3.5134049913258347,0.6779028268625862,0.14889099078070553,3.487668954194259,0.6789986682313189
5.633333333333323,0,0-ACCAD_Female1Walking_c3d_B1 - stand to walk_poses,167,0.11182380793616176,3.5244220085442066,0.7623164776032316,0.7322181004412026,0.00034270671585678923,-0.00848692274382566,0.6810172597524413,0.2742297053337097,0.02671421505510807,0.14886142313480377,0.535722017288208,-0.8155714986074929,-0.04113241504633691,-0.30155783891677856,0.11903277784585953,-0.07778281718492508,0.24639983475208282,0.04727983530580415,-0.1305848054536629,-0.16665507853031158,0.07592172175645828,0.016906866803765297,0.0621599443256855,0.1780482828617096,0.960823655128479,0.15832197666168213,-0.1969369649887085,0.9832255244255066,0.1109266745469302,3.523517407004523,0.8373056558073987,0.14714710560707486,3.512254767533658,1.3549905233197923,-0.0033587095837363844,3.3544326932975066,0.07782696390449569,0.17153886104799965,3.7650136318336904,0.00029423527277286365,0.009027612804371917,3.1849248602519764,0.07412918701743162,0.15667761541885003,3.5956842392328046,-0.0022942352727728134,-0.0059698511760933595,3.483150374139619,0.36806314215930885,0.2067480268049332,3.618849356429393,0.39221421656202893,-0.07707281509338405,3.662660312894936,0.7257773661376856,0.32989537056385476,3.523942046752348,0.6900895999577077,-0.05696908770625607,3.5682996278085812,0.8827852177227127,0.289679555664961,3.464596967931976,0.8598553622774109,0.031032924576422052,3.543777557819888,1.0601677973201822,0.2253722477524347,3.4966229996854308,1.0467193767945824,0.024042238597252137,3.538601379910829,0.6827918537523019,0.15157594619853962,3.515110086112944,0.6838402200281611
5.666666666666656,0,0-ACCAD_Female1Walking_c3d_B1 - stand to walk_poses,168,0.11430213181301951,3.547716934233904,0.765969844718962,0.7318634805320762,0.002351474048076544,-0.01036382794584132,0.6813684080610031,0.20186182856559753,0.04747835174202919,0.1526464819908142,0.6652557253837585,-0.8713394204202127,-0.058536582735801534,-0.26391008496284485,0.11795984953641891,-0.0807509496808052,0.2502264082431793,0.010804771470158903,-0.13066109142085536,-0.13282416760921478,0.0714828372001648,0.019289109855890274,0.07493997365236282,0.1819426268339157,0.9678217768669128,0.1385878324508667,-0.2005348950624466,0.9745549559593201,0.11340472875351786,3.5463995527943917,0.8409529039649786,0.14760689482665387,3.5355272055571,1.3587603534943549,-0.004979129331395434,3.394265171449884,0.08739168571510961,0.17301164400343427,3.7680074727007633,0.00028394719894996034,0.008558304382601446,3.2248731786536875,0.08258641101198774,0.15700786309253417,3.5987819281901396,-0.002283947198949726,-0.007731002042683076,3.534548778992744,0.3641809439181258,0.2085689583192144,3.6343408509350565,0.39277112359486316,-0.08194214947351608,3.673911247709787,0.7275403363927083,0.3353410243512593,3.5631926530777633,0.696572670209495,-0.05750566411393,3.5829517916769693,0.8859347799368327,0.2953229953104322,3.497473333012655,0.8640214460367176,0.03173062553105055,3.563526096387091,1.0634886456791408,0.22765450564400413,3.5232124445565987,1.0508068643541526,0.026376914734780044,3.5604819293563885,0.6869165233110069,0.154126359581176,3.539773833195475,0.6877235959070311
5.6999999999999895,0,0-ACCAD_Female1Walking_c3d_B1 - stand to walk_poses,169,0.11515122232958674,3.567971784621477,0.7688740531630981,0.7296209699813226,0.005007917535798773,-0.011118677474774429,0.6837430335562334,0.10552909970283508,0.06844218820333481,0.15727533400058746,0.8037175536155701,-0.9130362890610506,-0.07369828792857269,-0.23013100028038025,0.11606818437576294,-0.08171731233596802,0.2504061758518219,-0.018547303689536276,-0.13147111065377537,-0.09364563971757889,0.06763796508312225,0.02478291280567646,0.07813869416713715,0.1900223195552826,0.9703896045684814,0.11328846216201782,-0.20565661787986755,0.9629648923873901,0.11444797860213755,3.566283354634108,0.8438517475290731,0.14837580635855258,3.5579637144321,1.3616929499658887,-0.007224000085499749,3.441833578484947,0.09507933686660745,0.17086322554679786,3.7711778691847893,0.00025998429211012905,0.00914583883214783,3.2727297291783355,0.08908629727913628,0.15498910234864863,3.6019393925577985,-0.00225998429211002,-0.012021706964370953,3.589735681479743,0.36174323777095346,0.20777528016403107,3.6478504224370987,0.39285834655490853,-0.0895698443344029,3.683495370925483,0.730274301442938,0.3383977098068362,3.604032329853206,0.7024487649955976,-0.05965976724719648,3.594737602689727,0.8889784604010865,0.3000078251729996,3.5307398923887594,0.8671120565104002,0.03167838821539688,3.5801298682041818,1.0662492102532932,0.22926378489120464,3.5488505139089566,1.0538476815032791,0.026791196076964077,3.578160316796047,0.6904124954723099,0.1548842426082427,3.561484651538679,0.690718241032212
5.733333333333323,0,0-ACCAD_Female1Walking_c3d_B1 - stand to walk_poses,170,0.11706155864521861,3.5848303623497486,0.7711751605952195,0.7297539922905119,0.005269771405064303,-0.010171366999629606,0.6836138409502523,-0.00531563488766551,0.0897531807422638,0.15898361802101135,0.9420042037963867,-0.9462205743789309,-0.08351808566047669,-0.20357385277748108,0.1146748960018158,-0.08125697821378708,0.2458387315273285,-0.04123495399717125,-0.13099620338873585,-0.05153902992606163,0.06465652585029602,0.030244778841733932,0.07145078480243683,0.19498498737812042,0.9669022560119629,0.0839763805270195,-0.2111159861087799,0.949406087398529,0.11648854259463573,3.583210523752203,0.8461554765156241,0.14982935743536452,3.5801013895717104,1.3640645042857509,-0.008526028033472159,3.491319486406778,0.10385186622727721,0.17200907751442251,3.772168481345469,0.00021757284630011253,0.009535276984167758,3.3224353283281665,0.09664559041112908,0.15541721110883622,3.6029976208681544,-0.0022175728462997778,-0.015146221495070628,3.644589170814994,0.3625234580511764,0.20895337306065212,3.656805412963847,0.3927810854265183,-0.09321853938913344,3.6942060376456567,0.732731702112928,0.34141326858452,3.642133018594628,0.7083099556078469,-0.05955141105372774,3.6061876964076673,0.8910947668708705,0.3049031592474272,3.5614337343569233,0.8699088468289313,0.03276073843447801,3.5952641676878563,1.0683253325233415,0.23150409367359692,3.5722233039391704,1.0563929293281809,0.028387134575472418,3.5922161511870003,0.6929362988307904,0.1566969883328905,3.578901593859445,0.6931132050542257
5.766666666666656,0,0-ACCAD_Female1Walking_c3d_B1 - stand to walk_poses,171,0.11731556383892894,3.6004932709038258,0.7729829939579389,0.7272382626225218,0.0020158812515275177,-0.007480901986111163,0.6863413740304674,-0.12735465168952942,0.11092725396156311,0.15314646065235138,1.0643115043640137,-0.9599584010705997,-0.08621814868851951,-0.18436023592948914,0.11467116326093674,-0.07982272654771805,0.23619310557842255,-0.0584764589600113,-0.1285714222030132,-0.007438411004841328,0.062095966190099716,0.035123128443956375,0.06189877539873123,0.19434984028339386,0.9599778652191162,0.055873237550258636,-0.21933791041374207,0.9365957379341125,0.11670704152065296,3.5995031991247535,0.847973989807177,0.14807899545829828,3.605372895713426,1.3659584172722978,-0.010874471794880871,3.5423198152342765,0.11166341359801367,0.17149826969297496,3.772928816631115,0.0001556477687898357,0.009429282065223896,3.3737414254972937,0.10335172948020725,0.1557746027523611,3.603673316836046,-0.0021556477687898166,-0.019806470227475118,3.696750808771761,0.3675429649473301,0.20865724798221935,3.664134092078564,0.39270438481113146,-0.09719525942110879,3.7025917642097506,0.7335616948527081,0.34148209555828485,3.680273675484553,0.71386777955391,-0.060312657169035916,3.615953345160986,0.891969466758048,0.3076251779063653,3.5934049615303465,0.8728240624345229,0.031519520257589945,3.61038262825284,1.0696723723250054,0.23123211226417714,3.597486659352268,1.0586833104848885,0.028464520173708464,3.6035279414991352,0.6943902482449489,0.15706955980379309,3.594666907791875,0.6950956221402159
5.799999999999989,0,0-ACCAD_Female1Walking_c3d_B1 - stand to walk_poses,172,0.1175835463218391,3.615234214812517,0.7742181068958041,0.7244231683118041,-0.002957336047203985,-0.0041877528940782414,0.6893364853990318,-0.25807830691337585,0.1263437122106552,0.14221224188804626,1.1608518362045288,-0.9432707337229549,-0.07418422155392124,-0.16964952647686005,0.11713036894798279,-0.07786861807107925,0.22345831990242004,-0.07118438542483485,-0.12669630754761885,0.03787811100482941,0.060713883489370346,0.03977670893073082,0.05199277773499489,0.19201254844665527,0.9517361521720886,0.030169427394866943,-0.2317521870136261,0.9250996708869934,0.11682270059335531,3.6151225535956204,0.8492141644291844,0.14566619677856155,3.6314626533954155,1.3671020045560105,-0.012202054719424593,3.598273498856891,0.11628360840591177,0.17083751556816096,3.774076076398589,8.135961637125572e-05,0.009847460386898835,3.429964133393317,0.10702205449606783,0.15638527756510295,3.60470531309446,-0.002081359616370952,-0.022960967523091118,3.7474495764609297,0.3776483841549341,0.20846247373081184,3.670394524742947,0.3925846598269114,-0.1006028176216359,3.7096613448083935,0.7335618496833662,0.3408591497206549,3.7167677693403305,0.7184994259423064,-0.060610593788611514,3.6248295316382975,0.8921927095793252,0.30987367903995117,3.6248936282252293,0.8752112857526788,0.03021544296570744,3.625229601325099,1.0704053554080595,0.23037543797014642,3.622896001018765,1.0602704844452282,0.02872642376179535,3.6134163944287923,0.6947818595872763,0.15756750276815576,3.6091773806603227,0.6965517283955096
5.833333333333322,0,0-ACCAD_Female1Walking_c3d_B1 - stand to walk_poses,173,0.1172662335447967,3.6284724064171314,0.7750523526477209,0.7215541827215048,-0.008191608431120248,-0.000550381016423304,0.6923092921730497,-0.39337462186813354,0.1322198510169983,0.1290743499994278,1.2307878732681274,-0.8967167198694788,-0.048769821885235376,-0.1584204137325287,0.12046431750059128,-0.07501498609781265,0.210184246301651,-0.08064228135193807,-0.1256891290997495,0.08459555357694626,0.06084579601883888,0.04391191527247429,0.04241875186562538,0.19102327525615692,0.9432423114776611,0.00568710220977664,-0.24872416257858276,0.9142358899116516,0.11635599509091694,3.6293018547323492,0.8500422418425281,0.14315021871618103,3.656215974679644,1.36758551804822,-0.012497259009792237,3.6581929241628948,0.11878879264379104,0.16920706036892547,3.7753960575057848,5.386035557462809e-06,0.010571737215983805,3.4900628895110746,0.10878315117945869,0.15628060170885502,3.605900147637176,-0.002005386035557437,-0.02470293339213446,3.7953463710265094,0.3932746579587363,0.2076103398137075,3.675733721720974,0.39243854992239224,-0.10510944587545852,3.714684610738935,0.7337894958654085,0.33898586800549463,3.751714914216498,0.7222441008951662,-0.06132393271105922,3.6319428926185706,0.8925226087423017,0.3112678541273898,3.6552503691182987,0.876794634539728,0.028851991651489023,3.638518510070666,1.0709049758045937,0.22885793299328241,3.647043006025669,1.0610489473602218,0.028466888435517222,3.621710760324154,0.6944290686205965,0.15746494349852894,3.6220406371608664,0.6975878554048722
5.866666666666656,0,0-ACCAD_Female1Walking_c3d_B1 - stand to walk_poses,174,0.11658107815310359,3.6392472572624683,0.775565436789691,0.7233646366204212,-0.014045186334433057,0.0037689455220339097,0.6903130668598769,-0.5269339084625244,0.12870697677135468,0.11454617977142334,1.2777633666992188,-0.8302085312008063,-0.019111432784867044,-0.1521141082048416,0.12395773082971573,-0.07125234603881836,0.197799414396286,-0.08776429649231288,-0.12474961320008571,0.1328584849834442,0.05979105830192566,0.048040103167295456,0.03513409569859505,0.18581852316856384,0.9361699819564819,-0.019289156422019005,-0.2678840458393097,0.9030056595802307,0.11553569009133069,3.641161488780151,0.8505337159582634,0.1396787139565453,3.6791204167221774,1.3674992588893515,-0.010325125810941024,3.7188440273297645,0.12132998231641981,0.1692130675116683,3.7750609955359082,-6.524871599782045e-05,0.010397603802398483,3.5504379737344016,0.11084334368393914,0.15572135025243355,3.605607525445901,-0.001934751284002282,-0.022075281667714653,3.8388765480517577,0.4130197819065641,0.20711180861568027,3.6781054788885297,0.39231351030553596,-0.10736998070095419,3.718735971556368,0.7328494005028764,0.3373162068777351,3.7818686549744904,0.7256958995422378,-0.06144765228088295,3.6385480768071385,0.8922878070815103,0.3118919580038265,3.681342889912888,0.8780367749898511,0.02706075324755293,3.6508853279956677,1.070991916990295,0.22654197177543756,3.6678158679796145,1.061359411060772,0.027776806827295275,3.628786349509056,0.6934687357047631,0.15689516557663838,3.6316377381469156,0.6983002180277461
5.899999999999989,0,0-ACCAD_Female1Walking_c3d_B1 - stand to walk_poses,175,0.11544018564745784,3.649486619979143,0.7759469876654065,0.7283030583783068,-0.01948945788405499,0.008464394834622807,0.6849256676518073,-0.6523726582527161,0.11725419014692307,0.09989796578884125,1.3048762083053589,-0.7503742607191541,0.007166337393067712,-0.14982154965400696,0.12620030343532562,-0.06634233891963959,0.18717116117477417,-0.09246115529993526,-0.12337631474615163,0.18210875988006592,0.05838151276111603,0.05147196352481842,0.031667422503232956,0.17865720391273499,0.9315966367721558,-0.04328952729701996,-0.287703275680542,0.8918673992156982,0.11436255785125321,3.652485376939113,0.8508792649231269,0.13640309809161372,3.700725819349179,1.3670669061196383,-0.004982535341201293,3.779324186022435,0.12500696876846504,0.17004590106275055,3.775780313013261,-0.0001256216089690898,0.010732282331341212,3.610390807512107,0.11430378556883058,0.15464148177386464,3.606488713351348,-0.0018743783910308287,-0.015650199425768445,3.8780891629624326,0.4354393479771843,0.20648720058092876,3.680360498820255,0.39225386267633033,-0.1087091874738807,3.7224388211332453,0.7316013603023082,0.335305514466266,3.809550960234441,0.7286864853850678,-0.061354839930053987,3.645358870716483,0.8921498302938219,0.31188018179261306,3.705239080416423,0.8787859514804813,0.02523760884858968,3.6632049131439857,1.0710414938513835,0.224023882091136,3.6868752353224203,1.061247704068628,0.02642250841183557,3.6364942499406534,0.6922780190602013,0.1557037020483566,3.6402407706428996,0.6988455124511667
5.933333333333322,0,0-ACCAD_Female1Walking_c3d_B1 - stand to walk_poses,176,0.11312619922682643,3.6600681133568287,0.776315835180568,0.7347695898300265,-0.02462347672936965,0.014083317372135891,0.6777233907919723,-0.7672667503356934,0.10046511143445969,0.08667712658643723,1.312421441078186,-0.6603647797358558,0.026679906095365857,-0.14984817802906036,0.1270803064107895,-0.06043987721204758,0.17843158543109894,-0.09757265074344179,-0.12198471575850633,0.23101955652236938,0.05714091658592224,0.0535956546664238,0.033042605966329575,0.17290247976779938,0.9303131699562073,-0.06450571119785309,-0.3075309991836548,0.8812994360923767,0.11217521230485464,3.6642136896817794,0.851195136865401,0.13340684484770168,3.722228699673031,1.3664002683709007,0.002511098317271329,3.8385182100187722,0.1296702295107092,0.16985133911054595,3.7768460351454047,-0.00017713406619276548,0.01160374648489166,3.6690984005277576,0.11898136140748403,0.1518634867336422,3.6078083803655105,-0.001822865933807316,-0.007587094808389011,3.9122269574261432,0.4589004212840797,0.20450059992990177,3.682947221651138,0.39217124317498364,-0.11119072501060015,3.7254233587104384,0.7306344214033665,0.332067605988457,3.835581793131987,0.7307450232027712,-0.062205293909867274,3.652528333783854,0.8926415418795858,0.3107117891284942,3.7280590600987895,0.8788745448096528,0.02300739788545414,3.6762203360634906,1.0712870329881206,0.22099439709644653,3.705571528429918,1.0607115637268774,0.02364383846427108,3.645285641176134,0.6911565256284694,0.15313195019526638,3.6488805053440614,0.6993374506113859
5.966666666666655,0,0-ACCAD_Female1Walking_c3d_B1 - stand to walk_poses,177,0.11192103801295161,3.670386631041765,0.7763939998354137,0.7407700106547062,-0.029731488659270763,0.018724618990268373,0.6708391897768046,-0.8692554235458374,0.08278586715459824,0.0747164860367775,1.302749752998352,-0.5628982177930548,0.04077898829246107,-0.15008749067783356,0.12901586294174194,-0.054539959877729416,0.17111070454120636,-0.10249088951560115,-0.12026340756911469,0.2774837911128998,0.05455158278346062,0.05535625293850899,0.03867856785655022,0.16582338511943817,0.9326786994934082,-0.08258367329835892,-0.3249380886554718,0.871271014213562,0.11100987627983405,3.675574441552248,0.8512088139192796,0.13008585422479021,3.742201264344963,1.3654441813367013,0.013839503114657674,3.8951700911391116,0.13468884375796406,0.17078680026505427,3.7784074836325936,-0.00022101309986512566,0.016246569941901375,3.7255118713252435,0.1241867259297186,0.1504984582415854,3.609629653644243,-0.0017789869001348727,0.0024567158050660936,3.940452062092854,0.48153310834833957,0.20372143091985606,3.6860274667118045,0.3920968055385503,-0.11152258823841688,3.7264741427134824,0.7285626868797774,0.32904483269181684,3.8599638464848507,0.7326460401963996,-0.06168224359569951,3.658718165816924,0.8925280242070809,0.30975886802617,3.749596118615596,0.8789559182500074,0.021259630263236018,3.688496976273204,1.0710476264474411,0.21834529755337945,3.7232700094848896,1.0600812774625723,0.022073720705893436,3.654223405724234,0.6896411653758159,0.1517517016369088,3.657408098486435,0.699604977810884
5.9999999999999885,0,0-ACCAD_Female1Walking_c3d_B1 - stand to walk_poses,178,0.1099367025308311,3.6818285770714283,0.7763801131970278,0.7483014846104578,-0.03394875789453311,0.022815518313534774,0.6620965353264492,-0.9572988152503967,0.06625916063785553,0.06526083499193192,1.2768118381500244,-0.4594342827997462,0.049629566615328136,-0.14789284765720367,0.13069206476211548,-0.048541903495788574,0.16505299508571625,-0.10908310864596826,-0.11858291595674075,0.3202821612358093,0.049413301050662994,0.057458385825157166,0.048629291355609894,0.15634070336818695,0.9390299916267395,-0.09713825583457947,-0.3384772539138794,0.8618962168693542,0.10912603221766635,3.6879050743054624,0.8511291532912533,0.1252476003157288,3.7616768458902685,1.3644717642497448,0.02714121027703358,3.9513880031823967,0.14023457767832861,0.1711055163510564,3.7803879654801658,-0.00025927363760144123,0.022270416202263763,3.781762797631066,0.13005788829768444,0.14770199119783986,3.6120131445946573,-0.0017407263623983246,0.012837130555478592,3.9653431167257644,0.5026347445864733,0.20200612599739867,3.68995603459999,0.3919522932310572,-0.11069147667407146,3.728541075337006,0.725606139468846,0.3255891208123625,3.8822559875833162,0.7344631576766183,-0.061483252110891125,3.666502022371805,0.8920070732002671,0.30768936323010304,3.769610646535668,0.8792049623597277,0.018323733777009715,3.701924457311543,1.0705439364871507,0.2147031062608406,3.740494779315383,1.0596051420665165,0.019616835732199127,3.665270088844503,0.6881434348978139,0.14948321374075804,3.6670948317871415,0.6997720500549626
6.033333333333322,0,0-ACCAD_Female1Walking_c3d_B1 - stand to walk_poses,179,0.10797132877632976,3.693980772048235,0.7762752566395216,0.7547812964668421,-0.037160443002623916,0.026497502561562802,0.6543868720700942,-1.0278840065002441,0.052801262587308884,0.056914322078228,1.2361799478530884,-0.35551970265434396,0.05246050938112645,-0.1414390206336975,0.13210520148277283,-0.04272998124361038,0.15991978347301483,-0.11900233982098651,-0.1177051774862683,0.3587634563446045,0.043376486748456955,0.06007881835103035,0.06238779425621033,0.14849349856376648,0.9487409591674805,-0.10708250105381012,-0.3480071723461151,0.8538666367530823,0.10732370576762831,3.700788915823095,0.8509628042145989,0.12038611389744835,3.7806292523671323,1.3634640196919494,0.03949760303182378,4.004364540326803,0.14562771229267982,0.1701077808000677,3.781766637274551,-0.00029516225166422577,0.02831403233929948,3.835012657841438,0.13588770997087485,0.14398552385776273,3.6137915185598013,-0.0017048377483357136,0.021219343745924053,3.9858563984209305,0.520372462858713,0.199688202524327,3.6944855174255666,0.3916317901506889,-0.10970114656804027,3.7296853470583002,0.7226843506369673,0.32142081381227644,3.903021526645525,0.735485455929936,-0.06127101474802405,3.674273961630181,0.8916330555772551,0.3050937089668641,3.788846441497635,0.8792110270124927,0.015417975755262256,3.7155709753735806,1.0699580748130026,0.21106880239791975,3.757698817706674,1.0590868359506265,0.017163595569126333,3.677322171203826,0.6868465533209654,0.14719332829394915,3.677875878594205,0.6998076509210641
6.066666666666655,0,0-ACCAD_Female1Walking_c3d_B1 - stand to walk_poses,180,0.10686107305809855,3.707788784056902,0.7758533822293616,0.7596138634732539,-0.040563589073756165,0.029052898249152942,0.6484576337464281,-1.0794928073883057,0.0451538972556591,0.046072233468294144,1.1844247579574585,-0.25729232090909293,0.04960857117653328,-0.1305333971977234,0.1336003541946411,-0.03744757920503616,0.15533855557441711,-0.1326117549075243,-0.11548928342080689,0.39196187257766724,0.03974097594618797,0.060802970081567764,0.07490890473127365,0.14676490426063538,0.9579657912254333,-0.11256243288516998,-0.3530474305152893,0.8473019003868103,0.10622585535266416,3.715236619796619,0.8504799608810786,0.11671845686016488,3.7996850379632976,1.3622925488819313,0.04929256493653369,4.05352418082328,0.149477553877343,0.17008757034826374,3.7830244104094004,-0.0003276781004438803,0.03337792203733034,3.884522036991386,0.14025803536417336,0.14192420265154482,3.6153789015132984,-0.001672321899555889,0.02736418698786264,4.00355633140888,0.5328634558698319,0.19848213985114452,3.7003583070241697,0.3911754047545418,-0.10966785474341029,3.733034202053443,0.7205631467571215,0.3170962730534307,3.92343173129342,0.7354084976082911,-0.061211839597020985,3.683682981572589,0.8913730874436963,0.30271105193570186,3.808371392578973,0.8786347105460035,0.013505810511328403,3.7302110303592184,1.0691762903584772,0.20838075282680177,3.7757882790705852,1.0582833496424375,0.015828360348493182,3.6910266518679125,0.6853909115267355,0.14596835312945433,3.690710355491877,0.6995881628009246
6.099999999999988,0,0-ACCAD_Female1Walking_c3d_B1 - stand to walk_poses,181,0.10537448851391673,3.7224107570946217,0.7752058990134219,0.7651607675623363,-0.043408701247694276,0.03113342837388527,0.6416193529477527,-1.1145532131195068,0.04348956421017647,0.03165953606367111,1.1273771524429321,-0.1684333210218545,0.04003397911189355,-0.1162547618150711,0.13433846831321716,-0.03260275349020958,0.15115316212177277,-0.14857109414672576,-0.11279988071112235,0.41931700706481934,0.035162173211574554,0.060331717133522034,0.08561639487743378,0.14231152832508087,0.966356098651886,-0.11452437937259674,-0.3524303436279297,0.8420175909996033,0.10477002078560091,3.730389323894702,0.8497778581574733,0.11273480797839253,3.8177702583689994,1.3611374222684167,0.055663274216737724,4.098654110059776,0.1519871054972209,0.16972962895532673,3.783763672476005,-0.00035740933014979936,0.03541003838508231,3.9300872090109893,0.14332648720776486,0.13899991394638156,3.616569076497567,-0.0016425906698501677,0.03167062089760518,4.019720132223059,0.5406814889727569,0.1967469431038953,3.7064592381157957,0.39055673666591834,-0.10871746815286101,3.740195951712136,0.7181511227735282,0.3128906014947407,3.9412918267429022,0.7348273393673387,-0.06134633507579888,3.6954800217517074,0.8905344907732788,0.2998359897077226,3.8259417010056316,0.8779478822941114,0.01108705875168027,3.74560856206742,1.0681236789495885,0.2055249939654472,3.7930841062592244,1.0575337330810306,0.014119168138376686,3.7061460691284136,0.6839945754460434,0.1443393664353664,3.704467070220711,0.6991258501963116
6.133333333333321,0,0-ACCAD_Female1Walking_c3d_B1 - stand to walk_poses,182,0.10431804088875651,3.7368596382439137,0.7743813352497055,0.7695436132088503,-0.04542136828619293,0.03228929598795903,0.636157942681752,-1.1355657577514648,0.04227641597390175,0.018079573288559914,1.0715646743774414,-0.09245371651364986,0.030592578571182805,-0.09841985255479813,0.13327638804912567,-0.027994167059659958,0.14759370684623718,-0.16632954178937842,-0.10872371731216035,0.44155165553092957,0.028592893853783607,0.0602591447532177,0.09742338210344315,0.1320195198059082,0.9755077958106995,-0.11220560222864151,-0.34637099504470825,0.8387582302093506,0.10371096948372792,3.745183860640042,0.8489154803498473,0.10785201823505336,3.834097101245969,1.3600471863028416,0.061023768123803106,4.13787387079447,0.15347492650563846,0.1700042358295317,3.783808536629532,-0.00038118935705871645,0.03728929385236725,3.9697342449287536,0.14536684752258544,0.13720031151933973,3.6170081444135547,-0.0016188106429413061,0.03499892508601991,4.034023151340922,0.5447422928348686,0.1956184283742629,3.712634698635309,0.3898010737115436,-0.10493153685216089,3.7475421358951437,0.7147644956695143,0.30858134230797335,3.956633533624134,0.7339171574015162,-0.060177341309051155,3.7070647807893757,0.8888857462654676,0.29664363935365734,3.841725700325713,0.8774902931164018,0.00845021096197461,3.7601604026653663,1.0667056201661331,0.20251597085072032,3.8093238115693864,1.0570296207996699,0.012945296950098998,3.721182795746014,0.6826524275043496,0.14322811637060484,3.718467323986112,0.698444986624673
6.1666666666666545,0,0-ACCAD_Female1Walking_c3d_B1 - stand to walk_poses,183,0.10067662177607417,3.7554732151329517,0.7733501913307883,0.7731146920391017,-0.04550465801613956,0.03257584626131013,0.6317925397569036,-1.139032006263733,0.03690621256828308,0.008050139993429184,1.0225876569747925,-0.037365923124179634,0.023548382015310176,-0.07340691238641739,0.12871529161930084,-0.023163294419646263,0.14559514820575714,-0.18913648962890206,-0.10332155617028871,0.4586638808250427,0.02441098913550377,0.058426633477211,0.10962851345539093,0.1224721148610115,0.9838049411773682,-0.10367677360773087,-0.3362537920475006,0.8388137817382812,0.10014192605979014,3.76383743957985,0.8478804123816673,0.10259368746301913,3.851544041059528,1.3592318515003976,0.06420327616787648,4.172743988972004,0.1526081464729418,0.167514179722642,3.7859219448268653,-0.0003955523925501317,0.03706020056342176,4.005097946684677,0.14498856957350878,0.1329614532552232,3.6194748130821965,-0.001604447607449773,0.03565169945715153,4.051122922483357,0.5446360385162252,0.1918126491147168,3.722700975864443,0.3886671214577303,-0.10410565435570225,3.7600421255407532,0.712213104985043,0.3018792525757242,3.9729808180393924,0.7318322149225344,-0.06144298481976569,3.7226823643326585,0.887551945732636,0.2911017831344014,3.8592686947116364,0.8764453656554558,0.004215895878627793,3.7776640889181197,1.0655309970510936,0.1979967912889089,3.8280305536609998,1.0563457532713179,0.00915267876208169,3.7407426267396944,0.6815271841095166,0.13952263129422474,3.737221490458558,0.6974196879138288
6.199999999999988,0,0-ACCAD_Female1Walking_c3d_B1 - stand to walk_poses,184,0.09904375998303294,3.777667123824358,0.7714059763934483,0.7753308849934715,-0.04531540032405,0.031264456763297865,0.6291510685137611,-1.1241061687469482,0.027173766866326332,-0.00012651155702769756,0.9825971722602844,-0.00738948782070703,0.020790687054664803,-0.04190923273563385,0.12461666762828827,-0.019308211281895638,0.14532867074012756,-0.21763512264079576,-0.09734859604241075,0.4712066948413849,0.023942168802022934,0.05527342110872269,0.12264049798250198,0.11633894592523575,0.9911307692527771,-0.08877813816070557,-0.32306596636772156,0.842540442943573,0.09840326994260139,3.7858877981967893,0.8459513336289634,0.10014789157216152,3.8709566728940152,1.3577597985655492,0.06997589434062801,4.200622782793132,0.14674578267394223,0.16675985443822003,3.7892744785480015,-0.0004002608968806526,0.039622567937855506,4.033510429598515,0.1395251880970192,0.13100840929782576,3.623080629617284,-0.0015997391031192555,0.038376481796672794,4.069976607196512,0.5388769539694213,0.1902038701173086,3.735992664752937,0.3869573414750297,-0.10248182810492462,3.7760965645877054,0.7094226305080521,0.2972854438812452,3.9900549255986566,0.7278522859737316,-0.06120373472651362,3.7414204236073214,0.8856419497041036,0.2875139059997945,3.8786591058383655,0.8743277193799248,0.0023089646329715052,3.798011311738594,1.0636456238459635,0.19580871898468277,3.8495071057567727,1.054801803163436,0.007652370928457795,3.7639298505629903,0.679674739313203,0.13809250410133467,3.7600718821885777,0.6954858722448051
6.233333333333321,0,0-ACCAD_Female1Walking_c3d_B1 - stand to walk_poses,185,0.09762367187067866,3.798006374388933,0.7690467636871268,0.7759558451493409,-0.0446003868865454,0.028794347102182392,0.6285492959530713,-1.0983597040176392,0.01763184927403927,-0.006564935203641653,0.9534003138542175,0.002768802114468061,0.0201291386748097,-0.010413235053420067,0.11980929970741272,-0.016103995963931084,0.14689166843891144,-0.24577555309062005,-0.09043295450116506,0.47888046503067017,0.026617899537086487,0.051549967378377914,0.13368140161037445,0.11352208256721497,0.9963295459747314,-0.07064848393201828,-0.3095342814922333,0.8488224744796753,0.09677011189534238,3.8059123640137895,0.8436240173468061,0.09885230297990388,3.887337805802059,1.3560375754348506,0.07346187094071002,4.219319421007678,0.13807531559086159,0.16683750768392258,3.7922271787933015,-0.00039146060179707023,0.04089153052477941,4.0526126793570665,0.13114457151633796,0.13071837885124293,3.626112979365403,-0.0016085393982031085,0.039817812948673315,4.0862271372994625,0.5303032100428293,0.18942352394851072,3.748837853205253,0.38501813015308617,-0.10209681720227586,3.7912572507757543,0.70690074442027,0.29323075612786154,4.003873509054045,0.7230164699364044,-0.06130961624666992,3.7583111790152866,0.8835657517022139,0.284355624351497,3.895348762815701,0.8716878380407688,0.0010279690758670662,3.8159146926632026,1.061545185523879,0.1942222737599465,3.868563050420141,1.0528104294807772,0.006542322760579002,3.785137512263036,0.6775273066247425,0.13703868062112654,3.7814402504110385,0.6931122568335893
6.266666666666654,0,0-ACCAD_Female1Walking_c3d_B1 - stand to walk_poses,186,0.0955333593301475,3.821587163954973,0.7663417585849714,0.7784488171502161,-0.0461339787089372,0.029065712645035408,0.6253353335885867,-1.0755170583724976,0.011338727548718452,-0.009955503977835178,0.9383412599563599,-0.006163951233949305,0.021745286344956982,0.011863616295158863,0.11373759806156158,-0.013390679843723774,0.14913323521614075,-0.2724978900850332,-0.08187547727729605,0.48278459906578064,0.02965908870100975,0.049522556364536285,0.14126735925674438,0.11115799099206924,0.9995974898338318,-0.05569792538881302,-0.29862818121910095,0.8548105359077454,0.09459990372951259,3.829700477695365,0.8408957846385093,0.09817183741614081,3.911913266490413,1.3531853114998156,0.07708209722964401,4.234516725874028,0.12792914814409692,0.16706379887879008,3.798300854911536,-0.0003732412111480503,0.04194817157214346,4.068325177868047,0.12114854055560015,0.12952870315739043,3.6325011405484897,-0.0016267587888521388,0.04153026023039007,4.105477376015487,0.5203848572683922,0.1879923887059135,3.7642120412526454,0.3829697926114664,-0.10295209889700006,3.81262834699557,0.7043312455514258,0.29090605888185744,4.019722199126869,0.7166627175899475,-0.06266493759767282,3.781589382054407,0.8814557540023777,0.2818265683088578,3.9148951094267463,0.8679518722577741,-0.0005465193491219211,3.840476909105418,1.058994621655933,0.1928701103009063,3.8922239464576793,1.0498056935308737,0.004578843366232273,3.809518688615903,0.6751549783734431,0.13508017327228214,3.8050404265300486,0.690471035304042
