timestamp,motion_id,motion_key,frame,qpos_0,qpos_1,qpos_2,qpos_3,qpos_4,qpos_5,qpos_6,qpos_7,qpos_8,qpos_9,qpos_10,qpos_11,qpos_12,qpos_13,qpos_14,qpos_15,qpos_16,qpos_17,qpos_18,qpos_19,qpos_20,qpos_21,qpos_22,qpos_23,qpos_24,qpos_25,qpos_26,qpos_27,pelvis_x,pelvis_y,pelvis_z,head_x,head_y,head_z,ltoe_x,ltoe_y,ltoe_z,rtoe_x,rtoe_y,rtoe_z,lheel_x,lheel_y,lheel_z,rheel_x,rheel_y,rheel_z,lknee_x,lknee_y,lknee_z,rknee_x,rknee_y,rknee_z,lhand_x,lhand_y,lhand_z,rhand_x,rhand_y,rhand_z,lelbow_x,lelbow_y,lelbow_z,relbow_x,relbow_y,relbow_z,lshoulder_x,lshoulder_y,lshoulder_z,rshoulder_x,rshoulder_y,rshoulder_z,lhip_x,lhip_y,lhip_z,rhip_x,rhip_y,rhip_z
0.03333333333333333,0,0-ACCAD_Female1General_c3d_A1 - Stand_poses,0,-0.08688530698418617,0.1907805074006319,0.7855900993238366,0.7711530759976769,-0.01059137395712397,0.009543078631718861,0.6364901301884031,-0.04434220865368843,0.0022370407823473215,0.222525492310524,-0.013019340112805367,0.024938892087824183,0.043873630024721555,-0.10252685844898224,0.08758124709129333,-0.018348459154367447,0.145269975066185,-0.08080125895976598,-0.08548970788085186,0.12072563171386719,0.05846397578716278,0.18716201186180115,-0.10855870693922043,0.18181820213794708,1.0192482471466064,-0.11034773290157318,-0.19154103100299835,0.9886316657066345,-0.0867926265663121,0.19291675429564872,0.860559612191026,-0.04737981903189952,0.30139703620776054,1.3662572192835256,-0.17402137777550256,0.34119529298801177,-0.001069323234982742,9.557910688771584e-05,0.29688401899483896,0.0041615472978435465,-0.16920725630737077,0.1712635272358534,-0.0009306767650171209,-0.03162019425776764,0.12987599636341365,0.0026026705794612998,-0.18658421958769372,0.21238382367258332,0.39613716782074015,0.013026013847464272,0.19735542868469858,0.39839203402223405,-0.2905590522549582,0.3263848428458612,0.7319583799176776,0.12555518162792723,0.30251900547491667,0.7108504764075082,-0.25783655381300424,0.25328726588960826,0.8979268906147647,0.10066840159262655,0.22799478496206324,0.8775428665775283,-0.16855604947277206,0.2491176673192482,1.0764645039257215,0.03102676789534474,0.2347865852986017,1.064910110842464,-0.17502121300537854,0.2044334078074374,0.707553837518972,-0.04873002764979885,0.1785747846701644,0.7080277979306984
0.06666666666666667,0,0-ACCAD_Female1General_c3d_A1 - Stand_poses,1,-0.08724375441670418,0.19440272636711597,0.7856072028290382,0.7739314416861005,-0.012502969124591064,0.011712923866783744,0.6330376029488568,-0.0445086769759655,-0.000173554930370301,0.22384972870349884,-0.01400588359683752,0.01987094848074511,0.045531015367135996,-0.10204742848873138,0.08538024127483368,-0.01789671927690506,0.14479467272758484,-0.08653128845235236,-0.08296201670298253,0.11816127598285675,0.05127406865358353,0.18580730259418488,-0.10335522145032883,0.15930436551570892,1.0207146406173706,-0.1125616654753685,-0.18849854171276093,0.9859960079193115,-0.08707123184917347,0.1969664006923314,0.8605631753056723,-0.05003003848166785,0.30749497125529623,1.3659793168705745,-0.17215577890464637,0.3414614087146072,-0.001074221855281339,0.0015021699087249055,0.2951073059517524,0.004083667382851926,-0.1686590386669889,0.17149743967359207,-0.0009257781447186454,-0.031793667812072615,0.12840706497756996,0.002529045364549145,-0.18636561649860306,0.21453450681657052,0.3961503760315495,0.012952180415406182,0.19761688695875912,0.3982466527107443,-0.28169400455267657,0.3289232621461943,0.7277568126463942,0.12612878484237927,0.3047070000283564,0.7119072832260452,-0.2541136763936922,0.25787182424228505,0.8955381670174856,0.09983176788132114,0.23046251245307145,0.8785079650007646,-0.1698925363298575,0.25514903793740773,1.075652752491147,0.02958688823750688,0.23851339110305633,1.065484206445823,-0.1753192966369746,0.20838694858299245,0.7075612155469778,-0.04925887747205995,0.181427659127881,0.7080877795827204
0.1,0,0-ACCAD_Female1General_c3d_A1 - Stand_poses,2,-0.09022023156285286,0.19550241716206074,0.785479836747592,0.7744562202413554,-0.013049518670603506,0.01258121693766177,0.632367761648478,-0.04509849473834038,-0.003652696032077074,0.2258083075284958,-0.01512994896620512,0.0188560746544697,0.048683023891888166,-0.10144062340259552,0.08012966811656952,-0.01670137420296669,0.1440330147743225,-0.08832501349542254,-0.07780213284039761,0.11489690840244293,0.04882095009088516,0.18038122355937958,-0.10086856782436371,0.1474866271018982,1.0209017992019653,-0.11244530230760574,-0.18981638550758362,0.9843627214431763,-0.08999650554236409,0.1982117526969539,0.860430550204017,-0.053709473831181936,0.3068099593670598,1.3663147839166192,-0.17310511410621512,0.3415361474694422,-0.0010792935715650369,0.0015450811858044103,0.2938561142701881,0.0036716546392005014,-0.16966335321648873,0.17157106537286576,-0.0009207064284348782,-0.03207902278171508,0.12722176791960355,0.002117869359674812,-0.1885209698094965,0.21496914215303578,0.39610455660462646,0.01107897891051983,0.19733030239945118,0.3979376105186657,-0.27996024772624994,0.3300180264819857,0.7265748349309029,0.12444639026420107,0.3054434819773053,0.7128458184514402,-0.2548850168367855,0.2589815525784651,0.8947551440499034,0.09716428803348123,0.23054988162787549,0.8789969536529204,-0.17314091098479967,0.2560215319090372,1.0755342884127899,0.0262740626432994,0.23838985529876408,1.065788665148202,-0.17832341934898435,0.20947083756420382,0.7074613586513061,-0.05230299963528222,0.18232628689035524,0.7079632523361719
0.13333333333333333,0,0-ACCAD_Female1General_c3d_A1 - Stand_poses,3,-0.0898851789534092,0.19601343758404255,0.78534692722701,0.7739309567933128,-0.013068767973979977,0.013429163872685182,0.6329926847747217,-0.04563754424452782,-0.004816751461476088,0.22730468213558197,-0.015923645347356796,0.018822932034310735,0.048840002732534415,-0.10132753849029541,0.07713154703378677,-0.016206759959459305,0.1429290771484375,-0.08859958301291027,-0.07584371953033486,0.11278076469898224,0.04932099208235741,0.17575392127037048,-0.09972693026065826,0.14481987059116364,1.0210816860198975,-0.11114096641540527,-0.19162045419216156,0.9836487770080566,-0.0895670572856531,0.19880567057348197,0.8602942569562084,-0.052513385384724665,0.3054877465741865,1.3665325063278035,-0.173200961413057,0.3415267184930461,-0.0010829341370358903,0.002679979442892357,0.29361237585867855,0.003299350468745129,-0.1692643696378781,0.17157238423554264,-0.000917065862963945,-0.030729113223328317,0.12693471936128906,0.0017529508573495382,-0.18830653852544396,0.21494263199378327,0.3961037026796849,0.011660975766993141,0.19734939741447136,0.39761658995920196,-0.2787938541000669,0.3305644477477444,0.7269095896166531,0.12538662750389376,0.30592202229017956,0.7128873958067268,-0.2539087252193405,0.259190613695963,0.8949752624279281,0.09797285107752934,0.23057066122722386,0.8788097314103867,-0.17236942761968957,0.2558182948678764,1.0757334282401059,0.02701907264307847,0.23807187896918197,1.0656599191338048,-0.17811615995701524,0.20974086509269482,0.7074293512079923,-0.05204838177241396,0.18281577246235697,0.7077950904518715
0.16666666666666666,0,0-ACCAD_Female1General_c3d_A1 - Stand_poses,4,-0.09015266969799995,0.19638803787529469,0.7853487560309738,0.7739600091360305,-0.013459185974245584,0.013813895805505934,0.6329407008983865,-0.0461886003613472,-0.004881356842815876,0.22853782773017883,-0.016356395557522774,0.018652147120610252,0.04911546185789051,-0.10120292007923126,0.07637495547533035,-0.016343550756573677,0.14158937335014343,-0.08842500428646227,-0.07501962214642743,0.11175285279750824,0.04983410984277725,0.1736115664243698,-0.09870769828557968,0.14367488026618958,1.021727442741394,-0.10975281149148941,-0.1916658878326416,0.9833667278289795,-0.08982678925003403,0.19926207516422442,0.8602929600203115,-0.05242844255458665,0.30530410863940644,1.3666420318630361,-0.17340867307572766,0.34156728597375086,-0.001084858215975315,0.0028835079130082562,0.2933988862640772,0.0032465189042305553,-0.16928257683469838,0.17161745065125794,-0.0009151417840246173,-0.03061033857542518,0.1267381404781307,0.0017109208183543785,-0.18847594129016237,0.21503271092467116,0.39610071090896426,0.011515508056896814,0.19715487540416715,0.397597090456907,-0.27863408927481603,0.3308297817344712,0.7269501635316298,0.12524463443063533,0.3057571925241771,0.712858012268848,-0.2538856194792822,0.25954480084014514,0.8950737161524427,0.09777561577046086,0.2304474721437134,0.8787901165592219,-0.17245788041579174,0.2561010881727017,1.0758351785507971,0.026904051236475268,0.2381120586463687,1.065666603204293,-0.17839250716546431,0.2100271795625521,0.7074248720245907,-0.05232448869582838,0.18310431912925296,0.7078078260609109
0.19999999999999998,0,0-ACCAD_Female1General_c3d_A1 - Stand_poses,5,-0.09050082787871361,0.19664004631340504,0.7853758677174408,0.7739523467246975,-0.013888973034673596,0.014091999322145686,0.632934654591199,-0.04658094048500061,-0.004727952182292938,0.22970028221607208,-0.016489015892148018,0.018129726455263784,0.04934685016148743,-0.10055655986070633,0.07584279775619507,-0.016524067148566246,0.14014174044132233,-0.08854607104575463,-0.0742321292214484,0.11126665771007538,0.050320811569690704,0.1723882108926773,-0.09832419455051422,0.14408954977989197,1.0225467681884766,-0.10865447670221329,-0.19130784273147583,0.9832445383071899,-0.09018346933945012,0.19959035401299155,0.8603171445149128,-0.05258565602261947,0.30546276908759146,1.366688387291488,-0.17370933329445729,0.34136884633410786,-0.0010853914000321409,0.002957174440831368,0.2928607459255417,0.003241768060331298,-0.16937776062953008,0.1714241249936564,-0.0009146085999677256,-0.03060449769255487,0.12621353535813334,0.001718162562518201,-0.1887135678613397,0.21499922571852567,0.39609993000195304,0.011282480967108932,0.19673838294148974,0.39761694953682875,-0.27912802296832706,0.33101214969556586,0.7270125732892451,0.12481276078144786,0.3055963157206497,0.7127759202141832,-0.2542665615644267,0.2598653109064454,0.8951779658982638,0.09738540771668854,0.23042387393134992,0.878777150641742,-0.17271306665735475,0.2563970325958409,1.075898793553325,0.02663625229494826,0.2382983450959929,1.0656776662164908,-0.17873382745555427,0.21018984252450382,0.707428058091139,-0.05266058540773841,0.18329341106392666,0.7078537844038806
0.2333333333333333,0,0-ACCAD_Female1General_c3d_A1 - Stand_poses,6,-0.09007962420582771,0.19761689193546772,0.785364207188137,0.7736084611125071,-0.013842213419144713,0.014218862313800491,0.6333531131819741,-0.04638306051492691,-0.004353353753685951,0.23077544569969177,-0.016323192045092583,0.017712554382486312,0.048851540499509905,-0.09938362240791321,0.07547199726104736,-0.016741909086704254,0.13860280811786652,-0.08825833384270143,-0.07417643565402077,0.11105478554964066,0.050515007227659225,0.1715942919254303,-0.09816903620958328,0.1448880136013031,1.0234695672988892,-0.1076652929186821,-0.1909317672252655,0.9833442568778992,-0.08974470072117693,0.20057399405555673,0.8603051397504611,-0.052029177738820875,0.30609556134953747,1.3667415553538496,-0.1739012412010085,0.3420643184513217,-0.001084548946760095,0.00323549306384106,0.2935537353526332,0.0031576613072574443,-0.16919316830354014,0.1721296090612311,-0.0009154510532399067,-0.03021214516848994,0.12688347643465286,0.0016475987613655783,-0.1884479674856963,0.2158088042638492,0.39611096362618414,0.011594505767936747,0.19737316801683927,0.39754964912179336,-0.2791540287602985,0.3317453920928418,0.7271620129842215,0.12499113349580528,0.30647113575748774,0.7126645421301173,-0.2540028628004668,0.2606618255495696,0.8953110826293351,0.09773729469896869,0.23133736096552787,0.878711849728028,-0.17223003446912083,0.25714083039898117,1.0759636031832103,0.027130013218928037,0.23921263348182234,1.0656516663564828,-0.17834778114404876,0.21106968462313158,0.7074397062730172,-0.0522407048892309,0.1843330828798977,0.7078345644366149
0.26666666666666666,0,0-ACCAD_Female1General_c3d_A1 - Stand_poses,6,-0.09007962420582771,0.19761689193546772,0.785364207188137,0.7736084611125071,-0.013842213419144713,0.014218862313800491,0.6333531131819741,-0.04638306051492691,-0.004353353753685951,0.23077544569969177,-0.016323192045092583,0.017712554382486312,0.048851540499509905,-0.09938362240791321,0.07547199726104736,-0.016741909086704254,0.13860280811786652,-0.08825833384270143,-0.07417643565402077,0.11105478554964066,0.050515007227659225,0.1715942919254303,-0.09816903620958328,0.1448880136013031,1.0234695672988892,-0.1076652929186821,-0.1909317672252655,0.9833442568778992,-0.08974470072117693,0.20057399405555673,0.8603051397504611,-0.052029177738820875,0.30609556134953747,1.3667415553538496,-0.1739012412010085,0.3420643184513217,-0.001084548946760095,0.00323549306384106,0.2935537353526332,0.0031576613072574443,-0.16919316830354014,0.1721296090612311,-0.0009154510532399067,-0.03021214516848994,0.12688347643465286,0.0016475987613655783,-0.1884479674856963,0.2158088042638492,0.39611096362618414,0.011594505767936747,0.19737316801683927,0.39754964912179336,-0.2791540287602985,0.3317453920928418,0.7271620129842215,0.12499113349580528,0.30647113575748774,0.7126645421301173,-0.2540028628004668,0.2606618255495696,0.8953110826293351,0.09773729469896869,0.23133736096552787,0.878711849728028,-0.17223003446912083,0.25714083039898117,1.0759636031832103,0.027130013218928037,0.23921263348182234,1.0656516663564828,-0.17834778114404876,0.21106968462313158,0.7074397062730172,-0.0522407048892309,0.1843330828798977,0.7078345644366149
0.3,0,0-ACCAD_Female1General_c3d_A1 - Stand_poses,8,-0.09055084362626076,0.19858032651245594,0.7852929291917558,0.7737865227185178,-0.014021953353994147,0.014831365590747549,0.6331175504422831,-0.04640798270702362,-0.00518189650028944,0.23329123854637146,-0.015538855455815792,0.015565491020750333,0.049348312271314865,-0.09818970412015915,0.07429178059101105,-0.01698928326368332,0.13537919521331787,-0.08726415747479321,-0.0735644890036452,0.11115197092294693,0.05039503052830696,0.1707799881696701,-0.09881392866373062,0.143633171916008,1.0250104665756226,-0.10715699195861816,-0.18948879837989807,0.9834344983100891,-0.09016102871910052,0.2016163259694614,0.8602304415045836,-0.052131141501105004,0.30723049008447945,1.366624073340394,-0.17427679484344363,0.34197664522435445,-0.0010806921634566348,0.0030621459964577206,0.2937476470708738,0.0029225022637336465,-0.169264569123585,0.17205062735648285,-0.0009193078365434572,-0.030598421499810395,0.12712001264982412,0.0014400572987537212,-0.18880269350047665,0.21642293380674218,0.39611185004556576,0.01102875306629475,0.19732226214137868,0.3973732299992334,-0.2791613547146225,0.33275496434811136,0.7269976967211426,0.1240637920629008,0.3071602578807773,0.7123367320551636,-0.2541343533227403,0.2618805631327954,0.895253551471785,0.09707589973869296,0.23217539565787454,0.8784947541590553,-0.1725096669156801,0.25826657240270456,1.0759211760484082,0.0268352471485704,0.2402276699034913,1.0655102138767145,-0.17886622146826753,0.2120034065268123,0.7074167845892645,-0.05276898538145815,0.18522111472673722,0.707752314688516
0.3333333333333333,0,0-ACCAD_Female1General_c3d_A1 - Stand_poses,9,-0.09082387760281563,0.19885812886059284,0.7852501436615346,0.774066635402304,-0.014003997466455245,0.015068204523353055,0.6327698485423894,-0.04644827917218208,-0.005571592133492231,0.23455148935317993,-0.014990165829658508,0.014611912342853195,0.049568890940811516,-0.09784142673015594,0.073536217212677,-0.01703588478267193,0.13371634483337402,-0.0862147408621936,-0.07314123225081381,0.11112598329782486,0.05025260150432587,0.1705087125301361,-0.09885433316230774,0.14261533319950104,1.0257799625396729,-0.10653258860111237,-0.18885956704616547,0.98374342918396,-0.09040350454964931,0.20191433876485623,0.8601866692516449,-0.052177854354987646,0.307496632169566,1.3665719963441674,-0.17443753649668334,0.34193984583989145,-0.0010779823980358247,0.0031179223792312423,0.2939209716098806,0.002781293642839463,-0.16937607008655192,0.17201528248084816,-0.0009220176019641389,-0.030736115182995585,0.12733241372525314,0.0013127832903257648,-0.1890180647675994,0.21670042440813184,0.39611125512486467,0.010760013444216194,0.19718882254907172,0.3972793489973907,-0.27899775022452833,0.33305952723410515,0.7268686188036456,0.12367399461397091,0.30697836429601,0.7121497703886726,-0.25413766175953884,0.26230974575626276,0.8952016477270228,0.0967407581078233,0.23217451287854943,0.8783982253847611,-0.17266133049493604,0.2586401355828011,1.0758945052510454,0.026664517933370352,0.24041482921717683,1.0654432251277808,-0.17915625176102998,0.2123383312065112,0.707403086154847,-0.053081125133718765,0.1854521616476746,0.7076996832004971
0.36666666666666664,0,0-ACCAD_Female1General_c3d_A1 - Stand_poses,10,-0.0910918302834034,0.1995860207825899,0.7852095930508843,0.7743040788651245,-0.013905740942561766,0.015232409653679132,0.6324775075192888,-0.04635734483599663,-0.005800594110041857,0.2357872575521469,-0.014407169073820114,0.013747297996921315,0.049615380046425406,-0.097373828291893,0.07266124337911606,-0.01703624241054058,0.1320115029811859,-0.08502352096076526,-0.07262483059364488,0.11089862138032913,0.05023196339607239,0.17021536827087402,-0.09843350946903229,0.141658753156662,1.0264132022857666,-0.1050003170967102,-0.18852148950099945,0.9844846725463867,-0.09064191300026922,0.20264623504600077,0.8601457836606314,-0.05215657086278232,0.3080672622753093,1.3665451048769564,-0.1747234021344451,0.34242923824873656,-0.001075083547205563,0.0032340700608223943,0.2946402866819795,0.002632229163798107,-0.16958925196627672,0.17250685022439627,-0.0009249164527946781,-0.03078584398074859,0.128085399334167,0.001177942685273041,-0.1892765972503847,0.2174719810930164,0.396113055306885,0.010524525959448227,0.19756201564420026,0.3971836176757003,-0.27887995279165384,0.3337017280290077,0.726783016582374,0.12338666406747235,0.3068430927692566,0.7118917925732878,-0.2541477341756049,0.26308548293715805,0.8951909365137829,0.09646363780312195,0.2324080093944857,0.8783073363903486,-0.1727780360289845,0.2593986508194518,1.0758933243735376,0.026526231993204225,0.2409759892953507,1.0653767093997006,-0.17944174298562576,0.21313114363354027,0.7073938526463307,-0.05338512972881895,0.1861583095700257,0.7076468665129606
0.39999999999999997,0,0-ACCAD_Female1General_c3d_A1 - Stand_poses,11,-0.09153628721833229,0.20044991560280323,0.7851817721131114,0.7750685399729544,-0.013751201723136973,0.015233932942213204,0.631543814855687,-0.04623473063111305,-0.005959301255643368,0.23703783750534058,-0.013909319415688515,0.013237256441354983,0.04981289496695229,-0.0961989015340805,0.07136587053537369,-0.016904320567846298,0.13027316331863403,-0.08417305911584405,-0.07151619870169534,0.11080803722143173,0.05037713423371315,0.1693427860736847,-0.09792321175336838,0.14127501845359802,1.026976466178894,-0.1037670224905014,-0.18820539116859436,0.9846798181533813,-0.09106785885305924,0.2034917685980042,0.8601185968738536,-0.05220381657689791,0.30823279925531,1.36663074615173,-0.17483349803015574,0.3434198856087496,-0.0010725038172926943,0.003674121738013913,0.29506826767465255,0.002488244843201849,-0.1699059147875937,0.1734913774172941,-0.0009274961827073491,-0.030785822849467397,0.1286037425628863,0.0010480718182332358,-0.18961612986372636,0.2186446812056426,0.39611047913534786,0.010263082340450636,0.19779327792461115,0.3970989850307844,-0.2789230808037686,0.33486099012130177,0.7268523292225119,0.12309655703187017,0.3068068652450774,0.7118252962494958,-0.2543529781571301,0.2641824611746006,0.8952578511213856,0.0960537196881463,0.2324942240263794,0.8782761313560522,-0.17300954382761652,0.26019599316922065,1.0759503879674137,0.0262447282161406,0.24127487446682833,1.0653715771002892,-0.179864114561846,0.214229529039605,0.7073823189410547,-0.05386774602549824,0.1869776754813576,0.7076119843817479
0.4333333333333333,0,0-ACCAD_Female1General_c3d_A1 - Stand_poses,12,-0.0918954648077488,0.20037870295345783,0.7851656492178134,0.7747030325884094,-0.01381936698050773,0.015308556477914008,0.6319888325699611,-0.046047016978263855,-0.006280895322561264,0.23837129771709442,-0.013598483055830002,0.012389586255912244,0.050247746537556925,-0.0945574939250946,0.07051882147789001,-0.01687801256775856,0.12848912179470062,-0.08414467967152706,-0.07069391713571638,0.11097072809934616,0.05052286013960838,0.16791336238384247,-0.09767264872789383,0.14155298471450806,1.0273984670639038,-0.10364179313182831,-0.18775472044944763,0.9839109778404236,-0.0914265798792802,0.2034358142902168,0.8601018501970364,-0.05265214390518005,0.3075668756547834,1.3667475332742038,-0.17520705734846975,0.34285717898716356,-0.001070787447557807,0.0036022063047009625,0.2943601161362159,0.002394002705367722,-0.16986623156271324,0.17294115403226046,-0.0009292125524422781,-0.030713946734187973,0.12786575743057355,0.0009691659398073614,-0.18985520267462117,0.21832986830821247,0.3961051928331747,0.009987294603380874,0.19717624835863676,0.39703528827687695,-0.27957675161595363,0.3345599436195048,0.7269973456740841,0.12244927669857808,0.30725829738215227,0.7119543159053995,-0.2548367181338572,0.2638095834599111,0.8953478178586333,0.09558110879305483,0.23259481986704839,0.8782763856463702,-0.17341930101543468,0.2597414041769978,1.07601630490146,0.02585738473612985,0.2410790155466062,1.0654001536930222,-0.18024226986476685,0.21404590910079188,0.7073682019842702,-0.054207310446257456,0.1869747513988951,0.7075987320896922
0.4666666666666666,0,0-ACCAD_Female1General_c3d_A1 - Stand_poses,12,-0.0918954648077488,0.20037870295345783,0.7851656492178134,0.7747030325884094,-0.01381936698050773,0.015308556477914008,0.6319888325699611,-0.046047016978263855,-0.006280895322561264,0.23837129771709442,-0.013598483055830002,0.012389586255912244,0.050247746537556925,-0.0945574939250946,0.07051882147789001,-0.01687801256775856,0.12848912179470062,-0.08414467967152706,-0.07069391713571638,0.11097072809934616,0.05052286013960838,0.16791336238384247,-0.09767264872789383,0.14155298471450806,1.0273984670639038,-0.10364179313182831,-0.18775472044944763,0.9839109778404236,-0.0914265798792802,0.2034358142902168,0.8601018501970364,-0.05265214390518005,0.3075668756547834,1.3667475332742038,-0.17520705734846975,0.34285717898716356,-0.001070787447557807,0.0036022063047009625,0.2943601161362159,0.002394002705367722,-0.16986623156271324,0.17294115403226046,-0.0009292125524422781,-0.030713946734187973,0.12786575743057355,0.0009691659398073614,-0.18985520267462117,0.21832986830821247,0.3961051928331747,0.009987294603380874,0.19717624835863676,0.39703528827687695,-0.27957675161595363,0.3345599436195048,0.7269973456740841,0.12244927669857808,0.30725829738215227,0.7119543159053995,-0.2548367181338572,0.2638095834599111,0.8953478178586333,0.09558110879305483,0.23259481986704839,0.8782763856463702,-0.17341930101543468,0.2597414041769978,1.07601630490146,0.02585738473612985,0.2410790155466062,1.0654001536930222,-0.18024226986476685,0.21404590910079188,0.7073682019842702,-0.054207310446257456,0.1869747513988951,0.7075987320896922
0.49999999999999994,0,0-ACCAD_Female1General_c3d_A1 - Stand_poses,13,-0.09176042303442955,0.2013722974807024,0.7851153383521726,0.7745884334311617,-0.013398654295838253,0.015157504645805855,0.6321419816074803,-0.045350417494773865,-0.006461384706199169,0.23970845341682434,-0.01345882285386324,0.012306988653506767,0.050210704801547545,-0.09337998926639557,0.0701041892170906,-0.01695181615650654,0.12669280171394348,-0.08267209408557674,-0.07076662152160196,0.11094188690185547,0.05039355158805847,0.16712062060832977,-0.09728334844112396,0.14132872223854065,1.0277916193008423,-0.10341966152191162,-0.18772104382514954,0.9833548665046692,-0.09126977664929822,0.2043663181303209,0.8600539472695685,-0.052482067712180384,0.30767218595938045,1.366867583603007,-0.17531804925777228,0.3439442614239119,-0.0010697787493103642,0.0036796891669232112,0.2957559242200631,0.0022397631012783595,-0.16969642550303773,0.17403729314401825,-0.0009302212506896897,-0.03060613109734929,0.1292551809660294,0.0008308540693095778,-0.18974762898823475,0.21941754353493295,0.3961057487210323,0.010018531184429079,0.19809941576810097,0.3969263202957018,-0.2794482513474969,0.3354149568249472,0.7271213770617749,0.12254041736785289,0.3084913734450232,0.7120819328816936,-0.2546722538364557,0.26453500965581855,0.8954120400255964,0.09571640780034492,0.23349378793523254,0.8782607488679438,-0.1732642243340083,0.26028074161043313,1.0760715197472683,0.026017108326148466,0.24169693588265417,1.0654048652640606,-0.1801326067181602,0.21508923616906686,0.7073565277997294,-0.05408508666858628,0.18807671549870822,0.7075272032165603
0.5333333333333333,0,0-ACCAD_Female1General_c3d_A1 - Stand_poses,14,-0.0918995849788189,0.20095880515873432,0.7851161811049969,0.7752977700781244,-0.013740778900158821,0.015584087214732135,0.6312540652802074,-0.04506244137883186,-0.006537432782351971,0.24110861122608185,-0.013657757081091404,0.011074465020071367,0.050237316367870766,-0.09211277961730957,0.06938958168029785,-0.016905078664422035,0.12494835257530212,-0.08319698965225353,-0.07002047369560105,0.11095031350851059,0.05011284351348877,0.16653509438037872,-0.09690853208303452,0.1407054364681244,1.0280810594558716,-0.10376610606908798,-0.18884830176830292,0.9829384088516235,-0.09138832715000243,0.2040324122059959,0.860051430188132,-0.052453065979567004,0.307502361144137,1.366819932939264,-0.17525833454501075,0.3427938700778141,-0.0010704369712346042,0.004023248535752255,0.2939640400246757,0.0021804248194953607,-0.16977907302807355,0.1728822523238732,-0.0009295630287654774,-0.030685983869650497,0.12755091705581428,0.0007869796004959136,-0.18981655247862572,0.21871317340417842,0.39611022305513877,0.009890180258371847,0.19656200359854345,0.39688113039730144,-0.27908875767734664,0.3352166318346431,0.7269400466870142,0.12304894999384897,0.30776041524364683,0.712174507277205,-0.25457026026866264,0.2644925637156688,0.8953339707985781,0.09585621435712073,0.2327907374680332,0.8783059815588107,-0.17329947103771196,0.2602354756911262,1.0760302889802935,0.025940485133898655,0.24119089232525256,1.0654035016409809,-0.18025322308966313,0.2147999156687821,0.7073587291123054,-0.054262456737592044,0.18752502813084282,0.7075371907161329
0.5666666666666667,0,0-ACCAD_Female1General_c3d_A1 - Stand_poses,16,-0.09171982482075691,0.2022316176444292,0.7851239106635134,0.7752888321513115,-0.013922650295337832,0.015746396845247628,0.6312570296928195,-0.04371195286512375,-0.006368473172187805,0.24402964115142822,-0.014443694613873959,0.009987753543961864,0.05021377323043674,-0.08927655965089798,0.06838049739599228,-0.01686662808060646,0.121652752161026,-0.08304950277284262,-0.06894276077390393,0.11072187125682831,0.05092402920126915,0.16631633043289185,-0.0964224562048912,0.1395566314458847,1.028443455696106,-0.103138267993927,-0.18935272097587585,0.9832605123519897,-0.09120693960827847,0.20534173249275206,0.8600576422827853,-0.051808217911175555,0.3088932747385193,1.3667755421658883,-0.1753693811918193,0.34311715767994166,-0.0010732932829659002,0.004668391010761708,0.2939521011446119,0.0020805691317373164,-0.1693780777604622,0.17322282935915256,-0.0009267067170342022,-0.030104677328650468,0.12755206264994837,0.000716418393349013,-0.18955925611378996,0.21938688410170676,0.39611561659048455,0.01011779250937202,0.19664394883936748,0.39682866145161044,-0.2786125023483708,0.3362493210978562,0.7269376655446438,0.12334288908212536,0.30868686007188434,0.7119493256324312,-0.2541228708718699,0.26571896908608217,0.8954170162064046,0.09617743820272501,0.23391991666160994,0.8781765997356056,-0.17289910025756644,0.2616005231267797,1.0760918257880132,0.026327406757973848,0.24250271130793738,1.0653095539439632,-0.18006860121641163,0.21606640473594,0.7073617880710225,-0.05406986053710394,0.18883005134453126,0.7075540796614977
0.6,0,0-ACCAD_Female1General_c3d_A1 - Stand_poses,17,-0.09150810167193413,0.20239716954529285,0.7851244928279719,0.7752643978886509,-0.014236380464419156,0.01613287953564966,0.631270282078531,-0.04380632936954498,-0.006146067287772894,0.24556857347488403,-0.015074100345373154,0.009746911305312356,0.05004305398851494,-0.08956121653318405,0.068218894302845,-0.016921600326895714,0.12010911852121353,-0.08214037385816142,-0.068793045476223,0.11060591042041779,0.05116989463567734,0.16678962111473083,-0.096613809466362,0.13888143002986908,1.028379201889038,-0.10339388251304626,-0.18912088871002197,0.983163595199585,-0.09098006518775446,0.20558034449690338,0.860055051178346,-0.05131769400978666,0.30985972412414886,1.3666034193332393,-0.17544098531236346,0.3428314343570976,-0.001075743917550668,0.004954760199312631,0.29401067892110655,0.0020399700421923628,-0.16916961527944674,0.17294721799387563,-0.0009242560824493894,-0.029831712709647684,0.12761332918727236,0.000689672256425123,-0.18936786779636075,0.219175927836325,0.3961206297489974,0.010288360108180902,0.19643331884669216,0.3968230365959881,-0.2781903450462164,0.3363642422870988,0.7268036529297388,0.12343404381247576,0.30882591439797435,0.711705018556676,-0.25373987708469536,0.2660450194049168,0.8953769180516933,0.09638537494645338,0.23423602405874583,0.8780308493104295,-0.1725531211633653,0.26215950017234985,1.076046559239509,0.02666713459742462,0.24303628890052073,1.0651940302596614,-0.1798739408912444,0.21614939285796805,0.7073669764869392,-0.05387474675992663,0.18891494128663172,0.7075597384518463
0.6333333333333333,0,0-ACCAD_Female1General_c3d_A1 - Stand_poses,18,-0.09136829897761345,0.20220141299068928,0.7850887052191013,0.7747613955570758,-0.014511090275823955,0.01677714436371583,0.6318644915173334,-0.04465252906084061,-0.005810858681797981,0.2471519410610199,-0.01590633951127529,0.010233233344549397,0.04945857424023359,-0.09079842269420624,0.06829163432121277,-0.017024151980876923,0.11865560710430145,-0.0807253542877997,-0.06930202821076381,0.11051786690950394,0.05130241811275482,0.1676357388496399,-0.09705831855535507,0.13893204927444458,1.0283076763153076,-0.10411624610424042,-0.18887652456760406,0.9827865362167358,-0.09079391281228354,0.20547794014253593,0.8600148985720022,-0.050829545447831595,0.31087925421913193,1.3663071741110644,-0.17612856609725694,0.342408270531811,-0.001079043764834177,0.004634536564366926,0.2942564625860696,0.0019416182596086566,-0.16931641174834586,0.17254488553828273,-0.0009209562351658873,-0.029909280905413803,0.1278084592697607,0.0006048809524027074,-0.18944097249731165,0.21856300324255282,0.3961313086713833,0.01020376608025777,0.19619542314260438,0.3967554943496848,-0.2782933579296412,0.33589766663637255,0.7266893034817443,0.12325435883989783,0.30908648284086904,0.7113201558168215,-0.2536026762102075,0.2658764941327315,0.8953515987394964,0.09651268399038855,0.23461304005244724,0.8777477777719853,-0.1722523761078982,0.2623976391030628,1.0759579734923537,0.026986585734809054,0.2435505893986747,1.0649666268377995,-0.17981275523768403,0.2157001958462457,0.7073749376009925,-0.053773425749039726,0.18865134881209972,0.7075134230034226
0.6666666666666666,0,0-ACCAD_Female1General_c3d_A1 - Stand_poses,19,-0.09131461754441261,0.20256631262600422,0.7851027949808489,0.7749420119293556,-0.01492085899201614,0.017113772662962965,0.631624385928111,-0.0454934760928154,-0.0055152070708572865,0.24878579378128052,-0.01687365397810936,0.010989233272603594,0.04961859017148207,-0.09225563704967499,0.06807167083024979,-0.017026368528604507,0.11731050163507462,-0.07889320963090185,-0.06885392752270125,0.11027233302593231,0.050848640501499176,0.16823884844779968,-0.09745144844055176,0.13835684955120087,1.0282526016235352,-0.1054663136601448,-0.18873490393161774,0.9819822907447815,-0.09073894709129471,0.2059221541214259,0.8600254679936761,-0.050918033423186494,0.31216993348553146,1.3661508215820186,-0.17605395032740087,0.3428857104289901,-0.0010828779315391023,0.005150333148396514,0.2950516406602608,0.0019289454442539058,-0.16905911237688806,0.1730297574363442,-0.0009171220684608648,-0.02949467206112972,0.12862457791350385,0.0006036532051828213,-0.18928139517660567,0.2187773209221831,0.39612756574049673,0.010382518263344711,0.19641873380190564,0.3968062772202296,-0.27787277923849685,0.3363996237439077,0.7263793709253679,0.12338320114134964,0.3097537239838836,0.7113833085130616,-0.25341863063567505,0.2665853227566012,0.8951618409805635,0.09655184820313495,0.23522199245603673,0.8777703984543609,-0.17225889446274217,0.26328860805476456,1.0758343725544088,0.02696967136533769,0.2442658243144698,1.0649579229105024,-0.17975455359878106,0.21601461142651407,0.7073738801526381,-0.053734474191412335,0.1888757199438991,0.7075406420780334
0.7,0,0-ACCAD_Female1General_c3d_A1 - Stand_poses,20,-0.0912301205098629,0.2026687879115343,0.7850805134427075,0.7745124511232354,-0.015345154955732418,0.017782686212778055,0.6321224290796209,-0.04618600383400917,-0.00529604172334075,0.25046998262405396,-0.018031319603323936,0.011369680143258787,0.0492645951411963,-0.09342990070581436,0.06784061342477798,-0.017018163576722145,0.11600890010595322,-0.07792197838869863,-0.06883904449759681,0.10991039127111435,0.05054343864321709,0.16859863698482513,-0.09776783734560013,0.13893888890743256,1.0282891988754272,-0.1064976304769516,-0.1890091747045517,0.9814016222953796,-0.0906191862207139,0.20613766516883614,0.8599977587862738,-0.050790957317838475,0.31338793182787006,1.365910227284741,-0.17660254573129397,0.34257135857377535,-0.0010876400539259201,0.0050914149770833125,0.2952576363556753,0.0018546165727495144,-0.16909045126635533,0.17273750531231974,-0.0009123599460740851,-0.029346316917012963,0.1287874661111615,0.0005412085048120685,-0.18931709289250134,0.21831822530788067,0.39613483684632733,0.010381825182970743,0.19632660440148594,0.3967628112592922,-0.2780979194023814,0.3363234378814368,0.7262061722814191,0.12344209649307397,0.3103784010056547,0.7112322521008634,-0.2534558981984351,0.2667925490548242,0.8950782851187187,0.09669365268212735,0.23586509863491387,0.8776409439642012,-0.17215442750311993,0.26383983655059073,1.0757162861545546,0.0270900583767735,0.2449919963845365,1.0648269029060948,-0.1797321924556337,0.21586786059058768,0.7073785576950918,-0.05367901710346684,0.18888242779390854,0.7075176550860224
0.7333333333333333,0,0-ACCAD_Female1General_c3d_A1 - Stand_poses,21,-0.09116309508681297,0.20293994434177876,0.785072038806279,0.7745085449252638,-0.01560134549562292,0.018196163912617525,0.6321091768637298,-0.04624302312731743,-0.004972170572727919,0.2521286606788635,-0.019353006035089493,0.011903003628596753,0.04888730903934113,-0.09400677680969238,0.06762880831956863,-0.017020942643284798,0.1147061139345169,-0.07693809694469,-0.06875234929420782,0.10947888344526291,0.05003781616687775,0.16885703802108765,-0.09787614643573761,0.13936328887939453,1.0283516645431519,-0.10723954439163208,-0.18928556144237518,0.9810883402824402,-0.09052839547041626,0.20647774498051477,0.8599858634519176,-0.050767784354747075,0.3143394950344194,1.3657724195084426,-0.17697328390375777,0.342631503461043,-0.0010931343651067772,0.005208133490407881,0.295561678311943,0.001799453969307141,-0.1691708474917561,0.17281075299162363,-0.0009068656348931482,-0.02924440968293062,0.12909447955953632,0.0004979131839341518,-0.18932942646013487,0.21820237649982624,0.3961422069155566,0.010398577119255795,0.1963263732801294,0.39674032992592156,-0.278085237420958,0.3366326294692159,0.7260315776196272,0.12367415960603913,0.31077517294988594,0.7112177740723056,-0.2534384925302162,0.26728195458337867,0.8949770897332602,0.0968299480546206,0.23630146399908764,0.877628768857694,-0.17209882196301204,0.26448537970461344,1.0756173306210095,0.027139854191598395,0.24554207026329528,1.064787471362055,-0.17968977745400105,0.21606782508256234,0.7073859720496212,-0.05363967831526671,0.18906737904115112,0.7075093646239513
0.7666666666666666,0,0-ACCAD_Female1General_c3d_A1 - Stand_poses,22,-0.09085867181420326,0.20330962724983692,0.7850667983771685,0.7741901177534729,-0.0156944340803718,0.018390633111711786,0.6324912101567189,-0.04537505656480789,-0.0047091273590922356,0.25377577543258667,-0.020827705040574074,0.012217026425521915,0.04846937673557805,-0.09359678626060486,0.06759541481733322,-0.017081618309020996,0.11338134855031967,-0.07637567295942826,-0.06885449149145662,0.10904357582330704,0.049723848700523376,0.16895146667957306,-0.09797503054141998,0.13944506645202637,1.0283644199371338,-0.10755755007266998,-0.18902985751628876,0.9811245203018188,-0.09021198359268859,0.20687698568400673,0.8599791187800656,-0.050585181947421703,0.3150239267452756,1.3657145531720065,-0.17725424653211513,0.3425589197850986,-0.0010993559838895633,0.0053155093849034,0.2958688748747292,0.0017544676209920312,-0.16899070224235355,0.1727599964983917,-0.0009006440161105321,-0.02899191864188276,0.12937161153971716,0.00046540434149821425,-0.18911516897463254,0.21802343902294413,0.39615136133089945,0.010597296524066466,0.19646624417870978,0.3967133068554244,-0.2778610367615592,0.3368955280203423,0.7259460407970774,0.12384822272164213,0.3113386594553619,0.7111873749954941,-0.253185361165552,0.26762958654199015,0.894922088180031,0.09707092695902178,0.23688566567393976,0.8776184188328527,-0.17185345973559052,0.264951132030694,1.0755708833436732,0.02739737975912665,0.2461172462821412,1.0647740037823872,-0.1794100712578028,0.21634097821331966,0.7073939642548852,-0.05333552084151147,0.1894543589268079,0.7075021750636585
0.7999999999999999,0,0-ACCAD_Female1General_c3d_A1 - Stand_poses,23,-0.09085166826844215,0.20408120937645435,0.7850676118996358,0.7738214556517629,-0.01573704300116622,0.018367837525394587,0.6329418004802708,-0.04379667714238167,-0.0048445104621350765,0.2554754912853241,-0.022469772025942802,0.012260883424680902,0.0485454629718588,-0.09230629354715347,0.06741856783628464,-0.01710623875260353,0.11205252259969711,-0.0762874769473727,-0.06861679756834727,0.10850302875041962,0.049742087721824646,0.16897203028202057,-0.09789451956748962,0.13926994800567627,1.028420090675354,-0.10715872794389725,-0.1885375678539276,0.9816688895225525,-0.0902137491024898,0.20765172442801472,0.8599798571029689,-0.05068792999277254,0.3158519163253335,1.365711834960225,-0.17750411009351869,0.3426918448925993,-0.0011063561369023638,0.005294292723529544,0.2962908827362355,0.0017249864869443438,-0.16874923247377094,0.17291756276673734,-0.0008936438630975582,-0.02884342900922876,0.1297586452291953,0.00044834017903263093,-0.18903336775480645,0.21813846638581522,0.39615302531254415,0.010592436183774825,0.1969090701096907,0.3966989362703071,-0.2778837200991681,0.3374987417190716,0.7259064398902556,0.12362778854064818,0.3120087151806042,0.7111036634981353,-0.2531978770069877,0.26828432304176997,0.8949021132140409,0.0969574964047964,0.23770372987307195,0.8776180138707198,-0.17190531924397842,0.26568702973408553,1.0755628080687,0.027358007737830203,0.24697740562504372,1.0647803507495555,-0.1794056043682148,0.21704545457373306,0.7073887659252579,-0.05330122328378675,0.19029881522340092,0.7075071791495777
0.8333333333333333,0,0-ACCAD_Female1General_c3d_A1 - Stand_poses,24,-0.09073900058865547,0.20481381006538868,0.7850388764724409,0.7738432099583772,-0.01575437053047446,0.018584015386489277,0.6329084614560135,-0.041799336671829224,-0.005172734148800373,0.2571638822555542,-0.024235840886831284,0.011734512573170486,0.048306985878126985,-0.09073755890130997,0.06728273630142212,-0.01713898777961731,0.110738605260849,-0.07682976589459689,-0.06873515972799127,0.10784034430980682,0.049994178116321564,0.16889651119709015,-0.09783782064914703,0.1388028860092163,1.0285056829452515,-0.10651907324790955,-0.18777653574943542,0.982257068157196,-0.09007749463261354,0.20840681905260575,0.8599498415996364,-0.05019473877469391,0.316679755720748,1.3656388051941661,-0.17769856795412217,0.34244691815150863,-0.0011140148583265383,0.005158705895196129,0.29618282219446074,0.0016503951464260647,-0.16866645867556873,0.1726871790953103,-0.0008859851416736161,-0.02902499206995264,0.1296599174946568,0.0003866690022302603,-0.18894891647054213,0.21809923116900815,0.3961627390633648,0.010513710339985629,0.19700621765408605,0.39661568837725625,-0.27755907599250446,0.3383093333714699,0.7259054671344032,0.12352125218701926,0.31224434636789106,0.7108148447987058,-0.2529057541074112,0.2691456244508365,0.8949266471460811,0.0969925956140348,0.23819614551597196,0.8774661530299783,-0.17160208653068942,0.26654694219053676,1.0755636666040247,0.027641233875408247,0.24768293219755294,1.0646809601144747,-0.17930606431661295,0.21781117176799128,0.7073833592273712,-0.053206067329471585,0.19104327018349737,0.7074726082484724
0.8666666666666666,0,0-ACCAD_Female1General_c3d_A1 - Stand_poses,24,-0.09073900058865547,0.20481381006538868,0.7850388764724409,0.7738432099583772,-0.01575437053047446,0.018584015386489277,0.6329084614560135,-0.041799336671829224,-0.005172734148800373,0.2571638822555542,-0.024235840886831284,0.011734512573170486,0.048306985878126985,-0.09073755890130997,0.06728273630142212,-0.01713898777961731,0.110738605260849,-0.07682976589459689,-0.06873515972799127,0.10784034430980682,0.049994178116321564,0.16889651119709015,-0.09783782064914703,0.1388028860092163,1.0285056829452515,-0.10651907324790955,-0.18777653574943542,0.982257068157196,-0.09007749463261354,0.20840681905260575,0.8599498415996364,-0.05019473877469391,0.316679755720748,1.3656388051941661,-0.17769856795412217,0.34244691815150863,-0.0011140148583265383,0.005158705895196129,0.29618282219446074,0.0016503951464260647,-0.16866645867556873,0.1726871790953103,-0.0008859851416736161,-0.02902499206995264,0.1296599174946568,0.0003866690022302603,-0.18894891647054213,0.21809923116900815,0.3961627390633648,0.010513710339985629,0.19700621765408605,0.39661568837725625,-0.27755907599250446,0.3383093333714699,0.7259054671344032,0.12352125218701926,0.31224434636789106,0.7108148447987058,-0.2529057541074112,0.2691456244508365,0.8949266471460811,0.0969925956140348,0.23819614551597196,0.8774661530299783,-0.17160208653068942,0.26654694219053676,1.0755636666040247,0.027641233875408247,0.24768293219755294,1.0646809601144747,-0.17930606431661295,0.21781117176799128,0.7073833592273712,-0.053206067329471585,0.19104327018349737,0.7074726082484724
0.8999999999999999,0,0-ACCAD_Female1General_c3d_A1 - Stand_poses,25,-0.09042894467711449,0.20562857575714588,0.7850185147259621,0.7732240439298621,-0.01561110610202918,0.018538236537255615,0.6336696339900711,-0.03951336815953255,-0.005334856454282999,0.25873756408691406,-0.02599688060581684,0.011551881991255453,0.047997224502088764,-0.08903852105140686,0.0672919750213623,-0.01720060408115387,0.10948473960161209,-0.07695859149283302,-0.06896665727219997,0.1070428192615509,0.050143271684646606,0.16852416098117828,-0.09780597686767578,0.13903608918190002,1.0287187099456787,-0.10617475211620331,-0.1879262775182724,0.9825387001037598,-0.08976265572719266,0.20920127577991787,0.8599304087988161,-0.04987941510791106,0.3171748288937951,1.3656838226564278,-0.1780003641898289,0.3423800990880923,-0.0011216301118900408,0.0050332412707321285,0.2967058627392018,0.0015892774980695266,-0.16836142202604396,0.17265375576323677,-0.0008783698881100616,-0.028850339812425435,0.13012153874669546,0.00033790507519281324,-0.18869829231851973,0.21809878951883457,0.39617235191965516,0.01066382764034601,0.1975946017149834,0.3965526201579247,-0.277505562589002,0.33893554051472546,0.7260195491409708,0.12374105711351963,0.3131963445597081,0.710780568352413,-0.2526884653188838,0.2697235968381047,0.8949970113652504,0.09730736827071841,0.23911368499347938,0.8774316525070754,-0.1712974998529701,0.26709728724433646,1.0756036309354513,0.02796453638159882,0.24846645915510168,1.0646620560779294,-0.1790223109146722,0.21853092476406813,0.7073802298073836,-0.052873024807023286,0.19199552583362264,0.707444134492706
0.9333333333333332,0,0-ACCAD_Female1General_c3d_A1 - Stand_poses,26,-0.090180654078722,0.2058591414242983,0.785049160851138,0.7729401034651536,-0.015579055447997325,0.018334220353503128,0.6340226698239229,-0.037311676889657974,-0.004940550774335861,0.260105162858963,-0.027660833671689034,0.011498716890286254,0.04755122108583287,-0.08736192435026169,0.06744282692670822,-0.017288999632000923,0.10832340270280838,-0.0770604363131191,-0.06894278579927504,0.10618159174919128,0.049888975918293,0.1682555228471756,-0.09753048419952393,0.1387939155101776,1.028920292854309,-0.10614071786403656,-0.18847864866256714,0.9825848340988159,-0.08953658710144469,0.20940903963442817,0.8599623332604446,-0.049958529694226636,0.31710223986547176,1.3657990488919571,-0.1782429346208323,0.34192855852604787,-0.001128804671413377,0.005159563133574716,0.29656409980220916,0.0016171188721315136,-0.16819569859882194,0.17222591657329417,-0.0008711953285867359,-0.02859590009347456,0.12995368341056185,0.00037701721129585614,-0.1884815063825421,0.21768360966260666,0.3961836529490081,0.010869701604711358,0.19751952154771768,0.3965849649580644,-0.2771661487860667,0.33905805825800267,0.7259719576354723,0.12422383825603885,0.31346390302971566,0.711016042758673,-0.2524605032474466,0.269839729320925,0.894963135576354,0.09761123104090551,0.23930559708810703,0.8776049949771557,-0.17120819864573342,0.26717808646727215,1.07562198950181,0.028060969254322804,0.24856287846099548,1.0647842011987347,-0.17875531468802325,0.21875901703520645,0.7073919205545758,-0.0525845017160966,0.19232562111969922,0.7074817293369853
0.9666666666666666,0,0-ACCAD_Female1General_c3d_A1 - Stand_poses,27,-0.09009679034352303,0.20647999830543995,0.7850802501272196,0.772442768180509,-0.015577203568352887,0.01811145099887623,0.6346349312457814,-0.03523952513933182,-0.0046370807103812695,0.26140764355659485,-0.029116176068782806,0.011309526226225497,0.0472600246212167,-0.08553696423768997,0.0675523579120636,-0.017352819442749023,0.10726918280124664,-0.07743162364036671,-0.06881904463913913,0.10532218217849731,0.04999476671218872,0.16817907989025116,-0.09738675504922867,0.13870954513549805,1.0288622379302979,-0.10593151301145554,-0.18893952667713165,0.9828260540962219,-0.08948115706906286,0.21000899696108238,0.8599946490379754,-0.050101105081382616,0.3175410438994032,1.365881362885938,-0.17862512546912787,0.3417999553142923,-0.0011350333258509614,0.005104337805193079,0.29673266261264947,0.0016524978690807962,-0.168069700845108,0.1721281837227565,-0.0008649666741491549,-0.02841013354384857,0.1300735258673839,0.00042272166295865415,-0.1883908610328163,0.2176266874791182,0.3961922133000316,0.010942327276821633,0.1978561846730476,0.3966202709301371,-0.27714665372145036,0.3395251998807794,0.7259964668106259,0.12440269464039412,0.3141468499067442,0.7111322057681266,-0.25244181394378323,0.27027785113456115,0.8949758732107774,0.0977268344433013,0.23998654669288882,0.8777101518298496,-0.1712433064036899,0.26763761515042167,1.075655857515423,0.02804181767302999,0.24916917805323066,1.0648604393709755,-0.17865807502325542,0.21931309300729315,0.7073991784702812,-0.05244678916192809,0.193073461931886,0.707522101968104
0.9999999999999999,0,0-ACCAD_Female1General_c3d_A1 - Stand_poses,28,-0.08968989923596382,0.20742511935532093,0.785080385295257,0.7719757093868685,-0.01562534279784682,0.018154421908760474,0.6352005744205915,-0.03344883397221565,-0.004562171176075935,0.262682169675827,-0.030295180156826973,0.01065352149751364,0.04687972585857425,-0.08388868719339371,0.06779978424310684,-0.017441514879465103,0.10633480548858643,-0.07822709561891328,-0.0690949651915106,0.10449278354644775,0.049959342926740646,0.1679786741733551,-0.09759927541017532,0.13821063935756683,1.028503179550171,-0.10634401440620422,-0.18934135138988495,0.9827511310577393,-0.08907646733434188,0.2109642320026458,0.8599943251393983,-0.04979260948899652,0.31848346523787474,1.3658912504208383,-0.178745937707505,0.3417637631421955,-0.0011400488463593483,0.0050576350830256675,0.29699865111583523,0.0016520985939338234,-0.16771172640347154,0.17212247180609283,-0.000859951153640591,-0.028238493488917223,0.13029568319957166,0.0004321354675116511,-0.18803856756806225,0.21782499568766772,0.39620322047493156,0.011179505673950162,0.19840559005064692,0.39659895314812327,-0.27662221440979795,0.3404812172705619,0.7259938235061888,0.1248822007942224,0.3154009074976631,0.7112050841500102,-0.25198423662938785,0.27115311690820804,0.8949498791988082,0.09818592699015748,0.24113326337222504,0.8777319294489102,-0.17088802302851555,0.268523040673167,1.0756560252900884,0.02840925867262177,0.2501807796353929,1.064869929306849,-0.17826438245559464,0.22016264411182626,0.7074006646242538,-0.05201542422367931,0.19410470196242752,0.7075238999336889
1.0333333333333332,0,0-ACCAD_Female1General_c3d_A1 - Stand_poses,29,-0.08946825191378593,0.20820351131260395,0.7850917927481063,0.771669165278775,-0.015723838601160077,0.018241173939700067,0.6355680292705925,-0.0323793925344944,-0.0041486527770757675,0.2638201415538788,-0.03124127723276615,0.010407295879294676,0.04633561650470008,-0.08260702341794968,0.06796666234731674,-0.01748066022992134,0.10557746887207031,-0.07897052033516605,-0.06924748293149918,0.10373319685459137,0.05005358159542084,0.16788968443870544,-0.09818042069673538,0.13806110620498657,1.0280344486236572,-0.10703810304403305,-0.1894790530204773,0.9824354648590088,-0.08885586456046916,0.21176257756971983,0.8600047958190482,-0.049547765293327495,0.3193720065608993,1.3658809041242403,-0.17908821141494619,0.34192631335675616,-0.001143983737927165,0.004964844464283413,0.2971163622805956,0.0016663817860970431,-0.16768044459867754,0.1723097459731468,-0.0008560162620728819,-0.02818985221127794,0.13038514935250342,0.0004544725986309582,-0.1879156862182876,0.21808513308874136,0.39621510886827555,0.011276183145751293,0.198791215663699,0.3965954763988652,-0.27632368884261094,0.3415014400268828,0.726047772308732,0.12511776661351037,0.31651806282441813,0.7112581390825746,-0.25172626679335836,0.27203392197894993,0.8949524642771883,0.09843607644174515,0.2421042350834689,0.8777220506510776,-0.17065723652260134,0.2693399000288583,1.0756638932440679,0.028642644504900575,0.2510336181067738,1.0648647097280448,-0.17805220108179975,0.22086236298405282,0.7074111688813457,-0.051777331129642924,0.1949305562390924,0.7075386889250967
1.0666666666666667,0,0-ACCAD_Female1General_c3d_A1 - Stand_poses,30,-0.08923568204045296,0.20866593904793262,0.7851363178042169,0.7710605880291709,-0.015928404719174845,0.018216423688172195,0.6363018288667921,-0.03165794536471367,-0.003424318041652441,0.26481199264526367,-0.031956978142261505,0.010304605903147523,0.04584200071202216,-0.08128318190574646,0.06844659894704819,-0.017580144107341766,0.10499563068151474,-0.07990827113395738,-0.06943755085227465,0.1031067818403244,0.05036694556474686,0.16788001358509064,-0.09886112064123154,0.13836896419525146,1.027588963508606,-0.10765175521373749,-0.18919643759727478,0.9819995760917664,-0.08864907804439558,0.2122468753705321,0.8600484849788842,-0.04945137799753493,0.32002859378461346,1.365897170209362,-0.17947537095110774,0.3418580247360439,-0.0011468705646949968,0.004802330688602349,0.29695134839447146,0.001754111282989277,-0.1675510398525378,0.17227699972439772,-0.0008531294353050604,-0.02805075402481435,0.13016039546733765,0.0005487704715537445,-0.18774833908380753,0.21805257048203408,0.39622511155820794,0.01142188593485675,0.19896133522862441,0.39665853875226476,-0.2763107936368472,0.342048393508533,0.7261515298222134,0.1250999323535549,0.3175384962877202,0.7113290860436008,-0.2516189907517555,0.2724585646995763,0.8949920901173984,0.09857030589613244,0.24295316080095966,0.8777405365346207,-0.17050517780403815,0.2697714212891135,1.075695820669332,0.028817544225022945,0.25171623173475166,1.0648954728470748,-0.17782060685955997,0.22115142219535153,0.7074295156023022,-0.05149351122617171,0.19547620563120363,0.7075975288037629
1.1,0,0-ACCAD_Female1General_c3d_A1 - Stand_poses,32,-0.08857675269246101,0.20950269885361195,0.7851828846082409,0.7697046033590672,-0.01601144219664165,0.01817906296707314,0.6379404195975389,-0.03026833012700081,-0.0019869194366037846,0.26651203632354736,-0.03249884024262428,0.00974768075342336,0.044422840318175005,-0.07946282625198364,0.06962516158819199,-0.017797313630580902,0.10436759889125824,-0.08112448743547929,-0.07056746810522296,0.10169123113155365,0.05109056457877159,0.16882145404815674,-0.09966900944709778,0.13932277262210846,1.0271779298782349,-0.10750000923871994,-0.18922631442546844,0.9820491075515747,-0.08801002834787754,0.21309088482695357,0.8600948579165044,-0.048750005789788685,0.32148167062295724,1.3658097513783278,-0.18041041935217045,0.3417156808821199,-0.0011486702932986953,0.004226252158947289,0.2973147372880031,0.0018583489641961007,-0.1674330211456677,0.1722119973694439,-0.0008513297067013967,-0.027934764204394107,0.13038889445313068,0.0006616784396318992,-0.18741043646968789,0.21810377546727192,0.39625118678845106,0.011735479551262452,0.1997129717593747,0.3967077446416487,-0.27634904447819775,0.3426501478047364,0.7263347476351653,0.12537827722546843,0.31880457530962,0.711114283788813,-0.2512457208082883,0.2730676281470106,0.8951176268112656,0.09916734334434193,0.24433583953296228,0.8776284229514489,-0.16985485596305994,0.2706030211139786,1.0757380233551679,0.0295113631441897,0.25310744021094,1.064820137674077,-0.1772027722244241,0.2216401536161313,0.7074692226861452,-0.05076554716057194,0.1965134870640899,0.7076487182150483
1.1333333333333335,0,0-ACCAD_Female1General_c3d_A1 - Stand_poses,33,-0.08838522806763649,0.21035134978592396,0.7851774762694567,0.7695259602523212,-0.015930972631623377,0.018103442386209697,0.63816006297991,-0.029363680630922318,-0.0019823750481009483,0.2673645615577698,-0.032334763556718826,0.008882920012478923,0.04432729529638846,-0.0786309614777565,0.06967702507972717,-0.017744697630405426,0.10429172217845917,-0.08165072270425089,-0.0706499109437162,0.10093306750059128,0.05098699405789375,0.16914892196655273,-0.09980500489473343,0.13868674635887146,1.0269922018051147,-0.10751771181821823,-0.1893501579761505,0.982042133808136,-0.0878205443094076,0.21392317842773997,0.8600902466921736,-0.048601894856262,0.32237393301744793,1.3657951288203993,-0.18040211330648595,0.34206221768033707,-0.0011476250105929113,0.004249538398407516,0.29788765923274396,0.0018549486486447789,-0.16718092805849386,0.17257737149029195,-0.000852374989407035,-0.027814084345860003,0.13094307022512353,0.0006598345997099742,-0.18721277993373295,0.21873995944999539,0.39625457484666066,0.01187831255853546,0.20046899906064164,0.39668951626388704,-0.2758965868045862,0.3435571123218581,0.7262653694978087,0.1256402821279474,0.31959664039854735,0.7111274301900902,-0.2509370038761056,0.2739497493889965,0.8950593221434451,0.09937910938417018,0.2451484585750093,0.8776428445920579,-0.1696831812930587,0.27148162458526875,1.0757159600975412,0.029681288535103365,0.2539510836906339,1.0648222368553522,-0.17701390227226743,0.22247820326931741,0.7074660778593747,-0.0505628264244736,0.19742121334864524,0.7076410716363207
1.166666666666667,0,0-ACCAD_Female1General_c3d_A1 - Stand_poses,34,-0.08832719549536705,0.21105840988457203,0.7851142059628136,0.7687299399119517,-0.01569109079556124,0.018226650505739402,0.6391211609420816,-0.028691411018371582,-0.0023264146875590086,0.26822152733802795,-0.031970903277397156,0.007985564397761102,0.04407106576788167,-0.07784326374530792,0.06954074651002884,-0.01763743720948696,0.10430516302585602,-0.08232545960222004,-0.07108444393477398,0.10028980672359467,0.05080809444189072,0.1690341979265213,-0.10023368895053864,0.13894440233707428,1.026647686958313,-0.10805651545524597,-0.19009532034397125,0.9817750453948975,-0.08772976592801207,0.21461509728193282,0.8600274427949616,-0.04854788418714643,0.3229767540194067,1.3657539240166354,-0.18094698114286611,0.3421351835707743,-0.0011456994895823608,0.00367441096162361,0.29847702810456844,0.0017485768571437917,-0.16716673496910933,0.17269486988472857,-0.0008543005104175334,-0.027970247031365886,0.1314525088268916,0.000554600070252681,-0.18728197528738671,0.21910281120943,0.39626001486361595,0.011744531527357594,0.20128296008100868,0.3965549989441474,-0.27614033542544864,0.3441674691632557,0.7263709023585523,0.12572643916247486,0.3209607802369449,0.7111215527302852,-0.25098663118179776,0.27441816398294694,0.8950774220720928,0.09954918750935167,0.24628026142001475,0.8775461176517274,-0.16963294543997254,0.2719528801419542,1.0756994440553234,0.029759800613007537,0.2547931155821225,1.0647331228078427,-0.17702578904657795,0.22299886663123408,0.7074543790752902,-0.0505122966308972,0.19825867553432105,0.7075545474456018
1.2000000000000004,0,0-ACCAD_Female1General_c3d_A1 - Stand_poses,35,-0.08830872550606728,0.21136334724724293,0.7850841434281836,0.7680357505587139,-0.015593830554653717,0.018366704098271812,0.6399535783890206,-0.02851755917072296,-0.002151245716959238,0.26890334486961365,-0.03147903457283974,0.007323633473737656,0.043568084348120095,-0.07689119875431061,0.06933226436376572,-0.017512992024421692,0.10436568409204483,-0.08342090439758887,-0.07123964092919566,0.09998639672994614,0.05080435425043106,0.1691155582666397,-0.10082105547189713,0.1390739381313324,1.0261204242706299,-0.10880829393863678,-0.19013677537441254,0.9815086126327515,-0.08768968185059278,0.21492291585199746,0.8599970679225635,-0.048517490538077544,0.32341208710154756,1.365696919142207,-0.18162195310751367,0.34198765295743827,-0.0011432074445556148,0.003241422788302993,0.2983295598256508,0.0016952414646737198,-0.16735578984874241,0.17258755097286038,-0.0008567925554443037,-0.02804179723129763,0.13123696307153015,0.0005018198417330588,-0.18743864302966215,0.21917236692772585,0.3962684499309891,0.011643221114520676,0.20152074378009274,0.39646913358594565,-0.27637507851276844,0.3444193487616309,0.7264727838589794,0.12551974915006947,0.32197111449245575,0.7110711191814699,-0.2510521224839997,0.2745452882564444,0.8951023416792225,0.09954865095697457,0.24708852967892136,0.877437175678751,-0.16961753642154231,0.27213253515268565,1.0756937889028304,0.029802616723626524,0.2553426744083608,1.0646534992443293,-0.17706247263476055,0.22311487370994584,0.7074586825193018,-0.05049231794555962,0.19866703787668522,0.7075106583149213
1.2333333333333338,0,0-ACCAD_Female1General_c3d_A1 - Stand_poses,36,-0.08802535757422447,0.21199645288288593,0.7850738879066677,0.7677220710038425,-0.015431379552618954,0.018341473584235272,0.6403345098973137,-0.02827426977455616,-0.0017816456966102123,0.26945218443870544,-0.030823567882180214,0.0067692129497831655,0.043065573038300275,-0.07561154663562775,0.06914325058460236,-0.017398396506905556,0.10445567220449448,-0.08453777130625828,-0.07127593609435634,0.0998663529753685,0.050947148352861404,0.16954971849918365,-0.10099523514509201,0.13897201418876648,1.0256743431091309,-0.10893575847148895,-0.18982072174549103,0.9816401600837708,-0.08739537119085163,0.21553520625792674,0.8599877073374469,-0.04812753903884487,0.3241358359069762,1.3656563584109631,-0.18185103084287538,0.3424336000209512,-0.0011399768911322626,0.003274477514003806,0.2984167990233789,0.0016728741225192252,-0.16731770632735724,0.17305619862275273,-0.0008600231088677947,-0.027844673890129106,0.13129356752428997,0.0004795974619829606,-0.18730558608979428,0.21980336063791495,0.3962761365474954,0.011850832843802141,0.2019982770620416,0.39641610458039034,-0.27617498498053916,0.34499007513897806,0.7265433953817421,0.12556463222278866,0.3227866849539993,0.7109495258773497,-0.2507684056402906,0.27505891305394436,0.8951367004084616,0.0997707280937216,0.2479030519590862,0.8773426754461701,-0.16928837145809467,0.2727105795129252,1.0757044230803454,0.030142413320470296,0.2560944527413678,1.0645935584102464,-0.17680446117531068,0.2236890433617593,0.7074687540134101,-0.05020571888074019,0.19939090667685141,0.7074904030945154
1.2666666666666673,0,0-ACCAD_Female1General_c3d_A1 - Stand_poses,37,-0.08799109980463982,0.21228777058422565,0.7850306121749825,0.7676026484998998,-0.015058767643794267,0.01828460849878406,0.640488158067763,-0.027898140251636505,-0.0017788219265639782,0.27000337839126587,-0.030137626454234123,0.006337374225559467,0.04270387193854552,-0.07444321364164352,0.06896758824586868,-0.01729246787726879,0.10457151383161545,-0.0852522086949794,-0.07159475625223444,0.09975142031908035,0.051063477993011475,0.16970042884349823,-0.10101892054080963,0.13941338658332825,1.0253043174743652,-0.10894166678190231,-0.1901979297399521,0.9817954301834106,-0.08733254707071389,0.21577830435596027,0.8599464481663469,-0.04782468559382171,0.3241366037710784,1.3656485869629071,-0.18219104222702612,0.3427280438946917,-0.001136625155391112,0.00295397351285619,0.2984375233190075,0.0015920445542466181,-0.1675033093911016,0.1733639513649935,-0.0008633748446089939,-0.028098248281216154,0.13130184282899218,0.00039880158180683606,-0.18741327012960315,0.22023932825794873,0.3962811667934024,0.01172541911793705,0.2022470776177477,0.39630770088146977,-0.27634498780439715,0.3453437940926071,0.7267229454843399,0.1256543005955689,0.32313657562343656,0.7108588337170422,-0.2507759475199831,0.2752587013358026,0.8952277470668832,0.09990730225165154,0.24818899151649673,0.8772304536435779,-0.16912322397282217,0.2728257156755703,1.0757339677046531,0.030306128512204364,0.25626808558391195,1.0645106369534507,-0.17680388634633304,0.22400632792137484,0.7074682963490889,-0.05019245292118775,0.1997753967427666,0.707424716265072
1.3000000000000007,0,0-ACCAD_Female1General_c3d_A1 - Stand_poses,38,-0.0879400409758091,0.21298696286976337,0.7849904392821662,0.7669035919760713,-0.014830676007486408,0.018307841688692976,0.6413296769962094,-0.027296308428049088,-0.0018471910152584314,0.2705112397670746,-0.029534177854657173,0.005441976174405561,0.042337335810126664,-0.0733334943652153,0.06879115849733353,-0.017193451523780823,0.10469955950975418,-0.08622905068874243,-0.07183786325546127,0.09960858523845673,0.050883714109659195,0.1699822098016739,-0.10054625570774078,0.13943453133106232,1.0251240730285645,-0.10865231603384018,-0.19078855216503143,0.9820644855499268,-0.08726069144097842,0.21645422200450565,0.8599071703794455,-0.047873589283582256,0.3248828576644232,1.3656031435736176,-0.18272049758404643,0.3429011674834109,-0.0011337286407252234,0.0025208969329096713,0.2988283225856181,0.0015259630915514868,-0.16757844302798117,0.17357707985727375,-0.0008662713592746986,-0.028167209531956422,0.1316254034655821,0.0003326654171551778,-0.1875069021241669,0.22070952630100257,0.3962870288821997,0.011645969551325103,0.2029772098683698,0.3962085779183288,-0.2766095506388496,0.3455014876988465,0.726715802020435,0.12566880354772764,0.32410592135802635,0.7107668059945451,-0.2508410745414189,0.27551112093311775,0.8952295949389466,0.10001452535500864,0.249196309165048,0.8771698474801991,-0.1691288373508994,0.2733320805940074,1.0757129724583145,0.030331768593398686,0.2571856749028717,1.0644459782011622,-0.1768048800648,0.22455240095365228,0.7074653193825934,-0.05013874472179547,0.20060984295449516,0.707366856998963
1.3333333333333341,0,0-ACCAD_Female1General_c3d_A1 - Stand_poses,39,-0.08755003288388252,0.2135165948420763,0.7849579379373274,0.7670437177905848,-0.014577513509295113,0.01828360596622529,0.6411685744410403,-0.026813959702849388,-0.0019113857997581363,0.2710082530975342,-0.029118921607732773,0.004940908656069887,0.042105534568173675,-0.07256392389535904,0.06898758560419083,-0.017201296985149384,0.10482476651668549,-0.086764694670731,-0.07238325541212576,0.09954018145799637,0.050802458077669144,0.17026355862617493,-0.10050328075885773,0.13916130363941193,1.024764895439148,-0.10870587825775146,-0.1909608691930771,0.9820665121078491,-0.08684838065298725,0.2169522644017741,0.8598759188152411,-0.047302270778236406,0.3253017883424973,1.3655761507957718,-0.18248626075130917,0.3433477494977092,-0.0011317109555450608,0.0025263812730528627,0.2991299121450232,0.0014837383461539719,-0.16733570905643314,0.17402441562952187,-0.0008682890444549896,-0.028234690845264095,0.13194040047316788,0.0002905790700115443,-0.1871966195656973,0.22132873632690658,0.3962904218339103,0.01183622945271523,0.20342358714232378,0.3961373377509658,-0.2760655187187603,0.346147942411882,0.7267420618435189,0.1261560117384688,0.3245440941528573,0.7107145706709056,-0.2503478836674615,0.27607504105390984,0.8952293193641165,0.10047508940601878,0.24961728318706133,0.8771057586311418,-0.1686451525343599,0.27384761117811734,1.0757054868624476,0.030805172263467864,0.25760612857824117,1.0643932332850685,-0.1764292026692607,0.2251649640489727,0.7074621001827321,-0.04977226342954516,0.20117437271728197,0.7073192021709567
1.3666666666666676,0,0-ACCAD_Female1General_c3d_A1 - Stand_poses,40,-0.08775133267045021,0.21337472088634968,0.7849592371324102,0.7667234791116354,-0.014751405214196248,0.01838309493060566,0.6415446706535161,-0.026607410982251167,-0.0020314324647188187,0.2715398669242859,-0.02892877161502838,0.004093998082848049,0.04225633822523567,-0.07208608090877533,0.06858809292316437,-0.017045434564352036,0.1050012856721878,-0.08779188864670595,-0.071846695252476,0.09957814961671829,0.0513208843767643,0.1704307645559311,-0.1010899618268013,0.13997399806976318,1.0243037939071655,-0.10905569791793823,-0.19106976687908173,0.981744110584259,-0.08705667290511791,0.21684029468291896,0.859875905812157,-0.047355066779238036,0.3254925439314965,1.3655000870284528,-0.18272494337203346,0.34262462820339434,-0.0011307942964917002,0.002477075553810045,0.29839628840086185,0.001495174936153261,-0.16731610227110633,0.1733246010700994,-0.0008692057035083883,-0.02811558528872954,0.13117588829717725,0.00030064919888651495,-0.18733090461500781,0.22088447452818813,0.3962885600353908,0.01175048845413704,0.2030846807218522,0.3961335625406657,-0.2766639277561133,0.3461023747189017,0.7268870390931729,0.12581983665981905,0.3247542310328344,0.7106084071236531,-0.2507077673695744,0.27595076050874434,0.895304950747087,0.10028435396881655,0.2497747154120705,0.8769982372370987,-0.16878584113753425,0.27376581894880453,1.0757147491126098,0.030675363778551595,0.2577207936306118,1.0643143194732605,-0.17663738183012578,0.22490986240401767,0.7074545363431526,-0.0499555254546484,0.20105143009780874,0.707327415348596
1.400000000000001,0,0-ACCAD_Female1General_c3d_A1 - Stand_poses,41,-0.08770943060517311,0.21408513374626637,0.784929050073559,0.7664768993785567,-0.014557745873889933,0.018356240768705782,0.6418444384575959,-0.02610926330089569,-0.0021855393424630165,0.27207162976264954,-0.02873079851269722,0.0036959350593470663,0.04215596124025767,-0.07195207476615906,0.06812028586864471,-0.016876347362995148,0.10521692037582397,-0.08784893682118411,-0.07163545639022328,0.09956341981887817,0.051441047340631485,0.17126567661762238,-0.10082174837589264,0.13987387716770172,1.0242737531661987,-0.10888665169477463,-0.1911459118127823,0.9816654324531555,-0.08700055666272183,0.21752613779142774,0.8598467181425459,-0.04717207291491242,0.32647300936175555,1.3653974812231182,-0.18290666819017978,0.3431214027977978,-0.0011298308245061353,0.002553396078410621,0.2992282946563626,0.001425387643702855,-0.16728102552834945,0.17384124487244373,-0.0008701691754939116,-0.027896261076039167,0.1319818082201091,0.00022907919494571244,-0.1873324544764314,0.22151308659269833,0.39629004852668986,0.011835265673510093,0.20395393304966053,0.3960667343275235,-0.27674367901136965,0.3464929926587223,0.7268491391158157,0.12576122379300902,0.3255046640532583,0.7104336270109113,-0.2506671227805472,0.27648557514448613,0.8953084484824883,0.10034005858681723,0.250601307718851,0.8768752557387283,-0.16868053026010293,0.2745084735779537,1.0756872623421543,0.03078870469694643,0.258616868803577,1.0642126772366072,-0.17661960807358795,0.22559007725774172,0.7074479745111834,-0.04992105566710357,0.2018202515077726,0.7072846802802935
1.4333333333333345,0,0-ACCAD_Female1General_c3d_A1 - Stand_poses,42,-0.08752300217747688,0.21434365399181843,0.7849257044154717,0.7662596621656461,-0.014486652057153437,0.018279788774276447,0.6421075582582194,-0.02589261904358864,-0.0021638860926032066,0.2725854516029358,-0.028568679466843605,0.003508433928627097,0.04218341727449104,-0.07213520258665085,0.06813699007034302,-0.01684437319636345,0.10540904104709625,-0.08765396464858033,-0.07167233640055093,0.09959486871957779,0.05136243999004364,0.17175254225730896,-0.10078144073486328,0.13933821022510529,1.0240477323532104,-0.109183669090271,-0.19133874773979187,0.9813343286514282,-0.0868172407788447,0.21776937313880126,0.8598441023506531,-0.04709706905939246,0.32689762875331296,1.3653639170415997,-0.18283127901381613,0.3432886353974654,-0.0011290342205991857,0.0026871436695042362,0.2997636435023352,0.0014188453438511266,-0.16700349537823475,0.17402725567407762,-0.0008709657794007571,-0.02763815197996433,0.13249457287839334,0.00022115741493727165,-0.18712766255093577,0.22173581303512963,0.39628942215780083,0.012041243932842111,0.20442358034656008,0.39606393600724965,-0.2764677938210621,0.3465687202759216,0.7267719516649908,0.12593000590359854,0.32603758196292953,0.710463461401295,-0.25043767230006175,0.2766069982507032,0.8952574241219242,0.10053181329044039,0.25105707065152827,0.8768738545251437,-0.1685526457366473,0.2747615626494643,1.0756623419424978,0.030928929085545065,0.259015307974309,1.0642019025895233,-0.17643926366319854,0.22580961121862628,0.707446018050058,-0.049726280316058954,0.20211637527064302,0.7072790307104926
1.466666666666668,0,0-ACCAD_Female1General_c3d_A1 - Stand_poses,43,-0.08798680081963539,0.21391022391617298,0.7849308655520191,0.7660711573319079,-0.014569520858594842,0.018272492948068847,0.6423307769113706,-0.026035409420728683,-0.0022250590845942497,0.2731287181377411,-0.028487155213952065,0.003396660740200952,0.04245296503504847,-0.07250388711690903,0.06825704872608185,-0.016840944066643715,0.10556448996067047,-0.08754081359340615,-0.0716666633855525,0.0995577797293663,0.05152535438537598,0.17169451713562012,-0.10130219906568527,0.14011545479297638,1.0235737562179565,-0.10964340716600418,-0.19242480397224426,0.9809404015541077,-0.0872908640944746,0.21734496506077633,0.8598489423115312,-0.047596978382895457,0.3265157915288327,1.3653620154038428,-0.18323205064299375,0.34277298022325164,-0.0011286219149550004,0.002208259618823153,0.29949541397805424,0.0014386836785524014,-0.1672154599381789,0.1735293609999367,-0.0008713780850449979,-0.028011076405264464,0.13220717533467521,0.00023995858115404348,-0.18749489685076898,0.22124313568825035,0.3962851079684734,0.01161379317799199,0.20412035067792983,0.3960865192919187,-0.2772198345655385,0.3463358856611989,0.72689671845604,0.12575803559399834,0.32594501714302015,0.7105694325027999,-0.2510600553276664,0.27621374512975166,0.8952953988596639,0.10024667240767487,0.2508192265147484,0.8768969712178927,-0.1690394097898109,0.27430111198590507,1.0756690879722328,0.030450037405354582,0.2586619607483457,1.0641990266674248,-0.17690232460131594,0.22531153173772847,0.7074406701914886,-0.05017641376682025,0.20168715537651166,0.7072893013745628
1.5000000000000013,0,0-ACCAD_Female1General_c3d_A1 - Stand_poses,44,-0.08767478540539742,0.2143541593104601,0.7849344274587055,0.7658830500128532,-0.014533777076607506,0.01827833835486024,0.6425556982658251,-0.026081738993525505,-0.0018481230363249779,0.27353736758232117,-0.028341887518763542,0.003426492922865343,0.04210352734438583,-0.07246521860361099,0.06853803247213364,-0.01688477024435997,0.10568644851446152,-0.08766935602176074,-0.07202887966559635,0.0995621308684349,0.05173535645008087,0.1719673126935959,-0.10153012722730637,0.1411176174879074,1.0232499837875366,-0.10963261872529984,-0.19309043884277344,0.9807634353637695,-0.08697573916782424,0.21778556290751788,0.8598526282093364,-0.04718702775731103,0.3270890348189332,1.3653299599489745,-0.18326905871426935,0.3432236252829356,-0.0011279215410245937,0.0022318957887275774,0.29999780570260004,0.0014518968237821027,-0.16707653600861777,0.17399674576096266,-0.0008720784589753977,-0.02788789966779211,0.13269161764853893,0.00025299712967302365,-0.18727651371000756,0.22168799260114047,0.3962902564974765,0.011831146755929802,0.2046489188028536,0.39608656507816487,-0.2773218015127727,0.34682082745805165,0.7270366821685718,0.1261968809682637,0.3265071857069378,0.7105329338429585,-0.2509330761637801,0.27663653796944665,0.8953737395493018,0.10067632911948554,0.2513751014538075,0.876856220105834,-0.168684929024013,0.2747424866705408,1.0756840934249987,0.030810352946587835,0.25921967863548107,1.0641576107794917,-0.1766024563211462,0.22570620028433216,0.7074508983938257,-0.04986239328746507,0.20215803575573685,0.7072896951586216
1.5333333333333348,0,0-ACCAD_Female1General_c3d_A1 - Stand_poses,45,-0.0876358412206173,0.21443060226738453,0.7849698878833807,0.7657959473715191,-0.01472914814805443,0.018325575601792925,0.6426537111563686,-0.02621152251958847,-0.0012342320987954736,0.27387121319770813,-0.028126051649451256,0.0030983803711917,0.04174053309377901,-0.07215654850006104,0.06889235228300095,-0.016949985176324844,0.10576970130205154,-0.08839010134830128,-0.07215988505888515,0.09967226535081863,0.051715753972530365,0.1726008802652359,-0.10162772238254547,0.14187002182006836,1.0230610370635986,-0.10980134457349777,-0.19311821460723877,0.9804024696350098,-0.08695065474917965,0.21788908043682206,0.8598869717044351,-0.04727722030874032,0.32772258358089174,1.3652582057041815,-0.1834947653518861,0.34309155231131905,-0.0011269251773828697,0.0021234836236533293,0.29965115329482406,0.001533484150397009,-0.16718427635796188,0.17387599892222771,-0.000873074822617146,-0.027958113095035347,0.13233809144756836,0.00033478729523056874,-0.1872954107969573,0.22167562621895248,0.3962956673005036,0.011832637198856234,0.20454458963584296,0.3961445928018914,-0.27757100812322855,0.34682610347280174,0.7269872758118106,0.12620345083171292,0.32668673353456235,0.710525831841239,-0.25106855722640414,0.2767564563748934,0.8953542228536933,0.10069096155724484,0.25161979306567755,0.8768797664019496,-0.16871329531328094,0.2750388817806844,1.0756475422924066,0.030790005789183644,0.2595875022914024,1.0641639617925114,-0.17655372682975365,0.22572781809081968,0.707467005861529,-0.04980543400361602,0.2022243396969891,0.7073362623668373
1.5666666666666682,0,0-ACCAD_Female1General_c3d_A1 - Stand_poses,46,-0.0876421295106411,0.2144587654620409,0.7850147290966918,0.7657162186814734,-0.0148404534141441,0.01821385631417309,0.6427493203643044,-0.026537088677287102,-0.0005904160789214075,0.2741893529891968,-0.0279134139418602,0.003289670939646827,0.04156629672778611,-0.07200183719396591,0.06949298828840256,-0.017089178785681725,0.10580363869667053,-0.08855787485129252,-0.07246980507403733,0.09970424324274063,0.05145307257771492,0.17329052090644836,-0.10187576711177826,0.14262038469314575,1.0228044986724854,-0.11020281165838242,-0.19338728487491608,0.9799549579620361,-0.08698093643484255,0.21791934340788263,0.8599319315537861,-0.04761499334877265,0.32815095676951644,1.3652397166534245,-0.18365475453706087,0.34328548459292024,-0.001125909583115689,0.0019310343117001326,0.2996370031911306,0.0016301690316074778,-0.16723381549432656,0.17408061070312267,-0.0008740904168842122,-0.02811244190248199,0.13231708746508042,0.00043211294137987175,-0.1873055140293452,0.2218019234133571,0.3962978124037321,0.011782630420369221,0.20457200155018354,0.396228724511492,-0.27781185135394293,0.3468743342863335,0.7269218521596975,0.12628843667261536,0.32691536802730753,0.7106722912141272,-0.251273909952261,0.27683743837121255,0.8952968356961585,0.10068144542181233,0.2518197274061479,0.876998750212529,-0.16888380537180292,0.27521417984480806,1.075605115838818,0.03063062705105432,0.2598222354194653,1.0642356742609624,-0.1765404087738402,0.22572318760609317,0.7074843027271688,-0.049783982100890876,0.2022640126298025,0.7073931867785984
1.6000000000000016,0,0-ACCAD_Female1General_c3d_A1 - Stand_poses,47,-0.08736752346158028,0.2144832033663988,0.7850628973126004,0.7655729625963775,-0.014965559603539362,0.018091661576899887,0.6429204948891778,-0.02665855549275875,7.75645166868344e-05,0.27446800470352173,-0.027715425938367844,0.0032982460621562293,0.04133719037357264,-0.07158013433218002,0.07032333314418793,-0.01729889214038849,0.1057848259806633,-0.08894314625101485,-0.07299027083034415,0.0997931957244873,0.051356490701436996,0.1740264594554901,-0.10215634852647781,0.1432400941848755,1.022453784942627,-0.1106378361582756,-0.19333118200302124,0.9794606566429138,-0.08673320016681269,0.21794651253894615,0.8599802058836713,-0.04762393699670507,0.32860659047909485,1.3652138267047873,-0.1835775389742771,0.3433303476372301,-0.0011249823438000892,0.00185466505525771,0.2995032714357507,0.0017455731966168411,-0.1670171234301411,0.1741390648988441,-0.0008750176561999334,-0.028124975461734713,0.13217189547555303,0.0005490057146592606,-0.187043700580984,0.22184471793057414,0.3963009303063413,0.011951347198257935,0.20454477003768043,0.39632023443536757,-0.27776982938442,0.34688892941790517,0.726879440244573,0.1264988704038939,0.327211301876278,0.7107756788846417,-0.2511802250965131,0.2768794240346511,0.895257664204718,0.10089161524680523,0.2520724909383698,0.8770825993008564,-0.16875329535637523,0.275374920185884,1.0755749188715,0.030774407250891284,0.26009184160126797,1.0642918208375962,-0.176245253355671,0.22570171497147992,0.7075021534440928,-0.049475807905571795,0.202313519665806,0.7074548016088728
1.633333333333335,0,0-ACCAD_Female1General_c3d_A1 - Stand_poses,48,-0.08711396530270576,0.214853810146451,0.7850453186021142,0.7655534110291583,-0.014859555477401374,0.018202257332137994,0.6429431128028741,-0.026460688561201096,0.00041500566294416785,0.2747710943222046,-0.027507364749908447,0.003015728672840279,0.04070429543370102,-0.07066197693347931,0.07118375599384308,-0.017520375549793243,0.1057526022195816,-0.08986887553736755,-0.07419122726123661,0.099833644926548,0.05136580020189285,0.1746559888124466,-0.1024150475859642,0.14327940344810486,1.0219649076461792,-0.11096255481243134,-0.19308866560459137,0.9790844917297363,-0.08645682260237457,0.2183156300521408,0.8599624993179685,-0.04717559508870427,0.3292995393404031,1.3651115797997588,-0.18378831663280149,0.3435598589203431,-0.0011240367091777566,0.0012381872690747052,0.29941624187908455,0.0017588815450927525,-0.167158854078549,0.17437534593308468,-0.0008759632908223111,-0.028753480824346846,0.13208700207998025,0.0005649999647550814,-0.18698285054822586,0.2221895819632779,0.39631030127959044,0.011811518306483814,0.20470498186353397,0.3962763824260597,-0.27753630598146406,0.3473439856525825,0.7268988043802083,0.12662056809969838,0.3277141832199198,0.7106478771283484,-0.25089796661011293,0.2773133232862689,0.8952605263013154,0.10112848328323136,0.25255411846539305,0.8769628869199289,-0.16840415525205182,0.275877039030874,1.0755493209138849,0.031121361557594165,0.2606126775139263,1.0642024134354753,-0.17601523994911203,0.22607409182345337,0.7075119933420303,-0.04924147321873297,0.2027102999620145,0.7074258990144748
1.6666666666666685,0,0-ACCAD_Female1General_c3d_A1 - Stand_poses,49,-0.0869305320084095,0.2149097193032503,0.785085355349572,0.7658809532541728,-0.014911776618272548,0.018025624465202533,0.6425566754950148,-0.026309026405215263,0.0008154864190146327,0.2750436067581177,-0.0273393914103508,0.0028948174738940846,0.04069604174571406,-0.06993097811937332,0.07174768298864365,-0.017665447667241096,0.10575716197490692,-0.09040804279630255,-0.07444475373645476,0.09977559000253677,0.05126656964421272,0.17476169764995575,-0.10299816727638245,0.14329372346401215,1.0213028192520142,-0.11180181056261063,-0.1933451145887375,0.978492796421051,-0.08629695888258207,0.21836018895643,0.8600032627166809,-0.04713225551857736,0.32929024252500994,1.3651729683613099,-0.18346249619748914,0.3437161666177282,-0.0011232580266363548,0.001345632135725295,0.29908644119717326,0.0018564636140116393,-0.16694752112802103,0.17452043727360342,-0.000876741973363751,-0.028826299454227697,0.13178960443517965,0.0006635874418631123,-0.1867399096106105,0.22238686899244087,0.3963101638739068,0.01193877621800918,0.20453538216894268,0.3963521210442446,-0.27712551915418954,0.34791962878405447,0.7269310415574183,0.12703514721487888,0.3279456492884259,0.7109025415204996,-0.2506839206061107,0.2776468318491956,0.8952228716661388,0.1013630115071123,0.25256816483605954,0.8770914114546904,-0.16828540766923433,0.2760039880339056,1.075554049925447,0.031229059331750478,0.26052984526452166,1.0642973513479042,-0.17579181774845418,0.2262342000765245,0.7075214760845224,-0.049039072262903535,0.20275719063937894,0.70747830370044
1.700000000000002,0,0-ACCAD_Female1General_c3d_A1 - Stand_poses,50,-0.08668907359242439,0.21484843082726002,0.7851191928201636,0.7657752877100661,-0.015082686738195966,0.01805958140632573,0.6426776585604569,-0.026414142921566963,0.0014182950835675001,0.27526921033859253,-0.02720947191119194,0.002691840402514023,0.04031382920348814,-0.06945245712995529,0.07189241051673889,-0.01770642027258873,0.10581069439649582,-0.09121521749573347,-0.0743868528014957,0.0997965857386589,0.051422473043203354,0.17495520412921906,-0.10345575958490372,0.14392748475074768,1.0208402872085571,-0.11242077499628067,-0.19369365274906158,0.9781092405319214,-0.08606863228997721,0.21832189656763734,0.8600361474321915,-0.04693087523970365,0.32951424958795694,1.3651505674599091,-0.18350127250364434,0.34348952812669886,-0.0011226671381718463,0.0015409261298552912,0.29852838416725913,0.001927876264301208,-0.16687711302239544,0.17430448998019232,-0.0008773328618281555,-0.02858761525247803,0.13122372606171834,0.0007352445687803869,-0.18656738358751224,0.2222398279904552,0.39631573789474545,0.012183883645052927,0.20426214129898554,0.3964018058076375,-0.2771024476207866,0.3480240828899437,0.7270037673718701,0.12733960325171706,0.3282016170783167,0.7109678136328249,-0.2505708585515308,0.2776754394640908,0.895249740143198,0.10165189958906963,0.25272869575754064,0.8771109574336331,-0.16806847839560296,0.2760450180094274,1.07555886957177,0.03145128250013837,0.2606354114257673,1.0643074724566113,-0.17554207351074805,0.22611773446545763,0.7075376952614181,-0.04877913991249745,0.20269643758554648,0.7075221824356562
1.7333333333333354,0,0-ACCAD_Female1General_c3d_A1 - Stand_poses,51,-0.08643379434943199,0.21527761407196522,0.7850994061744817,0.7659753990714239,-0.015067571183090852,0.01828024968294758,0.6424332562901335,-0.02682732790708542,0.001690428820438683,0.27558037638664246,-0.02708837389945984,0.002793606114962044,0.03984541618885584,-0.06992483884096146,0.07198034971952438,-0.01774541847407818,0.10589641332626343,-0.09115104285908915,-0.07477421019887631,0.0997641384601593,0.05158216133713722,0.17558318376541138,-0.10357025265693665,0.14396706223487854,1.0206719636917114,-0.11254609376192093,-0.19350768625736237,0.9781157374382019,-0.0857854474404593,0.2187703984489079,0.8600152262900074,-0.04629162831071611,0.33039278046106596,1.3650072611847894,-0.18353881145645706,0.34403721812992344,-0.0011220928594019679,0.0015824656044740003,0.2989872340982723,0.0018924069768290232,-0.16696503611318766,0.1748472351397784,-0.0008779071405979645,-0.028655041323286154,0.1317022350796163,0.0006998139524080106,-0.18646607591928305,0.22276709746658468,0.39632239558660004,0.012298931318053586,0.20466711487862146,0.396357712259137,-0.2768011573868503,0.3485629003250175,0.7269907818610571,0.1275547687024322,0.32844072249833706,0.7107285582059839,-0.2502271078335788,0.2782964405339119,0.8952643945367624,0.1019405706384419,0.25310937747955686,0.8769472861501245,-0.16762259266932478,0.2767476846122071,1.0755290583976593,0.03188101009471951,0.26119983833557253,1.0641817300634413,-0.1753079722688555,0.22657308550731867,0.7075456128352356,-0.048560293876979424,0.20306936040606516,0.7074923482355288
1.7666666666666688,0,0-ACCAD_Female1General_c3d_A1 - Stand_poses,52,-0.08639415726065636,0.2146433163434267,0.7850968548509857,0.7661122803160809,-0.015221008290690407,0.01846207907732093,0.6422611980274475,-0.027882281690835953,0.0017020083032548428,0.2759934961795807,-0.0271130558103323,0.0033605308964734792,0.040063510505148225,-0.07123608887195587,0.07215099036693573,-0.01782791130244732,0.10598376393318176,-0.09041113471309226,-0.07494414907514546,0.09974904358386993,0.05179222673177719,0.17584912478923798,-0.10382460802793503,0.1441182792186737,1.020557165145874,-0.11283905059099197,-0.1933870017528534,0.97813880443573,-0.08573893288845572,0.21817108810291197,0.8600109757323993,-0.04603444748583002,0.3301440563587896,1.3649092728389116,-0.18337779028630186,0.34376726176250655,-0.0011221588692852148,0.0016301500927464359,0.2987794980321985,0.001889556170662221,-0.16681277038674833,0.17457642151230263,-0.0008778411307145198,-0.028678714947235024,0.13150741740795832,0.0006963488852820277,-0.18637169077050625,0.22229231063280494,0.39631887657853454,0.012324576035522901,0.20418783515789862,0.3963713660126993,-0.2767564431435656,0.3480764299891922,0.7269812390590294,0.12757108986893445,0.32774710537861323,0.7105915106654768,-0.25015504198103383,0.2778544725305272,0.8952691065689352,0.10199576754627054,0.2525011880025928,0.8768549131643463,-0.16747650682844978,0.2763451276468259,1.075506213764273,0.03201667242728631,0.26069946843252945,1.064110175935762,-0.17527349744833293,0.2259153532959248,0.7075446126172763,-0.04853727919555033,0.20234961589017209,0.7074921159969021
1.8000000000000023,0,0-ACCAD_Female1General_c3d_A1 - Stand_poses,53,-0.08633513376116753,0.2148179728537798,0.7850721513482821,0.7665169401804568,-0.01553581377316868,0.0190452777985639,0.6417536102745125,-0.029094984754920006,0.0018197953468188643,0.2763686776161194,-0.02721579000353813,0.0034655223132495916,0.03975794027311774,-0.07256976515054703,0.07198026776313782,-0.017840398475527763,0.10607697069644928,-0.09047359066447358,-0.07501492248321973,0.09977611899375916,0.05177878588438034,0.17568998038768768,-0.10380970686674118,0.14369453489780426,1.0205098390579224,-0.11322158575057983,-0.19337046146392822,0.9781935811042786,-0.08564087923833376,0.2184375988871596,0.8599815387308792,-0.045573743378250986,0.33090142586218174,1.3647420809526665,-0.1834323943810485,0.3439557709476432,-0.0011226261515167105,0.0017053147944910418,0.298716160610583,0.0018492171627347842,-0.16702220343222873,0.17474984467929067,-0.0008773738484832497,-0.028829069048094617,0.13148510316831633,0.0006555546916318968,-0.18642240377160807,0.22246004940668954,0.3963235104701325,0.012300909082999887,0.2041260031619366,0.39632704656034407,-0.2764074533120902,0.3484254675867358,0.7268656757499423,0.1277354483725289,0.3277055247296851,0.7103725974695247,-0.2498907307868993,0.27835423132519516,0.8952297143076744,0.10214317511507472,0.2526170521423472,0.8767045578324825,-0.16721067141238433,0.2769461001926609,1.0754499972725127,0.032257266541273505,0.2610317501472792,1.0639843925719845,-0.1752406716201169,0.22608006718482004,0.7075473543134495,-0.048535845826309834,0.2023460707160467,0.7074646048935131
1.8333333333333357,0,0-ACCAD_Female1General_c3d_A1 - Stand_poses,54,-0.08615702018141747,0.2147193718701601,0.7850485398612563,0.7661880313862317,-0.015608486483903214,0.019349530651060546,0.6421353995644192,-0.030123520642518997,0.002045295899733901,0.276715487241745,-0.02734294719994068,0.00417979442973726,0.03942928213733177,-0.07434536516666412,0.07179326564073563,-0.017871852964162827,0.1061796098947525,-0.0893659003603926,-0.07513900387868244,0.09966281056404114,0.05230274796485901,0.17568546533584595,-0.10399463027715683,0.14452414214611053,1.0204275846481323,-0.11292031407356262,-0.1936362087726593,0.9787367582321167,-0.08543662761749048,0.21837697998936356,0.8599558354832462,-0.04498455771140131,0.3311030642901639,1.3646283576167826,-0.18370457568203666,0.34409763053028014,-0.001123163315931982,0.001797012811768313,0.2994013632108722,0.0017816809995967464,-0.16706518073110846,0.17491409155896803,-0.0008768366840679193,-0.0285665822880371,0.13213921948296847,0.0005869558591867115,-0.18638556431618478,0.22236349783548737,0.3963279573360524,0.012469597994556821,0.2044304663730314,0.3962873466313294,-0.27667765458330695,0.34825504689875786,0.7270325965314455,0.12782500574317773,0.3275552865540885,0.71005539297781,-0.24982753997343887,0.2782218740504962,0.8953596301606596,0.10240078150084601,0.2526634366188119,0.8765017321959367,-0.16683910065851698,0.2769114608889324,1.0754720511082732,0.03263192380630202,0.26116372852971287,1.063831422925139,-0.17510907290902866,0.2258285903480839,0.7075540398905527,-0.04838386442885537,0.20220297551947886,0.7074311225688077
1.8666666666666691,0,0-ACCAD_Female1General_c3d_A1 - Stand_poses,55,-0.08591476455330849,0.21435114927589893,0.7850496653582435,0.7661983007717844,-0.015785496800654972,0.019575707928418413,0.6421119634801145,-0.03095342591404915,0.0022848097141832113,0.27708080410957336,-0.02752573788166046,0.004673093387205451,0.03930818480315701,-0.07599293440580368,0.07182151824235916,-0.017984675243496895,0.10626015067100525,-0.08838386322838909,-0.07520427499276505,0.09957920759916306,0.052615247666835785,0.17579133808612823,-0.10407498478889465,0.14525847136974335,1.020329475402832,-0.11271529644727707,-0.1938582807779312,0.9791476726531982,-0.0851853418824113,0.21805084183788848,0.8599548068207221,-0.04448582705958091,0.33109777280415925,1.3645363462193185,-0.18360071053782895,0.34391809647379046,-0.0011239697346098372,0.0021024478174803407,0.2996249234301731,0.0017723349369448242,-0.16690449609638094,0.17474015775439133,-0.0008760302653900535,-0.028273949084664463,0.13236511048182603,0.0005767247465848432,-0.18617990314635893,0.22201937561860077,0.39632955046713586,0.012734334194650697,0.20430903227140804,0.39630357055968213,-0.27668965267030754,0.3479492335549824,0.7270962040225574,0.1281184174379981,0.32695744097514806,0.7098582321024374,-0.2496680655908496,0.27797600891406626,0.8954207294762988,0.10271601232582762,0.25228103043030187,0.876404669250828,-0.16647343657676217,0.2767370847480265,1.0754678978752672,0.03299028313530958,0.2609534668826286,1.0637509517841068,-0.17487905201971574,0.22540075601128393,0.7075598478764785,-0.04815859811411426,0.2017487047870413,0.7074338127162577
1.9000000000000026,0,0-ACCAD_Female1General_c3d_A1 - Stand_poses,56,-0.08603819832205772,0.21449808962643147,0.7850611411539451,0.766158634960176,-0.015930145369284006,0.0196762763922984,0.6421526459431643,-0.031630951911211014,0.00252500525675714,0.27746084332466125,-0.027783306315541267,0.005294540891666033,0.03931472790331858,-0.07724109292030334,0.07181069999933243,-0.01809881255030632,0.1063050702214241,-0.08753008714018606,-0.07512383064855666,0.09961773455142975,0.05197400599718094,0.1751956343650818,-0.10406260937452316,0.14500968158245087,1.020164132118225,-0.1136617511510849,-0.19408316910266876,0.978584349155426,-0.0853113637126561,0.21822411833320216,0.8599650023463222,-0.045014832965893134,0.3311688619888879,1.3646004597570112,-0.1837925146477479,0.34432104326787444,-0.0011251137605048957,0.0021212212994453084,0.30029084945025764,0.0017803024468749894,-0.16700942324827536,0.17515170435190935,-0.0008748862394951894,-0.028243686261889195,0.13302895510339396,0.0005840214221122277,-0.18629046271872468,0.22220965988942173,0.3963291792989756,0.01268151649678366,0.20468555687184994,0.39633730435253056,-0.2766789867252625,0.34812155332580597,0.7269896403937621,0.1281209907259151,0.32762124992334873,0.7101612522991242,-0.24981094207233112,0.2780988669822317,0.8953181756393516,0.10259182492201777,0.2526556285114183,0.8765583120803847,-0.1667882409013149,0.2768458094877433,1.0754346384771765,0.032686168737852475,0.2610947235502441,1.0638567245504298,-0.1750044895117874,0.22549356361973938,0.707565221899208,-0.048283787752712144,0.20184210203272496,0.707449986454066
1.933333333333336,0,0-ACCAD_Female1General_c3d_A1 - Stand_poses,57,-0.08587683364748955,0.2136580664664507,0.7850462947136708,0.7660067874423415,-0.016111037653952675,0.019975761338960174,0.6423200176056366,-0.03257066383957863,0.0025634339544922113,0.2779286205768585,-0.028157688677310944,0.005952405938626448,0.03930155426269155,-0.07879684865474701,0.0719621330499649,-0.018266532570123672,0.1062949150800705,-0.08666499163589636,-0.07542314174691589,0.09967700392007828,0.05190020054578781,0.17497405409812927,-0.10431824624538422,0.1454971432685852,1.020108938217163,-0.11414427310228348,-0.19382300972938538,0.9782206416130066,-0.08513386463042356,0.21743386580203977,0.8599475052273671,-0.0448213238494708,0.33061868281296236,1.364527784939648,-0.18379228410330173,0.343652704626106,-0.0011268043644366114,0.002130083714144703,0.2999964963652654,0.0017559112643494162,-0.16685607798232524,0.17449863105753816,-0.0008731956355634285,-0.02817192489515108,0.13272319354020448,0.0005599028038162611,-0.18615262947670122,0.22131835735119595,0.39632914385113927,0.012783919446629214,0.2040787178219019,0.3963288376246073,-0.2767327629741954,0.3472952380425953,0.7269978880379349,0.12812385932467144,0.32710622096311287,0.7101099669444534,-0.24974140641699602,0.27729915566448854,0.8953177600884079,0.10270635792412286,0.25205863674112755,0.8764871737041693,-0.16661093827114296,0.27610630710124157,1.0754044205725068,0.032869572023233595,0.26044964399329573,1.0638035665944825,-0.17487057045110346,0.224539307162061,0.7075647665828938,-0.04814197428791327,0.2009295169056332,0.7074334869132423
1.9666666666666694,0,0-ACCAD_Female1General_c3d_A1 - Stand_poses,58,-0.08602918311953545,0.21346070058643818,0.7850557001266534,0.7665572441055077,-0.01634252529449758,0.020126950485059313,0.6416524131027169,-0.03329463675618172,0.002456155139952898,0.2784319221973419,-0.02855345606803894,0.006451680791264014,0.0397297677138827,-0.08014621585607529,0.07200910151004791,-0.018421851098537445,0.10620884597301483,-0.08576564652579899,-0.07529154955638317,0.09970135986804962,0.05162397399544716,0.17498302459716797,-0.10431975871324539,0.1453937590122223,1.0201836824417114,-0.11451162397861481,-0.1937033087015152,0.9780397415161133,-0.08528784728383516,0.21727699871122996,0.859954874286329,-0.04498815672912097,0.3306912906672874,1.3644840246440681,-0.18349534529563802,0.3437712047587789,-0.0011285937901861186,0.0023214492279575866,0.30011018071740875,0.0017725162302299896,-0.16677066891823192,0.17459609117932978,-0.000871406209813963,-0.028282792408304565,0.13289190734433165,0.0005769226554189107,-0.18614870383105966,0.22125885726115913,0.39632283703606763,0.012702796504623845,0.20387339925528147,0.3963739439111752,-0.27659554507177464,0.34736754363572936,0.7268431401738301,0.12815623602363074,0.32666828764785033,0.7101663394647441,-0.2498003014454259,0.277439485410908,0.8952226098133284,0.10257324430566742,0.2516688640987951,0.8765398986808531,-0.1667591215073677,0.2762144411309127,1.0753461092624008,0.03269911315788496,0.26021457219255195,1.0638308273215944,-0.1749987675895586,0.22443444287242464,0.7075586923223611,-0.048313838420950925,0.20059056567570474,0.70745321305361
2.0000000000000027,0,0-ACCAD_Female1General_c3d_A1 - Stand_poses,59,-0.08625659719109535,0.21316558308899403,0.7850375564819995,0.7660213818049293,-0.016393344566061792,0.02029390479955535,0.6422854959436588,-0.033735617995262146,0.0024993564002215862,0.2789061367511749,-0.02893408201634884,0.007010538730561899,0.0396203137810307,-0.08088867366313934,0.07177551835775375,-0.01851699873805046,0.10603500157594681,-0.08516700585942627,-0.07525907522167041,0.0998651459813118,0.051368050277233124,0.17499195039272308,-0.10396858304738998,0.14591646194458008,1.0203495025634766,-0.11458372324705124,-0.1942356675863266,0.9781742691993713,-0.08550414355829764,0.21700440306385124,0.8599354688342882,-0.04542909499411801,0.33065014096898454,1.3644298534336174,-0.18409822467763748,0.3434974583755355,-0.0011303236775705994,0.0020037955032005846,0.3002443297275674,0.0017230944872007187,-0.16701447508955689,0.17435823299310685,-0.0008696763224292983,-0.028341872541891328,0.13297892839519468,0.0005289638338079258,-0.18643256932406257,0.22079724259785305,0.39632417546351595,0.01248843193081281,0.2038231175232241,0.3963424746560605,-0.2772636345320743,0.3465712944359683,0.7267916608018441,0.12791091519015646,0.326740775703609,0.7101381502836522,-0.2502386591628146,0.2768207740445815,0.8952080490055749,0.10238006412568701,0.2517587874141868,0.8765275768715725,-0.1670962708353721,0.27586039508138915,1.0753073687008037,0.03239109345135062,0.260222410746014,1.0637995524065216,-0.17526417892784976,0.22395918844886026,0.7075583944150331,-0.04854130652408624,0.20031753955995807,0.7074294069840116
2.033333333333336,0,0-ACCAD_Female1General_c3d_A1 - Stand_poses,60,-0.08618144318461418,0.21312770433723927,0.785027352678294,0.7660965350414565,-0.01635656760848176,0.020346643199355408,0.6421951228435653,-0.03400201350450516,0.0025899538304656744,0.2793940305709839,-0.029347294941544533,0.007707439796997173,0.03955807882735074,-0.08135171234607697,0.0717666819691658,-0.01869192346930504,0.1057397723197937,-0.08443859914242324,-0.07540109714164878,0.1001720279455185,0.05132396146655083,0.17540095746517181,-0.10361678898334503,0.1457223892211914,1.0204393863677979,-0.11425570398569107,-0.1940036565065384,0.978635847568512,-0.08541893544809574,0.21696728805707327,0.8599251241992821,-0.045292373128284845,0.33083721023017804,1.3643646511034748,-0.18411798884055858,0.34377194170011416,-0.0011322020131899584,0.002067684672877698,0.3005529199653919,0.001691732817517562,-0.16699255906407554,0.1746369372052385,-0.0008677979868099775,-0.028341523100445933,0.13329903926729478,0.0005003160031534087,-0.1863755189260721,0.22083953444631108,0.3963244894763309,0.012525599677362968,0.20387401746699807,0.3963283218624561,-0.277171369171594,0.34631783640746466,0.7267105721173784,0.12789296418957513,0.3264733859957,0.7099845080784029,-0.2501301240556509,0.27671826741908284,0.8951867878375183,0.10241934243340561,0.2516908456737273,0.8764724369554966,-0.16699073908044743,0.2759146279655752,1.0752804993558367,0.0324966470230081,0.260290566084127,1.0637541653360583,-0.1751970678999564,0.22393498050090183,0.7075590382650391,-0.04848070595466848,0.20025830624154436,0.70741442904826
2.066666666666669,0,0-ACCAD_Female1General_c3d_A1 - Stand_poses,61,-0.08645104989409447,0.21257290430366993,0.7850640571029199,0.7664137012932034,-0.016768763267226466,0.020469455554610615,0.6418020321234874,-0.034200333058834076,0.002559471409767866,0.2799340486526489,-0.029826665297150612,0.00754618388528927,0.04000783011338749,-0.08164914697408676,0.07193116843700409,-0.018924061208963394,0.10534567385911942,-0.08446176147276852,-0.07510587802076263,0.1004766970872879,0.05130266025662422,0.17567622661590576,-0.10360101610422134,0.14485453069210052,1.020376205444336,-0.11412505060434341,-0.19313503801822662,0.9789018034934998,-0.08571217316600013,0.2164712765176432,0.8599590285980878,-0.04568598171145443,0.3308582759651683,1.3642894104437453,-0.18395354283854515,0.342990241736118,-0.0011344418164917422,0.0021078425773494135,0.29964154656308517,0.0017721350951903046,-0.16690314683287139,0.17384766372087782,-0.0008655581835082006,-0.028505359668962664,0.1324248589635091,0.0005841803602881779,-0.1864366942056426,0.22010884374702672,0.3963191896848994,0.01234493649254649,0.20298512569880145,0.39641810254116094,-0.2770393128682088,0.3457819239368666,0.7264756929432477,0.12743482441195647,0.3255927691861975,0.7099014018942991,-0.2502421481926787,0.2763535022505088,0.8950614884055639,0.10198513174890002,0.25106878719889214,0.8765088850884217,-0.16732008804368798,0.27570933803315545,1.0752213078599078,0.03216072003927613,0.25993821340044354,1.063781739057409,-0.17542831831397232,0.22340242278346117,0.7075545715252398,-0.04873601653291913,0.19959691053663228,0.7074750302126114
2.1000000000000023,0,0-ACCAD_Female1General_c3d_A1 - Stand_poses,62,-0.08617343381047249,0.2125666607171297,0.7850626259087864,0.7661930198191965,-0.016711243561016095,0.020418243512926978,0.6420685991783367,-0.03422066196799278,0.002686078893020749,0.280429482460022,-0.03021574579179287,0.008148651036892662,0.03997054338437522,-0.08147136867046356,0.07207900285720825,-0.0191503893584013,0.10492841899394989,-0.08406330778563609,-0.07533511647206481,0.1007215678691864,0.051521092653274536,0.1755581498146057,-0.10357069224119186,0.1451491266489029,1.0205116271972656,-0.11372106522321701,-0.19265730679035187,0.9791646003723145,-0.08543625117354894,0.21645375339397613,0.8599582003593601,-0.04538824347997453,0.3307262202160393,1.3643133347487941,-0.18386033673661947,0.3431738036483344,-0.0011362303151809562,0.002214394775948963,0.2998400850334378,0.0017640416306738335,-0.1666083613837214,0.1740516728918071,-0.0008637696848190143,-0.028315678289419846,0.1326081711574837,0.0005801412933555579,-0.18616271739150939,0.22008948117798258,0.396319207072908,0.012560169868627126,0.20304596530183605,0.3964166123064337,-0.27701007060540556,0.34560373625223006,0.7265701512247116,0.12742758361366716,0.32562307977853905,0.7098124150107837,-0.25005734433490456,0.2761724840212066,0.8951299802599464,0.10215323397929145,0.2511373467790533,0.8764636887360594,-0.16703946126853336,0.2755505915348621,1.0752575264350925,0.03245304570089559,0.25996587196371124,1.0637666135496446,-0.17515929124105786,0.22334637302780053,0.7075560347643699,-0.048449699560714835,0.19963332753617166,0.7074711853796113
2.1333333333333355,0,0-ACCAD_Female1General_c3d_A1 - Stand_poses,63,-0.08633576706051826,0.21230933256447315,0.785053694766909,0.7663123626239446,-0.01669213375826136,0.02051494547876467,0.6419235722204845,-0.03430841490626335,0.0028925836086273193,0.28087949752807617,-0.03049609251320362,0.00848737237739794,0.03969436011922767,-0.08118332922458649,0.07203342020511627,-0.019329629838466644,0.10450144112110138,-0.08403854992958282,-0.0754685944765846,0.1009284108877182,0.051599934697151184,0.1753867268562317,-0.10346685349941254,0.1450505256652832,1.0207430124282837,-0.11338642239570618,-0.1920974999666214,0.9793576598167419,-0.08558489972919102,0.21620339489594795,0.8599487712192989,-0.04539212719671463,0.33042335329915873,1.364304506643277,-0.1842207272950586,0.3430412493561673,-0.0011375459086965384,0.0019763866573585497,0.2994192955116789,0.0017385064913581112,-0.1669526462129888,0.17392076656287872,-0.0008624540913035154,-0.028653141085146463,0.13220553932256984,0.0005587728772460422,-0.1863989833308811,0.21985520577725728,0.39632305937491613,0.012312673301756106,0.20261131003890356,0.39639035690184293,-0.27714570877302336,0.3453152680679895,0.726590341676833,0.12708118833210805,0.32519052197548765,0.709696709064097,-0.2501685690345648,0.27592364555012494,0.8951625839352724,0.10191488506219475,0.2507826740690088,0.8763991192261015,-0.16712270752126357,0.27529410031650875,1.075273261984307,0.03236413170843429,0.2596730306969857,1.0637334154477767,-0.17533054584664862,0.22311315314016558,0.7075606051541606,-0.04862833121365001,0.19936125973555252,0.7074575646386893
2.1666666666666687,0,0-ACCAD_Female1General_c3d_A1 - Stand_poses,64,-0.08639300987124443,0.2118887472897768,0.7850927900020549,0.7664435993231673,-0.01678310852146681,0.02033272434270768,0.6417702989744137,-0.03430330380797386,0.0031363542657345533,0.2812890112400055,-0.03068709187209606,0.008784927629822192,0.039937155284766046,-0.08074723929166794,0.07198447734117508,-0.019509736448526382,0.104078009724617,-0.08388044250919524,-0.07506916230412786,0.10107192397117615,0.051500458270311356,0.17496420443058014,-0.10343700647354126,0.14447125792503357,1.0209550857543945,-0.11334613710641861,-0.1916116178035736,0.97938072681427,-0.0856710619928851,0.21577558399228802,0.8599885261404289,-0.04572002024089542,0.32972054823018154,1.3644255532864693,-0.18407453930255036,0.3428071866040708,-0.0011384408707739158,0.002256999257912052,0.29887853638309514,0.001795631878773716,-0.1667989720906976,0.17368747127197248,-0.0008615591292262456,-0.028472233275612158,0.1316830504200472,0.0006193064642631176,-0.18632581169836632,0.21951254516242996,0.3963191498934674,0.01238476745491934,0.2020439879945751,0.3964645363542766,-0.27694615484690693,0.3449263896278305,0.726537365280147,0.12693580679856856,0.3247581557119571,0.7098774029119497,-0.2501597877511818,0.27549457218134427,0.8951234781959474,0.10173641245682807,0.2502814468214757,0.8765440599307429,-0.1673118717762434,0.27477064189409905,1.0753017760844692,0.03217685825356048,0.25910168224126606,1.0638599582877242,-0.17535199174522245,0.22273489134104096,0.7075645246343809,-0.04865721096628367,0.1989437418771458,0.707511104498482
2.200000000000002,0,0-ACCAD_Female1General_c3d_A1 - Stand_poses,65,-0.08618870750069618,0.21167786605656147,0.7850693092315754,0.7662546556514811,-0.01649699219325059,0.020209725565009655,0.6420071798146754,-0.03394753113389015,0.0031833660323172808,0.28169938921928406,-0.030746161937713623,0.009118813166711037,0.0397246583452715,-0.07992932200431824,0.07209983468055725,-0.01974518969655037,0.10367397964000702,-0.0837336308687604,-0.07552532716491211,0.10122808068990707,0.05153005197644234,0.1745397001504898,-0.10317334532737732,0.14394418895244598,1.0213191509246826,-0.11303746700286865,-0.19132627546787262,0.9795525074005127,-0.0854545161701641,0.2155202189546332,0.8599672216677497,-0.045485345392112915,0.32896781026846733,1.3645150898472935,-0.18416338477614105,0.34277978118499747,-0.00113874407101041,0.0021110824997784654,0.2987836950177553,0.0017473109188278005,-0.16671863951440002,0.1736774338828858,-0.0008612559289895259,-0.028556402835583295,0.13157684291929295,0.0005751528542720513,-0.18620175222944238,0.21937613848984344,0.3963215605371283,0.012431086999190582,0.20188203123932297,0.3964098901919384,-0.2767038349481871,0.3444798863311298,0.7266122772323022,0.1269509462306991,0.3246628927687149,0.7098801224318965,-0.24989197477460953,0.27501073356065037,0.8951789559429906,0.1018785805421998,0.2500766934977303,0.8765169717817903,-0.16709474627614304,0.2742260081080489,1.0753592186937808,0.032403056658031296,0.25871409319194943,1.063861739836525,-0.17516768158040702,0.22252604116126484,0.7075646760474854,-0.048456685160664995,0.1988220870422534,0.7074731238393347
2.233333333333335,0,0-ACCAD_Female1General_c3d_A1 - Stand_poses,66,-0.08639201149344444,0.21158497221767902,0.7850821041294436,0.7664104662766129,-0.016396723805593785,0.01994413614475145,0.6418320466162059,-0.03355174511671066,0.003013152861967683,0.28211164474487305,-0.030728112906217575,0.009117539906724703,0.04017893951258744,-0.07927541434764862,0.07184251397848129,-0.019882554188370705,0.10332290828227997,-0.083493442550159,-0.07509773863303759,0.10129102319478989,0.05148407816886902,0.17417530715465546,-0.1028645932674408,0.14338766038417816,1.0218422412872314,-0.1126822978258133,-0.19126921892166138,0.9797213673591614,-0.0856777937108087,0.21539008318623382,0.8599821109617259,-0.04584571659356164,0.32838331200381066,1.3646427687870175,-0.1840224127107445,0.34282502639180656,-0.0011386988819419262,0.00226515926682953,0.29868142495987043,0.0017534530885818904,-0.16659192347160215,0.17372120888503137,-0.0008613011180581866,-0.028511799805169245,0.13149467070550913,0.0005838411134791374,-0.18623715793362614,0.21940467262620944,0.39631483250030225,0.012355659792207707,0.2017242931113528,0.3964355592241254,-0.2766800881374754,0.34431193018715855,0.7265788344060405,0.12681014049446246,0.32440618838377927,0.7100276883806377,-0.25001413005977335,0.27483892178038216,0.8951670664594029,0.10164951640628811,0.24977640158944928,0.8766317163112207,-0.1673735548330867,0.27393906946296265,1.0753964410719172,0.032121869594481975,0.25835326999505975,1.0639577616284421,-0.17534169323532742,0.22252233908031677,0.7075568279798136,-0.04864054773321645,0.19876601270727737,0.7074910040953685
2.2666666666666684,0,0-ACCAD_Female1General_c3d_A1 - Stand_poses,67,-0.08623851463198662,0.21128875203430653,0.7850525068723293,0.7664604814765466,-0.016262740262525364,0.020023508864534162,0.6417732564595116,-0.03337781876325607,0.00293396576307714,0.2824685871601105,-0.030659355223178864,0.008975048947734487,0.03998235740715095,-0.07907801866531372,0.0716308206319809,-0.020039506256580353,0.10300954431295395,-0.08332316123041483,-0.07522368061745555,0.10135205835103989,0.051430340856313705,0.17391158640384674,-0.10302076488733292,0.14278975129127502,1.0222868919372559,-0.11258973181247711,-0.19085045158863068,0.9797406196594238,-0.08550197916179793,0.2150860470675287,0.8599526942281152,-0.04554914787760113,0.3278868427591505,1.3646468118302997,-0.18403360473911132,0.3424819774079132,-0.0011384650082579932,0.002334177942497344,0.2983951850325997,0.001687351929653403,-0.16657245376841648,0.17338132242235565,-0.00086153499174196,-0.028504579761564203,0.13121979931514233,0.0005205471089871211,-0.18615920951388132,0.21911716028435735,0.39631801154460844,0.012425098590345577,0.20137386485848213,0.3963720646376916,-0.2763251252814541,0.3440280718112582,0.7265739083665202,0.12682234795744482,0.324093041061992,0.7099634994471095,-0.24971631986125692,0.2745522569172698,0.895170013965358,0.10175399646139223,0.2494230694726459,0.8765634313206991,-0.16714644966741937,0.2735610722139237,1.0754074024100184,0.03234469449620804,0.25795675030901016,1.0639194331301738,-0.17520811349624746,0.22225280044673557,0.7075540516872433,-0.048510746156654586,0.1984765004616198,0.7074492913000361
2.3000000000000016,0,0-ACCAD_Female1General_c3d_A1 - Stand_poses,68,-0.08630626276135445,0.21106316335499287,0.7850636300294264,0.7666321952991363,-0.01611956639492628,0.019799567009830245,0.6415786887485351,-0.03332314267754555,0.0030528728384524584,0.2827453017234802,-0.03050042875111103,0.009261689029994358,0.04011996104236193,-0.07893692702054977,0.0713876262307167,-0.02020014077425003,0.1027250662446022,-0.08265100830044325,-0.07493330152098587,0.10154413431882858,0.05138237774372101,0.17386920750141144,-0.10344229638576508,0.14261603355407715,1.0226744413375854,-0.11264975368976593,-0.19038771092891693,0.9797260761260986,-0.08558071047357443,0.2148222771768781,0.8599658505382458,-0.045701275064871566,0.3273342014585234,1.3647301542397043,-0.18397391440910657,0.3426113903216952,-0.0011377809713707145,0.0025792622269467137,0.29846753521397085,0.0016796976218903976,-0.16655389535059736,0.1735064909201199,-0.0008622190286293532,-0.02837516576895062,0.13131351618092155,0.0005146617658742698,-0.1861691070590475,0.2191389427680573,0.396314921972016,0.012460208685445177,0.20123126309788478,0.3963910606682399,-0.276260727924786,0.343977824402388,0.7266005312810534,0.1266520961852339,0.32386920040558664,0.7100630881096922,-0.24974392045445004,0.27440036223914344,0.8951692113039792,0.10159721846918662,0.249102284314914,0.8766215630219354,-0.16725427886314764,0.2732056713576562,1.0754351515064635,0.0322342362685427,0.2575427153441676,1.0639813731135974,-0.17525654279184705,0.2221136756685469,0.7075553405757472,-0.048571089474133716,0.19827403824879358,0.7074605684543288
2.333333333333335,0,0-ACCAD_Female1General_c3d_A1 - Stand_poses,69,-0.08633146062493324,0.2108971942216158,0.7850536685994582,0.7666693481291782,-0.016016179503958013,0.019799307113987613,0.6415368890960861,-0.03339024633169174,0.0031909679528325796,0.2829744219779968,-0.030234308913350105,0.009246300408092933,0.03992963675642025,-0.07896484434604645,0.0711517184972763,-0.020369885489344597,0.10247747600078583,-0.08224349031734923,-0.07488983994869491,0.10176616162061691,0.0511772483587265,0.17402514815330505,-0.10370528697967529,0.14220291376113892,1.0229663848876953,-0.11259113997220993,-0.19004197418689728,0.9798539280891418,-0.08559577783928576,0.21464435919041355,0.8599563890142436,-0.04576442338320823,0.32717020651735607,1.3647208800725508,-0.1841490488933808,0.3425514412679556,-0.001136639109292785,0.0026196041823508195,0.29847569528932383,0.0016405729867681011,-0.16670834917893393,0.17344866981672916,-0.0008633608907072897,-0.028387815965566977,0.1313314859007504,0.00047731736601850164,-0.18625962524096398,0.21908594744312165,0.3963172748159433,0.01243081765911996,0.20110305511465412,0.39636477814436527,-0.2761460676487176,0.3438065020465096,0.7265431927475529,0.1265073794237167,0.32367988516366925,0.710031593437409,-0.24969634518227488,0.2742479638325303,0.8951302211546953,0.1015060332798233,0.2489415722957552,0.8766109483551751,-0.167295735932653,0.27302354476500323,1.0754201572929913,0.032195328598755624,0.2573854462640595,1.06397682091761,-0.1752907870837933,0.22196863666054145,0.7075586754446419,-0.04860793725255166,0.1981153040181197,0.707443678499518
2.366666666666668,0,0-ACCAD_Female1General_c3d_A1 - Stand_poses,70,-0.08621331676840782,0.2105624545365572,0.7850188497168887,0.7665834566030948,-0.015666253495616476,0.01970804974114856,0.6416509684706029,-0.033666279166936874,0.0032590683549642563,0.2831858694553375,-0.029892893508076668,0.00984769115751627,0.039726745178535805,-0.0792083889245987,0.07088078558444977,-0.020533928647637367,0.10227556526660919,-0.08121187047093725,-0.07508320230705479,0.10209041833877563,0.05093931034207344,0.1743786782026291,-0.1038118228316307,0.14151372015476227,1.023259162902832,-0.11253958195447922,-0.189584881067276,0.9800564050674438,-0.08545497704355176,0.21426073153052191,0.8599237739084105,-0.04564158416499037,0.32667384875491745,1.3647141661556739,-0.18429882756542984,0.34275282491036063,-0.0011351141933039488,0.0026647478281978942,0.2988354953932568,0.001546102514692265,-0.1667809831841377,0.17365802278784742,-0.0008648858066963444,-0.02832268907547659,0.13168757123304542,0.0003841201253978535,-0.18625637018127117,0.2190776233846444,0.3963179184719242,0.012496352392292107,0.2010992519867708,0.3962924817152336,-0.27588339943693285,0.34330877849266517,0.7265049818946232,0.12639890145929794,0.3234317429899086,0.7099608983121314,-0.24947271956381842,0.2737637645669145,0.8951037103325183,0.10153503868643982,0.2486706156483027,0.876550592983779,-0.16717427390489537,0.27253419023710934,1.0754127112511933,0.03232519918507307,0.25702512436817815,1.0639403961971976,-0.17520138851317424,0.22165348849295044,0.7075593626691475,-0.048511905246077375,0.19783578714255687,0.7073884059133001
2.4000000000000012,0,0-ACCAD_Female1General_c3d_A1 - Stand_poses,71,-0.08638371154665947,0.21036417968571186,0.7850074819560368,0.7666617524671709,-0.01570702402155801,0.019807898067338597,0.6415533445275665,-0.034111153334379196,0.003136714454740286,0.28342458605766296,-0.029539240524172783,0.009679535184549781,0.039888454791145445,-0.07954656332731247,0.07033500075340271,-0.02061997726559639,0.10212566703557968,-0.08093042780068305,-0.0746229130792152,0.10246746987104416,0.05062407627701759,0.17454123497009277,-0.10380323231220245,0.14068488776683807,1.0235131978988647,-0.11263561993837357,-0.18939943611621857,0.9802452325820923,-0.08561735193895074,0.21407664935804793,0.8599116224416178,-0.04592816205930653,0.3266885625519269,1.3646667398061194,-0.18436621196009567,0.342598143853533,-0.0011335799664141458,0.002825285092600237,0.2986736643805475,0.001503316248707226,-0.16685571506101926,0.17350257583379525,-0.0008664200335859011,-0.028234643663395335,0.1315391932057255,0.0003416920474033601,-0.18639356986466613,0.21896830737495934,0.396315336161072,0.012433167333563552,0.20086770513068344,0.3962697048450539,-0.27578353206662426,0.34296897437389945,0.7263299757547457,0.1261733877595593,0.3232324599844611,0.7099298895822518,-0.2495159288623579,0.2735518245228961,0.8950037334428776,0.10131878730208037,0.2485447951273563,0.8765539147360694,-0.1673982920753629,0.2724226320559996,1.0753626689550795,0.03210565918632083,0.2569392059595976,1.063933677429447,-0.17537828037649594,0.2214517893583458,0.7075544696656502,-0.04869434178094952,0.19760479870118375,0.7073756740501218
2.4333333333333345,0,0-ACCAD_Female1General_c3d_A1 - Stand_poses,72,-0.08620632067322731,0.21037732250988483,0.7849666808846238,0.7665722022443187,-0.015589762980772977,0.01996396505088112,0.6416583655933631,-0.0346338264644146,0.002980738179758191,0.2836707532405853,-0.02919870987534523,0.009793825694913272,0.03982245349128821,-0.07987038046121597,0.06994852423667908,-0.02075343206524849,0.10198614001274109,-0.08056077726116517,-0.07465771334618854,0.10289368778467178,0.050553832203149796,0.17453406751155853,-0.10386248677968979,0.1407809555530548,1.0237398147583008,-0.11261069029569626,-0.18953044712543488,0.9805216193199158,-0.08541124285017454,0.21409143112877727,0.8598704407930714,-0.04562791481092186,0.32673745726858927,1.3646103821840294,-0.18435122900223577,0.34278043122007407,-0.0011321050636534762,0.002955917045423667,0.2989025076088045,0.0014134338081621262,-0.1667619357568487,0.1736930367870874,-0.000867894936346477,-0.028091629335171127,0.13176573075501177,0.0002525347297132295,-0.18629198207651176,0.21910553002087432,0.3963153272250447,0.012561876283263121,0.20096944831637858,0.39618874210163774,-0.2757518781700476,0.34283703714162594,0.7263488144550739,0.1262947104116607,0.32333596699142503,0.7097982437204446,-0.24935736393269872,0.2734669422691722,0.8950221192775304,0.10152751197008444,0.24868438210624405,0.8764514493891457,-0.16716072757600733,0.27238337827585996,1.0753491877110257,0.032349959070530176,0.25703849776466076,1.0638511245730822,-0.1752368510508854,0.22142688041101347,0.707548972004484,-0.04854577041658267,0.19761852902731056,0.707319938921783
2.4666666666666677,0,0-ACCAD_Female1General_c3d_A1 - Stand_poses,73,-0.0863235630095005,0.21015106327831745,0.7849395947056724,0.7666093650356838,-0.015472946804955933,0.01999754791047671,0.64161574749559,-0.03521978110074997,0.002797737019136548,0.2839311957359314,-0.028870224952697754,0.010106870187181816,0.04001509304599815,-0.08036508411169052,0.06949727982282639,-0.020875494927167892,0.1018582358956337,-0.07984484989075824,-0.07445865567849697,0.10332418978214264,0.05055928975343704,0.1745763123035431,-0.10410213470458984,0.14061367511749268,1.023876667022705,-0.11267249286174774,-0.18936999142169952,0.9807167053222656,-0.08551316983314551,0.2138549304147231,0.8598436976048833,-0.04564950914430273,0.32646462007954324,1.364585409016935,-0.18440497121653018,0.3429160316173475,-0.001130668642910681,0.0030306789003142487,0.299068244797767,0.0013417452008831904,-0.16680174242001133,0.17383008294401622,-0.0008693313570894978,-0.028064581106381624,0.1319403372742931,0.00018099891459290654,-0.18639376137764782,0.219117994556675,0.39631092553683794,0.012494891421179561,0.20089974645799272,0.39614075333472265,-0.275856214243331,0.342611355197701,0.7263691821400284,0.12607067388604543,0.32317233521285843,0.7097150387893607,-0.2494339949752653,0.27321950815723395,0.8950292014019471,0.10138993594622858,0.24851849415103064,0.876380060295463,-0.1672313930442989,0.27210091565383043,1.075346645608343,0.03228145899467297,0.2568196886056296,1.063801479036283,-0.17537073240611947,0.22120726105702215,0.7075412943392712,-0.048682126611765006,0.19738614851734793,0.7072832819105058
2.500000000000001,0,0-ACCAD_Female1General_c3d_A1 - Stand_poses,74,-0.08645498380064964,0.21015472896397114,0.7849145408029502,0.7667039912308404,-0.015454385123663386,0.020127877501654606,0.6414990415880817,-0.03564506396651268,0.002594494493678212,0.2841913104057312,-0.0285496823489666,0.009995671442647236,0.04013620792593631,-0.08072982728481293,0.0687810629606247,-0.020920008420944214,0.10177069157361984,-0.07957072916283825,-0.07395248160191903,0.10367407649755478,0.050732020288705826,0.1746274083852768,-0.10416866093873978,0.14000925421714783,1.023999571800232,-0.11232848465442657,-0.1888597011566162,0.9810252785682678,-0.08562726118509552,0.2138688718963979,0.8598179453821094,-0.045554311869068186,0.32656892284649447,1.3645232820545166,-0.18447034451949762,0.342995238609987,-0.0011293040500647451,0.003250451970034568,0.29912236688661725,0.0012695499744426325,-0.16688234910943325,0.17390770051416476,-0.0008706959499353191,-0.02792465807496326,0.13200933839624748,0.00010842015431584279,-0.18651792582455426,0.2192251376371536,0.396308852862322,0.012469996303345903,0.2008879083752867,0.39608897756794237,-0.2758196872922848,0.3425727477489345,0.7263493335506402,0.12573001754695734,0.32299451093155895,0.7095117681994688,-0.2494199680059747,0.2732330822158764,0.8950343352832655,0.10119415928009334,0.24847687478112263,0.8762591153022868,-0.16725252535105256,0.272149943561068,1.075343841847375,0.032256172519153886,0.2568743905006138,1.0637196492804937,-0.17551738803645334,0.22121676145363747,0.7075341056948147,-0.0488358485895162,0.19735844718138384,0.7072516137581477
2.533333333333334,0,0-ACCAD_Female1General_c3d_A1 - Stand_poses,75,-0.0862298347055912,0.20991513319313526,0.7848775210873103,0.7666021783588332,-0.015252543671395459,0.02014671008064906,0.6416249450574457,-0.03603657707571983,0.0024158242158591747,0.28445518016815186,-0.028310908004641533,0.01037859861544943,0.04019081133743041,-0.08078214526176453,0.06860537827014923,-0.021109720692038536,0.1016857773065567,-0.079215313774045,-0.0741612115554603,0.1040007621049881,0.05086882784962654,0.17431406676769257,-0.10407265275716782,0.1399063766002655,1.0241798162460327,-0.11203625053167343,-0.18857523798942566,0.9810906052589417,-0.0853811198046746,0.2136080229360237,0.8597817415849821,-0.045158230907240346,0.326016623027312,1.3645405373495187,-0.18434069260904815,0.3430920084994454,-0.0011282951992088383,0.003332373068151432,0.2991651690148374,0.0011960488500793731,-0.1666645985384627,0.17401365429709567,-0.0008717048007911357,-0.027823964901644342,0.13204863746181114,3.523620445896117e-05,-0.18632918552480934,0.21918079510764496,0.3963064325465778,0.012616618345508288,0.2007963212986157,0.39601894531236387,-0.27568254907384104,0.3421998974615609,0.7264500768498818,0.12575698135888064,0.3228331367287376,0.7094158920376037,-0.2491743894812271,0.2728217121581134,0.8951022309516932,0.10137813803896101,0.24825738730765212,0.876160288647608,-0.1669456848256639,0.2716998379198376,1.0753794541565234,0.03256743113787626,0.2565543658781019,1.0636612574031,-0.1753203332390402,0.22096169931976636,0.7075267574444751,-0.048629881953082245,0.19715172273835613,0.7071997573644758
2.5666666666666673,0,0-ACCAD_Female1General_c3d_A1 - Stand_poses,76,-0.0866343043744564,0.20944343693554401,0.7848711557778784,0.7665912110046929,-0.015223730321920577,0.02012950661896141,0.6416392726514807,-0.036241479218006134,0.002319709863513708,0.28467607498168945,-0.028079984709620476,0.01036568084766154,0.040368592344226295,-0.08076926320791245,0.06836224347352982,-0.02127772383391857,0.10163227468729019,-0.07912355666866344,-0.07397950293226951,0.10421457886695862,0.05091464892029762,0.17359113693237305,-0.10397455096244812,0.13970668613910675,1.0242564678192139,-0.11186288297176361,-0.18860730528831482,0.9809288382530212,-0.08578486043368283,0.21313137591294104,0.8597756119276327,-0.045577381401751195,0.3251333664413567,1.3646263310671825,-0.18466477155078465,0.34271564283740513,-0.0011273449104580828,0.003060368030065704,0.29872992113297814,0.0011775414071237104,-0.16695003770939593,0.17364132977352226,-0.0008726550895419537,-0.02812506716222208,0.13161881894434738,1.6439702451985505e-05,-0.186689888539986,0.21879724831217146,0.3963033995405394,0.012256813212407786,0.20033934499796655,0.3960074901867566,-0.2760557470775047,0.34171790416001346,0.7265270641859702,0.12534151300912144,0.3224671680126697,0.7094993592907581,-0.24955574356436394,0.2722448284371113,0.8951414341772957,0.10097355340314963,0.24775642912206722,0.876184908284155,-0.1673575447505256,0.2710206865512332,1.075423912682507,0.03215850772984477,0.2559252743165944,1.063691128182806,-0.17572698380106286,0.2204869502693164,0.7075222224283599,-0.04903473466563012,0.19668683984826457,0.7071921217891559
2.6000000000000005,0,0-ACCAD_Female1General_c3d_A1 - Stand_poses,77,-0.08636974170804024,0.20954601652920246,0.7848516270561434,0.7665257188727607,-0.014978239976380082,0.020017464234377856,0.64172679214712,-0.03603288158774376,0.0023241154849529266,0.2848246991634369,-0.027782972902059555,0.010383436628766285,0.04023626545830783,-0.08059455454349518,0.06822045147418976,-0.021466495469212532,0.10161787271499634,-0.07881255953515498,-0.07411788360711313,0.10429863631725311,0.05095751956105232,0.17265576124191284,-0.10362044721841812,0.13929349184036255,1.0244710445404053,-0.11136707663536072,-0.1887097954750061,0.9807767868041992,-0.08550994721750813,0.21319505892051102,0.8597578700740687,-0.0452654383824323,0.32445155829226435,1.3647708418615088,-0.18455519135783124,0.3429643409505193,-0.0011260914271244982,0.0032507189691719993,0.29911935860915684,0.0011309114284072282,-0.16678175129717576,0.17389618536757606,-0.0008739085728756042,-0.02793139475087441,0.1320076394742022,-3.0601253457916006e-05,-0.18648768502165927,0.21903832559872924,0.3963047554748071,0.01247991394775641,0.20061183177679226,0.39596466149032716,-0.27572059199111193,0.3417288397501893,0.7266622039172523,0.1256107513668171,0.3226241161100802,0.7096028294257566,-0.24922510125660033,0.27211982724136596,0.8952212100618425,0.10125938691223715,0.2477228419387667,0.8762052735281229,-0.16706890627093218,0.27073117967056937,1.0755051072146846,0.03244927161579378,0.25570052264656123,1.0637254237644636,-0.17547533374592295,0.22061614302144494,0.7075216246533019,-0.04877824777589432,0.19684220570337416,0.7071605001249904
2.6333333333333337,0,0-ACCAD_Female1General_c3d_A1 - Stand_poses,78,-0.08656308427453041,0.20904073305428028,0.784850145832695,0.7667383442661899,-0.014773746700226447,0.01980142571940698,0.6414841785888862,-0.035903386771678925,0.0023064501583576202,0.2849503457546234,-0.02748579904437065,0.010512750764542611,0.040381979372265175,-0.08048505336046219,0.06803049147129059,-0.02163875289261341,0.1016240194439888,-0.07835072038709012,-0.0739876920353042,0.10437783598899841,0.05097075179219246,0.17170299589633942,-0.10301096737384796,0.13885411620140076,1.0248663425445557,-0.11069125682115555,-0.1887444406747818,0.9806299209594727,-0.08570727613400046,0.21264521796368663,0.8597585918248825,-0.04546458958703005,0.32308014846970623,1.3649523545096771,-0.18458922571849684,0.34278559061393266,-0.0011248141896395142,0.003270768108899872,0.29890173095839045,0.0011141266616242866,-0.16690749307247713,0.17370781556260634,-0.0008751858103605396,-0.02804801138755557,0.131815577375228,-4.83412459984546e-05,-0.18663678834732644,0.21880412376818145,0.39630160677008985,0.012344629464988117,0.20023438096153892,0.39596234238761674,-0.2757276373906714,0.34117654941661774,0.7267488693985524,0.1255193235709649,0.32193077082640026,0.7097734959641091,-0.24932797633660045,0.2714687687892932,0.8952820928899788,0.10108404379699783,0.24687750035057854,0.8762952299732745,-0.16726114460292318,0.26988066532589106,1.075587458074084,0.032249259283510606,0.25474360530620904,1.0638123548884373,-0.17565437816396007,0.22021707880141145,0.7075191026392821,-0.04897274704849834,0.19636095059014905,0.7071548251524289
2.666666666666667,0,0-ACCAD_Female1General_c3d_A1 - Stand_poses,79,-0.08654395863413811,0.20913374610245228,0.7848208197386535,0.766776093618171,-0.014574468639263642,0.019810262141731812,0.6414433417172687,-0.0357154943048954,0.0022115767933428288,0.2850598990917206,-0.02718571573495865,0.010306869822473974,0.04020214079842266,-0.08033096045255661,0.06785325706005096,-0.021810214966535568,0.101648710668087,-0.07830440535159688,-0.07416425278781957,0.10443311929702759,0.0511130727827549,0.1709900051355362,-0.1023915484547615,0.13860610127449036,1.0252245664596558,-0.10967172682285309,-0.1885593980550766,0.9807749390602112,-0.08566775770150817,0.21271612333419168,0.8597300904953173,-0.04522744994752036,0.3226187829858772,1.3650247070374155,-0.1847074086346638,0.34289001549938175,-0.0011235536921722737,0.00318213784733928,0.29908140157019925,0.001055369151559727,-0.16703063306212282,0.17381171841989673,-0.0008764463078277107,-0.028189840471832914,0.1320052325678733,-0.0001076991386007968,-0.18669986713462614,0.21898127825611421,0.39630436453032963,0.01228475709941415,0.20038203094257329,0.3958996190632396,-0.27568779169553637,0.3410933997867583,0.7268479542154368,0.12547008573692464,0.32171891164347327,0.7096954368326847,-0.24923528889419005,0.2713802105225709,0.8953706545923547,0.10110018901419514,0.2466943712787192,0.876239697259002,-0.16713332329192493,0.26972661402530107,1.0756495083481121,0.03237115017351129,0.2545790081990466,1.0637878050550993,-0.17565369497689212,0.22034804830914775,0.7075167489214278,-0.04897516008246793,0.19647609872455882,0.7071118821942273
2.7,0,0-ACCAD_Female1General_c3d_A1 - Stand_poses,80,-0.08664240315556526,0.20854425616562366,0.7848165697052529,0.7666302461168413,-0.014269637454255307,0.019415320313511012,0.6416365704375642,-0.03538886830210686,0.0019299507839605212,0.2851859927177429,-0.026913652196526527,0.01057600115251045,0.040702113384240235,-0.08000700920820236,0.06748062372207642,-0.02192016690969467,0.10169617831707001,-0.0776906324133142,-0.07379487136015817,0.1045055091381073,0.05110448971390724,0.17026470601558685,-0.10203565657138824,0.13840913772583008,1.0253582000732422,-0.10916896164417267,-0.18861326575279236,0.9807699918746948,-0.08578313557263799,0.21205382344764293,0.8597294831228601,-0.045533094474743144,0.32110314782093424,1.3652243848647916,-0.18456585282007423,0.34266034833595654,-0.0011223568433269791,0.0033720310409365434,0.2990035853748664,0.0010281367633609186,-0.16679772387967326,0.17359162352510088,-0.0008776431566731267,-0.027941243128805134,0.13191641554695288,-0.00013656906583706802,-0.18666344123520184,0.21863211679123476,0.39629550555676063,0.012339471342491611,0.20011729903228298,0.3958965781700803,-0.275798181069846,0.3403848094317265,0.7269771313464317,0.12535987518128452,0.3212212909227826,0.709908681776481,-0.24936491918160442,0.2704844447781603,0.8954253010943224,0.10096944240810053,0.24598501421927466,0.8763543896247102,-0.16733586396759298,0.2686404663574146,1.075727611986027,0.03217945944039442,0.25361528959118385,1.0638927191453753,-0.17574041594472706,0.21979914171858933,0.7075052697436343,-0.049050298246308334,0.19598868889187096,0.7071032002151849
2.7333333333333334,0,0-ACCAD_Female1General_c3d_A1 - Stand_poses,81,-0.08668657019734383,0.20842722244560719,0.7847721106488266,0.7666923608715981,-0.013787830071336042,0.019218541741034427,0.6415788082351281,-0.03505229204893112,0.0017862599343061447,0.28525468707084656,-0.026712287217378616,0.01101751654848604,0.04054834796161666,-0.07974866032600403,0.06696566939353943,-0.021982701495289803,0.10175248980522156,-0.07709571561187833,-0.07378767317133395,0.10446088016033173,0.0509309358894825,0.16977331042289734,-0.10186362266540527,0.1379528045654297,1.025428056716919,-0.10899793356657028,-0.18878675997257233,0.9807302951812744,-0.0858032607641498,0.21186240740984502,0.8596881921581174,-0.04548304582843315,0.32015051135120653,1.3653409240358103,-0.18475997248233292,0.3430065643925718,-0.0011214986125664475,0.0033853174746582664,0.2993731348420886,0.0009183048800308138,-0.1670191663693202,0.17393496786965174,-0.0008785013874334675,-0.02797800931435851,0.13229536206610848,-0.0002477041007623443,-0.18680475896019022,0.21882690945399969,0.3962959868721503,0.012284162307139173,0.2002770647595496,0.3958007472750253,-0.2756684505970007,0.34033220681469084,0.727098372647336,0.12540422308597698,0.3211306009940885,0.7100089589983664,-0.2492975977710051,0.2702275233306613,0.8954713980373961,0.10098258205488714,0.24567892272254865,0.8763525549061281,-0.1673278559337354,0.2681426023654514,1.0757797927301356,0.03218256102390739,0.25308556640178465,1.0639027521317221,-0.1758052046889589,0.2197831311416869,0.7074997553219419,-0.049119887365757994,0.19594820287051504,0.7070348031636337
2.7666666666666666,0,0-ACCAD_Female1General_c3d_A1 - Stand_poses,82,-0.08684780076146126,0.20774506218731403,0.784758088737298,0.7667332596075772,-0.013735100458208062,0.01921361242493995,0.6415312094703787,-0.03502608463168144,0.0015293477335944772,0.2853492498397827,-0.026605824008584023,0.010898715503149248,0.0407514602229605,-0.07968167960643768,0.06649842858314514,-0.022043362259864807,0.10179577767848969,-0.0771397115557535,-0.07341366849162179,0.1044139638543129,0.050716519355773926,0.16935454308986664,-0.10184341669082642,0.13732002675533295,1.0254360437393188,-0.10922469198703766,-0.18859733641147614,0.9805007576942444,-0.08595976775032234,0.21117365574170796,0.8596744163542461,-0.0457242943577914,0.3191997204440061,1.3653896347755414,-0.18478595742495924,0.34232513949014376,-0.0011211011204265951,0.0034700280197691863,0.29864162158107294,0.0008809627100634862,-0.1670578961538262,0.17325220498659455,-0.0008788988795735073,-0.027940089318524108,0.13157264758916803,-0.0002862810891740182,-0.1869184652033752,0.2181773571733132,0.3962931504381379,0.012209306399058465,0.19958048595494496,0.39577169415443797,-0.2755737111451367,0.3397009624457803,0.7270650384355151,0.12522029815724472,0.32058965464915895,0.7101139754429776,-0.2493469284527273,0.26952618936798906,0.8954313690876194,0.10078678873877238,0.24498427847893556,0.8763860263590129,-0.16752388691026932,0.26735593285231096,1.0757800526621597,0.03198593495116486,0.2522669617913526,1.063933583435408,-0.17596929337961797,0.21911964797001982,0.7074918075334325,-0.04928685952627672,0.19526962862916938,0.7070176074810677
2.8,0,0-ACCAD_Female1General_c3d_A1 - Stand_poses,83,-0.08673423156142235,0.20791407115757465,0.7847134912386615,0.7666153785552438,-0.013598605254085027,0.01931550748714035,0.6416719180923053,-0.034917619079351425,0.0010482559446245432,0.2854892313480377,-0.026496291160583496,0.010657859744099385,0.04086958706910748,-0.0793551355600357,0.06610018014907837,-0.022102707996964455,0.1018645167350769,-0.07752589663660836,-0.07338444998281912,0.1043739765882492,0.05078595131635666,0.16899196803569794,-0.10173095017671585,0.13758790493011475,1.025568962097168,-0.10924860835075378,-0.18873825669288635,0.9805435538291931,-0.08582197326630156,0.21133693895550715,0.8596297896045102,-0.04542382762668017,0.319141501328681,1.3653796055917464,-0.1846860122907783,0.34236600570515896,-0.0011206898759012866,0.00350205921006614,0.2986387498054439,0.0007999429568689327,-0.1668861407069747,0.17330061507947375,-0.0008793101240986909,-0.027875093074795437,0.13156358796129192,-0.0003682219471722696,-0.18681763256495723,0.2182946988108824,0.3962919696173811,0.012273308291866212,0.19971201404668765,0.3956815096325075,-0.27562389044674057,0.3398077834204265,0.7271565948247841,0.12531905737807048,0.3208746078418897,0.7100451973305992,-0.24926073336251262,0.26960164116364177,0.895488545868371,0.10094895569408972,0.2451915635660039,0.8762912173046571,-0.16731819136634202,0.2673910723918669,1.0757932000008608,0.03219154581516,0.25236612247804074,1.063864220587055,-0.17588557349449713,0.21926556541021353,0.7074783813809556,-0.04919379420485334,0.19546642617452356,0.7069595095010238
2.833333333333333,0,0-ACCAD_Female1General_c3d_A1 - Stand_poses,84,-0.08663038536906242,0.20747348852455616,0.78467687149533,0.7667079186750462,-0.01317564853183772,0.019098324439133816,0.6415766701886547,-0.03498911112546921,0.00090751051902771,0.28555917739868164,-0.02644834853708744,0.011577604054625379,0.04092864967724352,-0.07945656031370163,0.06587773561477661,-0.022188281640410423,0.10196459293365479,-0.07666298435625585,-0.07355154936958852,0.10421429574489594,0.050767481327056885,0.16888383030891418,-0.10152284055948257,0.13797272741794586,1.0258190631866455,-0.10929048806428909,-0.18905998766422272,0.9807745218276978,-0.08570193818882094,0.21082672554398835,0.8595961199387375,-0.045171379763164515,0.3180901117322025,1.365450400966172,-0.1845942825397152,0.34265168911039645,-0.0011204772950830222,0.003606677516271778,0.2988707513289034,0.0007178479329460821,-0.16683989435836022,0.17358151539193356,-0.0008795227049170559,-0.027826565226025734,0.13180614392787496,-0.00045185486862713703,-0.18674681706325638,0.21825759380972312,0.39628786773648206,0.012351760319873048,0.19962957773626716,0.39561505993500073,-0.2756224880749292,0.3394137709616603,0.7272890425825533,0.12557076219340305,0.32039738661881334,0.7100905537886386,-0.24918326242781044,0.2690920489084305,0.8955608077685676,0.10114441364765936,0.24458677775273935,0.8762701833593085,-0.16713765701132482,0.26669177659405013,1.075831569622385,0.03236341657284049,0.25159129404823777,1.0638531738345902,-0.17579463038072524,0.218919272628253,0.7074704944796042,-0.049109648829721866,0.19508503231102722,0.706903664198776
2.8666666666666663,0,0-ACCAD_Female1General_c3d_A1 - Stand_poses,84,-0.08663038536906242,0.20747348852455616,0.78467687149533,0.7667079186750462,-0.01317564853183772,0.019098324439133816,0.6415766701886547,-0.03498911112546921,0.00090751051902771,0.28555917739868164,-0.02644834853708744,0.011577604054625379,0.04092864967724352,-0.07945656031370163,0.06587773561477661,-0.022188281640410423,0.10196459293365479,-0.07666298435625585,-0.07355154936958852,0.10421429574489594,0.050767481327056885,0.16888383030891418,-0.10152284055948257,0.13797272741794586,1.0258190631866455,-0.10929048806428909,-0.18905998766422272,0.9807745218276978,-0.08570193818882094,0.21082672554398835,0.8595961199387375,-0.045171379763164515,0.3180901117322025,1.365450400966172,-0.1845942825397152,0.34265168911039645,-0.0011204772950830222,0.003606677516271778,0.2988707513289034,0.0007178479329460821,-0.16683989435836022,0.17358151539193356,-0.0008795227049170559,-0.027826565226025734,0.13180614392787496,-0.00045185486862713703,-0.18674681706325638,0.21825759380972312,0.39628786773648206,0.012351760319873048,0.19962957773626716,0.39561505993500073,-0.2756224880749292,0.3394137709616603,0.7272890425825533,0.12557076219340305,0.32039738661881334,0.7100905537886386,-0.24918326242781044,0.2690920489084305,0.8955608077685676,0.10114441364765936,0.24458677775273935,0.8762701833593085,-0.16713765701132482,0.26669177659405013,1.075831569622385,0.03236341657284049,0.25159129404823777,1.0638531738345902,-0.17579463038072524,0.218919272628253,0.7074704944796042,-0.049109648829721866,0.19508503231102722,0.706903664198776
2.8999999999999995,0,0-ACCAD_Female1General_c3d_A1 - Stand_poses,85,-0.08679744973778725,0.20679433830082417,0.7846712631777015,0.7662938302066024,-0.013342524416434898,0.01929671242666481,0.6420618192347325,-0.035234350711107254,0.0008456595242023468,0.2856258153915405,-0.026421351358294487,0.011278228452596961,0.04089497803295494,-0.07976619899272919,0.0657610073685646,-0.02228339947760105,0.10206710547208786,-0.07698560440818247,-0.07348527166133356,0.10409819334745407,0.0507684051990509,0.16887544095516205,-0.10147502273321152,0.13812614977359772,1.0260530710220337,-0.1096612736582756,-0.18881206214427948,0.980862557888031,-0.0858644158114136,0.2101864347646655,0.8595887052674595,-0.045400877311508346,0.31774743392022825,1.3653851592840494,-0.1849569158650276,0.3416147720898336,-0.0011204422082689812,0.0033345031177927364,0.29808795579203295,0.0007137295527783506,-0.16697561320100207,0.17256858097863895,-0.0008795577917310587,-0.027907848842628553,0.13098755360570868,-0.00045718169484722584,-0.18694135774436785,0.21732322543203675,0.39628940699191423,0.012188075018604768,0.19896947906351498,0.39560422132101686,-0.27601150263519003,0.3384367324920198,0.7272331055046719,0.12517705883781283,0.3200502553538762,0.7100111075472085,-0.24943752920120119,0.26827377621388415,0.8955499130623552,0.10090106194649279,0.2442455488824419,0.8762154596438984,-0.16734031626123447,0.2660640459406915,1.075805757832094,0.03217677812830394,0.25118903079992766,1.063812098218862,-0.17598644344180056,0.21808143963804577,0.7074698242862242,-0.04927149258782125,0.19440705505512457,0.706899574930842
2.9333333333333327,0,0-ACCAD_Female1General_c3d_A1 - Stand_poses,86,-0.0868975929915905,0.20663981325924397,0.7846909950291125,0.7662218903607493,-0.012987026495157277,0.018725821287650345,0.6421718582217045,-0.03490495681762695,0.000943463237490505,0.2856275737285614,-0.02627337910234928,0.01206247296698848,0.041257354039234806,-0.07957688719034195,0.06592705845832825,-0.022437818348407745,0.10218891501426697,-0.07598260903284881,-0.07350113014029291,0.10396280884742737,0.05086689814925194,0.16911432147026062,-0.10147014260292053,0.13831645250320435,1.0262494087219238,-0.10980413854122162,-0.18853412568569183,0.9811976552009583,-0.0859963583043288,0.20993623417588933,0.8596130971431001,-0.04569653641209816,0.31697737461665365,1.3655330114155488,-0.1848685610097674,0.3421411591522919,-0.001119729057215326,0.003369786476636126,0.298766750267816,0.0007421561803012504,-0.1668462076317474,0.17309933758576593,-0.0008802709427846375,-0.027834260639542252,0.1316592037721493,-0.0004305960398716391,-0.1869254033983063,0.21755880188437224,0.3962807737980916,0.012190817178948762,0.19930001638566755,0.395655369418745,-0.2761874512261766,0.33827661674206455,0.7273341286322212,0.12498586376724519,0.31998827816198333,0.7101839349948428,-0.24961805201588838,0.26797134525932426,0.895592263744645,0.10071374538000655,0.2440374418813232,0.8763221272970114,-0.16754117690980933,0.26558075617263177,1.0758626810325544,0.03198158039259563,0.2507456390818676,1.063913893673625,-0.1760562525432203,0.21801046212192712,0.7074671652427704,-0.049335471790220964,0.19436661134891195,0.7069191753471794
2.966666666666666,0,0-ACCAD_Female1General_c3d_A1 - Stand_poses,87,-0.08696340397000313,0.2063207346946001,0.7847110925405895,0.7658562939353034,-0.012782921729353853,0.01839100873223318,0.6426215875222012,-0.03440095856785774,0.0012675311882048845,0.2855517566204071,-0.02616201713681221,0.012275631155125089,0.04110240894722683,-0.079196035861969,0.06596510112285614,-0.02252914011478424,0.10232765972614288,-0.07573889546384094,-0.07346772549430358,0.10381579399108887,0.051155220717191696,0.1694604903459549,-0.1014544889330864,0.13872869312763214,1.0264229774475098,-0.10953530669212341,-0.18809154629707336,0.9817245602607727,-0.08608286071982656,0.20956198573794266,0.8596358476970702,-0.04583942037848802,0.3164359510741234,1.3655960924887707,-0.185176122505263,0.34194822739388736,-0.001119240564076203,0.0032839212170213197,0.29883198954429885,0.0007683329964522645,-0.16696326892819338,0.17292682315367972,-0.0008807594359238162,-0.027734888588989058,0.1316899713568857,-0.0004060581040777403,-0.1870276738626676,0.21729329399088435,0.3962821095351557,0.012187994812515793,0.19928971029659423,0.3956873392217643,-0.27654887956773294,0.3377523392407928,0.7274432664901291,0.12464249233593286,0.31971551790541963,0.7101539488218138,-0.24982253918997338,0.26742702540955643,0.8956681670510104,0.10052424485055642,0.2438014027612601,0.8763313283422574,-0.1676549943332269,0.26503785633473675,1.0759137994349348,0.0318818340185288,0.2504114934473357,1.0639426449372258,-0.17611561559963895,0.21765832166736854,0.7074755389809044,-0.049367910047528815,0.19415882594459882,0.7069389118306694
2.999999999999999,0,0-ACCAD_Female1General_c3d_A1 - Stand_poses,88,-0.08706121519207954,0.206133546307683,0.784729440953959,0.7656366571249374,-0.012459350002275257,0.01781734302945166,0.6429057599302113,-0.03392402455210686,0.001193696167320013,0.2855457067489624,-0.02610086277127266,0.012915534579851284,0.04161701483578939,-0.07884975522756577,0.06597524136304855,-0.022588174790143967,0.10243720561265945,-0.07490815902520453,-0.07326657455924346,0.10366664826869965,0.05110873281955719,0.16940246522426605,-0.10131024569272995,0.13829466700553894,1.0265463590621948,-0.10945448279380798,-0.1876131296157837,0.9819555282592773,-0.08621650173090928,0.20928267743957976,0.8596585369866927,-0.046290947883754534,0.3155253464908856,1.3657768160226595,-0.18503501450668472,0.3422806969423285,-0.0011189109904344782,0.003391461009918221,0.29937656648797367,0.0007934109680187533,-0.16670817768418839,0.17327161288828422,-0.0008810890095657664,-0.027504273613637695,0.13221176664057893,-0.00038271574762827054,-0.1869657971249917,0.2173800032419396,0.39627159135731704,0.012246632888599514,0.19956431782769793,0.3957365200551592,-0.27655886780029,0.33744340705204795,0.7274874917073891,0.12435950535953248,0.3196829890233263,0.710378526759852,-0.2499354351472173,0.2669692327594052,0.8956664077334643,0.10027353253324316,0.24359138968552677,0.8764793955938084,-0.1679311761900843,0.2644318128498194,1.0759669908142253,0.031619968005683605,0.24993456281305942,1.0640776892564596,-0.1761849751202512,0.21751428234979203,0.7074679430115165,-0.04942070602944784,0.19410351674883353,0.7069594250709801
3.0333333333333323,0,0-ACCAD_Female1General_c3d_A1 - Stand_poses,89,-0.087113406509161,0.20628872700035572,0.784712213049722,0.7654644363863347,-0.012494683679099386,0.01800289985728173,0.6431049487480553,-0.03371952474117279,0.0011197656858712435,0.2855311632156372,-0.02608027681708336,0.012416806396829516,0.04134785461460766,-0.07869371026754379,0.06572923809289932,-0.022552890703082085,0.10249945521354675,-0.07545640431979472,-0.07321343726639629,0.10349283367395401,0.05081469193100929,0.1691095381975174,-0.1011238843202591,0.13738299906253815,1.0266344547271729,-0.1095254048705101,-0.18724845349788666,0.9819402098655701,-0.08625162850633548,0.20946002549889786,0.8596401798211952,-0.046411078504207795,0.3157216765887579,1.3657606379054148,-0.18532680912607902,0.3420277601011459,-0.0011188795613200665,0.003241694920090507,0.2992244182760762,0.0007583006526387832,-0.16691249698265384,0.1730281844245067,-0.0008811204386799665,-0.0275751796996989,0.1320450658292887,-0.0004182851457502461,-0.18711377932864262,0.21731014946012292,0.3962776651575567,0.012157203757570685,0.19960748922918511,0.3956896022776678,-0.2763498939208762,0.3374281727010833,0.7273710316259886,0.12416059946724957,0.3199555061166321,0.710362421934607,-0.2498473249451214,0.26702957553710877,0.8956006828745064,0.10014732472548753,0.24384339192671317,0.8764644174490664,-0.1680129053784229,0.2645802216259716,1.0759431498291554,0.03154407584279548,0.25015150583495555,1.064068457980674,-0.17626151781804214,0.21760547762066768,0.7074696425547795,-0.049485358822483255,0.19425967797396862,0.7069364207706157
