timestamp,motion_id,motion_key,frame,qpos_0,qpos_1,qpos_2,qpos_3,qpos_4,qpos_5,qpos_6,qpos_7,qpos_8,qpos_9,qpos_10,qpos_11,qpos_12,qpos_13,qpos_14,qpos_15,qpos_16,qpos_17,qpos_18,qpos_19,qpos_20,qpos_21,qpos_22,qpos_23,qpos_24,qpos_25,qpos_26,qpos_27,pelvis_x,pelvis_y,pelvis_z,head_x,head_y,head_z,ltoe_x,ltoe_y,ltoe_z,rtoe_x,rtoe_y,rtoe_z,lheel_x,lheel_y,lheel_z,rheel_x,rheel_y,rheel_z,lknee_x,lknee_y,lknee_z,rknee_x,rknee_y,rknee_z,lhand_x,lhand_y,lhand_z,rhand_x,rhand_y,rhand_z,lelbow_x,lelbow_y,lelbow_z,relbow_x,relbow_y,relbow_z,lshoulder_x,lshoulder_y,lshoulder_z,rshoulder_x,rshoulder_y,rshoulder_z,lhip_x,lhip_y,lhip_z,rhip_x,rhip_y,rhip_z
0.03333333333333333,0,swing,0,-0.34883376851212233,0.3348982990719378,0.785705106353988,0.7604299497547186,-0.025647116388663755,0.012932620065294286,0.64878445132049,0.010342348366975784,0.007706853561103344,0.06941043585538864,0.04107875004410744,-0.1072770936648626,0.022382633930561613,0.0005715991137549281,0.07137167453765869,-0.035015739500522614,-0.007798039820045233,-0.046910872487019084,-0.05289073895773455,0.10477830469608307,0.04643635079264641,0.15782634913921356,-0.07069851458072662,0.1557256281375885,0.9720792770385742,-0.07406704872846603,-0.20214776694774628,0.9409443140029907,-0.3498545333182808,0.3390822968079353,0.860581352267867,-0.3268769624128656,0.44694298654744974,1.3674063094939508,-0.44259916529258847,0.4125742921043163,-0.0008653904963267511,-0.24699718992386038,0.40233492737975396,0.0031990025629203347,-0.45747932067048314,0.24322699068780193,-0.0011346095036735213,-0.27804568203895347,0.2351943160385485,0.0032837248567781294,-0.45807072080535466,0.3304632783382457,0.3944667160363904,-0.2467249390342692,0.29712656997214626,0.39991620448553117,-0.5447024984804576,0.46211658875291417,0.7257550900399344,-0.13204550200791856,0.44644056447908165,0.7190113797520287,-0.519443140173546,0.3881262580681668,0.8926291742688909,-0.1621769856212883,0.3693880391982749,0.8836763919655404,-0.4390350537803204,0.39309621884087026,1.0742890680050659,-0.23900184751150585,0.3819950014276559,1.068317111729067,-0.4360579776381693,0.34484837292639087,0.7061302466011464,-0.3088201366063821,0.3243900402587617,0.7090093639604559
0.06666666666666667,0,swing,1,-0.35036277666222304,0.3366983295418322,0.7860505724737454,0.7657234830397385,-0.026124745782730215,0.0128731582101256,0.6425101765551859,0.007776101119816303,0.006431639194488525,0.0699574202299118,0.036814603954553604,-0.10073722060280854,0.025100993862836374,0.00016153384058270603,0.0691492035984993,-0.034312162548303604,-0.00801620353013277,-0.0464878841650016,-0.049356792936981475,0.10359057039022446,0.046030107885599136,0.15518894791603088,-0.07574832439422607,0.1509878933429718,0.9682847261428833,-0.07592426240444183,-0.20153790712356567,0.9401266574859619,-0.3514019969846644,0.3409396495151358,0.8609233393920681,-0.32747243873878407,0.4472777592406529,1.3680269130717464,-0.44074025522153165,0.41821140131668505,-0.0008857941188809663,-0.24511617407966566,0.4021362854376636,0.0035760058146524602,-0.4583257270920261,0.24912355726171193,-0.0011142058811189903,-0.2788263537679151,0.2355121079782756,0.0036612781332614683,-0.4587427460367382,0.3342913190302117,0.39467704044437335,-0.24781886697871083,0.2970498280714441,0.4003669981014531,-0.5417954466758317,0.4698818800036243,0.7262502654821417,-0.131725307179131,0.44549726128280015,0.7201230917508876,-0.5192191133125471,0.39373433643095057,0.8925374417281939,-0.16338094102697995,0.36819884578323897,0.8843864169671886,-0.4400265594777587,0.39602305425800594,1.0745969312506856,-0.24020961369852217,0.3814080507672121,1.0689600214215564,-0.43733057701311745,0.34797030165476833,0.706372156946236,-0.31043931084572696,0.3254832412677529,0.7094079665472902
0.1,0,swing,2,-0.3513289977563545,0.3365420759655535,0.7860257694966831,0.7662770840594129,-0.026663157670257204,0.013974062072078642,0.6418046681488537,0.0060305786319077015,0.00515564251691103,0.07058030366897583,0.03376268222928047,-0.09819214977429436,0.025849832953875662,-0.0007130301673896611,0.0665799230337143,-0.033426668494939804,-0.008381366729736328,-0.04749069029887121,-0.0472048369156981,0.10246100276708603,0.04552865028381348,0.15449529886245728,-0.07800948619842529,0.14714232087135315,0.9663581252098083,-0.07602676004171371,-0.20164592564105988,0.9402925968170166,-0.35228967808484984,0.34095207371289,0.8608898397385216,-0.32790014916004495,0.4479960784736511,1.3678224601124012,-0.44117865959445285,0.4184234905123084,-0.0009001429595657563,-0.2449394973924654,0.40053092293516396,0.003475296807748919,-0.45898510078895843,0.24935873733686817,-0.0010998570404342975,-0.27886847033494133,0.2339511611560815,0.003563391602495032,-0.45965233202048267,0.3337408339544279,0.3947574380727507,-0.24848299280798297,0.29595578942996176,0.4002896524475462,-0.5408751091556585,0.47121147569337646,0.7260933349006747,-0.13233618072134373,0.44463662052177627,0.7198593846324574,-0.5192216266352079,0.39463639180419063,0.8923068945950294,-0.16418211092640908,0.3676991269740416,0.8842553183417026,-0.44070177896355084,0.3966170578229408,1.0745092867629307,-0.24093074488860888,0.3814029840951744,1.0688303075206305,-0.4383589084620048,0.3477533583039574,0.7064070187583016,-0.3115024635287525,0.3250614941990684,0.7093720349296804
0.13333333333333333,0,swing,3,-0.3514249612344429,0.33749578008428216,0.7859067628596237,0.7657961376573794,-0.026705616191521418,0.014593194415734105,0.6423629225676213,0.006374397315084934,0.004335465375334024,0.07108574360609055,0.0323360338807106,-0.09806216718346583,0.025852034616287156,-0.0007931191357783973,0.06523031741380692,-0.03272904455661774,-0.008843115530908108,-0.04789451505909792,-0.04653140155681601,0.10160070657730103,0.04532059654593468,0.15466606616973877,-0.07762684673070908,0.14555197954177856,0.9663546681404114,-0.07480339705944061,-0.20195432007312775,0.9409837126731873,-0.35232185409635824,0.34196955779643956,0.8607678401707101,-0.3276537493483736,0.44956195249837805,1.3675703324011284,-0.4415801837477492,0.41872127849590146,-0.0009067510902286725,-0.24494517261444107,0.401042292277066,0.003270752624433052,-0.45906929578599825,0.2496233891575751,-0.0010932489097712807,-0.27855204574264686,0.2343972516502051,0.003363018634219634,-0.4598974254543674,0.3339897630071254,0.3947619084988436,-0.24849913769560006,0.2966573465650567,0.4000924694096244,-0.5405842175375296,0.4717781671045982,0.7258390522275842,-0.1324157399406702,0.4450779478388979,0.7193665406665263,-0.5189968992748911,0.3954810570238389,0.8921889932787315,-0.1641741819194639,0.3686148504149742,0.8840005599322518,-0.4406275164821022,0.39780890000460356,1.0743891962295105,-0.2408513725436876,0.38270856206844767,1.068587730267207,-0.4385440030555108,0.34852080288871384,0.7063594432752159,-0.3116541056066808,0.3260038947075068,0.7092258165158438
0.16666666666666666,0,swing,4,-0.3512328554643318,0.33800128707662225,0.7858085613191071,0.765523767178383,-0.026688455314084102,0.014916507246974992,0.6426807808309783,0.007589120417833328,0.004320347215980291,0.07139487564563751,0.03121698647737503,-0.09855194456070748,0.025313944232881358,-0.00010473537258803844,0.06515394896268845,-0.03224417194724083,-0.009379430674016476,-0.048485417607445846,-0.04683752691015297,0.10092531144618988,0.04524676501750946,0.15482120215892792,-0.07607821375131607,0.14508238434791565,0.9673075079917908,-0.07332849502563477,-0.20203794538974762,0.9416807889938354,-0.35209283793626883,0.3425038669831672,0.860668344943782,-0.32722108588455917,0.45038043336255645,1.3674002115699753,-0.44195066370002667,0.41843009125209873,-0.0009118214909756422,-0.2451954154858895,0.40106267565581666,0.0031556034600105573,-0.45924729066981124,0.24931239379358222,-0.0010881785090242554,-0.27859836757698886,0.23437664361111704,0.0032531370086306896,-0.45995601140180686,0.3338509742219601,0.39475038420352626,-0.2484696802397035,0.29686622397618423,0.39996520274253167,-0.5404158281016492,0.4714787965550905,0.725564087642907,-0.13221927709438133,0.44491608546857403,0.7189747359419627,-0.5187166289245675,0.3956971243360045,0.8921349347768532,-0.16393572722255803,0.3689024004981765,0.8838248214519685,-0.440315841683624,0.3984498049346331,1.0742971321737995,-0.24053994848553867,0.3833769818025726,1.0684160268578886,-0.43839872953692355,0.3489534220040502,0.7063022136762926,-0.31149118149571103,0.3265286377792149,0.7091096173861251
0.19999999999999998,0,swing,5,-0.35054969682823867,0.3389433682896197,0.7857160686867936,0.7653769436031166,-0.02662371394303537,0.015115660934340589,0.642853660525589,0.009262136183679104,0.0046106185764074326,0.07163861393928528,0.03007584437727928,-0.09920462519023943,0.024547000338581815,0.000855986843816936,0.06538186222314835,-0.03178483992815018,-0.00996366422623396,-0.049048439375722674,-0.04735201393070221,0.10029707849025726,0.044999461621046066,0.15496347844600677,-0.07378105074167252,0.1444290578365326,0.9688312411308289,-0.0718918889760971,-0.20191167294979095,0.9423344135284424,-0.3513815928680286,0.343457518504818,0.8605754728843532,-0.3264363284833455,0.45149188426993064,1.3672695165597608,-0.4419326179427358,0.4185356699285788,-0.0009169691948455599,-0.24504071726544824,0.40152693228668623,0.0030625481553631477,-0.4591070590156389,0.24940551000027095,-0.0010830308051543655,-0.27830214995019753,0.23481260650535335,0.0031658682089242204,-0.45957268303217047,0.3341652775676244,0.3947351331561118,-0.24800152046094437,0.2974973172438963,0.39985703371456033,-0.5396954868379459,0.4713184629806071,0.7251756303179653,-0.1315414001136066,0.4451587456136901,0.7186758520268536,-0.5179378644316609,0.3962285529979946,0.8920518583739613,-0.16325840398312821,0.3695520830593238,0.8837129037670584,-0.4395774410424026,0.399488622201891,1.074197207235131,-0.2398048310533968,0.3843805149570832,1.0682951488094645,-0.4377450815305416,0.3498854883562263,0.7062402518867051,-0.3108296263107289,0.32749961059318966,0.7090016072527772
0.2333333333333333,0,swing,6,-0.3507463325513527,0.3394306958653033,0.7856627179293129,0.765509292700745,-0.026613802637537765,0.015149041471966862,0.6426956782493998,0.010782311670482159,0.004432027228176594,0.07200845330953598,0.028938613831996918,-0.09957304504345954,0.02460664834324844,0.0017306170193478465,0.06498762220144272,-0.031161325052380562,-0.010564186610281467,-0.04928633792095516,-0.04691383086998091,0.09978356957435608,0.0447925329208374,0.15512363612651825,-0.07122023403644562,0.14338141679763794,0.9705634713172913,-0.07064135372638702,-0.20173074305057526,0.9429788589477539,-0.35157250913854693,0.34394709637282217,0.8605220497370605,-0.3266247893353298,0.452061351930184,1.3671984112468363,-0.4421528097985916,0.4184069893303983,-0.0009222893713658094,-0.245054009417823,0.40153766513503475,0.0030086857626247486,-0.45933757997511787,0.2492778684841858,-0.0010777106286341681,-0.2782986686532482,0.23481999723142277,0.003117502587690991,-0.4598034732428229,0.33419210649307884,0.3947219750360622,-0.24814336383287874,0.29763336222828424,0.3998099597657352,-0.5396330162259001,0.4707030789093303,0.7247343685688269,-0.1316667511213253,0.44486070372010184,0.7185044727056471,-0.5179655651772808,0.3963558847874485,0.891954524337882,-0.16347834138112788,0.36963263291845644,0.8836962530482936,-0.4397623845168948,0.40010393494297936,1.0741166129613746,-0.2400025811494699,0.3848129625319479,1.0682521418571034,-0.4379346716945758,0.35044423643907785,0.7061885445418016,-0.31103115723985825,0.327990034826539,0.708945222410204
0.26666666666666666,0,swing,6,-0.3507463325513527,0.3394306958653033,0.7856627179293129,0.765509292700745,-0.026613802637537765,0.015149041471966862,0.6426956782493998,0.010782311670482159,0.004432027228176594,0.07200845330953598,0.028938613831996918,-0.09957304504345954,0.02460664834324844,0.0017306170193478465,0.06498762220144272,-0.031161325052380562,-0.010564186610281467,-0.04928633792095516,-0.04691383086998091,0.09978356957435608,0.0447925329208374,0.15512363612651825,-0.07122023403644562,0.14338141679763794,0.9705634713172913,-0.07064135372638702,-0.20173074305057526,0.9429788589477539,-0.35157250913854693,0.34394709637282217,0.8605220497370605,-0.3266247893353298,0.452061351930184,1.3671984112468363,-0.4421528097985916,0.4184069893303983,-0.0009222893713658094,-0.245054009417823,0.40153766513503475,0.0030086857626247486,-0.45933757997511787,0.2492778684841858,-0.0010777106286341681,-0.2782986686532482,0.23481999723142277,0.003117502587690991,-0.4598034732428229,0.33419210649307884,0.3947219750360622,-0.24814336383287874,0.29763336222828424,0.3998099597657352,-0.5396330162259001,0.4707030789093303,0.7247343685688269,-0.1316667511213253,0.44486070372010184,0.7185044727056471,-0.5179655651772808,0.3963558847874485,0.891954524337882,-0.16347834138112788,0.36963263291845644,0.8836962530482936,-0.4397623845168948,0.40010393494297936,1.0741166129613746,-0.2400025811494699,0.3848129625319479,1.0682521418571034,-0.4379346716945758,0.35044423643907785,0.7061885445418016,-0.31103115723985825,0.327990034826539,0.708945222410204
0.3,0,swing,8,-0.3502156127942726,0.3401363850571215,0.7855473509645883,0.7656352802644932,-0.026296853849028783,0.015243832698145946,0.6425563933668582,0.012919425964355469,0.003607075195759535,0.07286031544208527,0.027187807485461235,-0.099625372298348,0.024784428483654253,0.0030398613307625055,0.06499339640140533,-0.03001192770898342,-0.011845522560179234,-0.048936964094951074,-0.047360947120901,0.09936705976724625,0.04433998465538025,0.1552361398935318,-0.06598421931266785,0.14096929132938385,0.9741478562355042,-0.06945585459470749,-0.2016673982143402,0.9436970353126526,-0.3509995121111692,0.34462570824107913,0.8604087661209353,-0.3259481696990651,0.45261055222808355,1.3671066511222847,-0.4416611582913709,0.4185093597424956,-0.0009305726286068308,-0.24496149112403057,0.4020269125837971,0.0028398823714368415,-0.45878339682953634,0.24937388248594078,-0.0010694273713932403,-0.278092691953984,0.23528666872598938,0.0029607533940157055,-0.459339208962357,0.3343509547232981,0.39471861715289447,-0.24783724781260968,0.2979962994399223,0.3996467342433838,-0.5386497967022874,0.46897650958471016,0.7239824829463611,-0.1310490095168712,0.44485063968825883,0.7182679181234984,-0.5170555861434536,0.3960835810889601,0.8918511079178616,-0.16292094296306703,0.3699299277856627,0.8835877021500256,-0.439147815584176,0.40080666217451566,1.0740216357146501,-0.23940036779678445,0.38536208982224507,1.0681388483414098,-0.4374333610445512,0.3512654773106157,0.7061207399374745,-0.31054074039189755,0.3287404998417958,0.7088022382235187
0.3333333333333333,0,swing,9,-0.3504691411508247,0.3405849696137011,0.7854904289919444,0.7656779822062458,-0.026208249681544657,0.015371427456676101,0.6425060890226224,0.013490156270563602,0.0029960202518850565,0.07330282777547836,0.026597188785672188,-0.0996818277184004,0.02509515881959612,0.003522017039358616,0.06465773284435272,-0.02933770790696144,-0.012469351291656494,-0.04880876081269325,-0.04723443883970768,0.0994865670800209,0.044396091252565384,0.15511900186538696,-0.06365424394607544,0.13985465466976166,0.9756703972816467,-0.06945841759443283,-0.2017156183719635,0.9437618255615234,-0.35122955061747874,0.3450764669343821,0.8603519560219306,-0.32599098470557386,0.45301131227682156,1.3670513959822856,-0.4417956406256176,0.4187016365091712,-0.0009334928004902029,-0.2452348656756484,0.40228568245329255,0.002749484646654716,-0.45887735564196297,0.24956205711017299,-0.0010665071995097156,-0.2782900053325174,0.23553034754547725,0.0028760628724499235,-0.45956253812442444,0.3345834350279336,0.3947138499942259,-0.24811452665811368,0.2982318418838205,0.39956420126119313,-0.5387539555697012,0.4683013825032227,0.7237108949393227,-0.1313086600593207,0.4452952192078809,0.7181403642303372,-0.5171240185598583,0.3960539306508848,0.8918537381707922,-0.1631311658057877,0.3703708561230835,0.883468015119478,-0.43929741453331295,0.4012376882048748,1.0740022978436998,-0.2395525382938338,0.385787909043089,1.0680463226987544,-0.43770707800130404,0.35173821297523805,0.7060891375777862,-0.3108172153397738,0.32919320998708795,0.7087327925974313
0.36666666666666664,0,swing,10,-0.3502645482076332,0.3407070697285235,0.7854359883145928,0.7654011933710687,-0.025915419244016805,0.01535389049888264,0.6428480864699677,0.014163464307785034,0.002444780431687832,0.07368772476911545,0.026210390031337738,-0.09956485034325646,0.025211665018846308,0.004081274848431349,0.06460535526275635,-0.02870955504477024,-0.013091906905174255,-0.0482953400326267,-0.04755810699994134,0.09971648454666138,0.044446978718042374,0.1549491435289383,-0.06155956909060478,0.13892903923988342,0.9769477844238281,-0.0696965679526329,-0.20192812383174896,0.9436876177787781,-0.35100071694168566,0.34516295651999723,0.8602998856783861,-0.32566164798344793,0.4527986083012098,1.3670581723079553,-0.44165961570043943,0.4187230622785961,-0.0009354633976526271,-0.2453540731948221,0.4026700759272329,0.002639341409973111,-0.458540021982078,0.24956327029517403,-0.0010645366023473019,-0.2781636079872629,0.23586624829870928,0.0027716863283426887,-0.4593719108363684,0.334556591336116,0.3947168259018848,-0.24799535453274263,0.2984261512990349,0.39946072236988517,-0.538584695468344,0.4672583318125787,0.7235674450253852,-0.13118058717857117,0.44580683879957766,0.7180926707614421,-0.5168164659683807,0.3955060209942782,0.8919043520922524,-0.16287860894663497,0.37069068919911496,0.8833571971709544,-0.43903673752974237,0.4010880226388459,1.0740244993102688,-0.2392776651238621,0.38586034793845725,1.0679733990168143,-0.4375391091408342,0.35183788909483826,0.7060715049508387,-0.31062916244072825,0.3293994436166752,0.7086573007957951
0.39999999999999997,0,swing,11,-0.35014480247627944,0.34051070222631097,0.7853557210848211,0.7652541152131606,-0.025309554535992557,0.01523486586918818,0.643050125931455,0.015199648216366768,0.0018079993315041065,0.07403133809566498,0.026017552241683006,-0.0994333335202573,0.02508572124071584,0.004839041735976934,0.0647645890712738,-0.02809983678162098,-0.013705499470233917,-0.04743830368373203,-0.04843884266856069,0.09995894879102707,0.04451451450586319,0.154729425907135,-0.05984599143266678,0.13811826705932617,0.977886438369751,-0.06994515657424927,-0.2021184265613556,0.9435758590698242,-0.3508373177408578,0.34488545570310253,0.8602248198814917,-0.3252299067078886,0.4518754123053834,1.3671066282435023,-0.44175048039132114,0.41862125561950225,-0.0009365284248752936,-0.24586912060101812,0.40304220696582604,0.0024637390453262284,-0.45850521929330773,0.24944896885313245,-0.001063471575124885,-0.2784940206526044,0.23620217335717913,0.002601876982075268,-0.4593589252259274,0.33439650640528057,0.39472252518872253,-0.24813188643799347,0.2984524419560312,0.39928760484866954,-0.5384689946058898,0.4662102655005732,0.7235788312597556,-0.13112328420908523,0.445975371625966,0.7180367556323216,-0.5165578424087339,0.3947114249048989,0.8920050210493353,-0.16267975544549562,0.3705618361168054,0.8831928998997459,-0.4387662861355419,0.40046459044485583,1.0740826581458753,-0.2390004913898856,0.38538818515631945,1.0678766809293438,-0.4374688417294407,0.3517101526115527,0.7060548513550134,-0.31054765782219734,0.329323820844956,0.7085395102598909
0.4333333333333333,0,swing,12,-0.35021239414345473,0.3417272032238543,0.7852297651753294,0.7652527947443926,-0.02520605450593675,0.015392761616080322,0.6430520024399043,0.01649712584912777,0.0009299006778746843,0.07436633110046387,0.025974877178668976,-0.10083054317958551,0.025532059272183383,0.005652201361954212,0.06367626786231995,-0.02720947191119194,-0.014226024970412254,-0.04775449747239069,-0.04760058677409007,0.10014355182647705,0.04458290711045265,0.1544690728187561,-0.05855565145611763,0.13697320222854614,0.9784470200538635,-0.07009929418563843,-0.20195329189300537,0.9434410929679871,-0.3508768116401716,0.34610530569917153,0.8600989228312406,-0.3250646515460714,0.45298336384975446,1.3669942762520995,-0.4416980577469425,0.41891391136373807,-0.0009371126530618133,-0.2455889023562495,0.40375537419985014,0.0022905088822841625,-0.45841080424506553,0.24973747008063313,-0.0010628873469381642,-0.2780974283982415,0.23689262999651137,0.002433097480175214,-0.4593964232483939,0.33518747076954947,0.39466991834943427,-0.24805750351064615,0.29934158614452067,0.3991265533034363,-0.5383043663519368,0.46681775060443237,0.7233880895650608,-0.13129636464168962,0.44733730396068694,0.717847887064973,-0.5164126364181413,0.3956148129827129,0.8919421106939304,-0.1627399712708139,0.37183337577362385,0.8829842568768465,-0.4387197451002968,0.4016176463893192,1.0740084201282158,-0.2389541700628139,0.38657569601336533,1.0677124167267626,-0.43756048515676393,0.35295555122800654,0.7059588105705217,-0.31064061718513497,0.3305566151229543,0.7083979699436586
0.4666666666666666,0,swing,12,-0.35021239414345473,0.3417272032238543,0.7852297651753294,0.7652527947443926,-0.02520605450593675,0.015392761616080322,0.6430520024399043,0.01649712584912777,0.0009299006778746843,0.07436633110046387,0.025974877178668976,-0.10083054317958551,0.025532059272183383,0.005652201361954212,0.06367626786231995,-0.02720947191119194,-0.014226024970412254,-0.04775449747239069,-0.04760058677409007,0.10014355182647705,0.04458290711045265,0.1544690728187561,-0.05855565145611763,0.13697320222854614,0.9784470200538635,-0.07009929418563843,-0.20195329189300537,0.9434410929679871,-0.3508768116401716,0.34610530569917153,0.8600989228312406,-0.3250646515460714,0.45298336384975446,1.3669942762520995,-0.4416980577469425,0.41891391136373807,-0.0009371126530618133,-0.2455889023562495,0.40375537419985014,0.0022905088822841625,-0.45841080424506553,0.24973747008063313,-0.0010628873469381642,-0.2780974283982415,0.23689262999651137,0.002433097480175214,-0.4593964232483939,0.33518747076954947,0.39466991834943427,-0.24805750351064615,0.29934158614452067,0.3991265533034363,-0.5383043663519368,0.46681775060443237,0.7233880895650608,-0.13129636464168962,0.44733730396068694,0.717847887064973,-0.5164126364181413,0.3956148129827129,0.8919421106939304,-0.1627399712708139,0.37183337577362385,0.8829842568768465,-0.4387197451002968,0.4016176463893192,1.0740084201282158,-0.2389541700628139,0.38657569601336533,1.0677124167267626,-0.43756048515676393,0.35295555122800654,0.7059588105705217,-0.31064061718513497,0.3305566151229543,0.7083979699436586
0.49999999999999994,0,swing,13,-0.35010066523682326,0.34136519441381097,0.7851619847336848,0.7652469018664181,-0.024712794807850973,0.015506138296137952,0.6430754361906345,0.01650315895676613,-3.8095527997938916e-05,0.07467465102672577,0.0256587453186512,-0.10004929787409722,0.025656486776808873,0.005789539776742458,0.0626509040594101,-0.026337921619415283,-0.014708607457578182,-0.04687794215539087,-0.04739026246783473,0.10040707141160965,0.044565074145793915,0.1538579910993576,-0.057955414056777954,0.13632509112358093,0.9785990118980408,-0.07086800783872604,-0.20204982161521912,0.9429024457931519,-0.35070459028825074,0.3456976453605494,0.8600343103508737,-0.32453664639702556,0.45195409565449995,1.3670425126858148,-0.4415884763556829,0.4189868606063331,-0.0009389184871390968,-0.24543639624676017,0.40379538332576675,0.0020831833555992434,-0.45826431001166934,0.24980677416566177,-0.0010610815128608217,-0.2778134870818923,0.23690708990292114,0.0022298375876641553,-0.45934095706959227,0.33499873775382605,0.3946959499959559,-0.24795350499347868,0.2991025586732754,0.3989400929688082,-0.5380971116860447,0.46624567908091785,0.7235349867667676,-0.1312405851863352,0.447519078421704,0.7178363741990459,-0.5161279080876786,0.394980560517627,0.8920526451102828,-0.1625366780740436,0.3715871913067549,0.882804453818391,-0.4384010270670147,0.40091396847110156,1.0740810180462763,-0.23863629771018385,0.3859331440345076,1.0676147436790646,-0.43751310407501887,0.3526400164532253,0.7059685918147123,-0.31059023816931924,0.3302457175810424,0.708291185654238
0.5333333333333333,0,swing,14,-0.35009828105103225,0.3412253917194903,0.7850473351966626,0.7653524270025646,-0.02459215229278815,0.016051512057847255,0.6429410839941319,0.016229931265115738,-0.0010300124995410442,0.07492232322692871,0.02523241937160492,-0.10000967977605457,0.025761738552478763,0.005944386124610901,0.06192489340901375,-0.025539251044392586,-0.015145055949687958,-0.04721442451747904,-0.04744150085447685,0.10064046084880829,0.044774577021598816,0.1531035155057907,-0.05796611309051514,0.13638946413993835,0.97843337059021,-0.07169615477323532,-0.20215827226638794,0.942266047000885,-0.3506272172523832,0.3455966677201982,0.8599179714476024,-0.32385244182422396,0.451705668130444,1.366926351472888,-0.44164007137862393,0.4186917183648799,-0.0009413270344201322,-0.24567766455987758,0.403193995937222,0.0018880903251307195,-0.45835187293006935,0.24951517767782855,-0.0010586729655796615,-0.27800476637553906,0.23629601567030448,0.0020386593242987666,-0.4594488335588272,0.3347085678586814,0.3946963430821781,-0.24812142996198666,0.2986214210085252,0.39874085946199256,-0.5381632161338371,0.4662298560523124,0.7236833296807695,-0.13127787568349297,0.44780721250563327,0.717604299019937,-0.5160090414195623,0.3948879104117606,0.8921442555333781,-0.16239683800228163,0.37159449881965395,0.8824763605130502,-0.4380613474235696,0.40075873521978517,1.0740827669119715,-0.2383067964617337,0.3857444284593663,1.067383896668465,-0.43758527311531004,0.35248521627759793,0.7059343200442078,-0.3106666772937546,0.3300553815101938,0.7081433656940184
0.5666666666666667,0,swing,16,-0.34933319583069533,0.3414098978973925,0.7849244249421145,0.7648016445820477,-0.023827787233688294,0.01594820385130207,0.6436274821618936,0.018062321469187737,-0.001661275397054851,0.07483641058206558,0.024516139179468155,-0.09990799412792328,0.025241843920032037,0.008013898506760597,0.0615144707262516,-0.0241942647844553,-0.015789901837706566,-0.04742578012641685,-0.04795405426879995,0.10062249004840851,0.0456840805709362,0.15189102292060852,-0.05951780080795288,0.13714130222797394,0.9773209691047668,-0.07289628684520721,-0.20202411711215973,0.9411295652389526,-0.3498040467560607,0.34568313287032665,0.859801108644534,-0.3223087710221585,0.45050440039004214,1.3670414824103565,-0.4414669339797858,0.41867579116806863,-0.0009455731758085048,-0.2455988418761526,0.4033678553998652,0.001661591659430424,-0.457912301329836,0.2494731373957204,-0.0010544268241915108,-0.2774327408929976,0.23637510559215752,0.0018177487779758826,-0.45895691427225427,0.3346308445582386,0.3947047345592467,-0.24753330059244813,0.29883881514676475,0.3985051943622022,-0.5378485977305238,0.4671091677842426,0.7244031482330442,-0.13089380181853072,0.44921809511951516,0.7175417396173711,-0.5152776126462736,0.394913026962172,0.8924443101157639,-0.16156087487255708,0.3721398049406127,0.8820957794266813,-0.43693034793238306,0.4001242752393842,1.0742610762932334,-0.2371632784813777,0.38545289368230246,1.0671862316897285,-0.4369011726032663,0.35266509261931284,0.7058993785498301,-0.30994086467595283,0.33045914809238175,0.7079683301901892
0.6,0,swing,17,-0.34900468483101577,0.3422942222096026,0.7848325827168176,0.7643431937654543,-0.023619477696412303,0.015872946543357677,0.6441813812784452,0.019908294081687927,-0.0015113308327272534,0.07453826814889908,0.024312207475304604,-0.10111860524381489,0.02469424305583401,0.009650468826293945,0.0614575557410717,-0.023571576923131943,-0.015970585867762566,-0.048475095787725575,-0.048071186557635204,0.10042951256036758,0.04616831615567207,0.15169185400009155,-0.06065182387828827,0.1375528872013092,0.9765251278877258,-0.07313019037246704,-0.20195133984088898,0.9408013820648193,-0.34946711219783555,0.3465359887566236,0.8597111081930247,-0.3217489734354428,0.45105783232309016,1.3670022655415088,-0.44169150984481487,0.41865499975568626,-0.0009470701832231358,-0.2456222393207244,0.40372591305966954,0.0015806649748500365,-0.4579408421639617,0.24943340540992928,-0.0010529298167767098,-0.2771285164565979,0.23667104290076457,0.0017383267296460433,-0.45884265529213347,0.3349972116600028,0.3946675276036805,-0.24724263311137049,0.2995495892234842,0.39840522801864925,-0.5377673995014111,0.4683756448684096,0.7246543220037749,-0.1307850788301203,0.45056216505852076,0.7174131082529938,-0.5150091585569512,0.3957697160561665,0.8924935479749211,-0.16123431618777828,0.37324661312027807,0.881896279358703,-0.43650031219833113,0.4007281249595134,1.0742640208270342,-0.23672032790921566,0.3863025517401962,1.0670497561566132,-0.43659624253188817,0.3535016467699196,0.705825744227703,-0.3096047053883778,0.3314718687962839,0.7078617589982674
0.6333333333333333,0,swing,18,-0.34870952263008803,0.34155831346288323,0.7849101648725212,0.7640862819215853,-0.02284580378875967,0.015011991065629272,0.6445346097400343,0.02111899107694626,-0.0010635722428560257,0.07407470047473907,0.024166923016309738,-0.09981338409864282,0.02418354596727479,0.010943224653601646,0.06160682067275047,-0.023004425689578056,-0.016085369512438774,-0.047318610058151744,-0.04826720219912739,0.10033975541591644,0.046642012894153595,0.15173810720443726,-0.062036555260419846,0.13803568482398987,0.9756168127059937,-0.07349453121423721,-0.2017912119626999,0.9404482245445251,-0.34919769084882935,0.34562810042448866,0.8597980712785448,-0.32145183449342796,0.44901495839139993,1.3673211630251891,-0.44165266386718005,0.4188617733016518,-0.0009483295691997615,-0.24539125221084196,0.40400849967257807,0.0015994490224337105,-0.45783031592374207,0.24963330969519135,-0.0010516704308002646,-0.27664744745625036,0.23690665866573166,0.001757534137227422,-0.45862854572188466,0.33473260950740386,0.39471759456581257,-0.24685733712529662,0.2994198618115563,0.3984404783298926,-0.5376415008513356,0.4682995379506514,0.7252191311976968,-0.1306625185494298,0.4503398295041728,0.7177402301395567,-0.5148100331806611,0.39493932519387037,0.8927200788739738,-0.16098966677138887,0.37250592205314775,0.8820013367223285,-0.4362159134620823,0.3992636055603984,1.0744890640680367,-0.23642611517367695,0.3850090122231177,1.0672070335361699,-0.436282690171352,0.35289879975074473,0.7059011204900021,-0.3092719114670749,0.3309790717323326,0.7079243724175889
0.6666666666666666,0,swing,19,-0.34873613610398024,0.34138805279508233,0.7849100470766008,0.7639133228003475,-0.02263394571013117,0.014724979466242938,0.644753685316681,0.02216404490172863,-0.0008317900937981904,0.07355865836143494,0.024008648470044136,-0.09994722469742534,0.02390827269697704,0.012251812033355236,0.061666425317525864,-0.022418739274144173,-0.01612592115998268,-0.04785233780542275,-0.04822174467877749,0.10026425123214722,0.046969443559646606,0.15188628435134888,-0.06318756937980652,0.13831695914268494,0.9748088717460632,-0.07359665632247925,-0.20160749554634094,0.9402301907539368,-0.3492378428916263,0.3454057064129696,0.8598006789987973,-0.32143545044520044,0.44851981819196957,1.3673767109484491,-0.4418711567659699,0.4185689006532139,-0.0009498332643769619,-0.2455058683273295,0.4036042950288173,0.001617650467326849,-0.45803778884615953,0.24933938212769693,-0.0010501667356230746,-0.27657748513852043,0.2364680342446732,0.0017756372803382214,-0.45873654882417286,0.33448245678921196,0.3947153844499463,-0.24683964415040943,0.29920053442407196,0.39845040016668587,-0.5377467634379235,0.46862707081164306,0.7254610400164501,-0.13082941206537183,0.45037932856483265,0.7177741098060457,-0.5148803804188377,0.39485227418497787,0.8927750326007131,-0.1610579609633572,0.3723836971074481,0.8819766691930847,-0.4362292113196979,0.39887996991044816,1.0745373231663984,-0.2364339684502227,0.3847248323121979,1.067210802416272,-0.4362994353232113,0.3527594969893257,0.7058937803311099,-0.3092755000244308,0.33091656643232703,0.7079208148931847
0.7,0,swing,20,-0.34832796349655837,0.34255979070439935,0.7848478283456819,0.763232129884472,-0.02239814858783357,0.014633559959478803,0.6455702113440196,0.02343684807419777,-0.0005236704018898308,0.07291683554649353,0.023945065215229988,-0.10065521641998254,0.02317946258977066,0.013574540615081787,0.06191249191761017,-0.021875953301787376,-0.01610119268298149,-0.04875815103075487,-0.04869276976250403,0.1001579686999321,0.04722536355257034,0.15212200582027435,-0.06408941000699997,0.1386050432920456,0.9741458296775818,-0.07333212345838547,-0.20145763456821442,0.9402075409889221,-0.348821579653843,0.34654108726158694,0.8597404556250944,-0.32096883046515395,0.44958626221979314,1.3673280646088917,-0.44213180310316524,0.41914722841942686,-0.0009509178624273265,-0.24567944042474155,0.40453109844340446,0.0015637483625492096,-0.4580422803596615,0.24989343355134844,-0.0010490821375726718,-0.2763119648213436,0.2373138037416036,0.001721233925873835,-0.4585812049483645,0.33526094262007183,0.3946970204730477,-0.24651400873080245,0.30040371135667904,0.3983722464061676,-0.5376516245151906,0.4698682886210899,0.7256367304113484,-0.13073048970788997,0.451902529928537,0.7176085200187978,-0.5145694313089949,0.3958323067085526,0.8928056567798767,-0.16070337252746159,0.3738443962155401,0.8818282455723874,-0.43580519172409843,0.39978987444902214,1.0745319597723038,-0.23598546646525867,0.38603865683002175,1.0671045570313251,-0.4359274530043818,0.3538138125147284,0.7058539237585433,-0.3088567773503996,0.3322409210137264,0.7078428298213009
0.7333333333333333,0,swing,21,-0.34825390472542495,0.3412943542934954,0.7849225408891051,0.7633088640462279,-0.02193524315208883,0.01418714967526265,0.6455053430920674,0.02350008487701416,-0.00040062787593342364,0.07222972810268402,0.023638218641281128,-0.09907150525558905,0.022947514049720397,0.014271548949182034,0.06246405839920044,-0.021413061767816544,-0.01601671800017357,-0.04825357866609625,-0.04932351906133703,0.10021114349365234,0.04752293601632118,0.15218311548233032,-0.06507327407598495,0.1391545534133911,0.9734493494033813,-0.07330035418272018,-0.20133711397647858,0.9400623440742493,-0.34875342565852774,0.34517954126123956,0.8598201763728976,-0.32076420481534484,0.4475899002575624,1.367529306302765,-0.4420614667480761,0.41891318505180086,-0.000953303596787785,-0.2459484448370288,0.4037863643342544,0.0016149877689264416,-0.45812311415630863,0.24967366614348763,-0.001046696403212314,-0.2765228695002507,0.236558435516748,0.001771128474570019,-0.4585555559183271,0.3344958479567169,0.3947538963883019,-0.24655100321822335,0.2994403740907291,0.3984199898089955,-0.5376807071005819,0.4691940387809137,0.7260493307027588,-0.1307058788385616,0.45069839239527576,0.7177741369541433,-0.5145524519014216,0.3946587634311841,0.8929898612642454,-0.16063628523949203,0.372421426213121,0.8818974184901919,-0.4356709261852179,0.3981749362438381,1.0746961868896103,-0.23585488898512535,0.3844026745210841,1.0672087985137337,-0.43584394048342867,0.35266818311640163,0.7059352646689223,-0.3087749426521204,0.33108398729061206,0.7079067425397823
0.7666666666666666,0,swing,22,-0.3480711270822212,0.3412500382401049,0.7849337316680574,0.7629456370546541,-0.021673616027380122,0.013947826546384727,0.6459486569396964,0.02408049814403057,-0.0003126811352558434,0.07143395394086838,0.023361600935459137,-0.09861999638659302,0.022668261510948695,0.015127504244446754,0.06279411911964417,-0.020921560004353523,-0.01581713743507862,-0.04861111182729272,-0.0497153359212712,0.10019360482692719,0.04749942943453789,0.1521754115819931,-0.06567879021167755,0.13935025036334991,0.9729204773902893,-0.07311860471963882,-0.2013842612504959,0.9399799704551697,-0.34857491854531425,0.3450818438319278,0.8598340885434967,-0.3207139246815496,0.44716258239006534,1.367616604352609,-0.44209298866781027,0.4190112193839618,-0.0009556800401571523,-0.24613955799955967,0.4038170853227585,0.0016294011510974982,-0.4580948587526874,0.24976603541481202,-0.0010443199598428807,-0.27643755557732247,0.2365388509021374,0.0017831278488041856,-0.45847062557738133,0.3344330112666395,0.39477174739896675,-0.24640781660013475,0.2995622171410641,0.3984196545484693,-0.5376512170833002,0.46929131124852014,0.7262309714119328,-0.13062762421780472,0.4508956506410754,0.7178655583222919,-0.514453990925427,0.39447202692469263,0.8930348310675741,-0.16048251423640014,0.37248479970507425,0.8819386767836594,-0.4355580998151437,0.39782585347683597,1.0747457595631065,-0.2357264312196572,0.3842851536551616,1.0672531915999206,-0.4356719764053065,0.3525931942053665,0.7059535882147288,-0.30857712449341307,0.33116039084739896,0.7079093159412462
0.7999999999999999,0,swing,23,-0.34786254062782973,0.3414488793350756,0.784920241894505,0.7623348102193518,-0.02150277048402458,0.013719628226837742,0.6466800134461043,0.025034621357917786,-0.0005466861766763031,0.07058918476104736,0.023128869011998177,-0.09875367993149298,0.022776678067711886,0.016052599996328354,0.06268252432346344,-0.0203558262437582,-0.0154939079657197,-0.04929781574258563,-0.04955131428953097,0.10014075040817261,0.047225553542375565,0.1523720771074295,-0.06583315134048462,0.1389182060956955,0.9726739525794983,-0.0727662742137909,-0.20146748423576355,0.9400215744972229,-0.3483795098866024,0.34523855730842606,0.8598226522939294,-0.3208941747950372,0.4472054480435356,1.3676477941675738,-0.4419398481415062,0.41888635508864175,-0.0009580600336968545,-0.24602799325197985,0.40392970960570335,0.0016263080094036965,-0.45776566022317683,0.2496246150641679,-0.0010419399663029738,-0.2759198305123625,0.23657841565249663,0.0017762326111444397,-0.45826318454686393,0.33435220376412716,0.39476628195574043,-0.24606287766529852,0.29991285961783803,0.39840533349428897,-0.5374929769889755,0.4692237928463633,0.7261929821618941,-0.13056111943935622,0.4513783821122004,0.7179416823934472,-0.514292642029673,0.3943324655927525,0.8929640760724901,-0.16034365293407232,0.3729222192024982,0.882006289802512,-0.4355455965307764,0.39775156773236026,1.0747211918832615,-0.23568630010403194,0.38458878919497386,1.0672923431849508,-0.4354748233733834,0.3526915450954911,0.7059376505609243,-0.30833953416027443,0.331499786530384,0.7078919392347592
0.8333333333333333,0,swing,24,-0.3482860316289589,0.34048623451963067,0.7849452417817759,0.7624022117018433,-0.021091001542634796,0.013411854730249377,0.6466205683387755,0.025237133726477623,-0.0013334014220163226,0.0697411447763443,0.022818924859166145,-0.09762798534841743,0.023303765588143288,0.016628025099635124,0.06247511878609657,-0.019790999591350555,-0.015071345493197441,-0.04929237355777105,-0.04951435783995517,0.10026124119758606,0.04717763513326645,0.15298046171665192,-0.06572497636079788,0.1385534703731537,0.9726947546005249,-0.07233761250972748,-0.20159919559955597,0.9401990175247192,-0.34879792878320387,0.34419906562232006,0.8598515355527694,-0.3212816608625568,0.4459662599511093,1.3677144879653407,-0.4419370578033209,0.41858629897661326,-0.000960986258731221,-0.2464372363175776,0.4032017103590101,0.0016108643831570964,-0.4579525399108371,0.24934239732997845,-0.0010390137412688502,-0.2762663819125154,0.23583922638809718,0.0017558890773030494,-0.4585835984159605,0.3337119247083135,0.3948002693619901,-0.2464488105132582,0.2991740964088486,0.39838770695858694,-0.5378023591898339,0.46820296441346626,0.7262496450391521,-0.13093467820700236,0.45021763436124257,0.7179653333430365,-0.5146458100808186,0.39326867978018093,0.8930075276835048,-0.16073923034707113,0.37179532337237287,0.8820421263853891,-0.43595132870771564,0.3966379247283251,1.0747738596289496,-0.2360928598435278,0.3834721313383439,1.0673281086477,-0.43590015284371225,0.3518304076976023,0.7059790402155272,-0.3087669544654353,0.330623478802708,0.7079035078406228
0.8666666666666666,0,swing,24,-0.3482860316289589,0.34048623451963067,0.7849452417817759,0.7624022117018433,-0.021091001542634796,0.013411854730249377,0.6466205683387755,0.025237133726477623,-0.0013334014220163226,0.0697411447763443,0.022818924859166145,-0.09762798534841743,0.023303765588143288,0.016628025099635124,0.06247511878609657,-0.019790999591350555,-0.015071345493197441,-0.04929237355777105,-0.04951435783995517,0.10026124119758606,0.04717763513326645,0.15298046171665192,-0.06572497636079788,0.1385534703731537,0.9726947546005249,-0.07233761250972748,-0.20159919559955597,0.9401990175247192,-0.34879792878320387,0.34419906562232006,0.8598515355527694,-0.3212816608625568,0.4459662599511093,1.3677144879653407,-0.4419370578033209,0.41858629897661326,-0.000960986258731221,-0.2464372363175776,0.4032017103590101,0.0016108643831570964,-0.4579525399108371,0.24934239732997845,-0.0010390137412688502,-0.2762663819125154,0.23583922638809718,0.0017558890773030494,-0.4585835984159605,0.3337119247083135,0.3948002693619901,-0.2464488105132582,0.2991740964088486,0.39838770695858694,-0.5378023591898339,0.46820296441346626,0.7262496450391521,-0.13093467820700236,0.45021763436124257,0.7179653333430365,-0.5146458100808186,0.39326867978018093,0.8930075276835048,-0.16073923034707113,0.37179532337237287,0.8820421263853891,-0.43595132870771564,0.3966379247283251,1.0747738596289496,-0.2360928598435278,0.3834721313383439,1.0673281086477,-0.43590015284371225,0.3518304076976023,0.7059790402155272,-0.3087669544654353,0.330623478802708,0.7079035078406228
0.8999999999999999,0,swing,25,-0.34815096750389785,0.340533381793648,0.7848992954483492,0.7618945436750352,-0.02077640638345358,0.013438816817286913,0.647228277703123,0.025470560416579247,-0.0019956608302891254,0.06870020180940628,0.02258775383234024,-0.09722715548945349,0.023313264179357307,0.01715504191815853,0.06246805191040039,-0.01930139772593975,-0.014523357152938843,-0.050029270542581106,-0.05000605577778805,0.10048408061265945,0.047166597098112106,0.15373796224594116,-0.06559993326663971,0.13855993747711182,0.9728221297264099,-0.0720725879073143,-0.20200693607330322,0.940334677696228,-0.34863218498098036,0.3442124937322103,0.8598074563194004,-0.32102908184407647,0.44620710563324606,1.367619473181342,-0.44192242984946045,0.41866989755233264,-0.0009635973967304437,-0.24684048538179487,0.4032426695701896,0.0015297624417534364,-0.45785947160019175,0.2494185891389636,-0.0010364026032695824,-0.2763277745004645,0.23581961144676852,0.0016690069517501273,-0.4585456977383332,0.3336612887641232,0.3948137964338274,-0.24642128426045845,0.29942464808029223,0.3982811542648555,-0.5379474785938912,0.4677782481778807,0.7262483266650096,-0.13089798485874413,0.45047794318304973,0.7177640974493646,-0.5145547934783797,0.3929812634634218,0.8930348895676595,-0.1605393614216752,0.37212132366750705,0.881901823696925,-0.4357655203672949,0.39657633886449545,1.0747560822041775,-0.23588737464228576,0.3837729296520197,1.0672072760687752,-0.43582037530043005,0.35178009626067375,0.7059803355688491,-0.3086518539363191,0.33077965142805743,0.7078331507387431
0.9333333333333332,0,swing,26,-0.34828540578018874,0.3398280800320208,0.7849328583739609,0.7621696717187835,-0.020478064429296047,0.013166514588465267,0.6469193792760448,0.02559243142604828,-0.0024145678617060184,0.06743298470973969,0.02244693785905838,-0.09636673014763675,0.023564181794066608,0.01750699058175087,0.06259551644325256,-0.01888120174407959,-0.013836342841386795,-0.050285549120955286,-0.05017579451080312,0.10083180665969849,0.04704012721776962,0.15508687496185303,-0.06531919538974762,0.13895417749881744,0.9731312990188599,-0.07200955599546432,-0.20280452072620392,0.9404444098472595,-0.34876728657435935,0.34344689499526754,0.8598439521395841,-0.3211612410285462,0.4457349520286106,1.3675955281039494,-0.4417290688330074,0.41856654097726964,-0.000965966492773862,-0.24703706784383414,0.4026418970871063,0.001552259457771512,-0.458029147605056,0.24934980776537197,-0.0010340335072261501,-0.2765872505041388,0.23522992224633277,0.0016841103388599357,-0.45865469117852004,0.333315286246298,0.3948406350030019,-0.24658356303719497,0.29888423037847045,0.3982915297976196,-0.5381826797903213,0.4669083450470729,0.7261859178005932,-0.1307146943790124,0.44952674956647604,0.7177881766768035,-0.5147514849698125,0.39228420536982206,0.8930444839303595,-0.1605242385964647,0.3713027892247337,0.8819587200339155,-0.4358975308263459,0.3959926823134249,1.0747509967964533,-0.2360242332006334,0.38310133425696696,1.0672235177024545,-0.435941134898988,0.351213926605898,0.706018553557428,-0.30878910652978747,0.3301129287160366,0.7078601953245821
0.9666666666666666,0,swing,27,-0.34832748665940017,0.33936638245359063,0.7849935585127843,0.7618662831962063,-0.02022745514995417,0.012688645239623762,0.6472940713994972,0.025951819494366646,-0.0026080200914293528,0.0659400150179863,0.0225413478910923,-0.09575028035409594,0.023863977662499702,0.018025264143943787,0.06286973506212234,-0.0185321643948555,-0.012986243702471256,-0.0506440034614104,-0.050202487748556957,0.10133027285337448,0.04695258289575577,0.15701350569725037,-0.06513219326734543,0.14034774899482727,0.9735490679740906,-0.07229804992675781,-0.20416666567325592,0.9404048323631287,-0.3488413957809837,0.34290996759028763,0.8599080357638053,-0.32155911940800896,0.44575407046634713,1.3675632527676196,-0.44150920543108213,0.4184818440264607,-0.0009673995027754331,-0.2471220627106023,0.4024665884577358,0.0016330135001094669,-0.4579023285932563,0.2492740981581935,-0.0010326004972246623,-0.2764427325840555,0.2350142572232512,0.0017558235502879542,-0.45861143251518377,0.3330434002485648,0.3948586479025604,-0.24649939770542953,0.2988107095477959,0.39835996610752095,-0.5388943619875363,0.46590406050651745,0.7261174543012179,-0.13046044377900207,0.4493415976396075,0.7179204256600025,-0.5151662154158722,0.39155069617767746,0.8930549170752295,-0.16040353097822527,0.3711728114982415,0.8820929465224575,-0.4361236695350665,0.3955609814930455,1.0747284071921772,-0.23622820585641108,0.382972607585396,1.0672771426648253,-0.43596281981537216,0.3507542180332139,0.7060565900266237,-0.3087903067404653,0.3297794804600874,0.7079254898822437
0.9999999999999999,0,swing,28,-0.348213015939109,0.33922953018918633,0.7849993207730724,0.7618523885707368,-0.02000792969958303,0.012447525132479861,0.6473219291019546,0.026381250470876694,-0.002695377916097641,0.06423670053482056,0.02290443517267704,-0.09585221969305491,0.02376746662251239,0.01849415712058544,0.0633770003914833,-0.018273519352078438,-0.011972033418715,-0.05153000847768063,-0.05070661117694453,0.10201071202754974,0.047027382999658585,0.1592836230993271,-0.06552682816982269,0.14310991764068604,0.9738290309906006,-0.07323373854160309,-0.2064218521118164,0.9400458335876465,-0.3487332751735835,0.34272462694117906,0.8599160320531544,-0.3214462219892383,0.4464590753039997,1.3673884776252685,-0.4413722064691523,0.41843690500088215,-0.0009676711246145962,-0.24736320373435358,0.4022712789575813,0.001663590575036001,-0.4580446286764428,0.2492564505827754,-0.0010323288753854055,-0.2766206065853066,0.23480787481116785,0.00177606329199027,-0.4585767045746704,0.33305995136560596,0.39485609931449295,-0.24647209199996092,0.29886547551841036,0.3983590055559012,-0.5398084532065408,0.46558375148266,0.7261344901418556,-0.12972548247989923,0.44954611081556106,0.717938615705951,-0.5155734906497309,0.3914581570288309,0.8931004358939899,-0.15989977178194006,0.3714067758566487,0.882082823040428,-0.4360178612869433,0.39569786332504114,1.0746543526299857,-0.23611331335205288,0.383262401899628,1.067190043279203,-0.4358408984149529,0.35067332587388034,0.7060618084140268,-0.30866702353172726,0.3297065757190637,0.7079275602277929
1.0333333333333332,0,swing,29,-0.34821826114784926,0.3380534113384783,0.785029444235294,0.7620764356218873,-0.019632640993333773,0.012185796418422738,0.6470746263323228,0.026083867996931076,-0.0029311208054423332,0.06238727271556854,0.023451535031199455,-0.0951765212277722,0.02366607666503051,0.018199874088168144,0.06383617967367172,-0.01805630885064602,-0.010776500217616558,-0.05160890600841195,-0.05137097373943933,0.10293258726596832,0.04701078683137894,0.16136737167835236,-0.06686381995677948,0.14736267924308777,0.9736072421073914,-0.07540173828601837,-0.21010638773441315,0.9390383958816528,-0.34873085247808616,0.3414804152485868,0.8599493541012854,-0.3213619206230457,0.44586196404231904,1.367283390788125,-0.4412532415952604,0.4180041952936022,-0.0009672249175596906,-0.24770265214848175,0.40158128752978073,0.0016669211189058106,-0.4583577054169449,0.24886687528246884,-0.0010327750824404881,-0.2770165389320918,0.23412775370901684,0.0017671836541200865,-0.4586640446988232,0.3324315570115797,0.394879416633052,-0.2466071560633344,0.2981323686325275,0.39834112401260974,-0.5412024219439104,0.46483091704147617,0.7264353138697855,-0.1286071590276283,0.44919754033625664,0.7182402704999767,-0.5163119800727735,0.39058330947847325,0.8932505496211941,-0.15922906409161824,0.370717838954487,0.8821390185288996,-0.43598287533396335,0.39471943628975864,1.0746349537413393,-0.2360758827267513,0.38234190473279583,1.0671398940820385,-0.4358453398866612,0.34962032755056915,0.7061092404134528,-0.30868530696723306,0.3285672972872869,0.7079466322638874
1.0666666666666667,0,swing,30,-0.3485397686017677,0.3374145389534533,0.7850902897220015,0.762024632146713,-0.01955006580687672,0.01190438814557355,0.647143369332865,0.025337742641568184,-0.003385510528460145,0.06041187793016434,0.024418380111455917,-0.09488366458996556,0.024225544418109757,0.01723232865333557,0.06367232650518417,-0.01776972785592079,-0.009314808994531631,-0.051637495631476016,-0.050956728808720264,0.10408414900302887,0.04655969887971878,0.16327162086963654,-0.06867103278636932,0.1519520878791809,0.972928524017334,-0.07867798209190369,-0.21485456824302673,0.937364399433136,-0.3490768073706746,0.3408047605873486,0.8600117017924753,-0.32217682149176313,0.4459981985079653,1.367201125717514,-0.44105788372004084,0.417852081734512,-0.0009651121741390059,-0.24767736759519987,0.4014840545710343,0.0017183388421565492,-0.4584752642711577,0.2487467004301431,-0.0010348878258607391,-0.27690191978278444,0.23401489822944985,0.0018033310363299825,-0.4588415709823636,0.3322214325619993,0.39488413411490725,-0.24668054021892208,0.29803656222779634,0.39839068012305656,-0.5430548370229431,0.4646557148080688,0.7266593600515533,-0.12753125366152465,0.4501310369240682,0.7189240707111662,-0.517547924377015,0.39019911219132636,0.8932882169107829,-0.15878159313025203,0.3710271383973478,0.8824035915238104,-0.4365492556594409,0.3942701115772873,1.0745583734841084,-0.23662040584488095,0.3821661419261045,1.06720080387789,-0.43614686124216584,0.3489859001529056,0.7061491757636166,-0.30898450952165146,0.3279494987695921,0.7080169012810449
1.1,0,swing,32,-0.34912216558586806,0.33549038181081414,0.7851144559665345,0.7621749714065533,-0.019095712056920514,0.011917416971878859,0.6469796302165758,0.021865637972950935,-0.005512170493602753,0.056250594556331635,0.027471303939819336,-0.09397973652583747,0.025429731734747052,0.013352499343454838,0.062218133360147476,-0.017175767570734024,-0.005628273356705904,-0.051051526370853084,-0.05018586630217281,0.10713177174329758,0.04539645090699196,0.1645158976316452,-0.0744762197136879,0.1641649603843689,0.9690613150596619,-0.08784906566143036,-0.2277476042509079,0.9318932294845581,-0.3496128725536971,0.33883007178330027,0.8600384553095981,-0.32321970061066785,0.4444538920362348,1.367162079036092,-0.4405572267559878,0.41754446147432506,-0.0009561526881634169,-0.24759114297124063,0.4012284077536684,0.0015585388006295574,-0.45879788916752806,0.24852591058584655,-0.0010438473118366473,-0.2767763873798843,0.23375238170168092,0.0016055137059153499,-0.4592334864871851,0.3316939967132617,0.3949026048312984,-0.2468973389721791,0.29754024288968195,0.398232999496923,-0.5475037908432724,0.46526700187416536,0.7280078031798047,-0.1243192251417776,0.4529159940557979,0.7208871838463125,-0.5203390557330301,0.38919011214189525,0.8936397693554875,-0.15711626113035385,0.37141730580291904,0.8828806480588918,-0.437349502983249,0.39222829050501995,1.07451296513894,-0.23738627925511957,0.3806566307431684,1.0672334908028345,-0.4367852699660781,0.3470696695899017,0.7062393774086037,-0.3096330783598515,0.3259640325448149,0.708016669263299
1.1333333333333335,0,swing,33,-0.3493598689092323,0.33358714589849114,0.7851379989213614,0.7633188218671179,-0.018736320608931677,0.011998398320364787,0.6456387263099854,0.018898844718933105,-0.007012855727225542,0.05403413996100426,0.02969519793987274,-0.09295421287611183,0.026279046603509992,0.010835661552846432,0.06151687353849411,-0.01699942536652088,-0.003413299098610878,-0.05050297017067318,-0.050072338944774364,0.1091940775513649,0.04493594169616699,0.16439983248710632,-0.07760746031999588,0.1707143485546112,0.9661081433296204,-0.0925430953502655,-0.23444072902202606,0.9286302328109741,-0.34980061254475625,0.3368944084158893,0.8600637472305291,-0.32320340270996134,0.4422085977788702,1.3672402578266734,-0.4397646412664331,0.4173555874096724,-0.0009486834464401891,-0.24741338600109092,0.400163706144589,0.0014602115076582968,-0.45901042953685495,0.24844854463082486,-0.0010513165535599063,-0.2771466075325805,0.23278409287143897,0.0014846632986235987,-0.4593048242759773,0.3312633119643707,0.3949275995150644,-0.24714157719216248,0.2962403745364005,0.39813297928957736,-0.5494214715407393,0.46554285118884403,0.7290137158045789,-0.1222983155764033,0.4529580419397083,0.7220189809018311,-0.5215700114310103,0.38822548782731087,0.8939557835033467,-0.15606204384838812,0.37011424948496646,0.8831291323791958,-0.43744878860673964,0.3903052287140405,1.0745789156738257,-0.23750365138372453,0.3784456069641245,1.0672661615538956,-0.43703395393514827,0.34543925612164733,0.7063176360740019,-0.309954425412184,0.32389441768394106,0.7080191698470432
1.166666666666667,0,swing,34,-0.349818377639167,0.3322233618237078,0.7850910134946019,0.7638944088751335,-0.017853636883619774,0.011810743912817757,0.6449861130811764,0.01695322059094906,-0.008647358976304531,0.05167987197637558,0.032738350331783295,-0.09271395313145359,0.026741052056604375,0.009210909716784954,0.06033086031675339,-0.01680591329932213,-0.0007867513340897858,-0.05020636239893417,-0.04996867643300562,0.11147899180650711,0.04464973509311676,0.16393175721168518,-0.08004999905824661,0.17704707384109497,0.962853729724884,-0.09623390436172485,-0.24069631099700928,0.9254831671714783,-0.3501923556319077,0.33541177070406925,0.8600222765913399,-0.323357135221368,0.43969915327873366,1.3673980693823733,-0.4396276635546679,0.41749035704942206,-0.0009374659315751661,-0.2476172582349467,0.3999320685341865,0.001235019988750495,-0.4596065890086697,0.24866847785224996,-0.001062534068424801,-0.2776083859286255,0.23259847281615073,0.0012330875256714655,-0.45972496296521365,0.3313685210847408,0.39493047062496267,-0.24757156695400304,0.2958523841411428,0.39789902164253654,-0.5518024735398964,0.46585731576417583,0.7302317601270608,-0.12090156745665857,0.4537145172814788,0.7230694031735658,-0.5230559697754649,0.38717659211952515,0.8943736086978737,-0.15534244873243422,0.3694070301249381,0.8832743890836984,-0.4377513487147122,0.3883311532825401,1.0747004069295956,-0.23780446549300352,0.37659133919801735,1.0672434936817967,-0.43754379799356435,0.34430710464014896,0.7063641311796872,-0.31049957307382736,0.32254471012688213,0.7079267507802692
1.2000000000000004,0,swing,35,-0.34962692752014846,0.33170378813520074,0.784936884393609,0.7637661387138152,-0.016970191490887146,0.011694410574699643,0.645163962660859,0.016339348629117012,-0.010281623341143131,0.049185946583747864,0.03655339032411575,-0.09472550587981243,0.026965639952136966,0.008660881780087948,0.05848724767565727,-0.01656915992498398,0.0023561858106404543,-0.05164458833302277,-0.04933824245795182,0.1138763502240181,0.04419008269906044,0.16344910860061646,-0.08105174452066422,0.1820329874753952,0.9596898555755615,-0.09860386699438095,-0.2461395263671875,0.9225990176200867,-0.34992944169717877,0.3347796986195385,0.8598731723979199,-0.32310850417851233,0.4381468342613381,1.367437367179963,-0.43932444235869006,0.41714328032688813,-0.0009227843718324774,-0.24715775159468747,0.39980442948877914,0.0009234925516680148,-0.45968970024121225,0.24836759362301067,-0.001077215628167618,-0.27706267550349506,0.23245540967726824,0.0008904148406881189,-0.4596204711341005,0.33170511862136326,0.39486257921407747,-0.24721269030283852,0.2961892319822905,0.3975548080415945,-0.5534768508070345,0.46595611560161876,0.73114969556312,-0.11937811704706532,0.45531422168419644,0.7238481005223147,-0.5238013338537939,0.3862722092093162,0.8946409887863032,-0.15420513783050843,0.36974084961897435,0.8832966527920196,-0.4375296956649444,0.38702579260448233,1.0747070148957605,-0.23755496445712812,0.37586383196266326,1.0671108044594888,-0.4374364278997141,0.34385348844130936,0.7063142911340171,-0.31038135417378443,0.3221438533961708,0.7077207234315814
1.2333333333333338,0,swing,36,-0.3500250269426033,0.3301969529129565,0.7848801674746623,0.7656286494725648,-0.016092382962170505,0.011175411696963825,0.6429843827736554,0.015230481512844563,-0.012234611436724663,0.04667449742555618,0.04076336696743965,-0.09605655417974979,0.028192752755455186,0.007813280448317528,0.05697140097618103,-0.01648791693150997,0.005869664251804352,-0.05254269149018542,-0.04841348636503939,0.11638414114713669,0.044042542576789856,0.1627074033021927,-0.08117423951625824,0.18594564497470856,0.9562534093856812,-0.09966066479682922,-0.25036489963531494,0.9199506640434265,-0.3502936672768196,0.3331229136069068,0.8598225892822626,-0.3230781062846073,0.4349934673001278,1.3676683948638588,-0.43828680608562526,0.4168995581834804,-0.0009065819463033864,-0.24650523383511294,0.39854945062577446,0.0007562148386597856,-0.46009074952937995,0.2483037304101618,-0.0010934180536966813,-0.27736548182305776,0.23137397254385111,0.00068822805402265,-0.4597014003817965,0.3320797376216083,0.3948059437010143,-0.24744438413832348,0.2952266371797833,0.3973670203090066,-0.5545969699438758,0.4660473629767956,0.7320747240883699,-0.11805454965373502,0.4540740952853276,0.7247295815869409,-0.52468952073214,0.3851696683871012,0.894936343887731,-0.15370377906511956,0.3675761365336732,0.8834960760948807,-0.43770258432989817,0.38504858043199364,1.0748145637155129,-0.23776619111226266,0.37325726614761195,1.0671602528667197,-0.4377852115639039,0.34298186496652455,0.7063038231448734,-0.31085531740492256,0.32054750315866165,0.7076368569782165
1.2666666666666673,0,swing,37,-0.35040029778610915,0.3288020552136004,0.7847761610343759,0.7660896846703424,-0.014950685974035408,0.010746554308144548,0.6424699087125428,0.013681194745004177,-0.01416478119790554,0.04408518970012665,0.045418087393045425,-0.09720466090273017,0.028784780641817997,0.006590718403458595,0.055782295763492584,-0.016554005444049835,0.009822523221373558,-0.05336631150703086,-0.048447574533162396,0.11898812651634216,0.044174544513225555,0.16134686768054962,-0.0799945592880249,0.18961794674396515,0.9527105689048767,-0.09921454638242722,-0.2537185847759247,0.9174150228500366,-0.35060617900386554,0.3315557408239177,0.8597253093182871,-0.32302764301872955,0.43157017747388754,1.367921365520999,-0.4380162836966191,0.4167321820255516,-0.0008882538584286809,-0.2467422906211053,0.3981998149297536,0.0004935539912855752,-0.46054212789815885,0.2482313321932516,-0.0011117461415715013,-0.2778449055196279,0.23106927919927844,0.0003869101045644481,-0.45996350609492564,0.33234503285901357,0.3947611668217429,-0.24778436559994668,0.2950708360855391,0.39706557613613935,-0.5563338302846916,0.4649680238472401,0.7331591788601222,-0.11756751816261791,0.4534881842757748,0.7253052424195428,-0.5256975295873615,0.383081631106176,0.8953800158928754,-0.1534320327188768,0.3660313380567055,0.8834969010151402,-0.4378692019281075,0.3825649588201434,1.074993842058876,-0.23792664411176512,0.3710324098661756,1.067109757553817,-0.4382108341013819,0.3418519567430556,0.7063004281569921,-0.31130989221506855,0.3192460072848906,0.7074813748594296
1.3000000000000007,0,swing,38,-0.35059529438149184,0.3273648084141314,0.7847196783347007,0.7671627068009931,-0.013846610077411371,0.010129274325405632,0.6412230894819512,0.01177869364619255,-0.015776222571730614,0.04137461259961128,0.05048220977187157,-0.0981775585922724,0.029375697319595107,0.004622728563845158,0.054090023040771484,-0.016576791182160378,0.014286031015217304,-0.053728315928797565,-0.047656408586732035,0.12154629826545715,0.04403022676706314,0.15866580605506897,-0.07732615619897842,0.19246770441532135,0.9489459991455078,-0.09754104167222977,-0.25625890493392944,0.9145699739456177,-0.3507614890689841,0.32993246753075417,0.8596755287133514,-0.32300486098271075,0.42724971816736645,1.368386641140958,-0.4372982922678633,0.41695880494390014,-0.0008680803996508404,-0.24602343115015496,0.39800945398316856,0.0002801440142921191,-0.4608832734780277,0.24860299408430314,-0.0011319196003490815,-0.2776824052657782,0.2309834479548031,0.0001295845286246912,-0.45995263595001096,0.3329835728973435,0.39472186110918184,-0.24768966638118667,0.29496223578874986,0.3968332510005855,-0.5573799837440292,0.463868493356862,0.734205234002808,-0.11684546837644078,0.4521593252188321,0.7261563268008294,-0.5263670854916446,0.3808942333759675,0.8958005202174074,-0.1531118151552806,0.3637314616545503,0.883715297478293,-0.4379466904167543,0.3798500601859649,1.0752343302524177,-0.23801548035511605,0.3681906499999712,1.0672497014317506,-0.43840284243416483,0.34085254407071264,0.706315456505981,-0.3115768922986709,0.3178242259029068,0.7073869766189979
1.3333333333333341,0,swing,39,-0.3506481338990852,0.32512531289830804,0.7846094276512716,0.7685448076143476,-0.012781658834484691,0.009937734765701487,0.6395910797643998,0.009072845801711082,-0.017560230568051338,0.03870522975921631,0.05553310737013817,-0.09902314263824374,0.02964274688829205,0.001620296505279839,0.05282549932599068,-0.016766510903835297,0.01922779157757759,-0.054278126276424254,-0.04779517737868555,0.12398228049278259,0.04388589784502983,0.1537129431962967,-0.07318645715713501,0.1950226128101349,0.9446727633476257,-0.09431390464305878,-0.2577917277812958,0.9112528562545776,-0.3507287499773102,0.3275522175041803,0.8595701082450464,-0.3224595139112668,0.42124136716479366,1.3689368605581325,-0.43659354520211224,0.4165042975216984,-0.0008479393851261313,-0.2457068530777683,0.3970164190312284,-5.50140657153142e-06,-0.46140274715345586,0.24832459895847986,-0.0011520606148739745,-0.278104456203954,0.2301321600135086,-0.0002040052724744633,-0.45992323581642774,0.33290871650439235,0.394690091773157,-0.24776482380173015,0.29404696750452974,0.396506386250389,-0.5581075274265442,0.4619617630200466,0.7354412243355359,-0.11615919724252995,0.44947426988170697,0.726896414113752,-0.526750839824352,0.3777576353600167,0.8963324522872177,-0.1527394879733351,0.3600370121741725,0.8838117526500913,-0.4376850238571828,0.37607598724451013,1.0755432692442626,-0.2377833219424869,0.3640612056834805,1.0673493998500863,-0.4384871867651679,0.33907124116652826,0.7063216666245914,-0.3117616263936483,0.315489533988512,0.7072224239397735
1.3666666666666676,0,swing,40,-0.35109877481590956,0.3230250836350024,0.7845618525004932,0.7697967863302702,-0.011754925404129072,0.009311420916107729,0.6381128637826186,0.006638119928538799,-0.019585449248552322,0.0361228883266449,0.06057925894856453,-0.09954646138582901,0.030749498170964618,-0.0017649559304118156,0.05194736644625664,-0.01712302304804325,0.02478407323360443,-0.054485884320853994,-0.047750283235226454,0.12607280910015106,0.04383745789527893,0.14605340361595154,-0.06658561527729034,0.1978835165500641,0.9401395320892334,-0.08837752789258957,-0.25870656967163086,0.9077743291854858,-0.3511487348982783,0.3252736798249494,0.8595281203758831,-0.3227803278789574,0.4136373801732208,1.3698464699640673,-0.435668978017056,0.4163143738265564,-0.000828051715107584,-0.245515098280316,0.3966705125368584,-0.00016838596064552153,-0.46162608497541846,0.248308093189488,-0.0011719482848924871,-0.27859323189978935,0.22991988013257683,-0.0004207131775128964,-0.45995197615014405,0.33303007872272195,0.39465985229845757,-0.24801992475967607,0.29366167986815095,0.39630831183412063,-0.5594240143791875,0.4596678640533853,0.7368955934046124,-0.11597512211400095,0.4462909847276546,0.7280188834135408,-0.5277185393553072,0.3740732168582512,0.8969827054068555,-0.15295975418213542,0.35575972726415656,0.8842104088463589,-0.4380502202097462,0.3716552224321386,1.0759979044355945,-0.23817280241291844,0.3593028156118762,1.0677141371393055,-0.4389165495520699,0.3374382344728564,0.7063354952872608,-0.3122875580369205,0.31333986455293356,0.7071432224079544
1.400000000000001,0,swing,41,-0.3512275804532692,0.3212291360832751,0.7844796716137236,0.7706776737216354,-0.010807365431088446,0.008748197283803343,0.6370734597546276,0.005066439975053072,-0.02105770818889141,0.03344864025712013,0.06550095230340958,-0.10098171374523535,0.03125386185777157,-0.005354949738830328,0.050851259380578995,-0.017519107088446617,0.03102516569197178,-0.05541472615077647,-0.04748404339422563,0.12761497497558594,0.043743252754211426,0.1354454755783081,-0.0567137710750103,0.2011534571647644,0.9357358813285828,-0.07920710742473602,-0.2593201994895935,0.904175341129303,-0.3512490372563807,0.32331447201723,0.859450672098232,-0.3229663217954868,0.4048972829655141,1.3709124478049497,-0.434986206366935,0.4157395475253109,-0.0008086305842058758,-0.24496992570440065,0.3965008605983006,-0.0003427112782684212,-0.4618970770773869,0.24788348255120238,-0.001191369415794282,-0.2785498253961992,0.229850649998662,-0.0006551913334049905,-0.4598548204018464,0.3330274508325029,0.39460481719209095,-0.24784568778676044,0.29370036058805693,0.39608550307284074,-0.5608025430132786,0.4566741060639321,0.7384256048481442,-0.11556004346617632,0.4426842003238679,0.7291912438767064,-0.5285431776426023,0.3698148762138089,0.8977189560587103,-0.1529594095597731,0.3511203348276496,0.8846805044555506,-0.4381813343959683,0.36685280785150015,1.076506693964336,-0.23832077567331691,0.35428170875575304,1.068145507768912,-0.43903641834234547,0.3360137330594134,0.7063129274742743,-0.3124829244212733,0.31151868379567127,0.7070304451910622
1.4333333333333345,0,swing,42,-0.351045458461158,0.319638526532799,0.784446301921039,0.7716633408630744,-0.010052574374098868,0.00814982974751565,0.6358995316805779,0.0032634148374199867,-0.022291552275419235,0.03078438527882099,0.06993388384580612,-0.1018619055804475,0.03184314636654528,-0.010099907405674458,0.04988207295536995,-0.01803816296160221,0.03782961145043373,-0.05597831176432644,-0.04703463310929912,0.1285567730665207,0.04391578212380409,0.12211862206459045,-0.043620515614748,0.20475585758686066,0.9315674901008606,-0.06653988361358643,-0.2595512270927429,0.9007347822189331,-0.35106098383409406,0.321579477939626,0.85942118082457,-0.3229139030125656,0.39501176546765865,1.3721417862792835,-0.4338306566524168,0.41552282213464575,-0.0007914802590747554,-0.2438339545796902,0.39688249594365527,-0.00042917992989052745,-0.4617446785369707,0.24783074283362688,-0.0012085197409252221,-0.27798159421383783,0.23034782739500248,-0.000807173060465436,-0.4593654078973768,0.3332194596992164,0.39456750992367196,-0.2472133770831883,0.2941689482874377,0.3959572549872529,-0.5620315081665702,0.453171000704801,0.7400404368272301,-0.11478093394248395,0.43802554813042904,0.7303777173387764,-0.5291564029071211,0.36517598566227777,0.8985827623621304,-0.15273927914522323,0.34567419322854986,0.8852646292500963,-0.43803156853220954,0.36176390445198675,1.0771178348229995,-0.23819983615249524,0.3487836391210546,1.0686930887698036,-0.43881669441130355,0.3347985818240034,0.7063094955434753,-0.3123529478336167,0.3098421552261775,0.7069806131407359
1.466666666666668,0,swing,43,-0.35154858126770705,0.31632629642263055,0.7843581640759838,0.7736601866297005,-0.00868367164448429,0.007646129061489988,0.6334951035179694,0.000868974719196558,-0.024349309504032135,0.02842012420296669,0.07374589145183563,-0.10085833879167772,0.032255007001903535,-0.01585080847144127,0.0484003983438015,-0.018535416573286057,0.04523051902651787,-0.055528308516064495,-0.04713634103264819,0.12902477383613586,0.04408683255314827,0.10666514188051224,-0.0260862298309803,0.2084730863571167,0.9285929203033447,-0.050038911402225494,-0.2600373923778534,0.8977633118629456,-0.35148641494230176,0.318060595874594,0.8593380836595557,-0.3228985147437513,0.3816591552994948,1.3733721813479356,-0.4330963944030334,0.4149000933532177,-0.0007770656144334767,-0.24339624272999552,0.39620210336044226,-0.0006805267270124683,-0.4625262858197354,0.24746747200289645,-0.0012229343855664487,-0.2786422249818499,0.22989660375339235,-0.001129453838549021,-0.45959663601804807,0.332447149533498,0.39459719290658024,-0.24748309880084332,0.2931895374521525,0.39567017516211517,-0.563832576173315,0.4471941573819295,0.741679941513667,-0.11418452146563027,0.42956128330812193,0.731252788740005,-0.5303155850924094,0.35837730817426805,0.8996284863308768,-0.15304732792109116,0.336805257172886,0.8856728848874071,-0.4382171378054057,0.3545210593574263,1.0778019392167408,-0.23847307182120064,0.34040588132388716,1.0691269894659363,-0.43930320773984943,0.33219231735353605,0.7063431196594242,-0.3130142759444532,0.30636051766915784,0.7068327750917507
1.5000000000000013,0,swing,44,-0.35223954811226577,0.317496454808861,0.7843625325212453,0.7741840726680556,-0.00798475918667009,0.007356163559240947,0.6328674048373193,0.0011406970443204045,-0.026913292706012726,0.026279332116246223,0.07779815793037415,-0.10399468854878013,0.03381412728929711,-0.020154520869255066,0.044979989528656006,-0.018698614090681076,0.053771745413541794,-0.05888363462954094,-0.0445533079433007,0.12881024181842804,0.04401020333170891,0.08951407670974731,-0.002776148496195674,0.21135297417640686,0.927696943283081,-0.02869320660829544,-0.26028069853782654,0.8958048820495605,-0.35214328848644777,0.31912202723801686,0.8593448520930084,-0.3238845372835941,0.37275138805737407,1.3745664762879837,-0.43269297454603295,0.41561587250760323,-0.0005662483068091424,-0.24217325606122336,0.3980587999377634,-0.0007345120990542645,-0.46282084482243663,0.2483075200491649,-0.0010423052899176527,-0.2777721957695678,0.23182873780597132,-0.001265487900945765,-0.4599056486819164,0.33437916676785456,0.3946649901192264,-0.24720404249445785,0.29621396389674276,0.3955473764143209,-0.5664448359139105,0.4425435038227277,0.742527965822591,-0.11424290735264304,0.42469798193258534,0.7318250325595067,-0.5318847875179318,0.35424872568035815,0.9005444188008345,-0.15383025926658978,0.3322699407909491,0.886257746008858,-0.4390039268254195,0.35139612634917705,1.0784446971859023,-0.23928928934873528,0.33692334414249736,1.0696818749947017,-0.4399991748111981,0.3336260601563849,0.7064071773632994,-0.31377535354632385,0.3074743546702791,0.7068070269494346
1.5333333333333348,0,swing,45,-0.3519653071416542,0.31493044504895806,0.7845614647262307,0.7757927630717599,-0.006037948926551429,0.00658408468344379,0.6309245452248041,0.0008282947237603366,-0.029257062822580338,0.024192776530981064,0.0815206840634346,-0.10384464516088876,0.0339007609917934,-0.02472773753106594,0.04270493984222412,-0.019277391955256462,0.06304247677326202,-0.060449816292282854,-0.044502451098081264,0.12829914689064026,0.04423082619905472,0.07070080190896988,0.025678357109427452,0.21413801610469818,0.9287655353546143,-0.003194020828232169,-0.26032960414886475,0.8947927355766296,-0.3517705478814104,0.3162561837063039,0.8595494936764769,-0.3232166158052836,0.3575777975991634,1.3759328884158752,-0.4316312563907833,0.41522664370169277,-0.0001615932521074684,-0.2410596905898695,0.39777347341349767,-0.0006905950813982896,-0.4630316433252245,0.2481525248918215,-0.000666097238592199,-0.27760219083346976,0.2317485874766844,-0.0013094049186016254,-0.45951463788425817,0.33408895328664273,0.39505966781716867,-0.24661641398693213,0.29629808791945994,0.3955094775370107,-0.5680144837680342,0.4330563052482175,0.7436613070099628,-0.11311309683874049,0.4138550469655018,0.7322215000819554,-0.5323302334508523,0.34563268480884085,0.9019120860688371,-0.1536481275253177,0.3220737823090546,0.8867940556973347,-0.4384533849861004,0.34370176563774185,1.079412110264558,-0.23883517685259734,0.32815139273962785,1.0703048722475161,-0.4397375200121667,0.3318071662402322,0.7067786453177289,-0.31366904429853026,0.3049116443527847,0.7069190791691596
1.5666666666666682,0,swing,46,-0.3517369319451973,0.3136040926910937,0.7846576150889026,0.7773391691008473,-0.004319028099809874,0.005851947251130601,0.6290396783123042,0.002366600790992379,-0.031706370413303375,0.022257516160607338,0.08531434088945389,-0.10599039173858404,0.03435270098023657,-0.028126787394285202,0.04090028628706932,-0.020088955760002136,0.0732407197356224,-0.06453749084664229,-0.04467522412640368,0.12719005346298218,0.044963423162698746,0.04967312887310982,0.05923435837030411,0.21670888364315033,0.9316424131393433,0.027188275009393692,-0.26075443625450134,0.8953074216842651,-0.35146211578010383,0.3146598612007109,0.859649680195349,-0.32266304065955387,0.3426373392463099,1.3769746841285782,-0.4306517539048626,0.41457119975037515,0.00020453302320480593,-0.24033387335047465,0.3974984368072692,-0.0006427397620306675,-0.46326062844729304,0.24772882870218205,-0.00032887497550029496,-0.2778298244073889,0.2316866666737019,-0.0013572602379693273,-0.45914680217313336,0.33433520077711243,0.3953295686872767,-0.2461544497579565,0.2972201636045241,0.3954148941385014,-0.5698954376932805,0.42297125068428565,0.744286867421476,-0.11202037234170134,0.4023211847565271,0.7319754448115955,-0.5328841105775,0.33723082223917616,0.9031525490501583,-0.15362409874417143,0.31196476636664683,0.8871025275835906,-0.43797138081564374,0.336857490724968,1.0802134852645626,-0.23846598384176904,0.32014154163732067,1.0707077751703165,-0.4394937982304336,0.3312261481025956,0.7070228273522533,-0.31358405444361986,0.3035937036473587,0.7069406194547334
1.6000000000000016,0,swing,47,-0.3518553961766884,0.31290466198697686,0.7847500549422427,0.7792644566199478,-0.0018211987594897365,0.004183563035890729,0.6266786159461807,0.007167348172515631,-0.034008003771305084,0.020419159904122353,0.08935381472110748,-0.10923296801272708,0.03460708107127508,-0.029156869277358055,0.03793421387672424,-0.020705781877040863,0.08446921408176422,-0.06963460907247487,-0.04373610977698139,0.12546494603157043,0.046018894761800766,0.026081373915076256,0.09819754213094711,0.21849654614925385,0.9363721013069153,0.0629003718495369,-0.26184767484664917,0.8977304697036743,-0.3515375768279976,0.3135108037301918,0.8597469320975532,-0.3228236680533561,0.32544590116667055,1.3777751028201892,-0.43009849246856036,0.4143143090543368,0.0006106617485199424,-0.23916281753931187,0.3975478074072759,-0.0005900116133866692,-0.46409175897165156,0.24774859015669645,4.5754179013118845e-05,-0.27781928861010424,0.23200323672480283,-0.0014099883866134644,-0.4591295485543474,0.3353686424081362,0.3955989709798794,-0.24568191218761204,0.29888800722879605,0.3953106697462932,-0.5720454258048174,0.41198479427579077,0.7446309871943038,-0.1111300818942106,0.389088681218531,0.7314757821401006,-0.5337819996414169,0.32826508476858585,0.9042758576488076,-0.15412916364808238,0.3006582176076761,0.887330510262353,-0.43798606955428526,0.32946717739103115,1.0809282067142063,-0.23863264877943702,0.31124556721968527,1.071009968557668,-0.43951506294655873,0.33164283648925846,0.707266212521473,-0.31380780189927104,0.30310071068601097,0.7069541941986692
1.633333333333335,0,swing,48,-0.3511256267083809,0.31305900821462274,0.7848875013131195,0.7813334574849365,0.0016357273144570223,0.001910807939488616,0.6241087256430613,0.015325071290135384,-0.03680288419127464,0.018855754286050797,0.0936024934053421,-0.11393142181403704,0.03459824713163029,-0.027578240260481834,0.03394404798746109,-0.021131517365574837,0.09661126881837845,-0.0761621936073793,-0.04254579697338645,0.12326785176992416,0.0473211407661438,-0.000484202872030437,0.14223213493824005,0.21983596682548523,0.9426397681236267,0.10380598902702332,-0.2643636167049408,0.902100682258606,-0.35074854922882953,0.3130461837291161,0.8598865522944952,-0.32225077640566235,0.3061256717820834,1.378122820132356,-0.429052182211038,0.41439756287420354,0.001209951784556934,-0.23710513532099023,0.3980245920676074,-0.000533221557952171,-0.46446974736118624,0.24812899215665501,0.0006112278260137181,-0.27701337896472,0.2327779262591353,-0.0014667784420478863,-0.4584173087129188,0.33722197340762355,0.39600479986799986,-0.2443351933997861,0.30148122032494434,0.39516761240174075,-0.5734695218134254,0.4003502753599211,0.7448807460286035,-0.1092684799079812,0.3746304199057968,0.7305774541959108,-0.5338488138527513,0.3188718995142413,0.9053520455634837,-0.1538620717955437,0.28856110049381706,0.8873034827383717,-0.43717299158836276,0.3216280324975459,1.0815605326117768,-0.23800863139612852,0.30173360559482426,1.071074622664126,-0.43867129355880413,0.3332122561562073,0.7076271874207622,-0.3131923905952202,0.30368221077746144,0.7069846888854586
1.6666666666666685,0,swing,49,-0.35051074519287795,0.31267193565145135,0.7851760011490362,0.7835858684262406,0.006451760683215105,-0.0007074682579761381,0.6212495964388588,0.027004871517419815,-0.041622746735811234,0.017978539690375328,0.09820880740880966,-0.12034824992114901,0.034938839331569604,-0.02353322133421898,0.028025217354297638,-0.021091578528285027,0.10958146303892136,-0.08379971000307673,-0.04114096588322125,0.1206166073679924,0.04839843139052391,-0.030351847410202026,0.19063064455986023,0.22048422694206238,0.9498063921928406,0.14947259426116943,-0.26947179436683655,0.9082266092300415,-0.3499926764541594,0.3118476822213119,0.8601696822899487,-0.3217684859252386,0.2829735557593316,1.3777980060021062,-0.42825805123178284,0.4132985970742453,0.0022580697820797045,-0.23522841090971994,0.39772324566526435,-0.00047278454346588034,-0.46513461304242215,0.24734765590161822,0.0016222137092375237,-0.2764918385284207,0.23281048777004926,-0.0015272154565339202,-0.45793608339770747,0.3385006983259177,0.39677713181784247,-0.24318770706945322,0.30368465237598374,0.3949850746134964,-0.5749783026094066,0.3871051315345428,0.745202627037558,-0.1071850014247219,0.35768981883696144,0.7293010976980406,-0.5339541948006702,0.30777365475939444,0.906395379899898,-0.15362298598778498,0.27427146264348246,0.886922338791577,-0.43640530542297784,0.31180935496385026,1.0821233107551682,-0.23748098259426254,0.29005244477733394,1.070812451094075,-0.4379852668885555,0.3345795426026904,0.708305412592883,-0.3127706791156468,0.30395756200398744,0.7071060372934846
1.700000000000002,0,swing,50,-0.35098284378182143,0.31481734523549676,0.7854351211180004,0.7853478811634539,0.01157640659109982,-0.00383825093138772,0.6189345362736666,0.040924325585365295,-0.04924701526761055,0.018001221120357513,0.10335356742143631,-0.12846302469554338,0.03830820970225002,-0.01798906736075878,0.020418059080839157,-0.020614059641957283,0.12304218113422394,-0.09225540109283581,-0.037906493721459156,0.11774630099534988,0.049125462770462036,-0.06271098554134369,0.24296317994594574,0.22035109996795654,0.9575992226600647,0.19968558847904205,-0.2774430513381958,0.9160922765731812,-0.35036024244049563,0.31309727536827764,0.8604128093140342,-0.32332073682571333,0.26047557176344777,1.3764004297404164,-0.42708759678025565,0.41347263874727225,0.0034294117081991628,-0.23349590191112912,0.3996193607606879,-0.00040979364109743066,-0.4650804523011428,0.24777385715410868,0.0027536100286607128,-0.27586169943460886,0.23498720768597664,-0.0015902063589025468,-0.45781976296353055,0.34180054164749685,0.3975446587148924,-0.24258477728319175,0.30850795098332906,0.39478658020291163,-0.5775774215346792,0.3748586897110338,0.7447479457496773,-0.10593145043511508,0.3418102216287674,0.7276223924306455,-0.5352437726525215,0.29792954875542754,0.9067644067909023,-0.15449141119362803,0.26156834787119354,0.8862500574552983,-0.43717042963442904,0.30352016293359985,1.0821521676758028,-0.23846894380852346,0.2801714162370679,1.070121354807229,-0.43835829932001874,0.3384875590950684,0.7089596315849838,-0.3133759599704622,0.30694740395786413,0.7072151271542904
1.7333333333333354,0,swing,51,-0.3508257557405159,0.31558079132810235,0.7857333573696854,0.7880617775123687,0.016434257144156254,-0.00615407126211649,0.6153459818858544,0.05119650810956955,-0.05603071302175522,0.017982617020606995,0.10777374356985092,-0.13382224839621615,0.040147566247733746,-0.015156821347773075,0.013320663012564182,-0.02026185393333435,0.1359114646911621,-0.09906067501325211,-0.03592197171833056,0.11522107571363449,0.04980168119072914,-0.09638826549053192,0.2975687086582184,0.21976087987422943,0.9655003547668457,0.25251272320747375,-0.2872602939605713,0.9249635934829712,-0.35003631087633974,0.31307007739002707,0.8606871637595385,-0.32438161525767445,0.236794099004153,1.3739833282338645,-0.42570798952851235,0.4139974122065485,0.004599166741007327,-0.23154032583972484,0.40058626661787683,-0.00035022667316550807,-0.4653334269262707,0.24868159432201703,0.003888485233775482,-0.27553555884659414,0.2363829455455971,-0.0016497733268345943,-0.4573564683964033,0.3445128250191266,0.39843570644238574,-0.2417042289323579,0.31178507611216855,0.39460047803233766,-0.5793797416408163,0.3611073965627065,0.7438608722961157,-0.10420167021983022,0.3226760481954748,0.7251321336898032,-0.5358990166746586,0.2869059973693805,0.9068429054112358,-0.15498724857618362,0.24648439983142298,0.8850546835530027,-0.4372881032684053,0.29425075870665324,1.081840407165077,-0.23890818427191599,0.2687464034799813,1.0689128976053017,-0.4381076915359774,0.34108508428840273,0.7097262972516771,-0.31346463409294406,0.3082609412738675,0.7073439033153686
1.7666666666666688,0,swing,52,-0.35075709118973464,0.3151374817825854,0.7858257314086389,0.7902283572253098,0.018849092928616844,-0.006868954803232998,0.6124840182344904,0.05636156350374222,-0.060333024710416794,0.017503611743450165,0.11019207537174225,-0.1374876383545447,0.041299708736408425,-0.016898803412914276,0.008520809933543205,-0.020501786842942238,0.14726215600967407,-0.10525279740101778,-0.034456838458140515,0.11276160180568695,0.05068625882267952,-0.1291380077600479,0.3534250855445862,0.21840578317642212,0.9735991358757019,0.30730605125427246,-0.2974262833595276,0.934991717338562,-0.3498395823936875,0.3122721498657169,0.8607653607819907,-0.32595978787649615,0.2160095606578908,1.3709977098955464,-0.4248428882021671,0.41297892507802303,0.0052543420814985635,-0.23006996068154853,0.39983146891400084,-0.0002984143588040285,-0.46581303691503356,0.24799129858658817,0.004526317927808443,-0.2754276255409464,0.23600011248656108,-0.0017015856411959247,-0.45714773490404675,0.34504626144424827,0.39889873159950984,-0.2409888787862485,0.3131116265653615,0.3944143246585476,-0.5812012285117819,0.3448799515074198,0.7419201866245204,-0.10333498563596914,0.30142067129076056,0.7218612259410374,-0.5366096530566152,0.27487246908060486,0.9064501474427662,-0.15594525704458745,0.23086949656542624,0.8837693952573352,-0.4377146526213541,0.2855966037492123,1.0810578493220904,-0.23962728805151692,0.25825240967721685,1.0674242163385654,-0.4379696604841533,0.34174533794869844,0.7101085346872814,-0.3136132024332093,0.3078730956242204,0.7073270453803113
1.8000000000000023,0,swing,53,-0.350819229031913,0.3150649727322161,0.7857668073860509,0.7919626093132327,0.019351303747745553,-0.006566916918461314,0.6102275215812742,0.05754909664392471,-0.06273732334375381,0.016717255115509033,0.11046001315116882,-0.138842896167356,0.04230582766110391,-0.022610723972320557,0.005453301128000021,-0.02114110253751278,0.15671804547309875,-0.10942432135306945,-0.03298933240999258,0.10978733003139496,0.05200164392590523,-0.1582571417093277,0.4098050594329834,0.2163246124982834,0.982207179069519,0.3638871908187866,-0.3070278465747833,0.9467017650604248,-0.3498280372117932,0.31216504936542705,0.8607041677828682,-0.32783465605096684,0.20013517200796255,1.368010839142124,-0.4240570876942665,0.41243184166042507,0.005431226991304175,-0.22857409175307586,0.39970153572687295,-0.00025600574986906974,-0.46613791689149253,0.24772398960414632,0.004705083010482124,-0.27506515559538375,0.23618894638576576,-0.001743994250130991,-0.4570469223518103,0.3452663996628568,0.3989981645730676,-0.24027312307821141,0.31441618159699203,0.3942881120487243,-0.583006787949742,0.3279022141502672,0.7394076333656577,-0.10369692923339245,0.279229695338143,0.7181605300934041,-0.5373605751841871,0.26367366262804826,0.905992988765487,-0.1575509882344169,0.21619006791361073,0.8827366823982213,-0.4383721057891454,0.279368304035484,1.0800868698304689,-0.24056346515920482,0.25032992384415476,1.0659200399804702,-0.4379627410807887,0.34222552762764835,0.7101641366498809,-0.3138478634720807,0.3074829998413443,0.7072130379989316
1.8333333333333357,0,swing,54,-0.3510318686021492,0.3130441368557513,0.7856914249965807,0.7942738731852198,0.018520082411084902,-0.005056817269552261,0.607256494013805,0.05400756001472473,-0.06366022676229477,0.015723487362265587,0.10860596597194672,-0.13678940031073106,0.04241596736814879,-0.03264983370900154,0.0038156204391270876,-0.02207276038825512,0.164130300283432,-0.11068791347534335,-0.032386444688168536,0.10613652318716049,0.0546627901494503,-0.18231169879436493,0.46423932909965515,0.21611498296260834,0.9907591342926025,0.42005422711372375,-0.3162756860256195,0.9595615267753601,-0.34994737723088043,0.3103770164486005,0.860636140268569,-0.32908612265015175,0.18699516604446195,1.365548130102916,-0.4234290789331868,0.4111537825676581,0.0053309609377772925,-0.2273088423066787,0.3981827596131256,-0.00022401967463275135,-0.46693949038324206,0.24681770845599188,0.00462467416041118,-0.27523540164980226,0.2350857445341591,-0.0017759803253673268,-0.4572187190530935,0.3436457851911002,0.39900028618470373,-0.23988808619067045,0.3133458254427536,0.39425068309467876,-0.5856460432663386,0.30956159253700843,0.7377686533030651,-0.10546724549763188,0.2536862918703852,0.7143751783709765,-0.5385337223657608,0.2521329995453735,0.9064160669521639,-0.15984416382345554,0.19990045879602378,0.8820349502843718,-0.43875527874309356,0.27362429119132997,1.079428050437332,-0.24134170226012136,0.24236371605733037,1.06450018513471,-0.43810893116717753,0.34052806947766523,0.7101357764122311,-0.3143047664805365,0.30469238183506897,0.7070920916432852
1.8666666666666691,0,swing,55,-0.35095858469139785,0.3117652595974505,0.7855414988921565,0.7956822510100682,0.01597899253136131,-0.0020124106235410873,0.6055001052260155,0.04661715775728226,-0.06311049312353134,0.014514816924929619,0.10530592501163483,-0.1338342482119259,0.04195409979258957,-0.04706328362226486,0.004351894371211529,-0.023507431149482727,0.16966556012630463,-0.11009539563448545,-0.03310034855422972,0.10237240791320801,0.0569864846765995,-0.200028195977211,0.5159913897514343,0.21563562750816345,0.9993113279342651,0.4744778275489807,-0.32413193583488464,0.97329181432724,-0.34974747835476044,0.30967535225886966,0.8605025921923313,-0.3293362782948214,0.18067765787303874,1.3641826868033857,-0.4231391365771143,0.41004995286456747,0.0049862172226512735,-0.22665755629557705,0.39796620126230453,-0.0002018995824120788,-0.4675828172216743,0.24596368019099957,0.004312146855481841,-0.27553219409548774,0.2351512083322266,-0.0017981004175879611,-0.45741179928424436,0.3417770327894634,0.39881163971812583,-0.23956938622075044,0.3128330901454746,0.3942630517317319,-0.5878735122845757,0.29125539861983607,0.7368207365083129,-0.10800273158994211,0.22914673696243182,0.7115300893351797,-0.5391137581401683,0.24225396784686593,0.9076449454546647,-0.16196574376854253,0.18620624405574207,0.8824209070806363,-0.43856828953291327,0.27119418832088615,1.0791006730840786,-0.2414797007956212,0.23822079723130404,1.0635755782503573,-0.4381021251971414,0.33886833248737763,0.7099375593887896,-0.3145100980276919,0.30229469797938296,0.7069205574838595
1.9000000000000026,0,swing,56,-0.35108667507302016,0.308673954103142,0.7853183147997603,0.7982540378742129,0.012060819807144806,0.0021024007762510274,0.6021964858366995,0.03351113945245743,-0.06175876781344414,0.013242548331618309,0.1012485921382904,-0.12777414571950696,0.041601927735451016,-0.06650484353303909,0.006371172610670328,-0.025231922045350075,0.1734904795885086,-0.10608614284151452,-0.03444923250117515,0.09939543902873993,0.058116525411605835,-0.21129794418811798,0.5639775395393372,0.2154465615749359,1.0076310634613037,0.5254534482955933,-0.3313065767288208,0.9870478510856628,-0.3497454900910635,0.3074197231403648,0.8602958322802436,-0.3302963436883152,0.1779762992083216,1.3640009987658246,-0.4221020226489564,0.4086446895339185,0.00432795908757087,-0.22577952970230336,0.3966492722841555,-0.0001885568320771809,-0.4681329995060992,0.24499645310751594,0.003692440318824687,-0.2762173537781848,0.23431199331708832,-0.0018114431679225433,-0.4574811023328894,0.3387397135003063,0.3984437071817656,-0.23946399880080113,0.31010316550482403,0.39438421850963146,-0.5903231126382528,0.27233526173982237,0.7368137147310824,-0.11165424240563365,0.20236289808948252,0.7105573481764202,-0.5401481319793892,0.2327513886261219,0.9096580160816599,-0.16491131693268546,0.17165752459322048,0.8842824996526621,-0.4387617899539733,0.2697879980502898,1.0790404961837416,-0.2421046609053169,0.23443326907762063,1.0632860798629375,-0.4382419405190614,0.3353270345243275,0.7095858492601734,-0.3150059251016871,0.2975501644033094,0.706708247478339
1.933333333333336,0,swing,57,-0.3512966324342415,0.3053105534054339,0.7851134672156732,0.8014163863806002,0.00718769951800221,0.007782780404582248,0.5980129939603934,0.01549674104899168,-0.06033722683787346,0.01207809615880251,0.09715858846902847,-0.1204416109185944,0.04094427877897644,-0.09020362794399261,0.008511809632182121,-0.026841264218091965,0.17593218386173248,-0.10002141026240086,-0.03615737908467054,0.0968245267868042,0.05850283056497574,-0.21760469675064087,0.6057847142219543,0.21613845229148865,1.014187216758728,0.5719677805900574,-0.3377450406551361,0.9997797608375549,-0.3497162946157991,0.30514463295097993,0.8600966320113952,-0.3307040609116388,0.17960381992505206,1.3648624264186493,-0.4209891533705672,0.4075712055031806,0.003682918506068833,-0.22487973245174306,0.3952423206612224,-0.00018237774493098588,-0.4689448832735909,0.24447647533665137,0.003085456059354185,-0.27719160868719084,0.23349933447598076,-0.0018176222550690367,-0.4576817156064734,0.33566891862002163,0.3981335952172437,-0.23961713795721296,0.3066262186471853,0.39455974258799503,-0.593106835597609,0.2554532631714297,0.7384671501066249,-0.11622683749250819,0.17603806153809592,0.7114555872635283,-0.541356241856803,0.2253329729797856,0.9127491295836017,-0.16819390517104685,0.15822781208448045,0.8873583532891434,-0.4386691165762752,0.27043687460285587,1.0793987123621671,-0.2425443611718433,0.23231605649318965,1.0634591877707147,-0.4385547155650333,0.3313170194429736,0.709289608656819,-0.3157661094962437,0.29209350080658225,0.7065162753700038
1.9666666666666694,0,swing,58,-0.35210487141739577,0.3026697994209826,0.7847537795876784,0.8025681251016992,0.000713444386353781,0.014751452469051868,0.59637764060862,-0.007144631817936897,-0.05781032517552376,0.010723170824348927,0.0933198407292366,-0.11264256247622462,0.04029232396683746,-0.11684715002775192,0.01130673848092556,-0.028505655005574226,0.17739176750183105,-0.09386343992108515,-0.03736935336435132,0.09533567726612091,0.05733683332800865,-0.2201901376247406,0.641437292098999,0.2188452184200287,1.0191073417663574,0.612163245677948,-0.34517577290534973,1.009820580482483,-0.3502651922428278,0.30390352672531107,0.8597210624347525,-0.33107477354279585,0.18655159493701673,1.3664668239901891,-0.420962211300507,0.40670565189699087,0.002780514581748581,-0.22490701783281447,0.3945510691906118,-0.00018123149468638605,-0.469789668348475,0.24386965000438696,0.002218441756626329,-0.27801591740232345,0.23306805689812735,-0.0018187685053136574,-0.4585942889263158,0.3324213435645678,0.39756493616282285,-0.2403193194957994,0.3038213022575027,0.3947309369497166,-0.5964773912284104,0.23955471750069854,0.7411894361837807,-0.11980230671948928,0.15436009069661294,0.7148040527139177,-0.5429162486096516,0.21931544432357525,0.916349762818561,-0.17062914365487777,0.14893910400738278,0.8918543556072669,-0.43906204006517263,0.27325954289059684,1.0797315608285152,-0.24317778716380806,0.2338048568718778,1.0640831706097567,-0.43968987499308315,0.3270424490122099,0.7087674488169987,-0.3170897418459975,0.2872103352759206,0.7062444754046479
2.0000000000000027,0,swing,59,-0.35174718394409865,0.29693717369809747,0.7842606417566916,0.8041326845130333,-0.005828578843795002,0.02182051663796418,0.5940206380422959,-0.03372669965028763,-0.05343129485845566,0.008961423300206661,0.08977477252483368,-0.10145082347627765,0.03782090149803663,-0.14552699029445648,0.016175473108887672,-0.03066745586693287,0.17819535732269287,-0.08527314029436339,-0.04066655529859364,0.09454017877578735,0.05628201737999916,-0.22014868259429932,0.6715818643569946,0.22445553541183472,1.0230309963226318,0.6451432108879089,-0.35195469856262207,1.0164110660552979,-0.34963453976941716,0.29958449189333536,0.8591841256650388,-0.32993660818981996,0.19190983960730387,1.368051674161287,-0.41995577966105846,0.40531372281205685,0.0016410142912311673,-0.22443644361975498,0.39216998734013186,-0.0001842005246518487,-0.46996210868310495,0.24283577117451008,0.0011097051478948586,-0.2785752321231786,0.23102927409780555,-0.0018157994753480108,-0.45842601526084803,0.32739489029852586,0.39688073159569925,-0.24021783406709696,0.29832329875828034,0.3949236737705252,-0.5994965830175019,0.2229838127373248,0.7450452591626668,-0.12201928516743456,0.13255602197181693,0.7191500027542284,-0.543753910555289,0.21186401087382145,0.9203412051438988,-0.17173841758762728,0.13815109191400227,0.8965091504401977,-0.4381066354118898,0.2737482133141712,1.0799573234539503,-0.24251000480059104,0.232779929172556,1.0646034090345264,-0.4396636399054962,0.3197066673633535,0.7081415412440399,-0.3173065179197729,0.27911548440930245,0.7058753299448042
2.033333333333336,0,swing,60,-0.351560263778083,0.2931309104897082,0.7835429062270135,0.8043400351730399,-0.012601908017214902,0.028216574845098156,0.593365085454284,-0.058977194130420685,-0.04887041822075844,0.007231841329485178,0.08700709789991379,-0.091563746969763,0.03632363582127085,-0.17384086549282074,0.022142961621284485,-0.03304095193743706,0.17870019376277924,-0.07589000872970098,-0.043950194757972905,0.09424453973770142,0.05566657707095146,-0.2178221046924591,0.6986687779426575,0.23291553556919098,1.027234673500061,0.6727458238601685,-0.35856640338897705,1.0202600955963135,-0.3492775354917059,0.2971627529120086,0.858399658749764,-0.3286502198246461,0.20018555126891735,1.369354943551222,-0.41899363639442794,0.4049017342493433,0.0002906438258510925,-0.22425647876879154,0.3926911230585037,-0.00018888862826305086,-0.469431082376528,0.24255701735178734,-0.00021624694657063764,-0.27867318069561753,0.23164395312131564,-0.0018111113717368711,-0.45818082991210546,0.32369531918694655,0.3958854105602181,-0.24008378673243552,0.2953982952206263,0.3951056736360845,-0.6031151935724364,0.20832936923942838,0.7495978098456647,-0.12311581195974142,0.1162707035359934,0.7242119042395991,-0.5448553141734771,0.20632223456387877,0.92441577822129,-0.17203969735494892,0.1314507860214205,0.9012304985672582,-0.4373306822868844,0.27610807440084933,1.0798364524837853,-0.24181381654116574,0.23459474110722617,1.064937349563703,-0.43980872610725014,0.31398074267165216,0.7072187837644953,-0.3175226404489191,0.2731503942772943,0.7053548906799635
2.066666666666669,0,swing,61,-0.3511852015508339,0.2894055307842791,0.7830522495352271,0.8043458593235364,-0.019414572740018093,0.03439056447273335,0.5928474525792037,-0.08281519263982773,-0.04380752518773079,0.005444233771413565,0.08472596108913422,-0.08329268151065894,0.03465144433666756,-0.20111380517482758,0.028426675125956535,-0.03539155423641205,0.1790427267551422,-0.06706818963324213,-0.04718834965535612,0.09404624253511429,0.05498668551445007,-0.2143412083387375,0.7214016914367676,0.24067579209804535,1.030155062675476,0.6958402395248413,-0.3653537929058075,1.0218687057495117,-0.3487623973295926,0.29480618924443763,0.8578183040513125,-0.3272310499198826,0.2090830086914006,1.3707122792455981,-0.41821018035558666,0.40378920836581256,-0.0007565533861873565,-0.2240118241757077,0.3929775110653608,0.0001476379618672169,-0.46896720430729805,0.24154406219943175,-0.0012434466138126384,-0.2785847558131993,0.2319830993545797,-0.001463116640536423,-0.4578411116198465,0.31977516203671347,0.39511444486924324,-0.23977361318768828,0.2924205689959321,0.39558526039603437,-0.6060168826632444,0.19551664558701848,0.754630810602686,-0.12330873491027781,0.10232921366326891,0.7300668293504883,-0.5455719201585219,0.20178096796170747,0.9286041676926633,-0.17177510247211888,0.12599195510729047,0.9062787758435739,-0.43642069093066477,0.2787180195914982,1.0798081426944486,-0.24095256241998492,0.23678561911116355,1.0654530242174323,-0.4397380436665852,0.3083402743981581,0.7065250079202297,-0.3175048322779807,0.267327972488244,0.7051069997708546
2.1000000000000023,0,swing,62,-0.35042062296997756,0.28569779405370355,0.7834829843352882,0.8044132227104471,-0.026329028279525418,0.04096856171728747,0.5920707105990511,-0.10649199783802032,-0.03804247826337814,0.003535675583407283,0.08277630805969238,-0.07631767143967427,0.03198601597024198,-0.22777505218982697,0.03445803374052048,-0.037565335631370544,0.17934364080429077,-0.05959382362240673,-0.05038257431294313,0.09389729052782059,0.053656429052352905,-0.2110358625650406,0.7377292513847351,0.24544385075569153,1.0302820205688477,0.7143080830574036,-0.37247434258461,1.0215022563934326,-0.34781557202828145,0.292513149644305,0.8581272382183891,-0.3255045794393616,0.21839412256848215,1.372761197827372,-0.417846058629063,0.4021883653834541,-0.0007648911318197671,-0.22365146469290054,0.3923288962869716,0.0014308821173216399,-0.46897673238600524,0.24006053588943563,-0.0012351088681801167,-0.2784262039384268,0.23140291004224756,-0.00016752075663190036,-0.4574762482543164,0.3156929702743702,0.39533526903586935,-0.23924965293915354,0.28896466283926053,0.3969589743115479,-0.6072892018263942,0.1856825158499582,0.7600479242834892,-0.12247967725236233,0.0904754234132871,0.7370854783577969,-0.5453922722276594,0.19865965638112476,0.9331372888731478,-0.17083498748175552,0.12153564278436213,0.9121757149485561,-0.4351396497900466,0.2815762321159069,1.0805544191722085,-0.2397343163689388,0.23915005875284978,1.0668081329699808,-0.4393092223062952,0.3027123848017639,0.7068190406707955,-0.3171456492271226,0.26147556707948383,0.705814194474485
2.1333333333333355,0,swing,63,-0.35023361339699477,0.28205189714208245,0.7837689164835452,0.8043336804485847,-0.032498193752483764,0.04726335075828778,0.5914028860040836,-0.13030767440795898,-0.03325434401631355,0.0019316438119858503,0.0814935490489006,-0.06858813913087825,0.029463245474268485,-0.2541119456291199,0.03990967571735382,-0.039491917937994,0.1797330677509308,-0.051205401129073014,-0.05383555678622243,0.09409952908754349,0.05192697420716286,-0.20815950632095337,0.7480379343032837,0.24791663885116577,1.0284966230392456,0.7280495762825012,-0.3798852562904358,1.0193461179733276,-0.3474142165034037,0.29016555821651363,0.858275422945234,-0.3242778222150705,0.22672355845473047,1.3742693838940128,-0.4178589972552984,0.40146792173238427,-0.0007702127081566854,-0.22394888674027247,0.39258827152951614,0.0025776921471328956,-0.4692831485924012,0.23943290869365624,-0.0012297872918434968,-0.2788333845596621,0.2316995724961437,0.0009907383159324969,-0.45758815100771555,0.3122206053545408,0.39555262118136975,-0.23934272182310812,0.28607088164281175,0.3981810916427448,-0.6081084572835962,0.17831649861382412,0.7643930505856074,-0.12139750365743399,0.08108478632266825,0.743416227367475,-0.5453175789238713,0.19631114438594688,0.9367098011425924,-0.16999457177529181,0.11798329508674135,0.9173023660488087,-0.4344089041688593,0.2839036717277639,1.0810148723456634,-0.2390368561729839,0.24115498086662635,1.0678051338336325,-0.43950087115661707,0.2972327461548869,0.707065699170797,-0.3173903910382407,0.255828157661808,0.7063590386016296
2.1666666666666687,0,swing,64,-0.3497011949075386,0.2784603596664965,0.7840006729497017,0.8040388899227636,-0.0390187531278025,0.05375568408861609,0.590854742575776,-0.15556716918945312,-0.028630049899220467,0.0004064854292664677,0.0809057354927063,-0.060896352772131124,0.027425452320236632,-0.2807500660419464,0.04558522254228592,-0.041453320533037186,0.18018920719623566,-0.04333735167918329,-0.05718429876679387,0.09433373808860779,0.05120473355054855,-0.20465625822544098,0.7542780637741089,0.2503780424594879,1.0265185832977295,0.7375898957252502,-0.3867296278476715,1.0156272649765015,-0.34667610812353444,0.2879305190417784,0.8583388524495791,-0.3220959919322661,0.23582773113877703,1.3755027670129851,-0.41721059829488194,0.4008248473024362,-0.0007724598166176655,-0.22399040930143926,0.39257673423515055,0.00378330351832111,-0.46883009835927975,0.2388519479798599,-0.001227540183382416,-0.278883142862156,0.2316907412202785,0.0022068981609689176,-0.4571598087682485,0.3088521167563635,0.3957410688464915,-0.23909506326123686,0.2830785565180802,0.39942887879189864,-0.608487394908005,0.17242804496961425,0.7686975302173804,-0.11961662883531105,0.07368458268610209,0.7492939081626998,-0.5447393594552455,0.19488120526152053,0.9401373382346195,-0.16846546721605526,0.11553250746140614,0.9219846907338045,-0.43306051800478707,0.2865839595070582,1.081381519319083,-0.23771590750218077,0.24359259961872953,1.0685592331525195,-0.4393611340474902,0.2916695935694175,0.7072701511131325,-0.3172746058123905,0.25018745362177147,0.7069036202936865
2.200000000000002,0,swing,65,-0.34912490739952773,0.27473548660054803,0.7841782495317805,0.8037832857616348,-0.04566165927365484,0.06026619101620899,0.5900978127590414,-0.18187633156776428,-0.023474011570215225,-0.001221954938955605,0.0810718983411789,-0.05314123430038209,0.02504459969027517,-0.3075931668281555,0.051931146532297134,-0.04361439123749733,0.18056465685367584,-0.03539678011390013,-0.06101953436670615,0.09442061185836792,0.050547484308481216,-0.2014135718345642,0.757403552532196,0.25281840562820435,1.0252492427825928,0.7442046999931335,-0.3926604092121124,1.0106942653656006,-0.34590049063387557,0.2855752405044915,0.8583206993956967,-0.3199708562323237,0.24480227262169219,1.3764063705924776,-0.4165637427723676,0.4004249006446749,-0.0007712062398275085,-0.22423256559799398,0.392485315073479,0.00506209268661674,-0.46842067980866253,0.23852786949562946,-0.0012287937601725037,-0.27916395242734054,0.23161240903621422,0.003496575478130072,-0.4566542211104988,0.3056607062466254,0.39591114636012975,-0.23891003998291313,0.2799280293516507,0.4007143882973847,-0.6088088960147652,0.1676215262278355,0.7725778342236053,-0.1178115062840462,0.06744035212768452,0.7547469423308287,-0.5441821528246269,0.19403810519215992,0.943121414063556,-0.1669632588575406,0.11347025291472233,0.9262838702987085,-0.4317036350255884,0.28918394055971275,1.0815459242727574,-0.23640667234696122,0.2458542951602583,1.0691433802570947,-0.43917139743165096,0.28596309185465013,0.7074370136147871,-0.3171164759512377,0.24438542589752324,0.7074378072906791
2.233333333333335,0,swing,66,-0.34806400432717055,0.27121553430333734,0.784284817474878,0.8030501909610618,-0.05219622727388126,0.06650578135883013,0.5898838239023231,-0.20825272798538208,-0.01792995072901249,-0.002909919945523143,0.08194945752620697,-0.0455274076927199,0.022297128195869487,-0.3337380886077881,0.05826907977461815,-0.04577726498246193,0.18064212799072266,-0.027303629928232098,-0.06480441945253523,0.09457113593816757,0.04992867633700371,-0.1981993168592453,0.7588404417037964,0.25443190336227417,1.0251532793045044,0.7492324113845825,-0.39750561118125916,1.0050945281982422,-0.34467133878477585,0.28338756553823174,0.8582126977105117,-0.31741154513267017,0.2537122869994929,1.376955931603358,-0.41577129829893017,0.40042933216187065,-0.0007666747302687398,-0.22413875227744803,0.39282145164671,0.00633835614988593,-0.46760632867133395,0.23852531163252752,-0.0012333252697312967,-0.2788508107248893,0.23187369860426232,0.0047854714049466,-0.45571430354308395,0.30279921019972145,0.3960582857609404,-0.2382399697321195,0.27714131072772386,0.40197360057747517,-0.6082006766992202,0.16304228064523998,0.776031834386872,-0.1153472334607452,0.06260111614240593,0.7597534769127198,-0.5429058606768968,0.19333488388779818,0.9456741327489491,-0.16483549144427376,0.11219059686071498,0.930198071805055,-0.42993323132264066,0.2916998763156653,1.081502987288021,-0.2346156183069763,0.2483424593698261,1.0695301287468117,-0.43849819920191235,0.28036920167244617,0.7075530402079753,-0.3164077260515642,0.2388981686774484,0.7079268136093707
2.2666666666666684,0,swing,67,-0.34783854975830764,0.26807922730222344,0.7842565329238159,0.8027988655976376,-0.058826485946908584,0.07326819577919925,0.5887997940162217,-0.2347547709941864,-0.01283726654946804,-0.004434604663401842,0.083187997341156,-0.03914784235929569,0.019734334886561622,-0.3589816391468048,0.06366872042417526,-0.04766814038157463,0.1802881807088852,-0.020610382772741742,-0.06786233292239419,0.0954049751162529,0.049120064824819565,-0.19513073563575745,0.7602965831756592,0.2547495365142822,1.0260746479034424,0.7540157437324524,-0.40179696679115295,0.9994181990623474,-0.34421115951115433,0.2816341475174244,0.8579322153295758,-0.31542243776639894,0.26339454726096745,1.3770936369008928,-0.41572905025916623,0.400226413970336,-0.000760575948993706,-0.22460137829844345,0.39208638098820103,0.0074143466427614955,-0.4678302021747195,0.23840787154219628,-0.001239424051006327,-0.2794212716487917,0.2311751745494843,0.005877162368465427,-0.4556342802949232,0.3002243368531589,0.39616498089620683,-0.23845497001739482,0.27386962826757455,0.40301995062638674,-0.6081610981690496,0.15899215700513064,0.779484466832291,-0.1141324653044657,0.058084967249766875,0.764605768482679,-0.542255474753643,0.19339590946902635,0.9481035488568283,-0.1637415429428743,0.11131844633653604,0.9339122961901272,-0.4288238060761817,0.2949168698212548,1.0812168011134926,-0.23354683313498378,0.25127690045777074,1.0696132752322438,-0.43868717803088764,0.2752745856585889,0.7076109220724245,-0.316635394991933,0.2336966660159035,0.7083270717308003
2.3000000000000016,0,swing,68,-0.3472167243016884,0.2645109058357775,0.7842022775897337,0.8020470965392927,-0.06491817680940479,0.07905572652765065,0.588435448758671,-0.2603290379047394,-0.007370187435299158,-0.005997215397655964,0.08471468836069107,-0.031813933272823114,0.01690933205106715,-0.38278132677078247,0.06881683319807053,-0.0494946725666523,0.17960254848003387,-0.012818204856991589,-0.07055093768982901,0.09614093601703644,0.0480823889374733,-0.1914243996143341,0.7635524272918701,0.25424960255622864,1.028058409690857,0.7603150606155396,-0.4049697518348694,0.9941551685333252,-0.3434357853882579,0.2792988999066048,0.8576326509531729,-0.31354316707809327,0.27184550911406624,1.3769659160168857,-0.4153952097556032,0.40041774348187315,-0.0007531530671102751,-0.2244257343355177,0.39182799125074963,0.008528039277035833,-0.46744923231946,0.23858407887129726,-0.0012468469328897995,-0.27904329275258904,0.23084783414507556,0.0070077331268502754,-0.45508386792796734,0.2976122625272463,0.39626583607497684,-0.23805438443554672,0.2707302154274854,0.4040974869065175,-0.6073039772919,0.15325148365727226,0.7828477587997544,-0.11266014901431842,0.05317069142603212,0.7695309996814268,-0.5410602209875567,0.19215584752976841,0.9503523241898815,-0.16237386346404653,0.11000525601833812,0.9376319903607861,-0.42762357550515573,0.297104318509345,1.0807493025889117,-0.2322990953137564,0.2535526533452655,1.069623440851699,-0.4384269107425193,0.2697679022356513,0.707618739678763,-0.316335527398415,0.22831741742601622,0.7086923018193169
2.333333333333335,0,swing,69,-0.34577548399101943,0.2616742313839495,0.7840388069724765,0.8010765456416495,-0.07065263162070823,0.08487964155588573,0.5882856620021051,-0.28309690952301025,-0.0020497727673500776,-0.007438859436661005,0.08616584539413452,-0.026874862538402766,0.01357965236683678,-0.40415921807289124,0.07359689474105835,-0.05118865892291069,0.1786269098520279,-0.006808711032178838,-0.07349427509461981,0.0968078002333641,0.046943195164203644,-0.1876945048570633,0.7689933180809021,0.2530641555786133,1.0307221412658691,0.7684915065765381,-0.40779969096183777,0.9896818995475769,-0.34181081000786273,0.2776539777143117,0.8572093547866384,-0.3106023488381319,0.28075075900205665,1.3764767622510998,-0.4151948535380271,0.39999325415539777,-0.0007461373732936122,-0.22411117812424072,0.3913179084390329,0.009391770572664382,-0.46707829016223246,0.23810486291276084,-0.0012538626267064,-0.27845049545144196,0.2302434404327018,0.007890321642085609,-0.4541498333167579,0.2950964247916939,0.3963282581374852,-0.23716327858177955,0.2679000634246354,0.4048982015020186,-0.6053719160933673,0.1473077985752518,0.7865959132815628,-0.11058844622552169,0.04854187551297437,0.7745214249593861,-0.5387939574108743,0.19115871219590308,0.9527405400272826,-0.16019830255432158,0.10928926545604395,0.9412792762717264,-0.425495784988586,0.2998279392768964,1.0801118037421813,-0.23010620673002916,0.25647682757483364,1.0693517515983222,-0.43736810764902867,0.26505290127582376,0.707601087555386,-0.31521649178564637,0.22379086555909758,0.70894913651431
2.366666666666668,0,swing,70,-0.3448839475167915,0.2602140964008868,0.7838497470471673,0.8008639392032583,-0.07528869380756083,0.089885376294731,0.587255636496531,-0.3013140857219696,0.0025446999352425337,-0.008590870536863804,0.08788341283798218,-0.02413603724866853,0.010497340486071871,-0.4216635823249817,0.07717297226190567,-0.052460797131061554,0.1776067614555359,-0.00195370590936772,-0.07567752148075002,0.09769842773675919,0.04589812830090523,-0.18452416360378265,0.7766132354736328,0.2512158751487732,1.0340369939804077,0.778390645980835,-0.41093435883522034,0.986615002155304,-0.34071811050680945,0.2771763504660693,0.8567875818041332,-0.308322133544247,0.2890489898232211,1.3758280360443202,-0.4154685706028435,0.40010988229270184,-0.0007379056966882735,-0.22379593019338506,0.3913146176924216,0.010041635342238838,-0.4675389617042624,0.23828157946266548,-0.0012620943033117837,-0.27825356775159404,0.2302799468598382,0.008558226625721161,-0.45377292202077857,0.2939625886378472,0.3963610659683629,-0.2367102318478256,0.2660801853710459,0.40549346666533326,-0.6040381395033876,0.14255721105000949,0.7903607353765301,-0.10964711231912226,0.04419423938981281,0.779351163409179,-0.5371294487474895,0.19114594016838252,0.9550480958756318,-0.15897928774726316,0.10892464655726433,0.9446868070545562,-0.42390895895319614,0.303160608857167,1.0794546615488845,-0.22854637696930852,0.25962179710860694,1.0689656991544323,-0.4367957572697511,0.2622474670317894,0.7075714380770445,-0.31468717817487546,0.22086682352431866,0.7091270890903988
2.4000000000000012,0,swing,71,-0.3436467637075111,0.259389525745064,0.7837406772073322,0.8000825404574982,-0.07974587869534579,0.09397960448134297,0.5870914385576691,-0.31727275252342224,0.0073471395298838615,-0.009708786383271217,0.08958378434181213,-0.021976429658143726,0.007772404569577507,-0.4363499879837036,0.080815389752388,-0.05367879569530487,0.17637118697166443,0.0019768040694414513,-0.0773328204263598,0.09870115667581558,0.04516312852501869,-0.1818409115076065,0.7873703241348267,0.2500709593296051,1.0384442806243896,0.7899191379547119,-0.4140270948410034,0.9853723049163818,-0.339390765998162,0.27723621170620705,0.8564619415232279,-0.306240793266651,0.2969157594779002,1.3751944520900357,-0.4154966604986213,0.400431038100879,-0.0007297395309947483,-0.22320537375025118,0.39162211526757895,0.010727137441433249,-0.46738464771121113,0.238544211520883,-0.0012702604690052605,-0.2774333345610174,0.2305097839960718,0.009262562907271121,-0.45297077422257337,0.2931791880670279,0.396382815995596,-0.23579084062380049,0.26491398781125,0.40613404254659474,-0.6023518822923015,0.1368521786303687,0.7946589400586378,-0.10812599151680757,0.04036588630977891,0.7845336795743659,-0.5351837437842051,0.19066462127796782,0.9576074791432954,-0.15730944876780545,0.10919367111137523,0.9482507763489927,-0.4223131912819127,0.3063944370536322,1.0788264676516148,-0.22687432155708673,0.2631184770209999,1.068676374847284,-0.4357877472486399,0.2600435442413649,0.7075511066882494,-0.3136302630522572,0.21882142388851017,0.7093892348827898
2.4333333333333345,0,swing,72,-0.34227463498245925,0.25838718423619866,0.7836355847552479,0.7997833385021506,-0.08352449685122111,0.09750321835461687,0.5863986632749062,-0.3309536576271057,0.012133880518376827,-0.010728194378316402,0.09106455743312836,-0.020130673621697737,0.004849637768028048,-0.4483412504196167,0.08468664437532425,-0.05486318841576576,0.1752326935529709,0.004828374258043278,-0.07941112176801624,0.09936483204364777,0.0442202091217041,-0.17946361005306244,0.8000426292419434,0.24796728789806366,1.044167160987854,0.8026533722877502,-0.41428789496421814,0.9855179190635681,-0.3379242155545451,0.27698377291317827,0.8561631018806842,-0.3043298317413726,0.30338113336633465,1.3745477907899601,-0.415380377854058,0.4006302640970128,-0.0007225537146813774,-0.2227272215156728,0.3912308195881795,0.011321564502732796,-0.46730173929634855,0.23875418704974155,-0.0012774462853185377,-0.27695426348496405,0.23011802661681288,0.00987385589038385,-0.4520618250940288,0.2924111806896073,0.39639894170288714,-0.23489638478959363,0.2633716656624115,0.40666891434174307,-0.6004182847886466,0.13063045240400734,0.7991069617524897,-0.10791923096745296,0.03557192582215174,0.7895719199815576,-0.5331212214637214,0.1897626384567277,0.9601474971609253,-0.15641152586274537,0.10862065325206036,0.9516581469128642,-0.4206802589530541,0.30901306018212277,1.0781907618574735,-0.22523387295039898,0.26568496024471444,1.0684147271646611,-0.4346041958813662,0.2579825781173897,0.7075257929676666,-0.31245505758136183,0.21675090778652417,0.7096189029437963
2.4666666666666677,0,swing,73,-0.34076160087715834,0.25759861478582025,0.7835258995669392,0.7988475689838482,-0.08665207313859002,0.10037222937813685,0.5867362229477937,-0.34131181240081787,0.016438627615571022,-0.011510360054671764,0.09215672314167023,-0.01938953542989763,0.001879142292753655,-0.4571416974067688,0.08804190903902054,-0.05578148365020752,0.174341082572937,0.006050170603782767,-0.08146920822878168,0.10032660514116287,0.0434449203312397,-0.17692849040031433,0.8141092658042908,0.2451869398355484,1.0515589714050293,0.8155962228775024,-0.4127606153488159,0.9872817397117615,-0.33636057067791614,0.2768156878950729,0.8558884246355063,-0.30224660015511196,0.3090833282494399,1.3738853132016229,-0.41577484307368556,0.40026982144651474,-0.0007171299698533716,-0.22271162811324824,0.3906379337134521,0.011716370997743253,-0.46732925746413967,0.23827654289755296,-0.0012828700301467273,-0.2765680217200616,0.22940073981963216,0.010282434836444372,-0.4512573329300433,0.2913656051603066,0.3964052884924774,-0.233997066023546,0.26213767127907245,0.4070069641121211,-0.5977520998264435,0.12327543720389858,0.8039435027038953,-0.10763468899676319,0.03141687025039595,0.7942362728207286,-0.5305396007000799,0.18809568592950504,0.9628157139949427,-0.15525331331408052,0.10851442673172386,0.9546980988320972,-0.418968319990647,0.31109607181117493,1.0776276245390672,-0.223403547029234,0.26825187500894904,1.0680893187711042,-0.43325418920420966,0.25614062763372364,0.7075117491700729,-0.31101686491076513,0.21518368079164607,0.709788205043423
2.500000000000001,0,swing,74,-0.33955302729737014,0.2580005885101855,0.7834710564797331,0.7981703179495876,-0.08858661220332338,0.10206030793952033,0.5870777199195031,-0.3469802141189575,0.019388461485505104,-0.01180859375745058,0.09304382652044296,-0.019766807207146186,-0.00013606323146364563,-0.4614497721195221,0.09081165492534637,-0.05642319098114967,0.1736990362405777,0.005877988261976164,-0.08334614510224325,0.1020357757806778,0.04265311732888222,-0.17333635687828064,0.8286863565444946,0.2418813407421112,1.0608144998550415,0.8275977373123169,-0.4092758595943451,0.9912034869194031,-0.33513488497781024,0.27759426910635837,0.8557314723319773,-0.30060015091568365,0.31454874579047937,1.3733574437880112,-0.4160562814456715,0.40053002486660066,-0.000712590341320811,-0.22303475764250372,0.39073884477971654,0.01194142069677009,-0.4672877062361607,0.23843434109714046,-0.0012874096586791076,-0.27659461285597425,0.22940281024523054,0.010518090025686103,-0.45058221937909365,0.29143782742540625,0.396402407265801,-0.23340441656178854,0.2620824573780737,0.4071837368525299,-0.5950911850770616,0.11653335206403227,0.8089179219595978,-0.10815726695211735,0.028522365387234155,0.79834965562725,-0.5281382525114685,0.18704417963896303,0.9654589460386986,-0.154645743528879,0.10942052831552837,0.9572643276514753,-0.41764321643312285,0.31358601309723544,1.0772212874853202,-0.22194128224528228,0.2713373248549233,1.0678411916999877,-0.43213189288993453,0.25588557338872975,0.7075128008209022,-0.3098237379126312,0.21515011344132698,0.7099126666812466
2.533333333333334,0,swing,75,-0.3378344763768837,0.2587707997299731,0.7834443889543111,0.7977728361316945,-0.08955914387769166,0.10308163616346254,0.5872919529196283,-0.348042756319046,0.021966472268104553,-0.011878731660544872,0.09367699921131134,-0.022240527730410298,-0.002402076456339275,-0.4613513648509979,0.0931992456316948,-0.0569019615650177,0.1731240600347519,0.003469925083617875,-0.08544690343722006,0.10388635098934174,0.04192844778299332,-0.1676083356142044,0.8415340781211853,0.23812003433704376,1.071704387664795,0.837164580821991,-0.4036993682384491,0.998110294342041,-0.3333887216680615,0.27856882987378656,0.8556473893593749,-0.2981497726928966,0.32009058589033884,1.3728335950935664,-0.41633465176031226,0.40012980261128905,-0.0007091479230685836,-0.22330472005525465,0.39009354733298207,0.011925090215654185,-0.467337338374077,0.2379620265938093,-0.001290852076931432,-0.27670968722667294,0.2287060900911991,0.010511539207933272,-0.4496576077148399,0.29154971696486354,0.39638515084816806,-0.23254766035499477,0.2620075364912901,0.40712023434704986,-0.5917446287671719,0.11050978018372425,0.8139570465203746,-0.10879430945790178,0.02610493668112757,0.8019368220882613,-0.5250993247705215,0.1865653211845842,0.9680139267381327,-0.15373865633587908,0.11081899175442927,0.959299774402069,-0.4156618975423866,0.3162807033399073,1.0769062147821127,-0.21984608103888786,0.2745545625953963,1.0675638336275373,-0.4304653593816437,0.2563429874996096,0.7075466970886213,-0.30811366738826773,0.2157429645933803,0.7099877043243847
2.5666666666666673,0,swing,76,-0.33675360574852675,0.26018965849652886,0.7835674220936716,0.7978551331286483,-0.0900266284234277,0.10308343389352113,0.587108336145636,-0.34594523906707764,0.022935090586543083,-0.011400816030800343,0.09383352845907211,-0.02507604097259475,-0.0024115949154764893,-0.45870241522789,0.09423622488975525,-0.056952837854623795,0.172458216547966,0.0009523386337288997,-0.08557237003730733,0.10621510446071625,0.04170263186097145,-0.16042794287204742,0.8506945371627808,0.2339651882648468,1.0847824811935425,0.8427259922027588,-0.39789700508117676,1.0091280937194824,-0.3323450663210277,0.28004206114102403,0.8557577738683861,-0.2965227692619074,0.3257604836154468,1.3724943731566634,-0.41572926901817875,0.39984969552823774,-0.0007078290272597224,-0.22276923616767236,0.38967560489165354,0.011952904471131086,-0.46667441867531134,0.2376638445087881,-0.0012921709727402864,-0.27622362929815125,0.22830443275951307,0.010548390408799662,-0.4487149702484494,0.29219755572687156,0.3963646329871671,-0.23172375768299938,0.26243428421150716,0.40715992371163356,-0.5889971680359106,0.10606870890633877,0.818461438032696,-0.11008065459982017,0.02460430935287058,0.8051345948343932,-0.5228119797416322,0.18720541069929186,0.970105497186955,-0.1534752140386149,0.11304050705063032,0.9608764175797426,-0.4144058371596862,0.3193991374822574,1.076758435725868,-0.21850476667017335,0.2780602382080316,1.0674820739466833,-0.42932463150007266,0.2577804911390173,0.7076202519204879,-0.3069827686200593,0.2171587425662123,0.7101739342023553
2.6000000000000005,0,swing,77,-0.33569008007179946,0.26185092935338616,0.7836279397180348,0.7980635974468522,-0.08923471200144072,0.10237715608859103,0.5870694835497933,-0.3410012722015381,0.02290148288011551,-0.010530776344239712,0.09389388561248779,-0.02798908363891517,-0.0025425302532510186,-0.4532533884048462,0.09460043907165527,-0.05672599747776985,0.17175766825675964,-0.0016584746196526279,-0.08615594144632466,0.11001890152692795,0.0420532301068306,-0.1506165713071823,0.8567733764648438,0.23043276369571686,1.1024352312088013,0.8419046401977539,-0.3919421136379242,1.0239417552947998,-0.3312926042925437,0.28154855126777056,0.8558613523308196,-0.2940000777110844,0.33129276827279974,1.372048965379731,-0.4152999581028001,0.4000613264515904,-0.0007068472654644629,-0.22258475207418255,0.38980672648601306,0.011725379480500762,-0.4661843627413369,0.23785641403991717,-0.001293152734535577,-0.2761060066179366,0.22845764895480328,0.010328779362244196,-0.4478958562387416,0.2933507010989384,0.39634067389408845,-0.2310956660303042,0.2633867804692725,0.40692689093324463,-0.586199307669649,0.10170804106343959,0.8232142429086984,-0.11061375721933717,0.024705025730433112,0.8067174843397418,-0.520297732681064,0.1880813600535536,0.9720638192763322,-0.1524316631709326,0.11628473621672472,0.9610676821797144,-0.4127695480730093,0.32237270299707904,1.0767340919732011,-0.21674647584438037,0.28168848849964795,1.067145831193646,-0.4282069682930927,0.25975258579065097,0.7076618650145228,-0.3058768718571381,0.2190937992985293,0.7101756018683155
2.6333333333333337,0,swing,78,-0.3351708938134834,0.2638363898731768,0.7835244473353715,0.7970363182347702,-0.08757023021132866,0.1014415807217279,0.5888753415589536,-0.33437493443489075,0.022366700693964958,-0.009405344724655151,0.09395069628953934,-0.031206372917801373,-0.0038455230791054618,-0.4452684223651886,0.09277725964784622,-0.055743660777807236,0.17116741836071014,-0.0054690840009139485,-0.08612276047337164,0.11722768098115921,0.041967932134866714,-0.1402197629213333,0.855877161026001,0.224207803606987,1.1227647066116333,0.831155002117157,-0.38513636589050293,1.0409091711044312,-0.3307781925952431,0.28326635477873624,0.8558306064075833,-0.29154157180315704,0.33665117518038745,1.371434248566981,-0.41693090274004424,0.40048416867695363,-0.0007057760858631724,-0.22346506232448893,0.3901259337203654,0.011001369758574103,-0.4670485228742494,0.2380407081091706,-0.0012942239141367357,-0.27639642131750825,0.22858232487806365,0.009610802479531288,-0.44823494120223645,0.29455064612226034,0.3963095064656877,-0.23110672846282387,0.2649605456006299,0.4062144991045441,-0.5816983868430706,0.09717088471694378,0.8264222221185841,-0.10920245289010302,0.029213289644488587,0.8052811384743738,-0.5170703099355508,0.18841609371794288,0.9729046023346628,-0.1501310277629269,0.12216354040360985,0.9590493629125335,-0.4116217137572087,0.3246498119436114,1.076759248103006,-0.21519548118613965,0.28614457467890997,1.0664506710370225,-0.4277069911097607,0.2618331682326033,0.7076534590890725,-0.30520770338744935,0.22167412544164194,0.7099106666772752
2.666666666666667,0,swing,79,-0.3339349915040657,0.26678226003423333,0.7835076333692029,0.7961388660430375,-0.08479735145718438,0.09900109722503242,0.590907012913024,-0.32414647936820984,0.02161835879087448,-0.008090187795460224,0.09440957754850388,-0.0346718015070584,-0.004898522090677426,-0.43341773748397827,0.09015771746635437,-0.054368600249290466,0.17121005058288574,-0.009994968982979469,-0.08520460393409846,0.12456735968589783,0.041583649814128876,-0.1335703283548355,0.8371819853782654,0.21697156131267548,1.1391323804855347,0.8073670864105225,-0.3780989348888397,1.0582219362258911,-0.32962830075967775,0.28568389651457304,0.8559588621593159,-0.28963706136491607,0.33894535501929995,1.371469318303934,-0.41761238743025597,0.40214513152754106,-0.0007026971819428275,-0.22308429312512118,0.3913994373870935,0.010232354715320437,-0.46690925710177467,0.23945073984569243,-0.0012973028180571049,-0.2753772194813224,0.22964804506411118,0.008840616707810924,-0.4476641546404028,0.29708946903531197,0.3962712899254483,-0.23006722866790788,0.2678134372548945,0.40547446790518554,-0.5763887277109887,0.09917655466982701,0.8231133667977142,-0.10594467501426429,0.03839811836058655,0.799722271179763,-0.5136645519890939,0.19082963991055,0.9701676219215757,-0.14684686866444757,0.1295985119075484,0.9545417240132178,-0.4103552444353713,0.32594448150747013,1.0770975691944322,-0.21352040493754304,0.28975374122397246,1.0662135819840106,-0.42638357274683614,0.2652113925204288,0.7076316930300165,-0.3037085484024173,0.2255815008532766,0.7096333203582453
2.7,0,swing,80,-0.3327476669801399,0.2698171795345843,0.7834778340475331,0.7955961107121196,-0.08100885402062437,0.0958680986244822,0.592683475268326,-0.30978915095329285,0.02014455385506153,-0.006453700363636017,0.0950554609298706,-0.04010273453957969,-0.005833246973568684,-0.4175633192062378,0.08747760951519012,-0.05278414487838745,0.1715676188468933,-0.016506541250235873,-0.0847892567478733,0.13034364581108093,0.042561259120702744,-0.12777669727802277,0.7971141934394836,0.2138741910457611,1.14951753616333,0.7668631672859192,-0.37232914566993713,1.0732319355010986,-0.3285087153883565,0.2880076445924112,0.8561148650329918,-0.2872376675182535,0.339269570925709,1.3716884974070824,-0.4184930927321561,0.4030594919061493,-0.0006986178632523814,-0.22328120628184384,0.39191300725083944,0.009272274000395375,-0.46710126375707584,0.24015804198981883,-0.001301382136747603,-0.2750802795648616,0.230002824859046,0.00787626365776481,-0.4472344276045201,0.2995819986198447,0.3962040604039533,-0.22934564197448748,0.27051541905320253,0.4045132288501294,-0.5734704706181337,0.10949732344279835,0.8142456947277534,-0.10156243454377617,0.05237816153215874,0.7895853929925527,-0.5116158767641232,0.19640964422329882,0.9645115322287333,-0.14297591818382974,0.1383576871202224,0.9472305919572361,-0.4088061126656897,0.3265955732641477,1.0776525947737485,-0.21169364284914943,0.29221534011811434,1.0659539319592266,-0.42508260194363584,0.26904770316579524,0.707602575018285,-0.3022710379454202,0.22982984095861433,0.7092677382900296
2.7333333333333334,0,swing,81,-0.33249902620445937,0.27139282831922174,0.7834766436089274,0.7943844143622638,-0.07555435694262223,0.09077165149133383,0.5958233367793223,-0.2915913164615631,0.016858624294400215,-0.004214960616081953,0.09549081325531006,-0.043981444513268686,-0.005509926913958796,-0.39760884642601013,0.0841694250702858,-0.050823185592889786,0.17153054475784302,-0.021521228832818817,-0.08431651589654221,0.135966494679451,0.04436950013041496,-0.1164960190653801,0.7359290719032288,0.2146926075220108,1.1530961990356445,0.706721842288971,-0.3681199550628662,1.0827999114990234,-0.3284354457821289,0.28850828909955956,0.8563844505738059,-0.2855896608682064,0.338106246140603,1.3719191075703512,-0.41961811907581303,0.4034194895583748,-0.0006953662283031015,-0.22444620813807448,0.3925505298513592,0.0082225795143741,-0.4670241404507425,0.24016417439081192,-0.0013046337716968934,-0.2752298638822581,0.2303190180087893,0.006823696198901965,-0.4473364136972433,0.3010544007307552,0.39615165123670676,-0.22939858907502408,0.27283928056643225,0.40345770161936684,-0.5728142636119723,0.12559939908566986,0.8013125879620361,-0.09553875819635141,0.07259682162252193,0.7755489642527889,-0.5113052472980507,0.20320812532634674,0.9567252345760151,-0.1385895166886158,0.14902653694543205,0.9376128251628257,-0.40818847489182886,0.32532830910987737,1.0783158306217957,-0.21072957481438304,0.29335528500972846,1.0656709340189532,-0.4246362747228225,0.2716344796970895,0.7075399600799631,-0.3015748322505667,0.23319501290451086,0.7087842393795316
2.7666666666666666,0,swing,82,-0.33127379312645644,0.27543977508321404,0.7834834339299421,0.7931112110798728,-0.07090617749785776,0.0863837962465359,0.5987359690198149,-0.2698822617530823,0.013984432443976402,-0.001958538545295596,0.09532059729099274,-0.05284953937116321,-0.005049792197444836,-0.37411418557167053,0.08120040595531464,-0.048776157200336456,0.17026661336421967,-0.03089771580241729,-0.08348906938035539,0.14047327637672424,0.04633073881268501,-0.09392249584197998,0.654545247554779,0.21811015903949738,1.1485778093338013,0.6280254125595093,-0.36349308490753174,1.085172176361084,-0.327365111371692,0.2916334106224616,0.856609956990744,-0.2820908972721972,0.34669066859813624,1.3712407473305495,-0.4205614022503228,0.4027443178419328,-0.0006948193357799622,-0.2252761100854571,0.3922691700709411,0.007047172532962193,-0.4667829425260863,0.23914970707010852,-0.0013051806642200535,-0.27511775959610313,0.22974569308072992,0.00565814371028605,-0.44685865766138516,0.30320887603871177,0.3960132819995834,-0.22886946712500048,0.27578332906331643,0.40225628774256195,-0.5723802491047821,0.15266378686471452,0.7874679089362608,-0.0879491806378683,0.10237056894055017,0.7608252193585644,-0.5106043601052855,0.21793157453558062,0.9483511573962565,-0.13274913965354534,0.16682571015360748,0.9275527295288019,-0.4061670880843822,0.32992958897220526,1.0784596103134911,-0.20842986706562822,0.3000897605902372,1.0649777348536322,-0.4232083165752131,0.27663723438795224,0.7075134726764185,-0.29991079470637977,0.2389554020093113,0.7084222432672577
2.8,0,swing,83,-0.3296886075986549,0.2790966094471514,0.7834969293579753,0.790868570862342,-0.06542586968698334,0.08065253852672456,0.6031098798950768,-0.2465752512216568,0.012549259699881077,3.7334830267354846e-05,0.09476698189973831,-0.05975805665742384,-0.006065412403073567,-0.34785836935043335,0.07871078699827194,-0.046684619039297104,0.16787505149841309,-0.03870744831992967,-0.08311322458202464,0.1437530368566513,0.04915428161621094,-0.05787607282400131,0.5557330250740051,0.22440989315509796,1.1356621980667114,0.5325982570648193,-0.35858556628227234,1.0789772272109985,-0.32603962217783944,0.29415445047927985,0.8568791228987099,-0.27784667849198064,0.3603848211464159,1.3697213924373912,-0.42204228226140156,0.40294967492139067,-0.0006959655947903869,-0.22615278872983582,0.39288285182919075,0.005914406191924116,-0.46647680508984296,0.23886066421887425,-0.0013040344052097051,-0.2744251525360775,0.22988622277284831,0.0045440745434047886,-0.44626221372435704,0.30537241040933505,0.3958841239696637,-0.22798267145024828,0.279073229089825,0.40107533100490644,-0.5720433489686985,0.18624216852019565,0.7736005738210597,-0.07954447068539502,0.13962563941740397,0.7456888743631737,-0.5098603467456249,0.23611630126473274,0.9397493304269208,-0.1260924378445053,0.18891711078834192,0.9170458170518505,-0.40367805538843915,0.33622565620295175,1.0782090797518618,-0.20562227694232815,0.3090083416602678,1.063880391284678,-0.42136706632428844,0.28119947838028697,0.7074383894977125,-0.297701324814947,0.24474262500894123,0.7080123015129067
2.833333333333333,0,swing,84,-0.3290697921765968,0.2814703048206866,0.7836489619639364,0.7883926228727008,-0.05920764003834598,0.07325311932519421,0.6079189979513075,-0.22178088128566742,0.011044733226299286,0.002170475898310542,0.09420956671237946,-0.06458745073141747,-0.006076980233990503,-0.3188539147377014,0.07598569244146347,-0.04434891790151596,0.1646607369184494,-0.044805113305500965,-0.08154803646125242,0.1466331034898758,0.05285748094320297,-0.011059700511395931,0.44281700253486633,0.23206254839897156,1.1143457889556885,0.42260241508483887,-0.35419729351997375,1.0632394552230835,-0.32580597672531325,0.29515192924882366,0.8573182273444692,-0.2749733718280913,0.37665757848751935,1.3674758171629424,-0.4234225352556359,0.4031660273089022,-0.0006969535160213161,-0.2269579620329269,0.3931589502089591,0.004993198513334931,-0.4658572886515367,0.23854851804714944,-0.0013030464839787412,-0.2734276869684564,0.22963906927625352,0.0036466458147616683,-0.4460282963858983,0.30693906151775524,0.39578527594256524,-0.22749863039423293,0.28160138225815945,0.4001455361443422,-0.5724190675694094,0.22500957814877492,0.7604659391968338,-0.07268284563717649,0.18299451684511844,0.7313180400782271,-0.5102987361346755,0.25637509816770243,0.9311024909099682,-0.12065757081181402,0.21360787442886653,0.9065915756905256,-0.4023770706784836,0.3427466200846092,1.0776224515983441,-0.20400894487188542,0.3183284654584453,1.0625883141561632,-0.42037413630856524,0.28466895745465653,0.7073731080975377,-0.2963070190469594,0.24960686807072222,0.7077286059425141
2.8666666666666663,0,swing,84,-0.3290697921765968,0.2814703048206866,0.7836489619639364,0.7883926228727008,-0.05920764003834598,0.07325311932519421,0.6079189979513075,-0.22178088128566742,0.011044733226299286,0.002170475898310542,0.09420956671237946,-0.06458745073141747,-0.006076980233990503,-0.3188539147377014,0.07598569244146347,-0.04434891790151596,0.1646607369184494,-0.044805113305500965,-0.08154803646125242,0.1466331034898758,0.05285748094320297,-0.011059700511395931,0.44281700253486633,0.23206254839897156,1.1143457889556885,0.42260241508483887,-0.35419729351997375,1.0632394552230835,-0.32580597672531325,0.29515192924882366,0.8573182273444692,-0.2749733718280913,0.37665757848751935,1.3674758171629424,-0.4234225352556359,0.4031660273089022,-0.0006969535160213161,-0.2269579620329269,0.3931589502089591,0.004993198513334931,-0.4658572886515367,0.23854851804714944,-0.0013030464839787412,-0.2734276869684564,0.22963906927625352,0.0036466458147616683,-0.4460282963858983,0.30693906151775524,0.39578527594256524,-0.22749863039423293,0.28160138225815945,0.4001455361443422,-0.5724190675694094,0.22500957814877492,0.7604659391968338,-0.07268284563717649,0.18299451684511844,0.7313180400782271,-0.5102987361346755,0.25637509816770243,0.9311024909099682,-0.12065757081181402,0.21360787442886653,0.9065915756905256,-0.4023770706784836,0.3427466200846092,1.0776224515983441,-0.20400894487188542,0.3183284654584453,1.0625883141561632,-0.42037413630856524,0.28466895745465653,0.7073731080975377,-0.2963070190469594,0.24960686807072222,0.7077286059425141
2.8999999999999995,0,swing,85,-0.3282386352075264,0.28622195729985833,0.7836438935478415,0.7849856508474855,-0.05207860189595982,0.06539072165463751,0.6138480273728975,-0.19360791146755219,0.009235410951077938,0.004511922597885132,0.09404294192790985,-0.07135355841364088,-0.006682794544837667,-0.2868378162384033,0.07292788475751877,-0.041744064539670944,0.16070203483104706,-0.051277128191936416,-0.08049180988059634,0.14888322353363037,0.056956082582473755,0.04212164133787155,0.31953391432762146,0.24003346264362335,1.085141658782959,0.3018301725387573,-0.35106879472732544,1.0383038520812988,-0.3253342705342345,0.2983750954049658,0.8575956744597486,-0.27193928036650594,0.3976259293403953,1.3641401200870702,-0.42558017143315957,0.4047056881859019,-0.0006959857193237114,-0.2283210754918303,0.39587954980415124,0.003837857201454905,-0.46551191484210785,0.23946318103477424,-0.001304014280676228,-0.27249204291665213,0.23172354462355024,0.0025219545067954284,-0.4459556896205765,0.31038799478561446,0.3956313822505574,-0.22708090595558178,0.2866848221328106,0.39895082014584543,-0.5715778464929291,0.2711476270413096,0.7491907589455141,-0.06705469426953764,0.23557738806608386,0.7184070557734649,-0.5102411746843605,0.281255613116037,0.9226704566427639,-0.11543953358753523,0.24413908048535274,0.8960166527868512,-0.4008776501970978,0.3523552284742233,1.0765256393351355,-0.20219978074739126,0.3312265523696441,1.0606238112328976,-0.41922587782826926,0.29050692304180203,0.7072380623850265,-0.29467974679597886,0.25719130431691994,0.7072595262372343
2.9333333333333327,0,swing,86,-0.3282856036676094,0.2902135909534991,0.783675542845923,0.7820301175277066,-0.04453879306271529,0.05677864620938993,0.6190487674866553,-0.16413165628910065,0.007610964123159647,0.0069208573549985886,0.09396205097436905,-0.07781872979370896,-0.006785607887577649,-0.2523893117904663,0.07057055085897446,-0.03917441517114639,0.1557045727968216,-0.0573992027865915,-0.07943676396057364,0.15062612295150757,0.06109556555747986,0.09689810872077942,0.1886136382818222,0.24771913886070251,1.048327088356018,0.17299549281597137,-0.3493689298629761,1.00467050075531,-0.325760964705003,0.3007105052328283,0.8578944150329948,-0.2707688641816983,0.41768600229687736,1.3603330969758363,-0.42787317890642934,0.40589194462747924,-0.0006944495957777047,-0.2302478133776138,0.39763408515836507,0.0028357094417959076,-0.4655389007900879,0.24011824360471518,-0.0013055504042223734,-0.27234732287606905,0.23293435007317298,0.0015595578610595323,-0.4464227112976253,0.3134904339973908,0.39547043422511696,-0.2274718749605506,0.29072705869346066,0.397905029567594,-0.5701012286696507,0.3217784277264673,0.7406847731849853,-0.06475973056081433,0.29226743639920166,0.7090975200717158,-0.5109244700986225,0.3076309534636092,0.9146316743392631,-0.11237085636799868,0.2757022549964223,0.8863497123533166,-0.40065825208787476,0.36126768156744443,1.0751272956584021,-0.20174506076528703,0.343058396292872,1.0585698457444552,-0.4189026504593744,0.2958945800311134,0.7070972250217512,-0.2939474974603058,0.26415711629270044,0.7068745712663685
2.966666666666666,0,swing,87,-0.32771360769402236,0.29343209275975823,0.7837594434287614,0.7780207560964457,-0.03652299946442415,0.04714767884662403,0.6254013671016495,-0.13396763801574707,0.007160141132771969,0.00913713127374649,0.09352624416351318,-0.08240115973181594,-0.007476528660838921,-0.21533194184303284,0.06906457245349884,-0.036684293299913406,0.149642214179039,-0.06282972962687272,-0.07863312010681611,0.15173251926898956,0.06436553597450256,0.14900346100330353,0.0528188981115818,0.2536275088787079,1.004392385482788,0.03954702988266945,-0.3491562306880951,0.9636727571487427,-0.3256375568517115,0.30211737392944366,0.858225918462186,-0.2711641389635925,0.43456592239795755,1.3567980722083541,-0.4298605863925929,0.40726815504569935,-0.0006944606883904358,-0.23185728665657288,0.39917272765625106,0.002021085201082868,-0.46471250943153014,0.24088014452990464,-0.0013055393116096076,-0.27132001708848297,0.2338210181487989,0.0007942723296416807,-0.44626916831886587,0.3160796204276849,0.3953461135226278,-0.2272105412800387,0.29435387746930386,0.39704413616912493,-0.5657098730327863,0.3746263532160392,0.736379158008781,-0.06469731204827647,0.3527233249043131,0.7056090986157804,-0.510632271834651,0.33372755694098505,0.9074151498750515,-0.11015651404289302,0.3083053507837981,0.8785832837799546,-0.4008369366805538,0.36799469614080427,1.0736905546879516,-0.20165594542176085,0.35329373792585517,1.0568679672315882,-0.4179411716886727,0.30040936743985375,0.7069788109346916,-0.29249118120155393,0.27070203620279526,0.7065903715652352
2.999999999999999,0,swing,88,-0.3275389362825081,0.29768947372213006,0.7838046840983828,0.7732537468013022,-0.02833862623398931,0.03726844501130676,0.6323658975050419,-0.1017303615808487,0.006717483978718519,0.011481630615890026,0.0921187773346901,-0.08743675589628874,-0.007853695739784672,-0.17571692168712616,0.06759681552648544,-0.034035906195640564,0.14262790977954865,-0.06920693654900867,-0.0775004584899871,0.15186583995819092,0.06636161357164383,0.19495798647403717,-0.08477713912725449,0.2566882371902466,0.9545166492462158,-0.09475988149642944,-0.35056430101394653,0.9173073768615723,-0.32590429869301785,0.304511510111054,0.8584758818888242,-0.2737788036346464,0.4490181682727269,1.3539297124832737,-0.4323000874567479,0.40880978499337145,-0.0006988821010230802,-0.2339319336406826,0.40096250827897717,0.001265336485153399,-0.4639828177871935,0.24178930148655142,-0.0013011178989768453,-0.27041343278660984,0.23492716589046816,9.687681691237376e-05,-0.4465082441307512,0.31904676101899954,0.39520223827534756,-0.22732044406642066,0.29864665751795105,0.3962248127538902,-0.559222431090488,0.4300870137152554,0.7381330622074109,-0.06832038238876895,0.41587030354652815,0.7096866786125969,-0.510151846838513,0.36098846605161855,0.9017699549795303,-0.1099918334837128,0.34251530001375713,0.8735222602928808,-0.40221427375911406,0.37409929333543235,1.0723482477137916,-0.20278283474240374,0.36314970381029266,1.0556332089476044,-0.4174058354709374,0.30589954460867713,0.7068499325184052,-0.29143797609995875,0.2784860565653542,0.7063400390659292
3.0333333333333323,0,swing,89,-0.3272731591714546,0.30159259447827935,0.7836910148687714,0.7684622399777715,-0.01986465115808845,0.027904482054543208,0.638977715764784,-0.06854616105556488,0.005173572804778814,0.014251995831727982,0.08918622136116028,-0.09224260806337559,-0.007773652626298588,-0.1351311206817627,0.0657014474272728,-0.031098347157239914,0.13482318818569183,-0.07613565961706392,-0.0765694499786117,0.15089461207389832,0.06734956055879593,0.23222282528877258,-0.22062905132770538,0.255859911441803,0.9005313515663147,-0.2266937494277954,-0.35289710760116577,0.8676354885101318,-0.3259605884669155,0.3065569309574993,0.8585150251961167,-0.276682971171227,0.45863925730674476,1.3520145738040634,-0.434409289801827,0.4095089295245535,-0.0007103069069173372,-0.2360836326376266,0.40166179483289133,0.00040790297886392907,-0.46296057347663633,0.24192465665813007,-0.0012896930930826923,-0.26963675224680506,0.23500954193216342,-0.0006942619833707718,-0.44667582728835026,0.32120550323726554,0.39505804793171145,-0.22752513715534237,0.30207391137442874,0.3952732107080483,-0.5499077299702811,0.4848545977799813,0.7476802820648621,-0.07500488992461339,0.4769376907494254,0.7220192400853298,-0.5084904005746832,0.3876284091630124,0.8986479517061542,-0.11120199698154855,0.3753950428991159,0.8714796840577234,-0.40358610620650953,0.3780452413227561,1.0713068467720497,-0.2039796178457146,0.3705349586380784,1.0547832164727444,-0.4168918510151488,0.3111021983020418,0.7066905818635916,-0.2904614805434394,0.2859256536278186,0.7059735141802532
3.0666666666666655,0,swing,90,-0.3275134254945442,0.3056348920799792,0.7834613522949407,0.7640166296816749,-0.011294067245292867,0.01926701415949341,0.6448099067014178,-0.03533098101615906,0.002131484914571047,0.01755347102880478,0.08489291369915009,-0.09663812396912652,-0.006817903673826176,-0.09494480490684509,0.06326504796743393,-0.02785775251686573,0.12646889686584473,-0.08304700559586187,-0.07573298698260555,0.14903146028518677,0.06796126067638397,0.259265661239624,-0.3503786623477936,0.2501647472381592,0.8449629545211792,-0.352829247713089,-0.3547320067882538,0.8169643878936768,-0.32639775657822695,0.30879275459919087,0.8583865362265062,-0.27962055105369604,0.46342503360284815,1.3513753256975916,-0.4363741239336062,0.4100689611996239,-0.0006852789198496106,-0.23864217900327073,0.4020292453413384,-0.0004847831551846038,-0.4620054511739687,0.24201319957906706,-0.0012293837185918671,-0.2694922347209958,0.23485504796439707,-0.001515216844815443,-0.44720547659830867,0.32321406452994467,0.3949638370022989,-0.2283343329730014,0.30519011141067026,0.39426823976742803,-0.5383585267850853,0.5363970572282666,0.7656543493943412,-0.08474321584659718,0.5332493340175141,0.7426189150087301,-0.5059114735151606,0.4131835163021882,0.8987902809482398,-0.11413730313318515,0.40616626348529905,0.8727935862042459,-0.4051634886136012,0.38023021724898354,1.070814775244812,-0.2054587152118666,0.3756399446262549,1.0544099656509502,-0.4169927621624569,0.316537480112028,0.7065410246264576,-0.2901795172322337,0.29338919799053065,0.7055312556534417
3.0999999999999988,0,swing,91,-0.32775866880547255,0.30996481189504266,0.7838852183568767,0.7590143563130768,-0.0031989333286509855,0.011168104317538927,0.6509702352505504,-0.003025597194209695,-0.00010759972064988688,0.020777953788638115,0.07979793846607208,-0.10067983561352434,-0.006363700255442084,-0.05620250850915909,0.06126834824681282,-0.02461586892604828,0.11783305555582047,-0.08962264388685504,-0.07502860885312179,0.14711308479309082,0.06873655319213867,0.27554622292518616,-0.46932002902030945,0.24095718562602997,0.7908489108085632,-0.46951621770858765,-0.3553568124771118,0.7678954601287842,-0.32679951763622583,0.3114195328674765,0.8588649743976035,-0.2826306256523651,0.463771947693199,1.3528358743621949,-0.4386733375326821,0.41057035232041217,3.9695895147000976e-05,-0.24122761465468973,0.4027087959595023,-0.0005221195325260039,-0.46114438281184017,0.2420627837012559,-0.00046174415348871137,-0.2691208306652866,0.2350154597125858,-0.0014778804674740222,-0.4478383303876608,0.3250437181989771,0.3955766215227775,-0.22909067100329242,0.30854795095296905,0.39410740880525824,-0.5261489505259264,0.5809659638215475,0.7917631432891759,-0.09689594168649646,0.5830730791463458,0.7711986603490024,-0.5027297086912303,0.4359769062182579,0.9030702701560848,-0.11839657642418562,0.43468813834262493,0.8783396714172246,-0.40673490022367065,0.38057074989227746,1.0716378679195604,-0.2069738729653126,0.3791106668060116,1.0553410876833675,-0.41716596354794444,0.3220203857047078,0.7070739392733881,-0.289977678492472,0.3010546592668545,0.7058143266032859
3.133333333333332,0,swing,92,-0.32739663019310683,0.31410873541608453,0.7840947469772541,0.755509532581886,0.004095989239869592,0.0037123637739538092,0.6551143315523305,0.02715305984020233,-0.0010850938269868493,0.023786626756191254,0.07447800785303116,-0.10436871385891311,-0.006517224322586501,-0.020021576434373856,0.05975436046719551,-0.021419664844870567,0.10912346094846725,-0.09558120853077745,-0.07415378954931162,0.1459759771823883,0.06924714148044586,0.28302672505378723,-0.5733089447021484,0.2307448536157608,0.7413181066513062,-0.5737046599388123,-0.3559657037258148,0.7231436371803284,-0.32657342007222334,0.3140093549855113,0.8590901631613577,-0.284505331601524,0.46033357750478854,1.3550802736747811,-0.44006137959597935,0.41137351261082394,0.0005447300161852582,-0.24238943306777674,0.4028498402504244,-0.0005597471017386134,-0.4602016336150741,0.24257137535310058,8.797486179553185e-05,-0.2681256182534238,0.23481153068491978,-0.0014402528982614196,-0.4478254187919274,0.32710089811179227,0.3959752184186854,-0.22904710326227795,0.3111316901931512,0.3939532886278848,-0.5129718901688932,0.6170112458832753,0.8220575711751045,-0.10788611486996906,0.6228339901934249,0.8042991864809329,-0.4984217288042518,0.4556345942724882,0.90983816882243,-0.1221291570105606,0.4586404284204934,0.8867441634478048,-0.40743458583106384,0.3796438209412466,1.0726370214098782,-0.20765069934964564,0.3804382580290113,1.0565761225529213,-0.41669839329373626,0.3275515198913575,0.707378843612972,-0.2892684638228279,0.30812917019095093,0.705958537601108
3.166666666666665,0,swing,93,-0.3281579901231453,0.31855887779965997,0.7841961541378919,0.7508713694667872,0.010630258608337521,-0.002990377047837161,0.6603561476673805,0.05386107414960861,-0.002146744867786765,0.026904083788394928,0.06932667642831802,-0.10687905467533865,-0.00617831406862468,0.012693122960627079,0.05782872810959816,-0.01805300824344158,0.10047011077404022,-0.1002228408139203,-0.07250591843444953,0.14514277875423431,0.06988558173179626,0.28591954708099365,-0.6619277000427246,0.22113357484340668,0.697634756565094,-0.6625747084617615,-0.35717785358428955,0.6855600476264954,-0.3274418349060185,0.31706537719369826,0.8591778624249466,-0.2877248306557918,0.4561222594346558,1.3574556822473025,-0.44237950469859233,0.412649238208926,0.0009126892149985202,-0.24422535202398238,0.40409729628877983,-0.0005965257118618721,-0.4596323417372247,0.2435274821732775,0.0004988661405318021,-0.26722749433014475,0.2356625899978188,-0.0014034742881381193,-0.4487273003158118,0.32923768915135704,0.39627477525000115,-0.22976965616128603,0.314463998738308,0.3938489295978428,-0.5037764333175335,0.6437780644974732,0.8532700546065155,-0.12054632597133122,0.654222763324869,0.8376173960675755,-0.49615616609228186,0.4714269305239469,0.9180510884792739,-0.12757007573142906,0.47975439215814586,0.8965327472581284,-0.40932808043882285,0.3782897914232174,1.073639922157867,-0.20955878897078825,0.38199356135738494,1.0578065026082504,-0.41744211230358624,0.33285853869231774,0.7075785185364708,-0.28973291268319445,0.3153854481109707,0.7060449754525737
3.1999999999999984,0,swing,94,-0.3286338140023872,0.322297400329262,0.784118557934258,0.7470628117707818,0.015762187156136243,-0.008061150630179925,0.6645176646077258,0.07597596943378448,-0.0029901049565523863,0.030031155794858932,0.06426572799682617,-0.10919647299293422,-0.005954775972268789,0.040927495807409286,0.05756404995918274,-0.015091894194483757,0.09193279594182968,-0.10483623609741377,-0.07250458357307832,0.14468158781528473,0.07069068402051926,0.2814944088459015,-0.7421666979789734,0.21502189338207245,0.6562491655349731,-0.7393326163291931,-0.3613545298576355,0.6552766561508179,-0.3279660041110549,0.3197275822021612,0.8590715436302439,-0.28962592183857083,0.44968284454125007,1.3599002224578294,-0.44417127802675516,0.4132246561622259,0.0011201847639028956,-0.2464551770506847,0.40413170393238806,-0.0006340584540932767,-0.45898407794628454,0.24387164397361116,0.000748403663150838,-0.2671865831825365,0.23540211806513073,-0.0013659415459066904,-0.44931906507890573,0.3306383492039453,0.39641771605818243,-0.23060208430983423,0.31647224651754496,0.3936927338825233,-0.4953439685915133,0.664262192339285,0.8864119484357424,-0.1305362854769607,0.6770740421300012,0.8703133961856373,-0.49390546750418174,0.4847166906648798,0.9278957735640506,-0.13177424148418568,0.49653786320161186,0.90725550991819,-0.41043324073648707,0.37595104920407996,1.0746532362042585,-0.2107145402614576,0.3820327390394557,1.0589166981697424,-0.41794205136184626,0.3372522259034246,0.7076061039716085,-0.2900256300659268,0.32138612650244064,0.7059736404208874
3.2333333333333316,0,swing,95,-0.32850026979576796,0.3265142203308642,0.7838390591044649,0.7431783210151496,0.01991081712466885,-0.012874260099640532,0.6686731607903953,0.0949036106467247,-0.001993997022509575,0.03272337093949318,0.05982643738389015,-0.11065278248325416,-0.0063282604221217564,0.06483636051416397,0.059769801795482635,-0.012776019051671028,0.08375989645719528,-0.10722546337472272,-0.07382857229216444,0.1424146145582199,0.07173459976911545,0.26909661293029785,-0.8187926411628723,0.2108205407857895,0.6142913103103638,-0.8052677512168884,-0.36738890409469604,0.6315050721168518,-0.3279383760934417,0.3230033263557019,0.8587547310227122,-0.29069619824952053,0.44046926245199836,1.3627196891318583,-0.44544021262902106,0.4148663028911532,0.0009618626473035415,-0.2484742876273512,0.40605819027209367,-0.0006705729643863463,-0.4578321215248041,0.24531888174412778,0.0006263387110800149,-0.2669345584622103,0.2370647456891263,-0.0013294270356137144,-0.44923004831982266,0.3327945463569409,0.3962213192273288,-0.23087166138208573,0.31956477875929457,0.3935730693052766,-0.48641568595836104,0.6802869676526472,0.9230201226414856,-0.137829191228078,0.6937615167935767,0.9029593248686534,-0.49109718321688034,0.4968253156020951,0.9397374793245464,-0.1346246460104705,0.510229350717579,0.9192454880008575,-0.41084591706317686,0.3729018868232329,1.0756738322912995,-0.21117992922897166,0.38099045505982526,1.060173726934465,-0.4177845103688738,0.34189894581031227,0.7073296332131804,-0.2896809793854278,0.3276221433738095,0.7057597733776673
3.266666666666665,0,swing,96,-0.329309641267173,0.3299326659180224,0.7836419027590114,0.7403173107151685,0.022782244244083462,-0.016404173025169937,0.671671163524253,0.1089894250035286,-0.00012845803576055914,0.035207349807024,0.05573776364326477,-0.11125207466662923,-0.007363905502032364,0.08103237301111221,0.06309742480516434,-0.01077729370445013,0.07474883645772934,-0.10466652921644148,-0.07610987336879094,0.13432356715202332,0.0732199102640152,0.25288036465644836,-0.8870906829833984,0.20498314499855042,0.5742987990379333,-0.85941481590271,-0.3741776943206787,0.6124347448348999,-0.3288359587810804,0.32575002095202665,0.8585236836271958,-0.2909164007631745,0.4301681404322648,1.3652801916989663,-0.4476960259696517,0.41637955263471216,0.0008234534390832403,-0.251482268335495,0.40940104711003045,-0.0007108074884757398,-0.4582144217102843,0.24670553611597917,0.0005210142812570144,-0.26818458966359915,0.24022451820303964,-0.0012891925115242064,-0.4501865764497842,0.33453259620798104,0.39607357156581774,-0.2322129190546248,0.32231192368048234,0.39360146964967396,-0.47546067419017857,0.6911423910019281,0.9586538133217842,-0.14131737575358164,0.7029810500514717,0.9324198315773844,-0.48739655752957506,0.5073645167337774,0.9521122674374952,-0.13612960314982267,0.5187805288442956,0.9307407822676729,-0.4114087895556406,0.36994107992486946,1.0767478459638413,-0.2117491468374053,0.3782100915389841,1.0612612253979372,-0.4185638911127352,0.3456245207678657,0.7071117567354614,-0.29033976100899095,0.33246728484201854,0.7056321337815716
3.299999999999998,0,swing,97,-0.3291547884000465,0.3334385217167437,0.7837457023986911,0.7380220533750582,0.024351281460330738,-0.019973080433730698,0.6740412004330967,0.1205810084939003,0.0028074500150978565,0.037410542368888855,0.05266827717423439,-0.1121777289165724,-0.007491693609010364,0.0879468098282814,0.06404869258403778,-0.00822537299245596,0.06376080214977264,-0.0924493138917144,-0.07389349764308284,0.12544696033000946,0.07407225668430328,0.24127498269081116,-0.9357843399047852,0.20024661719799042,0.542209267616272,-0.8996726870536804,-0.3809793293476105,0.5967075228691101,-0.32890380942699476,0.3287233524381088,0.8585969160710752,-0.29138716858325137,0.4233162458342658,1.3672959739003259,-0.44798403538100967,0.4181171411170143,0.0007527664905436077,-0.249988949983406,0.4176048147375585,-0.0007552487056461388,-0.4569567821248832,0.24835433016741912,0.00047377838636225925,-0.26511568342286435,0.24827985401803784,-0.0012447512943539324,-0.44966348890443475,0.33662450750626766,0.3959782528984599,-0.2310045501764213,0.32672997031591994,0.3940665434422127,-0.46600946358113243,0.6973460875526335,0.9854292167874534,-0.14213486299463324,0.7085646887667217,0.9558844914304616,-0.4836949062065317,0.515471411323111,0.9615882547741833,-0.13605606158359992,0.5250246624816524,0.9405329075105724,-0.41162583235784067,0.36886391628192683,1.0775128883868428,-0.21191708781910584,0.37677579253899174,1.0624794433772906,-0.4182272478077388,0.34938803938578555,0.7070127509413732,-0.28992657185740817,0.33695541043773997,0.7058844493930488
3.3333333333333313,0,swing,98,-0.3296172310365364,0.33571175346150994,0.7837161281660356,0.7357421783872842,0.025901707730223877,-0.022440515101352313,0.6763940950071767,0.12979952991008759,0.004813736770302057,0.03982485085725784,0.05051594227552414,-0.11334080837762195,-0.008083529152326796,0.0981932207942009,0.06360408663749695,-0.005403921473771334,0.056180257350206375,-0.08880039364932579,-0.07175782166709055,0.1199650913476944,0.07406546175479889,0.2338142991065979,-0.9652832746505737,0.19854682683944702,0.5166977047920227,-0.9251023530960083,-0.38695627450942993,0.5843936800956726,-0.3294658317323579,0.33057641184558095,0.8585399568888322,-0.2925465978798132,0.41838174778928344,1.3684896075119677,-0.44933839593851715,0.4186698005446236,0.0007156550027955268,-0.2496781219217852,0.4202838225716997,-0.000786171322235709,-0.45675452844784636,0.24883184459692978,0.0004516510003999587,-0.2632780606023957,0.25082923049149114,-0.0012138286777643899,-0.4500377849454408,0.3375948561060279,0.3959015400958775,-0.23072178676348176,0.32851937982986595,0.3942359774824244,-0.46179357998281695,0.6991486120785187,1.0034798723183094,-0.14382556532499505,0.7115150179041461,0.9718349132864049,-0.48261904543380757,0.5195474328354734,0.9678529077068633,-0.13677474975992934,0.529025970633248,0.9471854136931993,-0.41244031961183925,0.3676611847550715,1.0778875616065302,-0.21271888913226328,0.3758598560045597,1.0631798460485409,-0.41863863318880745,0.3517450800656527,0.706902919459806,-0.29025594103896696,0.3401769650330893,0.7059392887139229
3.3666666666666645,0,swing,99,-0.32969698205124587,0.3383041978813708,0.7835437500270738,0.7342849002478582,0.026799414415087423,-0.02386128435642215,0.6778924072180357,0.13711833953857422,0.0058359564282000065,0.04245203733444214,0.048906005918979645,-0.11563133672697123,-0.00822449703111161,0.10891499370336533,0.06371710449457169,-0.0028395699337124825,0.05029570311307907,-0.08986133097440585,-0.07079722027258528,0.11837401241064072,0.07336204499006271,0.22689451277256012,-0.9787437319755554,0.19925028085708618,0.495596319437027,-0.935492753982544,-0.3918837904930115,0.5765185356140137,-0.32960006123928043,0.3329261295565449,0.8583506146014543,-0.29354416103738007,0.4154665824719344,1.3692316493595678,-0.44992057950639464,0.41905048149168644,0.0006357909179459768,-0.2497135748038709,0.4205650402757511,-0.0008110455192333471,-0.4561664901420618,0.24916544965815157,0.00038170579427497867,-0.26224909606118046,0.25102826582364485,-0.0011889544807666859,-0.44998178939371086,0.3387899230159873,0.3957356175207356,-0.23049895168677217,0.3294317374119167,0.39423030623006095,-0.46051175829177043,0.6997288682594573,1.0147637784257928,-0.14469994415933077,0.7136759988319417,0.980937561264096,-0.4827122453836511,0.522009314194441,0.971376422203236,-0.1370091424919849,0.5319957749151708,0.9510592746426441,-0.4129559464295518,0.3674649995476896,1.0779700785063038,-0.2132323686724365,0.3762118385359856,1.0636114505909926,-0.4186918119473986,0.35440059471269364,0.7066804058771682,-0.29025457040448494,0.3434524423319612,0.7058136473810553
3.3999999999999977,0,swing,100,-0.33022579445969313,0.34051561960950494,0.7834260201398162,0.7327840750693818,0.027512905780041008,-0.024581127521491664,0.6794603060591703,0.14270049333572388,0.005962936673313379,0.04525928571820259,0.04770955815911293,-0.11791100303487356,-0.00811852672648583,0.11716607213020325,0.0642530620098114,-0.000522291986271739,0.04486323148012161,-0.0902110706589172,-0.07097560051571916,0.11995597928762436,0.07230111956596375,0.2199205458164215,-0.9767776131629944,0.20098932087421417,0.4797133803367615,-0.9319266676902771,-0.3957459330558777,0.5738648176193237,-0.33012360417166037,0.33498618166297534,0.8582218413676128,-0.2950891058429534,0.41295363086180015,1.3698827856574003,-0.45087928632560037,0.4190568632471841,0.000676326893673522,-0.2509405521024878,0.42102609792430007,-0.0008344303175775759,-0.45591069330920414,0.249131516572799,0.0004283322255957435,-0.26240021915202716,0.25141310792107324,-0.0011655696824224848,-0.4503829189871426,0.3396055102637601,0.39568753344718915,-0.23106953843931805,0.33024238235470077,0.3942162325548778,-0.46310489099285973,0.6985815961217511,1.0200489800127934,-0.14621251287377676,0.7150173452528041,0.9841078519553327,-0.4848045505911692,0.5218393909010116,0.9726055202823352,-0.1379065024113145,0.5336313288412269,0.9526485537319994,-0.41393140247685284,0.3669469665049161,1.0780668771204882,-0.21424219146151724,0.37688827837402905,1.0640107673317225,-0.41926060305014456,0.35652113828733534,0.7065639945229003,-0.29077188975157714,0.34619801346099355,0.7057082219339871
3.433333333333331,0,swing,101,-0.33063366904389113,0.34229216584935784,0.7832566426157128,0.7321862089077857,0.027227413378855807,-0.02496951850714319,0.6801018648639796,0.14526593685150146,0.005847000516951084,0.0480697825551033,0.046986259520053864,-0.11958732443845022,-0.006803280186462368,0.12289134413003922,0.06454578042030334,0.0016950358403846622,0.040173713117837906,-0.09069589937705502,-0.07001846646050636,0.12315065413713455,0.07150057703256607,0.21354687213897705,-0.9583070874214172,0.203510582447052,0.4719763696193695,-0.9152025580406189,-0.3988470137119293,0.5766472220420837,-0.33059840741583346,0.3367545629471039,0.8580519212816455,-0.29680621541616253,0.4114094234933541,1.370283509013885,-0.45062056220648766,0.4192881003332991,0.0004965284031589572,-0.25098696754149113,0.4207960772600391,-0.0008538726439278055,-0.4548871317635607,0.24934182749514064,0.00025008848580257426,-0.2618319176344185,0.25114260206820826,-0.0011461273560721616,-0.4502293754565843,0.3404378937057437,0.3954432106893801,-0.23112017069283528,0.33036613574728413,0.39422684442245715,-0.4678200277192686,0.6968494146696335,1.0177864568798682,-0.14630249687579555,0.7151612022682453,0.9811266047294611,-0.48769774559809437,0.519760457098706,0.9708403000346035,-0.13818898249811265,0.5334004089034875,0.9518563282697993,-0.41494556303428465,0.3667796784795814,1.0779687650920975,-0.21527839521764594,0.3776903734349665,1.0643245820211784,-0.4196125792410113,0.358217153037434,0.706300919651075,-0.2910997303063216,0.34819357232386355,0.7055731969602278
3.466666666666664,0,swing,102,-0.33126041188370436,0.3434476316906512,0.7832434574936646,0.7313797861250517,0.026984821680805682,-0.024472055055650116,0.680996730071358,0.14531104266643524,0.005314804147928953,0.05091001093387604,0.04676870256662369,-0.12048012028286115,-0.006267239317314988,0.12582926452159882,0.06431068480014801,0.0038726034108549356,0.03639459237456322,-0.0905821774038893,-0.06979071115875313,0.12512606382369995,0.07167962193489075,0.20835080742835999,-0.9238894581794739,0.2064669132232666,0.4747999906539917,-0.8857841491699219,-0.4012066721916199,0.5849846601486206,-0.33118868054367256,0.33798740030356805,0.8580443981816959,-0.2973540076346247,0.41055127392326846,1.3705713861275859,-0.45125846297629046,0.4193996585795048,0.0005590695453031105,-0.25187795940215146,0.42063258496875044,-0.0008694516763692352,-0.45464353474399927,0.2494335470270009,0.0003096445079260497,-0.2619912754124725,0.25093387351867424,-0.0011305483236306903,-0.45064691214490304,0.3408597143673514,0.3954686166112956,-0.2317016102639647,0.33032674413975727,0.39423688034769977,-0.4744573615522917,0.694157560979346,1.0084519478695055,-0.14494486748874866,0.7138230234353555,0.9718853994206138,-0.49114697254808154,0.5153913582804545,0.9669348928005808,-0.13783202880428216,0.5311733393511453,0.9484746191270174,-0.415500307015051,0.3666519398351323,1.0781488672973514,-0.21588780586584874,0.3784279109938867,1.0644244078097094,-0.42030127604705453,0.359078668497559,0.7062989079503796,-0.2917596455033368,0.3494376894937023,0.7055378811395291
3.4999999999999973,0,swing,103,-0.331916629220359,0.3445110381580889,0.7832677334993088,0.731710806062253,0.026168397355727936,-0.02379792701832821,0.6806968267453515,0.14412003755569458,0.004321940243244171,0.053790345788002014,0.046748120337724686,-0.12144899564772116,-0.004780705706775024,0.12603263556957245,0.06350482255220413,0.006012256257236004,0.03357882425189018,-0.08982204530528182,-0.06850680957385624,0.12428337335586548,0.0733015313744545,0.20437583327293396,-0.8757491111755371,0.20943062007427216,0.48898574709892273,-0.8442030549049377,-0.40230920910835266,0.599297046661377,-0.33185669751837943,0.33920900727903736,0.8580800645467282,-0.29688631697760254,0.41072700258821904,1.370681159789382,-0.4510261793462368,0.4197237418241393,0.0005928252894721736,-0.2517881350909256,0.42073753985344137,-0.0008799388566486516,-0.4540949542428041,0.249751632462278,0.00033854254593387867,-0.261733348610674,0.25102886279379877,-0.0011200611433513398,-0.4508012939603973,0.3415201547439784,0.3954625274275597,-0.23199758180734084,0.3302629055121837,0.39429311644797377,-0.48088586004779654,0.6913506688412429,0.9923901136844802,-0.14032378782995342,0.7100128281684611,0.9566261214063342,-0.49402348982235816,0.5102235467327321,0.9610862397267215,-0.13597109274826802,0.5263028214351698,0.9427967441337297,-0.4156448986027903,0.3675654487847426,1.078396865525504,-0.21603562560007067,0.3789879811573092,1.0643309924447677,-0.4209384978494547,0.3600291457704143,0.706284087300532,-0.2924029735799486,0.3503064737337407,0.7055531078376043
3.5333333333333306,0,swing,104,-0.3327682603849098,0.34516421565786004,0.7834837189211621,0.7324924006520099,0.02550112684010924,-0.021724496630246202,0.6799504553738474,0.14170297980308533,0.0023010859731584787,0.05686120688915253,0.04646921157836914,-0.12271154397309791,-0.004462934481715641,0.12369880080223083,0.0625171884894371,0.008017903193831444,0.03147364407777786,-0.08909394130091064,-0.06922767920072281,0.1209760382771492,0.07600203901529312,0.20211145281791687,-0.8152124285697937,0.2129281759262085,0.5154107809066772,-0.79127436876297,-0.4015444219112396,0.6196476221084595,-0.33255428926723485,0.3401465712086181,0.8583153797375691,-0.2944011443189907,0.4122916306014886,1.3706093111805004,-0.4519233357516086,0.4193416440720447,0.001089051423603684,-0.25332330619496324,0.4204801980515712,-0.0008882911315031931,-0.4548646855882795,0.24936728523386087,0.0008325388768441952,-0.26332300620161536,0.2507746999547454,-0.0011117088684968607,-0.451747872130861,0.34157369847472246,0.3959050759268074,-0.23330938751048066,0.3297689690703993,0.39429770483474436,-0.4878510893254848,0.6869898845434009,0.9702253760581219,-0.13352680996601551,0.7032136792274519,0.9350475710659715,-0.49657157776210087,0.5036177321564301,0.9541576750849105,-0.1331531743931966,0.5189333069974946,0.9346364610865223,-0.4149213283889036,0.3692781454171108,1.0790250961863794,-0.2153303275550617,0.3796065271955936,1.0638942728121132,-0.4219317732393715,0.36051487057167403,0.7066420363387788,-0.2934184903115902,0.3505236748148753,0.7056643231705862
3.5666666666666638,0,swing,105,-0.3332291831029579,0.3458063961006701,0.7833522241590872,0.734002747510423,0.024033795772699724,-0.020136469553549696,0.6784223359396603,0.13896091282367706,0.0009217193583026528,0.0597095713019371,0.045902058482170105,-0.12380245776662702,-0.00303683015302314,0.12266746908426285,0.0634148046374321,0.00938492827117443,0.031223095953464508,-0.0920435913036366,-0.07017906484956704,0.11702602356672287,0.07897068560123444,0.20286911725997925,-0.7431223392486572,0.21850787103176117,0.5547794699668884,-0.7271145582199097,-0.3982631266117096,0.6463748216629028,-0.33300045711913595,0.34111111067431565,0.8582047590472885,-0.2922743368255653,0.415631616675153,1.3699703835876627,-0.4513526912748944,0.41914543079203315,0.0010226788690040935,-0.25426852204087486,0.4183632023328894,-0.0008889506928073838,-0.4545665049888713,0.24917600463112044,0.0007666086795958989,-0.26478548827822024,0.24868897301868853,-0.0011110493071926873,-0.4518111141272117,0.34176702917601137,0.39579432159097955,-0.23413593911584302,0.3286002590506423,0.3941822549401273,-0.4965202082151188,0.6797890907974145,0.9413016352206408,-0.12546759935002405,0.6926945417952334,0.907856096479848,-0.4994315932154479,0.4955762741664059,0.9453914066590456,-0.12998460566276396,0.5092448730102105,0.9247492868476908,-0.41420366223009175,0.37206586088482835,1.0790547710150389,-0.21459375504946865,0.3807233295559862,1.06314508555143,-0.42236874489578835,0.3611380646542428,0.7064917804355565,-0.29389652186758164,0.35063574046940477,0.7054936662488704
3.599999999999997,0,swing,106,-0.3332712937844917,0.3461071909405291,0.7828415345327857,0.735973886810373,0.022196451901922442,-0.017903346125901783,0.6764090668032874,0.13590100407600403,0.00023888023861218244,0.062319740653038025,0.044700879603624344,-0.12530239180179858,-0.0027616716259454277,0.12603828310966492,0.06421112269163132,0.010571547783911228,0.03423256799578667,-0.1042836103067728,-0.07157891694336038,0.11292309314012527,0.08139215409755707,0.20921263098716736,-0.6591300964355469,0.22690215706825256,0.6077069640159607,-0.6513670086860657,-0.3931242525577545,0.6805225610733032,-0.3329956708721719,0.34184029174672886,0.857719552690855,-0.2897513236261236,0.42233150092824906,1.3683840601693429,-0.45104743235192946,0.41813432372110704,0.0006571840881286067,-0.2552597242967215,0.41100953805581775,-0.0008767372744344776,-0.4547876767935558,0.24817565725829105,0.0004076531318894898,-0.26661774449495224,0.2413895669369116,-0.0011232627255655138,-0.4518336479396566,0.3412959875609877,0.3953676089678654,-0.234847311738571,0.3253161204392829,0.39373528001195773,-0.5073816451793559,0.667318093936536,0.9053469297511629,-0.11636932910326336,0.6769812161254817,0.8741137405455205,-0.5026411222540478,0.4855048752341037,0.9350293344991666,-0.1264905323632226,0.49709152371997206,0.9128025504909025,-0.41306674802605026,0.3763433810160134,1.0784271184664516,-0.21344275700998594,0.3829999223581573,1.0617496615806241,-0.4224051325409938,0.3614204740597321,0.7059847919187818,-0.2939813449484429,0.3503531592420234,0.704913654949565
3.63333333333333,0,swing,107,-0.33316218748223037,0.346538579557091,0.7826168723958531,0.7388068705744518,0.018881294258597938,-0.015481629507857673,0.6734747388483749,0.13155336678028107,-5.377739580580965e-05,0.064768947660923,0.04234549030661583,-0.1266768477999749,-0.0010615155186661784,0.12122936546802521,0.06343787163496017,0.011983929201960564,0.034942999482154846,-0.10828064871202536,-0.0693324527019572,0.10724074393510818,0.08222151547670364,0.2207980453968048,-0.5611836910247803,0.23576262593269348,0.6736361384391785,-0.5634546875953674,-0.38686585426330566,0.7224786281585693,-0.3329704664114551,0.3428821621100897,0.8575274447770883,-0.2885365466976897,0.43312621743944185,1.3664665378086385,-0.4493253778833064,0.4169274138324337,0.0003678544285295633,-0.2533081096113267,0.40755675899796434,-0.0008714055618609072,-0.45404965951036175,0.24699322870899165,0.00013571322152957158,-0.2658711071369779,0.23802179225938147,-0.0011285944381390772,-0.4511569975195155,0.34062952996477086,0.395027346807825,-0.23423827977058148,0.32314502687732827,0.39364753612827097,-0.5195381557735244,0.6472662207580282,0.8633724626397156,-0.10586488840732035,0.6536386007372716,0.8362565101308672,-0.5060907392910926,0.47365330578302756,0.9236823867650149,-0.12292786320750888,0.48187911840022385,0.9008095838179164,-0.4125084041747182,0.3830056319144891,1.0774759937245437,-0.21281989900292236,0.38677066226595813,1.0606679495579494,-0.4221275613412983,0.3618416965389781,0.7055824838489195,-0.29379882139030167,0.349706891549,0.7046943163647579
3.6666666666666634,0,swing,108,-0.333402841235511,0.34703279146924615,0.7827547526567543,0.7417328151351041,0.015851430794438032,-0.012320315810939175,0.6703949380117971,0.1261577159166336,-0.0009059251751750708,0.06727361679077148,0.039074838161468506,-0.12669404871155998,-0.00015433667583208965,0.11146311461925507,0.06262030452489853,0.013264125213027,0.0348360575735569,-0.10714105234927684,-0.06830366301948165,0.10046879202127457,0.08265339583158493,0.22963377833366394,-0.4486810564994812,0.24181292951107025,0.747791588306427,-0.46204254031181335,-0.3794777989387512,0.7724111080169678,-0.3331795907702559,0.3440302409080304,0.8576942939507675,-0.28663790796770205,0.4427320135924573,1.3648809869782372,-0.44861334363931615,0.41627950305344597,0.0005451318226986149,-0.2524911247216264,0.407068232507824,-0.0008697580944331713,-0.4543719538151392,0.24637719003698816,0.0003391208994212337,-0.2662873346043571,0.23762916752853486,-0.0011302419055668929,-0.45123495722984064,0.34007189195049303,0.39521570993731,-0.23443413436540136,0.32214675310520924,0.39371519550610423,-0.5323290296493323,0.6161921307206931,0.8223350254027065,-0.09538589580428036,0.6204632981220359,0.7982103811274361,-0.5093337819229687,0.4581794823134895,0.9143284258698743,-0.11987592670518313,0.4626496558536277,0.8901595894145105,-0.41177183756702246,0.38934322607098243,1.0769786317608667,-0.21207624532899466,0.3899215094447457,1.0598461792498306,-0.4223131819506784,0.36228080125302414,0.7056690251595041,-0.2941034467719428,0.34894369856257784,0.7047962893108132
3.6999999999999966,0,swing,109,-0.3332275439752266,0.3487919927574694,0.7828423797073725,0.7450918005848439,0.012159016010260693,-0.008405306083367451,0.66679810877097,0.12007812410593033,-0.0017942329868674278,0.0696750208735466,0.03535160422325134,-0.1275641246153989,0.0007071573959144262,0.0999036431312561,0.06217202544212341,0.014317285269498825,0.03521721437573433,-0.10673801172064312,-0.06763961822940412,0.09511338174343109,0.08419422060251236,0.22955061495304108,-0.3236180245876312,0.24450518190860748,0.825288712978363,-0.3478560447692871,-0.3694944679737091,0.8288166522979736,-0.33295081133982135,0.3465923589576011,0.8578096060812685,-0.28341264818364953,0.4499697652490162,1.3637850090565684,-0.44749164218274184,0.41613022019053547,0.0007449520006518814,-0.2514441809299167,0.40725562391059,-0.0008663187778134435,-0.4545294916576781,0.24627605369530517,0.0005694556226396238,-0.2667366807145599,0.2379450572950949,-0.001133681222186645,-0.4509827913351329,0.34033004650869797,0.3953907455463783,-0.23438970192101263,0.32204375458576695,0.39374636007390845,-0.5443888861271549,0.5753217342893684,0.7871176326232365,-0.0860857995898601,0.5784466921733311,0.7632784473973495,-0.5115098009925979,0.4402433377661029,0.9080819114727637,-0.11739782038842403,0.44078394196282183,0.8817186802667482,-0.4101610437125829,0.3954180829999257,1.076808377073535,-0.21052928488343317,0.39279321510207854,1.0591319567543906,-0.4220860343832377,0.36393251784222264,0.705700567558341,-0.294029269389695,0.3491935083735056,0.7048507865904468
3.73333333333333,0,swing,110,-0.33328646316658705,0.3500672639347613,0.7829310186582445,0.7489816192511182,0.007873994701394379,-0.003941767315442375,0.6625322608762885,0.11178435385227203,-0.0023154672235250473,0.0718635618686676,0.03156191483139992,-0.1277552425300068,0.0014580309218836796,0.08601658046245575,0.061662737280130386,0.015269795432686806,0.03591914474964142,-0.10597091134010794,-0.06665226773157251,0.09156613051891327,0.085981585085392,0.21664965152740479,-0.19093510508537292,0.24241212010383606,0.9009204506874084,-0.22544445097446442,-0.3556618094444275,0.8876276612281799,-0.3329467935298353,0.3487909101378453,0.8579193880599255,-0.2803110868807979,0.45081117285699757,1.3638537398825354,-0.44656186995113856,0.41592015456975573,0.0008880463288289293,-0.2503118188186862,0.4069718648856922,-0.0008612268314676305,-0.4551994511028054,0.24613979233619127,0.0007438530972852346,-0.267399839558211,0.23783309784739215,-0.0011387731685323574,-0.4510309215715942,0.34030886877892685,0.39553898329034554,-0.23454370286661322,0.3213301873723197,0.3937983655312937,-0.5546196086389797,0.5262274753260239,0.7615848767343335,-0.08028880929016904,0.5282202639815521,0.7356469662462024,-0.5128530687703584,0.41910003286825226,0.9055947077321782,-0.11684835513579214,0.41541091695917276,0.8767037457221079,-0.40869873364277653,0.3984690901654534,1.0771944514439382,-0.20918392793332874,0.39262656162592713,1.058976546433041,-0.4220807351852901,0.3650709595467025,0.7057204876321382,-0.2942200542064744,0.3487102756687853,0.7049264712217287
3.766666666666663,0,swing,111,-0.3333882678998634,0.3520508767105639,0.782981982610839,0.752509139314305,0.0030962498946475034,0.0010361618892064572,0.6585737125436858,0.10137872397899628,-0.002958889352157712,0.07393274456262589,0.028085127472877502,-0.1276065917920628,0.0025661014477208477,0.07008098065853119,0.06192232295870781,0.015937533229589462,0.03686203435063362,-0.10482550086849951,-0.06623447213139921,0.08905820548534393,0.08645451813936234,0.18926818668842316,-0.05605451390147209,0.23546093702316284,0.9698648452758789,-0.09889630973339081,-0.33883288502693176,0.9451221823692322,-0.3329654433879357,0.35180374160639105,0.8579803835516083,-0.27843257513096054,0.44558923973237785,1.3652978028777194,-0.44552694279238886,0.41647087038376485,0.0009570080423207741,-0.24960287441965345,0.40767918610991954,-0.000855402033473826,-0.4556257642757096,0.24677113426362132,0.0008413992117928398,-0.26835358144497157,0.23871668331192297,-0.0011445979665259051,-0.4510457482264596,0.3409393793548407,0.3956263609355134,-0.23486945145584576,0.3214794070661793,0.39384973962564046,-0.5618179475160539,0.47455488857565625,0.7463572270943397,-0.07863169006026338,0.4750114889734862,0.71718968852464,-0.5132021200142898,0.3969754197057306,0.9062868726587163,-0.1183559703068875,0.3892699456829707,0.8753982013082966,-0.4077963742487748,0.39912113752510453,1.0780655761608164,-0.2084080258407615,0.39041983133991176,1.0596059258446195,-0.42215280604797367,0.36667128533420623,0.705700574849173,-0.29449139599427904,0.348813194052622,0.7049889971173083
3.7999999999999963,0,swing,112,-0.3335474123014137,0.35338551411405206,0.782917628188362,0.7559567605643667,-0.0023356380845245047,0.006257314964773251,0.6545874784634965,0.09007397294044495,-0.003216932527720928,0.07571912556886673,0.0250969510525465,-0.12832451071372564,0.00405033651600939,0.05302825942635536,0.06253831833600998,0.016417186707258224,0.038039177656173706,-0.104051736984627,-0.06537440068393618,0.08724462985992432,0.08513831347227097,0.14932116866111755,0.07662171125411987,0.2247527837753296,1.0295753479003906,0.02795603685081005,-0.3203260898590088,0.998299777507782,-0.3330672052854764,0.3542647543277977,0.8579109368089874,-0.2785569860102957,0.43385486452337774,1.3676624111702098,-0.44429377463075115,0.415830259767876,0.0008890738952897874,-0.24862158477093532,0.4074204959821129,-0.0008484044748455349,-0.4558825147001324,0.24622574107058515,0.000797744466268787,-0.26904690998673947,0.2386522698107875,-0.0011515955251544183,-0.4509898971430703,0.3406916051863856,0.3955354044435445,-0.2350857539368988,0.32081611420976774,0.3938979167931113,-0.5654220117170821,0.4232498608273397,0.7392997179471521,-0.08077635836900025,0.42068677721823455,0.7074002217227443,-0.5127224062568243,0.37399033366312456,0.9088751134857125,-0.12182713739290693,0.36201000397927424,0.8771984373434101,-0.40783853233241985,0.39652522481759866,1.079063365971361,-0.20856303378338428,0.3850933847096797,1.060876183402852,-0.4222555236157668,0.3674923498150601,0.7055119736921808,-0.2948097128837783,0.3481431729654295,0.7049889626285961
3.8333333333333295,0,swing,113,-0.33330780162941664,0.3550951541401446,0.7828610974312035,0.758650224362162,-0.007515847685030896,0.011427762338932366,0.6513545542611501,0.07843981683254242,-0.0021314448677003384,0.0769616886973381,0.022758711129426956,-0.12886263960934752,0.004006218737188538,0.03576599434018135,0.0634055957198143,0.016734715551137924,0.03937838599085808,-0.1028134206990643,-0.06495080832894573,0.08641131967306137,0.08274207264184952,0.10134157538414001,0.2040625959634781,0.2117779701948166,1.0796736478805542,0.15098293125629425,-0.3013274073600769,1.0449447631835938,-0.3327416727028751,0.35706696782669434,0.8578330351734285,-0.2796771970231227,0.41811805229911025,1.3703456470095083,-0.443757236379051,0.41577818649893716,0.0008408889992643602,-0.24761958810979373,0.4081392296190564,-0.0008409408449502158,-0.4565487381358589,0.24626012801427824,0.0007678794290545965,-0.2693717307496616,0.23953690730018787,-0.0011590591550498935,-0.4509528085788161,0.340916389011488,0.39547133960508124,-0.23497124734582295,0.32098789156768703,0.3939516420895449,-0.5656237615448542,0.3751416538437002,0.7382487302920446,-0.08604900774693115,0.36998038167576064,0.7042737685164334,-0.5111116440140745,0.3515209589814597,0.9126908582907121,-0.12643377154231963,0.336320282078237,0.8808966230750765,-0.408109764429442,0.3920488829062253,1.0801352007015295,-0.20892305640083078,0.378526631620747,1.062415466931037,-0.42201949424997853,0.3685256538160312,0.7053717639511696,-0.29476204275197926,0.34796376723726685,0.7050125129250568
3.8666666666666627,0,swing,114,-0.33253922953736037,0.35560486325994134,0.7826564441992265,0.7619610488322698,-0.013175669257118477,0.016473303039562858,0.6472792226613033,0.065492644906044,0.0004044871311634779,0.07763543725013733,0.020893365144729614,-0.12897976632598884,0.003594882035635072,0.018039029091596603,0.06520979851484299,0.01673954539000988,0.040783170610666275,-0.101626403351603,-0.06443177594356886,0.08670854568481445,0.08030010014772415,0.051163990050554276,0.3241141140460968,0.19687917828559875,1.1209609508514404,0.2665845453739166,-0.2826789915561676,1.0839473009109497,-0.33193567779131533,0.35871018929279136,0.8575896990032156,-0.28134090637763975,0.4002691160220821,1.3724143457734927,-0.4426496702416072,0.41514265683944856,0.0004997118498641512,-0.24579684382518904,0.40739804430406734,-0.000833244383772816,-0.45707157135015064,0.24575551062931367,0.00044082890016722623,-0.26925221063090105,0.23902425020811147,-0.0011667556162270644,-0.4504107916746375,0.34041412640851876,0.3951317521237601,-0.2342728866647767,0.3197036298749285,0.3940051606310546,-0.5625600449163651,0.3304461652214611,0.7406406749178975,-0.09343302858566607,0.32217279977389107,0.7055775377582749,-0.5083626632697091,0.32965455135422594,0.9167701198562724,-0.13173353695187723,0.3110517638135191,0.8854912888231282,-0.40833289894082525,0.3860736572719279,1.080749894930757,-0.20925407792596834,0.3702804046883894,1.063709322869728,-0.421175237545391,0.36846417904746226,0.7050146050065451,-0.2941590044323063,0.34645233847319046,0.7049533208795843
3.899999999999996,0,swing,115,-0.331372766639106,0.35574463615193963,0.7824129119788946,0.7661457940163126,-0.018897535467772158,0.021861685235929216,0.6420168005457516,0.05197064206004143,0.0027170516550540924,0.07814395427703857,0.019594643265008926,-0.12970969371032592,0.003288330915082849,-5.925551158725284e-05,0.06710642576217651,0.016643477603793144,0.042263250797986984,-0.10072993516832818,-0.06412713659737757,0.08769942075014114,0.07799619436264038,0.005032338667660952,0.43465089797973633,0.1799391657114029,1.1546660661697388,0.3723645806312561,-0.26566818356513977,1.1155401468276978,-0.33068026119894645,0.3600217116307822,0.857287654459678,-0.28262802429429834,0.3844432032890244,1.3736073063283023,-0.4409806402440412,0.41421750029582516,0.0001874642632637251,-0.24361932870374753,0.4058256015767244,-0.000825483065690271,-0.4575569672853516,0.24502759839701738,0.00013769186846865344,-0.2692812603446878,0.23777399212351427,-0.0011745169343096683,-0.4495548677963592,0.33985616167095006,0.3947910582867843,-0.23340427529284621,0.31765930114312196,0.39404309791444553,-0.5571142898717688,0.2906258191497811,0.7456678103800388,-0.10236427126123435,0.2785520498772789,0.7098100135342996,-0.5046261676825355,0.3102801305380249,0.9212191398454411,-0.1373604620385922,0.2877121271736744,0.8905056798330987,-0.40810734278460203,0.381010489349452,1.0809645442173832,-0.20921049682303938,0.36250561921198987,1.0645389742809055,-0.41993660641934377,0.36823463743971924,0.7046547639971134,-0.2932466843594283,0.3444113981870549,0.7048776949465706
3.933333333333329,0,swing,116,-0.33137667074333876,0.356107032392174,0.7825357214419705,0.7690232672974842,-0.02267871527724133,0.025859982619912104,0.6382947215255457,0.04002430662512779,0.0029258383437991142,0.0789252445101738,0.019085479900240898,-0.12829242310511835,0.0041940744092884286,-0.018130682408809662,0.06752858310937881,0.016831323504447937,0.04385659843683243,-0.09533424371622679,-0.06332751456894359,0.08874422311782837,0.07519369572401047,-0.031129959970712662,0.5331997275352478,0.160506471991539,1.182187557220459,0.4665597379207611,-0.2513144016265869,1.140757441520691,-0.3305649871322122,0.36119904491102084,0.8573582620178112,-0.285184045639499,0.3716343654786439,1.3745418962710783,-0.4398967536710263,0.4151313363020438,0.00018050218155078734,-0.2421890964776433,0.4081239536071941,-0.0008162789814853202,-0.4579236651622782,0.24608983788106012,0.00013281911184363088,-0.2693083386671104,0.2403013934747183,-0.0011837210185146503,-0.4494861118095795,0.3403966808826525,0.39484739129433866,-0.2333082308145066,0.31801662724409574,0.3942411797060117,-0.5507354993776954,0.2552870637651702,0.7527076666171891,-0.11278090221181479,0.2415910236833881,0.716486316575961,-0.5012186874307195,0.29304479231003566,0.9261493094654629,-0.1439167644440022,0.2682773141946705,0.8961470083980004,-0.40912548979517094,0.3768037155634764,1.0812699655480769,-0.21035940430434014,0.3564941851173498,1.0654032982322983,-0.4199562710877333,0.36828212660500653,0.7047637198424417,-0.29352356751074216,0.3431226618232554,0.705120329107537
3.9666666666666623,0,swing,117,-0.3311069895280525,0.35607371339574456,0.7825939667329403,0.77246354370075,-0.026600499634973306,0.030122247576123674,0.6337863498635893,0.028178466483950615,0.0029299508314579725,0.07955397665500641,0.01866086572408676,-0.12766049785529332,0.005304754499434239,-0.03637007996439934,0.0679701715707779,0.01695707067847252,0.045378077775239944,-0.09027707997148915,-0.06250135584778826,0.08987937867641449,0.07266590744256973,-0.05316879600286484,0.6158430576324463,0.14119771122932434,1.2045122385025024,0.5450745820999146,-0.2403801828622818,1.1599935293197632,-0.33014559384724956,0.3620195612287247,0.8573517262759602,-0.2866859726787989,0.36629243037961406,1.37489119749733,-0.438355353036873,0.41530496688920676,0.00017646076288914403,-0.2403607097448784,0.409532670405481,-0.0008076141916224105,-0.4581834200797176,0.24646526291708507,0.00013041783976520255,-0.2692705077383755,0.24200931224078176,-0.0011923858083775357,-0.44916509143494926,0.3405095532889828,0.3948702482951124,-0.23302361664164148,0.3176061491041405,0.39441889203584546,-0.5437571505323227,0.22595541517216552,0.7617029314324488,-0.12252523389970606,0.20991141173171787,0.7250464851186048,-0.49745542735328213,0.2801543512648648,0.9316387721525249,-0.14966945562795375,0.25252818601351523,0.9022654626033826,-0.40948165476968157,0.37585721055440685,1.0812479368054952,-0.21090980366472753,0.35337751529104183,1.0658834273887194,-0.41969650769043537,0.3680639165535487,0.7048178705928937,-0.29358750937292727,0.34132225541649813,0.7053163550291446
3.9999999999999956,0,swing,118,-0.3305339504731819,0.35457793483510613,0.7825446345096079,0.7757676404243473,-0.0307726679322266,0.034478791039287714,0.6293241008790642,0.015001810155808926,0.0037076266016811132,0.07982547581195831,0.017940174788236618,-0.1258109998614909,0.0060765160039214505,-0.05479173734784126,0.06929043680429459,0.016819626092910767,0.0465778224170208,-0.08515472039604322,-0.06219844950561648,0.0911695808172226,0.07073711603879929,-0.061237163841724396,0.6771412491798401,0.12528596818447113,1.2212523221969604,0.6036319732666016,-0.23444558680057526,1.1735703945159912,-0.32942671815451186,0.36141355095933747,0.8572242728911281,-0.28690909201998616,0.3673000889499668,1.3748635510758613,-0.4366083895194763,0.41458921806476645,-4.27092401136496e-05,-0.23848660325285076,0.4094042762316641,-0.0008008521475583383,-0.4582415549749324,0.24597129362226205,-8.40502456469043e-05,-0.2691641566501533,0.2421956368672846,-0.0011991478524415768,-0.44857576390373516,0.33932324154791127,0.39473318060764295,-0.23253682840814002,0.31563356701415374,0.3945773677077639,-0.5376360615974024,0.20305941337776123,0.7716298424754024,-0.12980487964018214,0.18421287311363432,0.7345907389429197,-0.49394684256189825,0.2710586576600106,0.9372405882658821,-0.15363440592229266,0.24041341191422677,0.9084677567453349,-0.40909548305362053,0.3768630856270589,1.0809661811481608,-0.21073771887399598,0.35229033561517276,1.0660476608960117,-0.4191364161545507,0.366289238512922,0.7047501837984761,-0.29335760072468026,0.3380314549216932,0.7054369865234291
4.033333333333329,0,swing,119,-0.3309425105107948,0.35336030134931207,0.7823872921510541,0.7778959019779614,-0.03514887667441543,0.03827635729464505,0.6262407225873078,0.001774622593075037,0.004986326210200787,0.07978951930999756,0.0170927494764328,-0.1231976017173062,0.007343773144815713,-0.07255058735609055,0.07081876695156097,0.01657295413315296,0.04732440784573555,-0.079632406725759,-0.0611518617730481,0.0930035188794136,0.06925928592681885,-0.06157127395272255,0.7129781246185303,0.11464142799377441,1.2317588329315186,0.6388977766036987,-0.23372706770896912,1.1816205978393555,-0.32977800597748025,0.3610571584654668,0.856982213692171,-0.28793326578719036,0.3726501791360315,1.37457734331498,-0.4355551809101832,0.4141706313696748,-0.0005202041086934811,-0.2371538237362655,0.4099146256916807,-0.0007959650449095683,-0.45841552394578367,0.24571469206571353,-0.0005552685466543306,-0.2689908043731938,0.2429228889414083,-0.0012040349550904751,-0.44864628595461825,0.3381706882239005,0.3943687212206882,-0.23257395689193613,0.31425741433596677,0.39475410124110355,-0.5341549182730261,0.1892203612565974,0.7794789056646465,-0.13418240603392928,0.16827296964845628,0.7428761080551164,-0.4923764724218117,0.26669284567341767,0.9413805419278751,-0.15637175693689237,0.23401862915787625,0.9135943120239512,-0.40969939345273787,0.37950598611804565,1.0804300380856904,-0.21146022686220883,0.35368467682426474,1.066053748027147,-0.41953329286580304,0.36449832033084784,0.704499063228562,-0.2939911888495906,0.33520873320656497,0.7054952962075008
4.066666666666662,0,swing,120,-0.33102008595597,0.3519304455257952,0.78225691330871,0.7795681058608219,-0.039295497116905914,0.04190487818577354,0.6236773311698454,-0.01135222241282463,0.007139901630580425,0.07935409992933273,0.016252297908067703,-0.1200507746499273,0.007598537051814902,-0.08887097239494324,0.07325255870819092,0.016048185527324677,0.047664906829595566,-0.0745463630243326,-0.061213977316725954,0.09578055888414383,0.06855181604623795,-0.05953540280461311,0.7233995199203491,0.11122911423444748,1.236934781074524,0.6499160528182983,-0.23824827373027802,1.1846739053726196,-0.32979608659425785,0.36044574135272317,0.8567618900722955,-0.28792324515035406,0.37875126651033175,1.3741476423917205,-0.4348163289036613,0.4138578132436051,-0.0009856550339858577,-0.23629311714397785,0.41009608091924216,-0.0006974371629980547,-0.45872345074715964,0.24554724107997677,-0.0010143449660140469,-0.26908546134102085,0.24328933088386787,-0.0011101170617150227,-0.44862472839513906,0.3368862084020612,0.39403888474949533,-0.23256563404294986,0.3126540223203126,0.39498070803298946,-0.533194025781268,0.18403856316601339,0.7837014687374149,-0.13419317807568984,0.16131232722563654,0.7476507458673464,-0.4918849822295428,0.26608268990935086,0.9434571834769288,-0.15646043627903347,0.23184651048568206,0.9164365936393443,-0.40967738704025813,0.382114223966227,1.0799347117454061,-0.21151804033493554,0.35550421474761956,1.0659002675916327,-0.41962773180733154,0.36242023311842647,0.704295829204547,-0.2942816981295624,0.33230849562344644,0.7055804166124922
4.099999999999995,0,swing,121,-0.3312624682439491,0.3499488295055926,0.7826738243816472,0.7798773853805746,-0.04336819554997152,0.045095992916681836,0.622797571293881,-0.02474757470190525,0.009845164604485035,0.07860519737005234,0.015596642158925533,-0.11604295385048635,0.007581253054767645,-0.10315342247486115,0.0762571170926094,0.015325834974646568,0.047633085399866104,-0.07034599489465698,-0.0616881352118569,0.09992466121912003,0.06866646558046341,-0.05584412440657616,0.7088020443916321,0.11533196270465851,1.2368156909942627,0.6369446516036987,-0.2484435737133026,1.1829874515533447,-0.33003850751588676,0.3592349619782597,0.8570866570372869,-0.2877507392762862,0.38494164072137255,1.3741041868842478,-0.4345287365454935,0.4132332241032676,-0.0009881068144108815,-0.23616380269129625,0.40956682767910985,3.408651857592093e-05,-0.4587899102096641,0.24497332131402458,-0.0010118931855889676,-0.26921074130494294,0.24281033079397368,-0.00037894479191543165,-0.44869265668812125,0.33492282627790193,0.39420373505111495,-0.23268693165217721,0.3106434842585842,0.39580360108286816,-0.534829437045363,0.18605641650066115,0.7840301518790237,-0.12939278789863903,0.16325635073098774,0.7488089546939912,-0.492812439857531,0.26801930871714474,0.9436428720832573,-0.15392344173326303,0.23383525467866625,0.9172620031797883,-0.40977035214006974,0.38387354889504743,1.0799839693436768,-0.21155230306168976,0.3576023214847295,1.0661415515665573,-0.41991141326359305,0.35945173117572626,0.704625236460401,-0.2946210185501468,0.3291227763098835,0.7062230194541224
4.133333333333328,0,swing,122,-0.3321262289537117,0.34799889335408807,0.7830610618666758,0.7809674435474473,-0.0471018139552416,0.047991791232024864,0.620941268732746,-0.037303775548934937,0.011881301179528236,0.07781611382961273,0.015580779872834682,-0.11269672682231624,0.008254261302705568,-0.11516731977462769,0.07855161279439926,0.014709310606122017,0.04721199721097946,-0.06711463736459322,-0.06146338010223884,0.10536370426416397,0.068874791264534,-0.04897167533636093,0.6683031916618347,0.1256539672613144,1.229840636253357,0.599990725517273,-0.26264309883117676,1.1758009195327759,-0.3308913439947983,0.35798665339920455,0.8573827929311459,-0.2879018750580143,0.3922655773517187,1.3738091761999165,-0.4342742872722586,0.4127430616242619,-0.000987762339771197,-0.23618799780477537,0.40808967296464316,0.0007474474729916233,-0.4593201039551639,0.24459816438487195,-0.0010122376602287597,-0.2699176842975449,0.2414699253445392,0.0003376278634795206,-0.44921867259999043,0.3333834144620914,0.39433525185153906,-0.2334092128243612,0.3080684117345115,0.39659834915772824,-0.5400872917357107,0.1977162557260213,0.779619047469178,-0.12215542651323472,0.17349967890022666,0.7459447055244903,-0.49596973690043966,0.274468755181197,0.9412428680740264,-0.15040013032908853,0.23955797043165236,0.9156447439171552,-0.41033002533186264,0.38623437068562394,1.079918717565471,-0.2120875837147145,0.36007146733324824,1.0662212094035515,-0.4207761575298907,0.35682460659362375,0.7049213171831279,-0.2956108813741678,0.3260021607235441,0.7068341644383791
4.166666666666662,0,swing,123,-0.33262988820206374,0.345737433526665,0.7834226642842185,0.7805756985873038,-0.0495720467796062,0.04982396069702465,0.6210972257976078,-0.04790737107396126,0.013669630512595177,0.07687338441610336,0.016488198190927505,-0.10900891891288444,0.008284334443210528,-0.1242024376988411,0.08015359938144684,0.014189914800226688,0.046559546142816544,-0.06338930702796852,-0.06150192905112839,0.11135737597942352,0.06843353807926178,-0.0351218618452549,0.6020340323448181,0.14105157554149628,1.2144447565078735,0.540343701839447,-0.2796662151813507,1.1624207496643066,-0.3314145413727322,0.3561834723485497,0.8576816920519997,-0.2876920498835144,0.40130093188217636,1.3731410773650998,-0.43432588756147794,0.4123907809481353,-0.0009831816317171817,-0.23631266572802467,0.40737372407051187,0.0012865305226397554,-0.4593519501164339,0.24424294402608215,-0.001016818368282893,-0.26989975947541667,0.24072516066654723,0.0008822422607645611,-0.44946621768614814,0.33174138521324614,0.3944779140851941,-0.23367813067244256,0.306086850203467,0.3972211647668632,-0.5461685011289158,0.2176450979276653,0.7711351793272385,-0.11112497360585151,0.19308418786358367,0.7399373659780204,-0.4995044773510565,0.2841229608127968,0.9365520068728458,-0.14454484481428076,0.24996074033650123,0.9120063468879323,-0.4106326916982655,0.3885016609169259,1.0796816996607483,-0.21221995933650067,0.36360248981036225,1.0660948010100337,-0.4213339736072982,0.35375443453689104,0.7052423930188737,-0.2961357427745219,0.3230808418757309,0.7073426898863011
4.199999999999995,0,swing,124,-0.33308300271164626,0.34433490643277764,0.7838145412382608,0.780373598736402,-0.051574556904251875,0.05073643911251526,0.6211142610031661,-0.05627366527915001,0.01620372198522091,0.07554848492145538,0.01814902015030384,-0.10629925864267009,0.007956279015193468,-0.13015657663345337,0.08220425248146057,0.013495020568370819,0.04586583003401756,-0.06068518810497481,-0.061603810041185314,0.11670323461294174,0.06922981888055801,-0.009259608574211597,0.5148508548736572,0.1613844782114029,1.1918164491653442,0.4610811769962311,-0.2974352240562439,1.1426831483840942,-0.3319490499947732,0.35509898870176393,0.8580294230622076,-0.2866581254430493,0.41634695296260377,1.3715679860095644,-0.434454115258041,0.41282440804861426,-0.0009751815166821436,-0.23641225157086387,0.4070218693710346,0.0019132577790237394,-0.4595836249035038,0.24469200402978705,-0.001024818483317945,-0.26995756976189383,0.24036487645507,0.00151533860294472,-0.4496728360860043,0.3311975882407896,0.3945808051004411,-0.23389178519361958,0.30481513658025355,0.397905415174326,-0.5537810482219407,0.24679569690948294,0.7615967306439537,-0.09942291505026066,0.22083584048687976,0.7326347639469378,-0.5038517786954035,0.29939631032257097,0.931006906599477,-0.13806377491031516,0.2653567806016934,0.9072323986523855,-0.41053736506263666,0.3939377838661948,1.0790814183840212,-0.21199575363498963,0.37008734377670055,1.0654957664213558,-0.42175545609939985,0.35177993891500503,0.7055275932352243,-0.29653414799114247,0.3212221910434181,0.7078726695421204
4.233333333333328,0,swing,125,-0.3333772112382576,0.34169534454122186,0.7842456201471466,0.7796104120374854,-0.05364035414583388,0.051043735578889506,0.6218720567029881,-0.06316660344600677,0.019781500101089478,0.07381664216518402,0.020109497010707855,-0.1045035417755662,0.007207758534484077,-0.1331438422203064,0.08529721200466156,0.012475277297198772,0.045230429619550705,-0.06017368588217353,-0.062139658918082596,0.12157183885574341,0.07127736508846283,0.029260890558362007,0.41189584136009216,0.18284907937049866,1.1632634401321411,0.3659248650074005,-0.31402334570884705,1.1166021823883057,-0.332411692682511,0.3527295322547795,0.8584232075669359,-0.2849656309630126,0.436418479945482,1.368442538182486,-0.4347616398849909,0.41146385239061045,-0.000965881477695215,-0.2368676891420707,0.4043910039113397,0.0027180315346028994,-0.4597223521941248,0.24330631261101443,-0.001034118522304884,-0.2701049647687174,0.23767228692449327,0.002326987830974434,-0.44972851608052367,0.3291209185777956,0.3946490134239318,-0.23399668413883634,0.30199098838534916,0.3987123945341555,-0.5605790152451468,0.2806161392425918,0.7522793931634266,-0.08820665264292081,0.2540848009271427,0.7250012555772791,-0.5078593543535529,0.3171977024138516,0.9250277384394107,-0.13140609932811245,0.28382917173194405,0.9016609408925426,-0.41010100589728504,0.4007327005042987,1.0778151268885336,-0.21141183260828822,0.37819275701340294,1.0641495399943595,-0.42195313621513997,0.34848565377003254,0.7057765912946041,-0.29664479797427845,0.3183207155674276,0.7084593783849443
4.266666666666661,0,swing,126,-0.33367299928795546,0.34125185618177056,0.7847029294873844,0.7776231533651087,-0.05430242902035114,0.0496272857449107,0.6244122116539581,-0.06626419723033905,0.023036109283566475,0.07202238589525223,0.02287849597632885,-0.1029534399063079,0.006452662852501567,-0.13256888091564178,0.08832205086946487,0.011390062049031258,0.044706836342811584,-0.05893667179906825,-0.06295204026594403,0.1259341686964035,0.07393856346607208,0.07820453494787216,0.297195702791214,0.20351552963256836,1.1293848752975464,0.2588135302066803,-0.3294326066970825,1.0845834016799927,-0.33297036529328605,0.3522340625828535,0.8588911862941968,-0.2836621966885951,0.46165654627778796,1.3636969484303954,-0.43530348847335437,0.4124589080850579,-0.0009529036926657942,-0.2376170591041632,0.40534007634869357,0.0034370842266674313,-0.4593885609690795,0.24417373223576633,-0.0010470963073342665,-0.26983675961701903,0.23842170560355574,0.003051848389091831,-0.44965562419560673,0.3294063911631589,0.3947070259364039,-0.2339059031513591,0.30249145181393283,0.3994408501440399,-0.5655898925766809,0.3206355625410429,0.743293793021864,-0.07854084691174752,0.2958860831664006,0.717362706077236,-0.5113143508021376,0.33906367448636743,0.9184341209288841,-0.12522044689133618,0.3080658210939174,0.8952172340879974,-0.4099134489615167,0.4104883740594501,1.0758791787200392,-0.2110067776939778,0.3900655918851017,1.0620505492316799,-0.42210812173085066,0.3474390683971215,0.7060189574777576,-0.2965893664469231,0.3181955063254525,0.7089928527789228
4.2999999999999945,0,swing,127,-0.33502280607353896,0.3391952873207629,0.7852001913536284,0.7763446029462876,-0.05482825626623254,0.0477123870859767,0.6261041829516342,-0.06814926862716675,0.025289330631494522,0.07038974016904831,0.025804754346609116,-0.10193663325149305,0.007265147322909504,-0.12953859567642212,0.09121888875961304,0.010278024710714817,0.0442533865571022,-0.05929289191756748,-0.06310371496608802,0.13011915981769562,0.077114999294281,0.13352954387664795,0.17365999519824982,0.22248955070972443,1.0901875495910645,0.1420394331216812,-0.34331226348876953,1.0464296340942383,-0.3346158480311915,0.3500610692169204,0.8594077999186327,-0.28366131312447534,0.48776098800287215,1.3569847725981186,-0.43574206755098205,0.411734639111377,-0.0009393788313125408,-0.23895482867590984,0.4034996964441817,0.004262244549675054,-0.4593050258441588,0.24337558144957594,-0.0010606211686874957,-0.27055085038304616,0.2364621347087683,0.00388226853714313,-0.4501874497803147,0.3282660487601801,0.39474118789329204,-0.2347806329161489,0.30078988740489043,0.40025856277356103,-0.5694626935073175,0.36346137161098496,0.7351363505867017,-0.07281276096318925,0.34011238947576006,0.7105199590285348,-0.5151876286493716,0.3618607577580936,0.9112363777704809,-0.12135908192640864,0.3326569998440117,0.8881353752810185,-0.4108641025348374,0.41991227015088795,1.0730611368054026,-0.2118031838631464,0.4011408354999291,1.05911234478863,-0.4232330213649495,0.3450665123269494,0.7062359170032254,-0.29756887537205823,0.3165014998516255,0.7095763296202677
4.333333333333328,0,swing,128,-0.3365547050489113,0.33780608186498284,0.7856464686142939,0.7747528157932574,-0.05385130983594296,0.04474031602087571,0.6283760140009518,-0.06740035116672516,0.02675400674343109,0.06886713951826096,0.029392890632152557,-0.10071467066702455,0.007846575326417193,-0.1239200308918953,0.09340069442987442,0.009283374063670635,0.04396476596593857,-0.05887659264734113,-0.06358238878744904,0.13390210270881653,0.08030866831541061,0.19046278297901154,0.04429979994893074,0.23831473290920258,1.0457179546356201,0.01931903511285782,-0.35505759716033936,1.0029054880142212,-0.33643113288992926,0.34828136117136677,0.8599112196969897,-0.2844016742310073,0.5129643994882576,1.349084516708106,-0.4366157133091386,0.4123403041240037,-0.0009228081395075728,-0.24072029527061098,0.4033973912132418,0.004854456596834644,-0.4594489674938065,0.24388075803354006,-0.0010771918604924463,-0.27148355266347857,0.23620444764912313,0.004478136326820228,-0.4509770737286933,0.32834028141006355,0.39478247301583186,-0.23588589269191276,0.3005431137408945,0.40085003184576035,-0.5704693646107628,0.40978697235820843,0.7286063751917429,-0.07076867829666125,0.38871504735238555,0.7051878558536031,-0.5181928599103287,0.3859609464059062,0.903703638870516,-0.11917220269167894,0.3591893137888277,0.8805300757775074,-0.41223881707022086,0.42908034555025226,1.069767923009625,-0.21302646245145068,0.41218790811431655,1.055581019728136,-0.4245581071774824,0.34360626623215534,0.7064481818769411,-0.2987170547248383,0.31586565314122167,0.7100154124394717
4.366666666666661,0,swing,129,-0.337108074571006,0.3368710041977465,0.7860530420260944,0.772556911785421,-0.05232903249466835,0.041104205494794696,0.6314490753032955,-0.06426747143268585,0.02904612571001053,0.06709346175193787,0.0332745760679245,-0.10043822432606309,0.007412004871353295,-0.11615036427974701,0.09637419134378433,0.008045260794460773,0.04374706372618675,-0.05900079163164307,-0.0649979903829917,0.13696622848510742,0.08334584534168243,0.24349519610404968,-0.08829325437545776,0.2506633996963501,0.9959565997123718,-0.10580912232398987,-0.364571213722229,0.954988956451416,-0.3373012417392794,0.3468283594414812,0.8603888595234164,-0.2854579988110733,0.535399495791178,1.34092785445578,-0.43734338595124944,0.41297563279015537,-0.0009048482467753638,-0.24224501090410358,0.40389723752594636,0.0054231459878641,-0.4591421997888493,0.2443791455792733,-0.0010951517532246137,-0.27187210511068133,0.23649921934394294,0.005050590472263857,-0.451055320807141,0.3286903858145414,0.39479327671776404,-0.2361939520244718,0.3010394955619732,0.4013851018553704,-0.5673278867563795,0.45847221551640754,0.7250573054714545,-0.07158269130205093,0.44008523255202336,0.7031655143065729,-0.5192636028413864,0.41050303181760006,0.8963708957997676,-0.11782877612406181,0.38673225538954203,0.8733839729727917,-0.4132246849694559,0.43708348529131896,1.0663258422687114,-0.21385117886165744,0.4223660242854998,1.0519805885649312,-0.4248872088889222,0.3426168165924893,0.7066089708923264,-0.2988230635197332,0.31594386012371806,0.71039154683959
4.399999999999994,0,swing,130,-0.3375791002763435,0.33553392300382257,0.7864124647625456,0.7691287880231295,-0.05016573474107269,0.03697804933216842,0.636047899422322,-0.059555813670158386,0.03161437064409256,0.06524194031953812,0.036954861134290695,-0.0999743087055438,0.006129248015616207,-0.10698243975639343,0.09921307861804962,0.006801136303693056,0.04356667026877403,-0.05905487060144843,-0.06682352772692435,0.13946199417114258,0.08531571924686432,0.2869873642921448,-0.22102804481983185,0.25867268443107605,0.9411534070968628,-0.23090232908725739,-0.37250271439552307,0.9031774401664734,-0.3380991394671525,0.34484948120844533,0.860829868201367,-0.2884224686675119,0.551667044015351,1.3341242509015656,-0.43887152168668697,0.41309156426700244,-0.0008878211740390128,-0.24424804973983158,0.40460983356777636,0.005882328373552792,-0.45898910849736596,0.24428625521376554,-0.0011121788259610133,-0.2720943067895566,0.23690637545122878,0.005513405519782681,-0.45130815949103986,0.328379499424154,0.3948124943109834,-0.2364416224562075,0.30174003963351387,0.4018012184962922,-0.5612536863150867,0.5070782354340713,0.7266172368518665,-0.07627162347994583,0.4928931687131472,0.7067247503198931,-0.5194495103711234,0.43341698433893844,0.8902815126267407,-0.11835605455460818,0.4141553539526768,0.8679352381674149,-0.41503557535742386,0.4417470337786756,1.063415289702295,-0.21546874859929493,0.4299290571966853,1.0490764617446655,-0.4251722057505015,0.3410520546407707,0.7067566278011723,-0.2987951884638147,0.3159310692450445,0.7106850307874183
4.433333333333327,0,swing,131,-0.33842313184868544,0.33498243102803826,0.7866094583111283,0.7674583468888801,-0.04734621166512508,0.0330303185778323,0.6384943383352709,-0.05289787799119949,0.03227924183011055,0.06387675553560257,0.04035663604736328,-0.10059434095901088,0.005876903366724862,-0.09688130021095276,0.1001734584569931,0.0059913210570812225,0.043399129062891006,-0.05941217339437044,-0.06755019442563992,0.1419248878955841,0.08647435903549194,0.31754666566848755,-0.3494446575641632,0.2607859671115875,0.8826811909675598,-0.3524182438850403,-0.3774469196796417,0.848784327507019,-0.3391552660082129,0.3435963185392369,0.8611095584554695,-0.29118973669249565,0.5614506350731735,1.3296945468809267,-0.4399312578853317,0.4137849779995295,-0.0008721775264363685,-0.24570529083590234,0.40535281930377887,0.0060457970266193685,-0.4592759995234349,0.2448894019277565,-0.0011278224735637409,-0.2726977610611328,0.2375098197292853,0.005679675494103902,-0.4518722618343181,0.32914860356204456,0.3947915505519943,-0.23709347660154795,0.3026118405192909,0.4019413479406526,-0.5513436150602126,0.5564012733994996,0.7352964742400395,-0.08400102212071929,0.5437920964972554,0.7173030614366964,-0.5180877117152793,0.456610079558255,0.8866084920331406,-0.12055339910124328,0.43984599357853427,0.8650145898603521,-0.4168712885404681,0.4445304558984551,1.0614960227676737,-0.21720332427943728,0.43452060941534437,1.0471889643264616,-0.4258514182327883,0.34087938643330773,0.7068118792310287,-0.299316988675953,0.3165746421010957,0.7107827291601005
4.466666666666661,0,swing,132,-0.33915695443283767,0.3343069017864764,0.786646138185561,0.7655242426823441,-0.04419019177303925,0.02947163658453395,0.6412107948668009,-0.045293521136045456,0.03200721740722656,0.06280311197042465,0.043119803071022034,-0.10165817889334927,0.00551139210554441,-0.08635303378105164,0.09999477118253708,0.005449496675282717,0.043022722005844116,-0.06013729783465549,-0.06811915868669438,0.14523792266845703,0.08749333769083023,0.3339594900608063,-0.46821653842926025,0.2570193111896515,0.8230178952217102,-0.4660238027572632,-0.3778117001056671,0.7937719225883484,-0.340023050790106,0.3422158309781921,0.8612229356237746,-0.29395896726591647,0.5641837120346985,1.32812432782986,-0.4412219270848006,0.41378111874474416,-0.000859521828139205,-0.2471901806271456,0.4057116607790365,0.0059420507086969075,-0.4596492519532033,0.24478302774449867,-0.0011404781718607135,-0.2732066266483183,0.2377145955664986,0.005580641796672232,-0.45253676707980506,0.32937645578614255,0.3947552913104312,-0.23773760468605526,0.30325226253434817,0.4018117061096621,-0.5393259285868709,0.6007238759099679,0.7520408756807391,-0.09503876485948527,0.5908418481660007,0.7351731214289561,-0.5154708341504958,0.47681533629588946,0.8863434165513648,-0.12435402272373386,0.4634779788560129,0.8650908825507868,-0.4186060012732031,0.4440055765746148,1.0608848064633263,-0.21885375116906663,0.4361176434944264,1.0464278361701773,-0.426508806111366,0.34054826340023603,0.7068030667815879,-0.29980422990418265,0.3171358666709495,0.7106895552689102
4.499999999999994,0,swing,133,-0.3394986082566902,0.33415827760472894,0.7867403581726133,0.7640314985476805,-0.04159177490196327,0.025969681748479335,0.6433129635856663,-0.03748057782649994,0.03176620602607727,0.06180700287222862,0.04504521191120148,-0.1028877320472934,0.005968814716788118,-0.07584457844495773,0.09970074892044067,0.004941341932862997,0.042298320680856705,-0.06128486205081751,-0.06767280414243937,0.1501687616109848,0.08767134696245193,0.33769774436950684,-0.5722237825393677,0.24815653264522552,0.7651687860488892,-0.5677267909049988,-0.3733515739440918,0.7402525544166565,-0.34053583922317116,0.34143088645991826,0.8613797131561713,-0.2972187020868657,0.5617552497698345,1.3293355208396904,-0.44144992543435163,0.4138836727757843,-0.0008508174150109876,-0.24751345186623505,0.4058766922616881,0.0059922177081542585,-0.4591953564572759,0.24481265025555474,-0.0011491825849889482,-0.2728070680606542,0.2377692635012753,0.005638133859104871,-0.45254862361257264,0.3298369157089293,0.3947110988987187,-0.23772281617409344,0.30389703745600294,0.40185392467256664,-0.5261315472447525,0.6379365447973591,0.775021774670685,-0.10785817537141505,0.631618776195305,0.7598280083007872,-0.5118801984261347,0.4939517220259121,0.8891481698318974,-0.129250547792916,0.48456017694732545,0.8688036890445661,-0.4203554188247819,0.44153456857757556,1.061415820342759,-0.22051833593760858,0.4358006794318611,1.0471172987964703,-0.4267105258323215,0.34080610232104813,0.7067875936865226,-0.29987943020730107,0.31809787902877984,0.7107081489390925
4.533333333333327,0,swing,134,-0.34045204415451735,0.33425561198964715,0.7866847793395024,0.7621692747190829,-0.03879372323892299,0.023129738130809464,0.6458003243460391,-0.029909323900938034,0.0303577221930027,0.06118246912956238,0.04630230739712715,-0.1039373207919172,0.00643332669233776,-0.06563259661197662,0.09817516058683395,0.0047363657504320145,0.04133692756295204,-0.06263249677952332,-0.06713123415166178,0.15490810573101044,0.08694452792406082,0.3334237337112427,-0.6610621213912964,0.23469379544258118,0.7103642225265503,-0.6539775729179382,-0.36475616693496704,0.6912530064582825,-0.3415656776517202,0.34093129843338393,0.8613787886771918,-0.301005205791493,0.5559484131850367,1.3320243351333072,-0.44256256361650337,0.4139449270041642,-0.0008452149313941879,-0.24865669867802026,0.4061055717174268,0.00576990180018894,-0.45941590030767393,0.24478266995873396,-0.0011547850686058243,-0.27304365905000877,0.2378642052130133,0.005425285284752068,-0.4533516722830247,0.33019521773697286,0.39467277411103413,-0.2384456584390433,0.3046969230984532,0.4016224790468693,-0.5139746327559004,0.6668715854425432,0.8017494459026286,-0.12262788452170882,0.6640443795006744,0.7873293802643654,-0.5085637715732263,0.50755595196382,0.8942092518439299,-0.1357817237734974,0.5022652828796726,0.8745879879406218,-0.42263820955674336,0.43765717777746643,1.0625633451357133,-0.22274026361238655,0.43424801075198216,1.048372725437498,-0.42764008922463503,0.34117337775931983,0.7067370698735704,-0.3006596840274276,0.31929795928284876,0.7105425250037828
4.56666666666666,0,swing,135,-0.34096357121597975,0.33481220016255975,0.7866470159687373,0.7609428709053996,-0.03646207913408616,0.020618540226557576,0.647465319381968,-0.022891279309988022,0.02863701619207859,0.06071633845567703,0.047021202743053436,-0.10498456924951105,0.0076082507383981035,-0.05605822801589966,0.09665339440107346,0.004523802548646927,0.04019182175397873,-0.06423368494332315,-0.06618819870244197,0.15734444558620453,0.08547920733690262,0.3255053758621216,-0.7367827296257019,0.21816736459732056,0.6587738990783691,-0.7246627807617188,-0.35498297214508057,0.6490905284881592,-0.34215133129368075,0.34097650249882716,0.8613838248563591,-0.3039009014007682,0.5491676950983426,1.3352478396812455,-0.442623669850955,0.41431899034708236,-0.0008421386678079054,-0.24895676771838932,0.4062298097677927,0.0056241189484080925,-0.45891150000469444,0.24510135855865986,-0.0011578613321921935,-0.2727870387712498,0.23790866782384726,0.005290418134280803,-0.453523773845656,0.33092325084618696,0.3946321612709367,-0.23867438343188155,0.305483457926661,0.4014719027940794,-0.5007338658327815,0.6894237420839271,0.8294815812079585,-0.13505650733714566,0.6875778873383558,0.8147297619684554,-0.5040459668965873,0.5193188265784606,0.9002835014615036,-0.14139638109407462,0.5159905055736107,0.8816412006320647,-0.4242719019258525,0.4340817358941109,1.0638391564444667,-0.22432942641761455,0.43211864127862876,1.050006671231449,-0.4281025799415665,0.3420780103655462,0.706682668894192,-0.3010234964157924,0.320774987649485,0.7104265219146096
4.599999999999993,0,swing,136,-0.34111323847901076,0.3356111110188067,0.7865824333182165,0.7599097795145624,-0.03463321121334899,0.0186322617046583,0.6488378121710769,-0.016484558582305908,0.02742353267967701,0.06019950658082962,0.0473393015563488,-0.10641583908202779,0.00835537463525271,-0.04709917679429054,0.09565281122922897,0.004174462519586086,0.0390126034617424,-0.0666275249626418,-0.06566229679117941,0.15848271548748016,0.08343369513750076,0.3153750002384186,-0.7998281121253967,0.20079316198825836,0.6111835241317749,-0.7817468643188477,-0.34528252482414246,0.6137760877609253,-0.3423601133452533,0.3413722257913967,0.8613504402439396,-0.3062336487389616,0.5421754798978323,1.3385177542580982,-0.4425787734163926,0.41449182092108083,-0.0008408679616352666,-0.24916602191477466,0.4059137566437404,0.00552521250174837,-0.4584153852268238,0.2452313694436517,-0.001159132038364822,-0.2725735364611493,0.23753328085576209,0.005203286772285699,-0.4534800548763105,0.3315827370300623,0.39457803425896104,-0.2387096088357513,0.30607639157550914,0.4013396774741944,-0.48801978808505886,0.705814659597427,0.8563579005190667,-0.1453552452296029,0.7043119898539856,0.8401760452765887,-0.49915648236887783,0.5288919711622633,0.9066957646123199,-0.14611161697652403,0.5266211091675099,0.8890119237555639,-0.4254494409670443,0.4307989978489536,1.0650593419911933,-0.2254665871774449,0.4298665746545902,1.0517111706874402,-0.42821178226507495,0.3431570194666812,0.7066039929832197,-0.30105101280018154,0.3223417601262433,0.7103040797681093
4.633333333333327,0,swing,137,-0.341906635905616,0.3369327844120562,0.786535047189157,0.758211640997806,-0.03291109787116109,0.016704165804217512,0.650963084926568,-0.010486130602657795,0.02715097926557064,0.0595129169523716,0.047527115792036057,-0.1075037094211162,0.008191318110260637,-0.03867245465517044,0.09573759138584137,0.0035569947212934494,0.037870101630687714,-0.06878200520037314,-0.06620530716569417,0.16005900502204895,0.08097502589225769,0.3018166422843933,-0.8501726388931274,0.1856556534767151,0.5683447122573853,-0.8261041641235352,-0.3369796872138977,0.5851101875305176,-0.3432204284305084,0.34230689033610184,0.861330721761412,-0.30979555460351604,0.5341451851368014,1.3423197507560722,-0.4438779982535269,0.4151761244205199,-0.0008400758824662694,-0.2507878037601672,0.4065326514555225,0.005492948503872164,-0.458931352211715,0.2458442188866955,-0.001159924117533722,-0.2734458375758511,0.23804966259789542,0.005183159530454565,-0.45430229941399775,0.33258565851891136,0.3945386212993511,-0.23959382722362194,0.3074911077753668,0.40125195497244315,-0.47943905090364164,0.7166283262061973,0.8822441912384188,-0.1556740731694944,0.7166728836292228,0.8637969779589065,-0.4963384482446885,0.5358275105103377,0.9136295320425152,-0.15142316277098444,0.5354178121535202,0.8967832331160158,-0.4275376380569238,0.4271202430946045,1.0664953633741638,-0.22751667685302904,0.4277055071109003,1.053710315658131,-0.42898495718500335,0.3445537505962039,0.7065443011083598,-0.3017042258407778,0.3244800639367918,0.7102049374663495
4.66666666666666,0,swing,138,-0.3415651608956978,0.3376354635693133,0.7866853162014154,0.7567302222767608,-0.03260100002790749,0.014646293634429501,0.6527495933150158,-0.005006368272006512,0.028981022536754608,0.05836902931332588,0.04752890765666962,-0.1095358819888137,0.008178329607570034,-0.03114507533609867,0.09773547202348709,0.0024805543944239616,0.036776863038539886,-0.07177785034795892,-0.0663589139047327,0.16068287193775177,0.07834380865097046,0.2808017134666443,-0.889600396156311,0.17223702371120453,0.529539942741394,-0.859116792678833,-0.32977294921875,0.5619368553161621,-0.3430947103665528,0.3427700422009647,0.8614937153334085,-0.3129828434171773,0.52266109283553,1.3472335728519236,-0.44365394044045586,0.41442344867338854,-0.0008401026853652079,-0.25075219734420945,0.40571929067052215,0.005972784277257875,-0.4580814798451265,0.2450370742564309,-0.0011598973146347696,-0.2728212635273311,0.23715812240395048,0.005674672866055972,-0.45370691669243385,0.3324993256922809,0.39446296209803255,-0.23902754341371035,0.3077757697183858,0.40166340500559305,-0.4714240556406081,0.722468808440872,0.9076786870475118,-0.16298270988443822,0.7238042723885234,0.886873622487677,-0.4931035335787353,0.5399671118672552,0.9211951654442625,-0.1549637268056434,0.5406648364944185,0.9057205621580623,-0.4288904216165341,0.4218211268512695,1.0683189556552928,-0.22881297651370164,0.4235590299273978,1.0565639331533583,-0.4284550012877827,0.3452265691224386,0.7064883997513771,-0.3010823288976305,0.32579830182349406,0.7104143352633067
4.699999999999993,0,swing,139,-0.3420386303914711,0.3396505773998797,0.7867965653932264,0.7563126947525733,-0.031405203652362775,0.01211605391111796,0.6533437243727664,0.00175749440677464,0.030305961146950722,0.05739597603678703,0.04789764806628227,-0.11131785777780223,0.00812094398394203,-0.02359115518629551,0.0985792800784111,0.001672226469963789,0.036101333796978,-0.07331305259854548,-0.06589482877762898,0.15376193821430206,0.07708029448986053,0.2571069300174713,-0.9155091643333435,0.1564531773328781,0.4971438944339752,-0.8787564635276794,-0.32372400164604187,0.5449905395507812,-0.3437418604918163,0.34440079269846413,0.8616266025564029,-0.31438321884461307,0.5094830876325507,1.3525931998744731,-0.4440476761149231,0.41582069072415195,-0.0008383302331862984,-0.25085791514387545,0.4071513550514975,0.006262543890600207,-0.45838023151640356,0.24642625956654438,-0.0011616697668139706,-0.27284020748251797,0.2385788368540582,0.005971112745303427,-0.4539811898535599,0.33449870532793535,0.39439564069648175,-0.23918484329816703,0.309783371345505,0.4019303839779771,-0.4613909984616759,0.7261622538854986,0.9306032306337819,-0.16528525969769328,0.7261629299451978,0.9070852554502191,-0.48862383214958205,0.5439135463700381,0.9287741372957898,-0.15636687902589516,0.54223810461628,0.9142745056258692,-0.4298636203406967,0.41751929446894304,1.0704521593877079,-0.22973497004636106,0.4182671483291889,1.059490911923518,-0.42873796161348415,0.34768168191437465,0.706436839408188,-0.3013409931532814,0.32845318654786376,0.7105502545172304
4.733333333333326,0,swing,140,-0.3426772345555946,0.3409318090416491,0.7868070476231679,0.7558018197348322,-0.030656218861403586,0.010297022079937442,0.6540013584595397,0.007982615381479263,0.030872635543346405,0.056679096072912216,0.04806199297308922,-0.1140396103070096,0.008530007503420034,-0.01688293181359768,0.09890077263116837,0.0009808752220124006,0.03574468567967415,-0.07599957803226909,-0.0651643911223736,0.14954447746276855,0.07617297768592834,0.24449831247329712,-0.922243595123291,0.14541737735271454,0.4777546525001526,-0.8811895251274109,-0.31715109944343567,0.537124514579773,-0.34451723966880327,0.3454174529061499,0.8616501727603789,-0.31610118482169197,0.5021803126243805,1.3553696524798924,-0.4444581560959981,0.4156050892781898,-0.0008374890113493696,-0.25110476219207695,0.40707798982448895,0.006462939189763112,-0.45863305855687964,0.24619739612071012,-0.0011625109886506078,-0.27296817194428646,0.23849000507301887,0.006175343214318597,-0.4543833792767769,0.33522572172235876,0.3942891110588401,-0.23951515523370356,0.3106926229773808,0.40208234592100434,-0.45682903865520164,0.7263410322601173,0.9412711674472878,-0.16742909093964384,0.7258828953305047,0.9154693610616037,-0.48671689734074897,0.5447369586867584,0.9319845874027877,-0.15798163983231037,0.5418619678966256,0.9180399909683917,-0.43104893353780027,0.41515185984254915,1.0714511913309404,-0.23088823921154045,0.4154589980106221,1.0610691388857214,-0.4292300637612744,0.3492452389787961,0.7063172436171968,-0.3018050332251452,0.33023829513951,0.7105863547067068
4.7666666666666595,0,swing,141,-0.34273865714203566,0.34242410073056817,0.786868916898976,0.7556495260410158,-0.03009236749502381,0.008452644925485179,0.6542299259482834,0.01383870467543602,0.031748268753290176,0.055954985320568085,0.047959353774785995,-0.11630219118898388,0.008993646317602022,-0.01135871559381485,0.0998261421918869,0.00013485481031239033,0.03560319542884827,-0.07792381694334982,-0.06468372542763368,0.15172629058361053,0.07435186207294464,0.23978018760681152,-0.911907970905304,0.14115767180919647,0.4716411232948303,-0.8690686821937561,-0.3087709844112396,0.5365405678749084,-0.34473367067595695,0.3466644892053783,0.8617223672308222,-0.3186400934652571,0.49948361432856403,1.3567926325149262,-0.444115049012982,0.41587744021538375,-0.000837838736910481,-0.2507494771685834,0.4076704853256219,0.006744994338914279,-0.45831587627840115,0.24647191692916753,-0.0011621612630895,-0.2726777062783488,0.23909091647202427,0.0064591040719017695,-0.45415255623194806,0.336299219475024,0.3941980932300393,-0.23929066704139604,0.31197409852643276,0.4023264368465399,-0.45818929194379854,0.7249371444435054,0.9417700292952436,-0.17031756179429006,0.7250712370244876,0.915098299964091,-0.48757319248393666,0.5432914549176139,0.9317204487130085,-0.16001151585334203,0.5411107104557995,0.9185442085238451,-0.43230064150912817,0.41440236047134466,1.071767915744362,-0.2321044788094786,0.41532816912010556,1.0621333831308237,-0.42911201690425577,0.3510888835263946,0.7062214974739514,-0.3016848958095917,0.3321420368400702,0.7106918245222185
4.799999999999993,0,swing,142,-0.34283116355072707,0.343892312142998,0.7868925318020796,0.7557702016105234,-0.030005042073685054,0.007048533886844994,0.6541111663760153,0.019477343186736107,0.03314630687236786,0.055165309458971024,0.04750245437026024,-0.11922795138636277,0.009038117145781843,-0.006913366727530956,0.10160314291715622,-0.000921127968467772,0.035611655563116074,-0.08020723362607551,-0.06491103025862732,0.15516096353530884,0.0722590833902359,0.24177080392837524,-0.8851100206375122,0.1411234438419342,0.4801933765411377,-0.8455548882484436,-0.29931652545928955,0.5415902733802795,-0.34497609772941606,0.3479854283558969,0.86175003414511,-0.32142893774898157,0.5009733812798387,1.3568915459966095,-0.4440434270172009,0.4155518879813387,-0.0008397530627647018,-0.25081891299846126,0.40791462089470887,0.007058610718774529,-0.45842358121394355,0.24616148551132172,-0.0011602469372351994,-0.27297763960247146,0.23936519290122327,0.006773727659328075,-0.4540921402549366,0.33700790280821274,0.39407944960097085,-0.23931329460934742,0.3129853513435871,0.40257384506451466,-0.4631854646482565,0.7223635101247967,0.9319574070445046,-0.17260588479437014,0.7230773655524704,0.9072347133373412,-0.4901481987051269,0.5401075502036814,0.9280407439776291,-0.16194606562415348,0.5393190510671755,0.9161124561219629,-0.4336805523071593,0.4154843390497842,1.071430817003355,-0.23345236349534115,0.4170864955109227,1.062582630759105,-0.4290190872238698,0.35287760047148725,0.7060789766007166,-0.3016104236005643,0.3338600165913688,0.7107736993085765
4.833333333333326,0,swing,143,-0.34230053320061415,0.34545800695195794,0.786902236892144,0.7560485174614145,-0.03012791459191083,0.005913384811812646,0.6537950595460379,0.024716410785913467,0.03484917804598808,0.05436579883098602,0.0466972254216671,-0.12204124896640312,0.008742440238315052,-0.0032031715381890535,0.10359085351228714,-0.0020365677773952484,0.03576599806547165,-0.08258299853546824,-0.06537462082355971,0.15375396609306335,0.07154317200183868,0.24947646260261536,-0.8447303175926208,0.14203934371471405,0.5030174255371094,-0.8121159076690674,-0.2894068956375122,0.5520328879356384,-0.3445845345847841,0.3494546529924443,0.8617608379885056,-0.32214651398216015,0.5056953688634839,1.3559453500622345,-0.44354531874644826,0.4152666237854574,-0.000843211042906928,-0.2503939813906197,0.4081589862551799,0.0073741662743100796,-0.4581886217594474,0.24589875391114724,-0.0011567889570930877,-0.27287268673098997,0.23965193427188858,0.0070891432556013274,-0.4535215373902939,0.3377190427386811,0.3939635022053296,-0.2388009386400003,0.3140082662925263,0.4028125205616086,-0.46754489238970615,0.7186161282889488,0.9136233064038829,-0.1712435266275119,0.7186062698868393,0.8930794045269197,-0.49171226300602033,0.5361175688372851,0.9219766410511608,-0.16181799085395934,0.5354662857782272,0.911258230128342,-0.43377121812169944,0.4185999934241241,1.070724470545101,-0.23351697356186346,0.419785783527175,1.0624168633323765,-0.4283087271889765,0.35474511648187557,0.7059278034219911,-0.3009295515151875,0.33558531285243903,0.7108447031895618
4.866666666666659,0,swing,144,-0.34226035967003554,0.3469423414207995,0.7868471020247277,0.757173757383799,-0.030377555522304783,0.005517884737007394,0.6524834543479384,0.028589876368641853,0.03534512594342232,0.05393790453672409,0.04527079313993454,-0.12409330070646618,0.008985118334347342,-0.001018177135847509,0.10451962798833847,-0.002890323055908084,0.03606709837913513,-0.08480590857131975,-0.06545986385793734,0.14591564238071442,0.07230886071920395,0.2563796937465668,-0.7983549237251282,0.1434965431690216,0.5352067947387695,-0.7699713706970215,-0.2807947099208832,0.5686449408531189,-0.3446067878964419,0.3509325538731277,0.8617041155850055,-0.32073422170053384,0.5102528687791326,1.354849993813348,-0.44313277807694545,0.4152759387341952,-0.0008495816934401372,-0.2501678805775531,0.40808687083699535,0.007525464105298422,-0.45844014278229617,0.24596677157804386,-0.0011504183065597848,-0.273381490897346,0.23967948995845947,0.007238477080231551,-0.4534319809741356,0.3385153714909137,0.3938752931182289,-0.23885863813154704,0.3146471082575607,0.4028974197483861,-0.46988897999379303,0.7137017151150636,0.8924784693350681,-0.16554213804937626,0.7100086323128469,0.8753740826004831,-0.4921532575289105,0.5322727649664176,0.915875097253798,-0.15978053852558136,0.5282829067570407,0.9054095424156969,-0.4331296984144944,0.42254804130881657,1.0701189818699108,-0.23286929390429464,0.4214760304809594,1.0619454833413655,-0.42813935565578776,0.35663510873366233,0.7057798639001303,-0.30083801656788134,0.33699631774286093,0.7108272423128538
4.899999999999992,0,swing,145,-0.3428702641976997,0.34791005263105035,0.7867294428441692,0.7589966995354188,-0.0306660613225823,0.00558588592220341,0.6503479073970829,0.03192140907049179,0.034627802670001984,0.05385928973555565,0.04337026923894882,-0.12584947946230995,0.009972948016059413,-0.0005208199727348983,0.1043345108628273,-0.003455438418313861,0.03649098426103592,-0.08616533978149277,-0.06487809978268366,0.1360514760017395,0.07306841760873795,0.26135849952697754,-0.7471734285354614,0.1494239717721939,0.5755776762962341,-0.7198867201805115,-0.27527913451194763,0.5919977426528931,-0.34522585517224746,0.3519462839138585,0.8615837014283828,-0.31893126360810325,0.5134960662996769,1.353891052144781,-0.4428641482103568,0.4148912498509248,-0.0008582098290499211,-0.2500738820754658,0.40776262694217436,0.007497694480863421,-0.4591625600049482,0.24567458000080739,-0.001141790170949862,-0.27434391502632544,0.2395042519612077,0.007206577101494478,-0.45390444270057767,0.33887350425202445,0.39379547211964155,-0.23950015105386893,0.314744529311916,0.4028417215007826,-0.47354407307298946,0.7062556966846084,0.8699744285684052,-0.15745187710523015,0.6970599276006477,0.8554842677046341,-0.4934803876553686,0.5275284597596988,0.9102072801480253,-0.157016691415727,0.5181086584775728,0.8994822005745385,-0.4326299382113802,0.4260708288648325,1.0695917936817854,-0.23240863833851,0.42189416167800636,1.0614572114289194,-0.4286463610407999,0.3581311449381394,0.7056149756631439,-0.3014704068354016,0.3377105052739902,0.7107309425659687
4.933333333333326,0,swing,146,-0.3428935398114845,0.34923583874478936,0.7866290037346851,0.7624398726729971,-0.031077671749605164,0.005614502501640853,0.6462879360151068,0.03549528494477272,0.033944740891456604,0.05380171164870262,0.04141510650515556,-0.1278053843770257,0.011283028741525314,-0.001109016709960997,0.10431550443172455,-0.004034413956105709,0.036982957273721695,-0.08651319011704972,-0.06408162542757623,0.13092179596424103,0.07225191593170166,0.26743319630622864,-0.6867010593414307,0.1637083739042282,0.6266764998435974,-0.6630995273590088,-0.27150020003318787,0.6208324432373047,-0.3452642003752946,0.35333435494358123,0.8614794020867276,-0.317313086580441,0.5177499085836769,1.3527539565472246,-0.4414684603406488,0.41518043202682037,-0.0008671077992454847,-0.24884882418974147,0.4079524679575582,0.00748184808263385,-0.45960319216900886,0.24615066878920186,-0.0011328922007546836,-0.27499847686709694,0.23997595846390057,0.007185329650076691,-0.4537256420702344,0.3400537917108298,0.39370396904804694,-0.23958688421360408,0.31497421720546903,0.4028315096953298,-0.48082330762615194,0.6951357104940153,0.8440975750934773,-0.1480655557758142,0.6809714398623314,0.8338058456879752,-0.4963586224042301,0.5216242019652789,0.9041972806418105,-0.15365392819002532,0.5068008387865653,0.8937469502726798,-0.43188251518301957,0.43026567416987194,1.068822655228756,-0.23173671226866452,0.42294028314972215,1.06106500596045,-0.42847822053937423,0.36041608684300586,0.7054351044936702,-0.30154793478580166,0.33854392982844106,0.7106686358406377
4.966666666666659,0,swing,147,-0.3436383594525978,0.35112873325124383,0.7866078664952395,0.762734947651859,-0.03251799134779512,0.0060657806202949706,0.6458646810088682,0.03696415200829506,0.03401148319244385,0.053596802055835724,0.03908265382051468,-0.12942802832261746,0.012622385936697289,-0.0029922504909336567,0.10434146970510483,-0.004591608420014381,0.03741024062037468,-0.0876730197774338,-0.06254554327419604,0.13067860901355743,0.07043832540512085,0.27910616993904114,-0.6149049401283264,0.18625758588314056,0.6892099976539612,-0.5995407700538635,-0.2697114050388336,0.6556424498558044,-0.3460947053393485,0.35543677553531394,0.8614437344768652,-0.31935398666370346,0.527170854125487,1.3502935915579033,-0.44135661368107826,0.41490054997526316,-0.0008777763090690172,-0.24847940087370068,0.40877227530943966,0.00766071543304285,-0.4597023139912543,0.24589352193912886,-0.001122223690931002,-0.2748899529648527,0.24083659819278674,0.007358904876834417,-0.45412078548136187,0.3404506105795974,0.39362495025428224,-0.239858032543208,0.31625469758405295,0.4030086561154529,-0.4983495250104559,0.6764142609458698,0.8133368232370715,-0.1433788217753681,0.6640916911764361,0.8087222703785621,-0.5045065458581294,0.5124324825937961,0.8971916481843623,-0.15316253202512536,0.49775680224698327,0.8874404254810765,-0.43325560120992057,0.4356682864044468,1.067361918863043,-0.23309607707578103,0.42808534918105434,1.0602310801002544,-0.4291076026862596,0.36220911593396854,0.7052771122560996,-0.3022204393970356,0.3401374647845545,0.7107295348845613
4.999999999999992,0,swing,148,-0.34307610883843154,0.35179794440045953,0.7865086413691371,0.7647927364221154,-0.033717635746297325,0.0076794590211701295,0.6433476643812387,0.03567379713058472,0.033702608197927475,0.053510744124650955,0.036363206803798676,-0.12915998906993487,0.012700150033048918,-0.0071369861252605915,0.1052035242319107,-0.005304429680109024,0.037487342953681946,-0.08752872989892913,-0.06356865481946006,0.12886202335357666,0.06929576396942139,0.29013702273368835,-0.536734938621521,0.2060166299343109,0.7544585466384888,-0.5299005508422852,-0.2697281539440155,0.6971942186355591,-0.34544895399745085,0.35640707914042097,0.8613292634114604,-0.31738249610368763,0.535374337596339,1.3475247100044312,-0.4405074348629079,0.4149643869753526,-0.0008900751741571615,-0.24820214111806277,0.40867486708219886,0.0076049559782666865,-0.45997078940310704,0.24608238824199685,-0.0011099248258429478,-0.2757875861090117,0.24092817683057616,0.007303071434972573,-0.4537961970618027,0.3405680414947069,0.3936351685068912,-0.23986875041920372,0.3159889056616805,0.402933633201818,-0.5123542876261884,0.6513408336234904,0.7841783618773792,-0.1343149194324599,0.6396086194114596,0.7829588573908802,-0.5095507758109477,0.501451947284132,0.8913465767436206,-0.1498778179033208,0.48460400308262064,0.8814013751974827,-0.4320071038009671,0.4405987605895864,1.0659658024504843,-0.23191413613129488,0.43132110567062104,1.0589719259611434,-0.42853592695893783,0.36309979903616585,0.7051999396365406,-0.30180514762917654,0.3401431272804553,0.7106485459180093
5.033333333333325,0,swing,149,-0.34341037168633193,0.3539080978371203,0.7862940188986797,0.7663857320469047,-0.035770312556289714,0.010133318975759276,0.6413039141476455,0.033448416739702225,0.03286145254969597,0.053567104041576385,0.03386089205741882,-0.13063844435737848,0.013460410702706094,-0.011711755767464638,0.10522769391536713,-0.00576417613774538,0.03732943907380104,-0.08911542898836555,-0.06353448149266117,0.12513108551502228,0.06842789053916931,0.2980678081512451,-0.45191144943237305,0.22196738421916962,0.8187516331672668,-0.45067110657691956,-0.2723177373409271,0.7469281554222107,-0.3456864132420316,0.35899495698158923,0.8610866889866038,-0.3159413228275101,0.5446949862197298,1.3446677077961846,-0.4403798008152249,0.41502005650049645,-0.0009014660245532484,-0.24845393254571635,0.40862747252947157,0.007512992744325032,-0.46071718607234374,0.2462410532888225,-0.0010985339754465903,-0.2769919268177451,0.24104020352661962,0.007212741024284312,-0.45425664484400885,0.3412881393513062,0.3935638281126364,-0.2405725095830401,0.31644803397971794,0.4027956227142495,-0.5267560389902244,0.6219229094171308,0.7582526661073474,-0.12516033472363458,0.6097040674124312,0.7575832804478144,-0.5148591148622957,0.49035160285802665,0.8867323092061382,-0.1471804585063275,0.4705855378896857,0.8764138871793798,-0.4314728651142308,0.44697071789365905,1.0644908721607669,-0.23147034269123118,0.4358546405106845,1.0575909628821427,-0.42889746431833176,0.3651034901286158,0.7050016900404793,-0.30229541285007416,0.34145026900713754,0.7104753857507479
5.066666666666658,0,swing,150,-0.3435712744249031,0.3562269569374621,0.7860282963266808,0.7672449465695257,-0.03750239249824697,0.012545798619427919,0.6401338652636914,0.03133361414074898,0.0322200171649456,0.053579140454530716,0.03185528516769409,-0.13228762479605094,0.013548486851834185,-0.015701573342084885,0.10450750589370728,-0.005992390681058168,0.03698022663593292,-0.09064313940461033,-0.06321473677538658,0.12195414304733276,0.06524457037448883,0.2979494035243988,-0.35917967557907104,0.2351529449224472,0.8802550435066223,-0.3617538809776306,-0.27571138739585876,0.8023329973220825,-0.34572840205616867,0.3617476336912053,0.860793722350767,-0.3159707373476619,0.5500170167266479,1.3433697168012588,-0.4406938258084897,0.41524562136150633,-0.0009104432039393137,-0.2485612744796874,0.4089919270703465,0.007303005019154717,-0.4615262919546576,0.2465269908769333,-0.0010895567960607054,-0.2776520995978624,0.24149973152045284,0.007005811782487787,-0.4547411012477429,0.34216772821832503,0.39348727918316784,-0.24101268292818454,0.31733977315594675,0.4025478642783449,-0.5411931874363619,0.5870445407993196,0.7381949252746401,-0.11651823405909084,0.5741741344663274,0.7367788939768904,-0.5201264503422107,0.4766969608441661,0.8842742475294173,-0.14497460348410834,0.4547760545790613,0.8742339694108268,-0.43152218215330274,0.45139429443121337,1.0635160919184348,-0.2315763739913296,0.43904354812603563,1.0570882023611572,-0.42914603767188336,0.3671658761493184,0.7047954778412131,-0.3026171185367378,0.3431136837927139,0.7102313144353294
5.099999999999992,0,swing,151,-0.3435215641511604,0.3581076324917376,0.7858420337020171,0.7686402447770615,-0.03911164833792236,0.014528094915785035,0.6383191893805698,0.029305756092071533,0.03185373544692993,0.05353209748864174,0.030351324006915092,-0.1337116350847798,0.013841664511690444,-0.019127164036035538,0.10421030223369598,-0.00626611802726984,0.036392271518707275,-0.09163728401185889,-0.06287452184023012,0.12094555050134659,0.05913387984037399,0.2862388789653778,-0.2603347599506378,0.244602233171463,0.9367448091506958,-0.2653317451477051,-0.2758975327014923,0.8597574830055237,-0.3455913897356885,0.36400808480003505,0.8605809157153784,-0.3180004485159485,0.5488070149621316,1.3445789358851687,-0.44047095872175995,0.415583765280953,-0.0009171203992732017,-0.24826328304206913,0.4090786294293949,0.007204023623195454,-0.46208424029506406,0.24696336739410127,-0.001082879600726859,-0.2781816799820699,0.24173226953722515,0.006911867190870325,-0.45489268669295363,0.34310569676179886,0.39341937503224544,-0.24123077403337684,0.31776548336723776,0.4024284546228083,-0.5536815645454316,0.5486270208247652,0.7248251235539281,-0.10931058914514033,0.5338052685790448,0.7229019368364286,-0.5247527533997822,0.46053506138404304,0.8840811902256933,-0.14390008307610833,0.4365150036584846,0.8755378941513905,-0.43238316561513956,0.4526154766240337,1.0634021034632093,-0.2324734387848641,0.4391879364407667,1.0581118120467152,-0.4291203714935814,0.36899555336211204,0.7046296421225079,-0.30270727998654534,0.34434399601879145,0.7100829015111639
5.133333333333325,0,swing,152,-0.34336551919113845,0.36055938014760613,0.785655131644881,0.770102976242158,-0.04102280889974157,0.016609595474762897,0.636382476558799,0.02681140974164009,0.03112950548529625,0.053587522357702255,0.02925710938870907,-0.1356742482687887,0.0148748201829223,-0.02191256359219551,0.10438599437475204,-0.006596394348889589,0.035614974796772,-0.09360967953002941,-0.0626504704543227,0.12177938222885132,0.051449984312057495,0.2618711292743683,-0.15930356085300446,0.2504822909832001,0.9870079755783081,-0.16607840359210968,-0.272225558757782,0.9152002334594727,-0.34536278386319685,0.3668836565571622,0.860361319218102,-0.32159758789902104,0.5422410977760931,1.3479922770151846,-0.4396816724991413,0.4162087866837575,-0.0009220382122899669,-0.2480068041232741,0.40898231185768463,0.007209606000165746,-0.4621040400656121,0.24769405996661653,-0.0010779617877100418,-0.2788138939015058,0.24179725865370433,0.006924641830061848,-0.4547250173988904,0.34454703729773695,0.3933217253843684,-0.24142043229145133,0.31834195688537986,0.4023805966420308,-0.5638592036190843,0.510136712104539,0.717606071299675,-0.10467792463116056,0.49299135337293026,0.7157940713242639,-0.5286567304272545,0.4436416062192725,0.8858283973407026,-0.14429402148677273,0.41813989215436226,0.8794626016761312,-0.4339059478568011,0.4516607661633269,1.0641284629806989,-0.23401275824717957,0.4375039447301471,1.060322933503614,-0.42896830088079346,0.37136057743896356,0.704437561198415,-0.30267694786269794,0.3461063044027117,0.7099548553483414
5.166666666666658,0,swing,153,-0.3433378328336403,0.36204794654622674,0.7856226572728792,0.7702765277059049,-0.042749902944705244,0.018052895335593646,0.6360193469019277,0.023722706362605095,0.030459599569439888,0.05363766476511955,0.028564035892486572,-0.13635298876213997,0.01633726411343084,-0.024193529039621353,0.10421926528215408,-0.006787170190364122,0.03479069843888283,-0.09490169607532306,-0.06167061571580856,0.12373834103345871,0.04398304596543312,0.22697223722934723,-0.059743624180555344,0.25396865606307983,1.0312069654464722,-0.06934564560651779,-0.26608794927597046,0.9652736783027649,-0.34533043940617125,0.36870963217138353,0.8602996380881123,-0.3268695136108813,0.5288070160563862,1.353316218236836,-0.4387925569139816,0.41649782707906746,-0.0009251976052422617,-0.2474975028293619,0.408738657012942,0.0073553516178427,-0.4613301830777439,0.24799847092210925,-0.001074802394757702,-0.2784855190013547,0.24158703314906504,0.007076975265968108,-0.45437347970773906,0.3451640202431938,0.39328098752618484,-0.24128015712006703,0.3186149431002098,0.4025103530160171,-0.5723860957764095,0.4712399326742691,0.715547959923593,-0.10313610097741244,0.4543989317800621,0.7144238157030213,-0.5322613788654696,0.42446009929055856,0.889217814779228,-0.14620144375221156,0.3998431640942757,0.8850948696872037,-0.43630202463522716,0.4465931264032488,1.0658061645192345,-0.23636236122573423,0.43276903130567723,1.0635235584577374,-0.4289455192091303,0.37248063417985283,0.7043645610475434,-0.3026715771138628,0.3471646436859128,0.7099920021185027
5.199999999999991,0,swing,154,-0.3426481772912666,0.3637623549439013,0.7853684982050629,0.7710002611799437,-0.0441368025909996,0.020211713991338084,0.634981910399843,0.020878519862890244,0.029818745329976082,0.05367700755596161,0.02819330431520939,-0.13817082544838688,0.0163569335897793,-0.026274079456925392,0.10346555709838867,-0.006775496061891317,0.033982712775468826,-0.09701773106552358,-0.06145158133758977,0.1260308474302292,0.038151226937770844,0.18675455451011658,0.03574155643582344,0.2551344335079193,1.0701630115509033,0.021529337391257286,-0.2577553689479828,1.0083569288253784,-0.34451460246056026,0.3707918888070988,0.8600150125962492,-0.3297348846263617,0.5128170406320048,1.3586318006329858,-0.4383044786036651,0.41667720800851354,-0.0009266431761894393,-0.24698381932105984,0.40808942005282967,0.007190656245239051,-0.46126339933840804,0.24823473582942987,-0.0010733568238105833,-0.2784428050882534,0.2410257830982853,0.006919691266462202,-0.45398174134840563,0.34601435726044016,0.3931941820396818,-0.2409682220180104,0.3187065160206238,0.40228500540844714,-0.5777166951540331,0.4352392613958267,0.716794996610084,-0.10319938400735408,0.41907931052971764,0.7152950950803596,-0.5338621012546676,0.4062832014395437,0.8934242280240772,-0.1480023370578172,0.38243309037869827,0.8902502726281222,-0.4371852982709455,0.44069513291665496,1.0676859841227695,-0.23723598042646288,0.4268912832800624,1.0663043442505873,-0.42835965514747437,0.3739583843562111,0.70419182041611,-0.30214144257610953,0.3483530054813247,0.7097558074110305
5.2333333333333245,0,swing,155,-0.3419116724980995,0.36611575493589044,0.7850431027658767,0.7714204147559853,-0.04540189940113786,0.0224124244780863,0.6343082014742412,0.018543941900134087,0.02909008041024208,0.05373947322368622,0.027922168374061584,-0.14052300335036705,0.016168728743814365,-0.02832917682826519,0.10191714018583298,-0.006510613951832056,0.03329240158200264,-0.09920111431227596,-0.0606833358422193,0.12812387943267822,0.03385158255696297,0.146590456366539,0.12503744661808014,0.2539314925670624,1.1047323942184448,0.10382909327745438,-0.24845415353775024,1.0437878370285034,-0.34363808180301114,0.3735018054451066,0.8596585553798441,-0.33171892315220636,0.4971874380960198,1.3632256925248656,-0.4380300799197128,0.4171419066604509,-0.0009276342077741868,-0.24618007610782958,0.4081181667525481,0.006909545007215162,-0.46125184399582153,0.24873546757345516,-0.001072365792225912,-0.27792523033261546,0.24110866155550653,0.00664429590939547,-0.4536345149687347,0.34730611769959896,0.3930815319284042,-0.2404568380474799,0.3195393112428558,0.4019506330254009,-0.580758037187769,0.40238814309812765,0.719863564169046,-0.10500544912678444,0.3889069814138232,0.7173404647780331,-0.5343450398838815,0.38973551406593065,0.8977548480027714,-0.15015104848864264,0.3674845888175154,0.8947172393509076,-0.437638197141533,0.43523936870176916,1.0693887084578682,-0.23767565090501985,0.42158436936624566,1.0685484729211567,-0.42775598789458114,0.37601785894350087,0.7039719301134821,-0.30157101234721173,0.3502286801007856,0.7094385877867766
5.266666666666658,0,swing,156,-0.34148526086937636,0.36734727630391717,0.7848297831885416,0.7721409807576082,-0.046274065525176364,0.024088155274278492,0.6333062272470823,0.016340482980012894,0.028151726350188255,0.05386803299188614,0.0276048481464386,-0.14164860911874033,0.0163714608484542,-0.031153006479144096,0.09988541156053543,-0.0060697756707668304,0.03277825936675072,-0.0994689267463531,-0.059280010901988756,0.12965945899486542,0.030320720747113228,0.11052101850509644,0.20513319969177246,0.2505917251110077,1.1347039937973022,0.17486557364463806,-0.2396591603755951,1.0713951587677002,-0.34309119117222797,0.3749950684653692,0.8594215539338297,-0.3335276915347426,0.48163328365473035,1.366964870491381,-0.4376392244364017,0.4174222960080437,-0.0009289515952468942,-0.24502297236625628,0.40825095968461605,0.0066242551280671635,-0.46126335812654734,0.24907182788904253,-0.0010710484047532082,-0.27715004621381567,0.241314497978562,0.006361806930120669,-0.453425851237039,0.34802624467340887,0.39302507240769885,-0.2399852148383793,0.31985375264287563,0.4016882631205668,-0.5819134874655746,0.3724230027803822,0.7237918937271745,-0.10787247866420602,0.3624725875365486,0.7201090926216457,-0.5342293673902678,0.3741650495381419,0.901788394170036,-0.15267286843577144,0.35343413258935275,0.8986330283071763,-0.43817564540610526,0.4292876691463628,1.0708139435943536,-0.2382214487135232,0.41549085715576806,1.0704239385682786,-0.42742487577026045,0.3771370960524435,0.7038472056767487,-0.30130227619160344,0.3510266105305793,0.709230805037204
5.299999999999991,0,swing,157,-0.34125062718521804,0.36790264258161187,0.7845543684825254,0.7728061299324777,-0.046920177232040054,0.02608684224569953,0.6323675032518262,0.013773267157375813,0.026455683633685112,0.05421693995594978,0.02694038487970829,-0.14226282393666834,0.01659323095565457,-0.03523794934153557,0.0979953482747078,-0.005611628759652376,0.03235221281647682,-0.09877702903407837,-0.05876698964654725,0.13050255179405212,0.027441387996077538,0.08096947520971298,0.2734612822532654,0.2457585483789444,1.1595295667648315,0.23289133608341217,-0.2318027913570404,1.091492772102356,-0.34267723574476305,0.3758161433637733,0.8591220645270496,-0.334495964133898,0.46874014769159306,1.3694354743960124,-0.4375196023371599,0.4172045458433865,-0.0009319472768467944,-0.24460062617543224,0.4084453985619732,0.006169259119032079,-0.4614935555177264,0.24890353264321735,-0.0010680527231531761,-0.27706454475395137,0.24157411140538904,0.005909426033960483,-0.45349643796812433,0.34807702548718605,0.3929930187218,-0.23996613406138165,0.3198425852439471,0.40126906744785573,-0.5817154114042601,0.3464633603259337,0.7280628045815102,-0.11124419879051599,0.3407376280450522,0.722525722668875,-0.5335403365993574,0.3606835349814685,0.9053662535171589,-0.15510019744404202,0.34150585495417696,0.9015107092283241,-0.43841564127118676,0.4241825467361164,1.0717578803274226,-0.23847955327173198,0.41012196946815715,1.071543912184856,-0.42735305625885706,0.3775561617067806,0.7037297519688377,-0.30129075153361184,0.35111843982242286,0.7089340210349945
5.333333333333324,0,swing,158,-0.3414364446653053,0.3683683038689196,0.7844067650262799,0.773409841367567,-0.04753382206806258,0.027663960073841552,0.6315160000731808,0.011037704534828663,0.024456046521663666,0.05467560514807701,0.026002468541264534,-0.14177863377541988,0.017657599977005778,-0.040275074541568756,0.09602090716362,-0.005099352914839983,0.03198913484811783,-0.09651757678387618,-0.05766218510393628,0.13070246577262878,0.024576932191848755,0.058275654911994934,0.3274703621864319,0.23930591344833374,1.1780506372451782,0.2766221761703491,-0.22552984952926636,1.1044552326202393,-0.342729863196551,0.37650330774851026,0.8589530511871751,-0.3360194243085639,0.45898987714434974,1.371134968375687,-0.43715851356736024,0.417445036990006,-0.0009364395143374067,-0.24400263935676267,0.4095578551163416,0.005796402078020298,-0.4614259982159654,0.24918609063324204,-0.00106356048566272,-0.2767331773769858,0.2427386568538084,0.005537612680247397,-0.45365701446893153,0.3482548613973553,0.39300951126275646,-0.2400454435560823,0.32025310371770765,0.40099563767872654,-0.580534330580318,0.3262438326017273,0.7317299908503708,-0.11457625244327682,0.32475041300976126,0.7248530820688851,-0.5328370573142915,0.35025710758785966,0.9081043000668622,-0.15759801374910865,0.332497532924244,0.9038745176327381,-0.4391506196655663,0.42042417648222125,1.0723486360471064,-0.2392385661938144,0.4060245712314749,1.0724331661015487,-0.4276566854629147,0.37790772441982307,0.7036953492657431,-0.30165618168128533,0.3511517740678184,0.7087824553488519
5.366666666666657,0,swing,159,-0.3413367558969185,0.36760193714872,0.7843000513190329,0.7745028169993263,-0.04783402455548847,0.028983540845245147,0.6300930462360342,0.008766194805502892,0.022844625636935234,0.05505497381091118,0.024916013702750206,-0.14075423058491832,0.01827065799770078,-0.045409951359033585,0.09378358721733093,-0.004505216609686613,0.031695544719696045,-0.09340818283221353,-0.056348725689227,0.13036806881427765,0.021802639588713646,0.04173607379198074,0.36502930521965027,0.2319031059741974,1.1889451742172241,0.3054713010787964,-0.2209511548280716,1.110697627067566,-0.3424905637291144,0.3758984242949992,0.8588308303872675,-0.33692688983461716,0.4507560116916856,1.3722447604557773,-0.4366601199339168,0.4170037074067403,-0.0009415889466065988,-0.24282025535228363,0.40989881184123855,0.005402557049274569,-0.461486330862165,0.24882628441678756,-0.0010584110533935903,-0.27605059310631896,0.24317845399616056,0.00514384338150178,-0.4536569898421598,0.3475736357704137,0.39305487924939153,-0.2397986082692501,0.3196109774300386,0.40073012526325136,-0.5783320517263314,0.3121029908929643,0.7341320544562524,-0.11692607791772136,0.31318435001837336,0.7265022017705391,-0.5316334151791939,0.34234753380887634,0.9098137813734649,-0.15932456813606946,0.3249621295544804,0.9054525192907148,-0.4394324839997865,0.416816645183823,1.0726828275010365,-0.2395757311927813,0.40167343285362517,1.073065420969596,-0.4276513924169466,0.3772346361363573,0.7037014022118022,-0.30175760767330023,0.34995421886810124,0.7086621454240765
5.399999999999991,0,swing,160,-0.34108903899323195,0.36830598721280694,0.7839839061789867,0.77448157365388,-0.048133690159605814,0.03070640717018346,0.6300147272095531,0.007450063247233629,0.021289430558681488,0.05541373789310455,0.023894406855106354,-0.14140170487159853,0.01804085581647208,-0.04977782070636749,0.09150372445583344,-0.003888495033606887,0.031452495604753494,-0.09180201764639118,-0.055698647978415616,0.12973342835903168,0.01918189600110054,0.030709566548466682,0.38507920503616333,0.22367851436138153,1.1912081241607666,0.3198966681957245,-0.2177489846944809,1.1108434200286865,-0.3420705470625929,0.3767996089384302,0.8584949458435344,-0.3372146131877483,0.4472433509660117,1.3725749894789023,-0.4369587649186024,0.4167057012666216,-0.000946335208438908,-0.24229997926336633,0.411157117570921,0.0048200877573977875,-0.46176793261456234,0.2485257569254657,-0.0010536647915610868,-0.27547289586745627,0.24442532385782217,0.004562077698045834,-0.4538295606771762,0.34750540424948745,0.3930239090136965,-0.23958204081839365,0.32036777342837536,0.4002121766537069,-0.5752849901005109,0.306001116302771,0.7347478493136282,-0.11811819859008157,0.30956382490243445,0.726890271964538,-0.5299241784017749,0.3389463269344628,0.9102943504540196,-0.1600668699912746,0.3225492851945962,0.9058630380292205,-0.4393728795302515,0.4158082803040769,1.07262140296915,-0.2395251561096835,0.400549836698786,1.0731236403237192,-0.42759205033717396,0.3777149100035119,0.7035613097972633,-0.3017092697953553,0.35034212089299754,0.7083093126389287
5.433333333333324,0,swing,161,-0.3414718498243019,0.36767677078023553,0.7838604575402808,0.7743946366646041,-0.04810052781919319,0.03161025041609,0.6300794219757085,0.006059048697352409,0.019332993775606155,0.055855996906757355,0.023076126351952553,-0.14055455081682622,0.01882225245328828,-0.05360068753361702,0.0892164558172226,-0.0032610890921205282,0.03124389611184597,-0.08909706814041396,-0.05452150056314797,0.12928946316242218,0.01658252254128456,0.024785116314888,0.3869592845439911,0.21442729234695435,1.1841697692871094,0.32003292441368103,-0.21555940806865692,1.1051585674285889,-0.34234610148118166,0.3762516346414251,0.8583635272341028,-0.338437440017669,0.4442049019855739,1.3728057628259844,-0.43703257983548044,0.41611829818682416,-0.0009503924533995206,-0.24188079559972064,0.41190350237036844,0.004408025831840152,-0.46175834199916316,0.24792606637515496,-0.0010496075466005887,-0.27492888637689394,0.2451469223322235,0.00414974310798074,-0.4541890362271275,0.34667894299846785,0.39305949385040884,-0.2396887734442429,0.32027187370432997,0.3999073134632792,-0.572231891066515,0.30620188513554025,0.7331373854209824,-0.11896797096968248,0.310543614640083,0.726622504762957,-0.5287531588304476,0.3375422980345397,0.9094522814639223,-0.160925629531014,0.32166202635631347,0.9057188475875027,-0.44010875624039486,0.4141582425475751,1.0725445918034138,-0.24026219507551239,0.39889504689123767,1.0733007326151918,-0.42809988779147784,0.3769536923195754,0.7035574916755962,-0.3022193313926553,0.3495415875931849,0.7081539189873356
5.466666666666657,0,swing,162,-0.34212306037079543,0.3663270235992968,0.7838225766204058,0.7746347373734039,-0.04786425877172964,0.03225395037949334,0.6297695761717833,0.004305215552449226,0.017407251521945,0.05626460537314415,0.022519078105688095,-0.13894568495413284,0.01969776396830536,-0.05684693902730942,0.08648966252803802,-0.0025344782043248415,0.031103458255529404,-0.08636284939574446,-0.0528231959243205,0.12920284271240234,0.014618700370192528,0.023529518395662308,0.3714819848537445,0.20580442249774933,1.1680827140808105,0.30687186121940613,-0.2142493724822998,1.0941699743270874,-0.3428968239076417,0.3749355047268324,0.8583228809329783,-0.33943227439300994,0.44252642161543404,1.3728192546528772,-0.437156674583695,0.41553440196112096,-0.000953308209123753,-0.2413385082369813,0.4118764212136311,0.004069351475710806,-0.46197085633267276,0.2473551890255285,-0.0010466917908763355,-0.2744221374160196,0.245126890038788,0.003809864840374773,-0.4547442447464497,0.34561225493706027,0.39313100629268616,-0.23994937175686837,0.31942480665951856,0.39968329648214324,-0.5695357986063413,0.3133478444756709,0.7299067381607028,-0.1193650156902847,0.3160096713934694,0.7255345382721764,-0.5279496667222011,0.33894970488876935,0.9075994577146317,-0.16150984635013554,0.3225904827669108,0.9048110575782132,-0.44088430565983494,0.4127511135377272,1.0724568976731739,-0.2410494133006557,0.3973439891106742,1.073363105532634,-0.4288523772114021,0.37560035906301076,0.7036288814694002,-0.30299733220770736,0.3480453811417138,0.7080795631994413
5.49999999999999,0,swing,163,-0.3423350740922615,0.36533558974042535,0.7837189032232822,0.7740141581137027,-0.047366238776759995,0.03281868119107916,0.6305406066452479,0.003068753983825445,0.015673359856009483,0.05657269433140755,0.022413404658436775,-0.13788342807145781,0.019907756387817943,-0.058860696852207184,0.08353802561759949,-0.0017739918548613787,0.031058847904205322,-0.08454810333608886,-0.05136632782228656,0.12925978004932404,0.013571722432971,0.02615932933986187,0.3400534689426422,0.199615478515625,1.1437309980392456,0.28192684054374695,-0.21413075923919678,1.0785200595855713,-0.3430047060483045,0.3739389373270243,0.8582208092616354,-0.3393143719095486,0.442957775655681,1.372515863807465,-0.43745835682931417,0.41498474023395165,-0.0009540348292896295,-0.24077400502153398,0.41202744325084184,0.0036555427137572698,-0.4619168735118964,0.2467534336632061,-0.0010459651707102752,-0.273449908955802,0.24519753835423214,0.0033945172999323495,-0.4550275563119003,0.3446756521368521,0.39318045606375596,-0.23979623336784692,0.3190556745409341,0.39934940513323847,-0.566877183649174,0.3272884551060977,0.7258279890766338,-0.1185372452530247,0.32725083639960917,0.7236580333146061,-0.5269097772641054,0.34337891398890374,0.9050018369561711,-0.1608905253075045,0.3267539672668976,0.9030055088860783,-0.4409398793249547,0.4121776437679865,1.0723134840147204,-0.24107309218836193,0.3971833535168077,1.0731031418895651,-0.42921751489749377,0.37441885948731335,0.7036694799074108,-0.3033074834298576,0.34708240956483205,0.7079144730757292
5.5333333333333234,0,swing,164,-0.34310656681191176,0.3641762197948992,0.7837511888049107,0.7742709364065223,-0.046970825503836355,0.03283957588546814,0.6302537749536433,0.0019240170950070024,0.013857499696314335,0.05683991312980652,0.022734342142939568,-0.13666404625641815,0.02124133477930279,-0.05986841395497322,0.08110916614532471,-0.0011612887028604746,0.03111945651471615,-0.08310937872829638,-0.04945043351464973,0.1293996274471283,0.013147491030395031,0.03265203908085823,0.29506129026412964,0.1957181692123413,1.1129645109176636,0.24661803245544434,-0.2152831256389618,1.0587536096572876,-0.34373308844907885,0.3727360315523496,0.8582584843759833,-0.33971159140039575,0.44492708498748695,1.3720923057851124,-0.43731568030515683,0.4147274391269575,-0.0009530972181380909,-0.24025430150709723,0.4115394279101461,0.0034941619289184274,-0.4618811348620029,0.24651171559633234,-0.0010469027818619143,-0.2729932502919285,0.24472188771570846,0.0032305031695548866,-0.45546950633332056,0.34407669761209336,0.39322879922150156,-0.24009029887005223,0.31820236781844735,0.3992631309031794,-0.565156579159041,0.34760143465824717,0.7216276834589906,-0.11777915955979154,0.3419311973560033,0.722015463031089,-0.5268819536397402,0.35093046545074974,0.9018595751971288,-0.16056513786774942,0.3324046940058034,0.9010075578238974,-0.44152831318594765,0.4124361221479559,1.0721351061577424,-0.24167062626071326,0.3973197381071335,1.0728998351459211,-0.4300265245380422,0.3733481226083688,0.7037527078434336,-0.30413552044296827,0.34591219444435917,0.7079182607236777
5.566666666666657,0,swing,165,-0.343231498147361,0.36266315588727593,0.783916315874214,0.7737242830738289,-0.046246953729613564,0.032302562743015094,0.6310059409330898,0.0005382568924687803,0.013003659434616566,0.05679326504468918,0.02339412085711956,-0.13426785271606323,0.021722853062936864,-0.05981825292110443,0.07997462153434753,-0.0008878105436451733,0.03128577768802643,-0.08160482521452028,-0.04881065600671164,0.1296645998954773,0.013554799370467663,0.04258748143911362,0.24020671844482422,0.19508107006549835,1.0776945352554321,0.20335842669010162,-0.21801996231079102,1.0358470678329468,-0.34385982195040954,0.371087980904826,0.8584389804308586,-0.33926008023658166,0.44764003431172195,1.3716034370948549,-0.43700919816556993,0.41492451989911205,-0.0009504179623285279,-0.23993595144089253,0.411321947967798,0.003493177548151292,-0.4612829757782291,0.2466664624786802,-0.001049582037671394,-0.272329974382527,0.24443708831453287,0.0032269142069425993,-0.4553379339165503,0.3434330902601479,0.3933381490244927,-0.23990471278810568,0.31750776794012786,0.3993145748427904,-0.5632570178730876,0.3713277954259025,0.7185922407616379,-0.11593550690887464,0.360091755047166,0.7208364082218128,-0.526553000043914,0.35971085267834585,0.898807184427705,-0.15908535920343028,0.3398093447638511,0.8988428077815629,-0.4414155290860905,0.4125178359325592,1.0720582409039292,-0.24152648783333322,0.3978147812344996,1.0726716490872286,-0.430190443262272,0.37178356276695573,0.7039543806130643,-0.3042406989274957,0.3446089587747467,0.7080434076906936
5.59999999999999,0,swing,166,-0.3426397134317085,0.360990768764168,0.7839739691272816,0.7734592009818967,-0.04542681538604392,0.03198486686995466,0.6314065545681637,-0.0001555175258545205,0.013289622962474823,0.05636241286993027,0.024458255618810654,-0.1331025102350425,0.020606389510664624,-0.058901965618133545,0.07996605336666107,-0.0009133470011875033,0.03156226873397827,-0.08128362913986265,-0.04971984806215379,0.12978534400463104,0.014823928475379944,0.054650068283081055,0.17812959849834442,0.19798976182937622,1.0391112565994263,0.15434539318084717,-0.22272731363773346,1.0107104778289795,-0.3432312833439823,0.3692904552022162,0.8585109750375606,-0.3372238591825969,0.4513538108879073,1.3707718213290605,-0.43705632729500293,0.4145543373486734,-0.0009455478756111302,-0.2399707874843532,0.410323626685995,0.003433018164634389,-0.4612470243932047,0.24628432126212393,-0.0010544521243888959,-0.27221383367360313,0.24340953539450316,0.003164502292804759,-0.45501415002574497,0.34257435703043915,0.393401445967713,-0.2395504717237722,0.3163312974875527,0.39924574774213617,-0.5611634852775049,0.39832546362043936,0.7173701922430364,-0.11314687547674762,0.380120859655652,0.7201293161316916,-0.5258291677499528,0.3702394907253118,0.8960381197945823,-0.15646760848392988,0.34814323662486685,0.8963686701965246,-0.4401691836548033,0.413068486915281,1.0718853491572453,-0.24026606504955017,0.3985467012940708,1.0720993918299715,-0.42965841639476193,0.370146906173277,0.7040811606369665,-0.30367296418005696,0.34312213251262613,0.7080466366880727
5.633333333333323,0,swing,167,-0.3428904403699562,0.359188383910805,0.7841801620890259,0.772654754709104,-0.04487677809935539,0.03097755588565341,0.6324801149792669,-0.0006468605133704841,0.01389793399721384,0.05575958266854286,0.025867780670523643,-0.1318505830951433,0.02039018495060252,-0.057463139295578,0.08052939921617508,-0.0010978805366903543,0.03194604441523552,-0.08091692932350902,-0.05001178807862294,0.12992940843105316,0.01685653068125248,0.06821447610855103,0.11225352436304092,0.20366577804088593,0.999087393283844,0.10155534744262695,-0.22904343903064728,0.9841188192367554,-0.34355774745913553,0.36732842552322903,0.8587341319618418,-0.3365075417209135,0.4554467572748786,1.3699380818901392,-0.43729511721843384,0.4140237766177668,-0.000939335681775403,-0.24038156705971117,0.4094155524818275,0.0036387394073169807,-0.4611266272278213,0.2457025230279885,-0.0010606643182246751,-0.27218800706465085,0.2424177192340762,0.0033665909764329614,-0.4550894276284742,0.34153640935396445,0.393461403081321,-0.23963531058537316,0.31527053545235195,0.3994543270677796,-0.5601122691292179,0.42630943897701606,0.718268239601837,-0.11117846891420252,0.40189787536544824,0.7207881463148972,-0.5263297425416835,0.3812564731671424,0.893734861422812,-0.1545815613931352,0.3575148049347278,0.8942986037132195,-0.4400276674223425,0.41352349622126433,1.0717390663533992,-0.24008660943643717,0.3995323703009892,1.0716576602121206,-0.4298793952995087,0.3682640770756496,0.7042457834265438,-0.30381386704168845,0.3416224676579277,0.7082414638429729
5.666666666666656,0,swing,168,-0.34301596775185317,0.3572453917004168,0.7845166393513678,0.7722434039266469,-0.043989537948288804,0.02927993975969881,0.6331253673409004,-0.0008448591688647866,0.01477256789803505,0.05500442162156105,0.027650907635688782,-0.12978052321320876,0.02038213251162091,-0.05565992742776871,0.08162257075309753,-0.0014269258826971054,0.0324099026620388,-0.07949383029374402,-0.050413384214428536,0.13013996183872223,0.019552042707800865,0.0826055109500885,0.0454532690346241,0.21260744333267212,0.9593753814697266,0.047005895525217056,-0.23716023564338684,0.9569241404533386,-0.34380191555573364,0.36512166717118066,0.8590977802031825,-0.33560505641559363,0.45897824074417953,1.369228276030131,-0.43703827097784675,0.4142334908336791,-0.0009314582619630862,-0.24047395278707737,0.40909157392033185,0.0039718844344453635,-0.46072612648473327,0.24589197275330343,-0.0010685417380369502,-0.27203526679485823,0.24204724766589408,0.0036952541699957833,-0.4548770767940701,0.34098351535913873,0.39355632728022594,-0.23953554233589786,0.31442159892141297,0.3998166047120808,-0.5592811594852071,0.45449278375064245,0.7216622799572212,-0.10905340980627178,0.423911344570248,0.7229110962400974,-0.5270859813826753,0.39257886907425593,0.8922193140559634,-0.15245749041855594,0.3668516885989751,0.892675184464935,-0.4397341891723526,0.4137205975612579,1.0717295389663537,-0.23977213910209716,0.4000380319964634,1.0713411689549,-0.4299072844381099,0.3664575141898089,0.7044917181054389,-0.3037948169392377,0.3400542827852372,0.7085701480594748
5.6999999999999895,0,swing,169,-0.3426020134938881,0.3557909191586077,0.7846977384216159,0.7707057782401818,-0.04308433756380883,0.027911709044492253,0.6351198939901812,-0.0003670241276267916,0.016348138451576233,0.053999658674001694,0.02963012084364891,-0.12906030387110312,0.01896539253981655,-0.05338580906391144,0.08287157863378525,-0.0018101168097928166,0.03291955217719078,-0.07912465574844463,-0.051604823147139434,0.13043546676635742,0.02258129045367241,0.09734749048948288,-0.019388405606150627,0.22359949350357056,0.9215087890625,-0.0071576619520783424,-0.24623681604862213,0.9300628304481506,-0.34347981416364026,0.36343081359883284,0.8593024398748514,-0.33395542452028837,0.4634370134691549,1.368210523480507,-0.4375097194963647,0.4139084072378012,-0.0009224268478292656,-0.24089409963530609,0.4090198575058905,0.004147147085049388,-0.4604997584374666,0.24547018699337186,-0.0010775731521706668,-0.271644954549004,0.24182444455365112,0.0038664162409660086,-0.45457852462946047,0.34022685563436317,0.3935997978389695,-0.23909312556931034,0.3141406827420445,0.3999773765507426,-0.5585814345998671,0.4809124241333859,0.7270622951702186,-0.1070445573697724,0.4467874771756201,0.7257719905307225,-0.5275631303572942,0.4035357406441481,0.8914103339729058,-0.14980195037412786,0.3774229953399326,0.8910594316970306,-0.43882427023743936,0.41425602026039365,1.071595648238819,-0.23879682398923624,0.4015912157019953,1.070696552626691,-0.4294813344971235,0.364821126453421,0.704639075004788,-0.3032302574858561,0.33909214409699573,0.7087235204522648
5.733333333333323,0,swing,170,-0.34235790267121047,0.35471255192533135,0.7848714542460055,0.7714287546429356,-0.042197953886575705,0.02642731546453533,0.6343647264745841,0.0011535428930073977,0.018000653013586998,0.05291346460580826,0.03170301392674446,-0.12923972698008046,0.017953383306816062,-0.05074278265237808,0.08432727307081223,-0.0022526520770043135,0.03341090679168701,-0.07884868527347955,-0.052479709956358866,0.1307503581047058,0.02536018379032612,0.11182960867881775,-0.08014953136444092,0.23365023732185364,0.8864316940307617,-0.05919762700796127,-0.25420939922332764,0.9042242765426636,-0.3433152180338628,0.3621101426895291,0.8594995936987742,-0.33222018335567366,0.4679814654010002,1.36716398666549,-0.4374929764127345,0.41408157196471573,-0.0009131065080387885,-0.24085408960131188,0.4085134241204404,0.004372766446619863,-0.46099508017614804,0.24571405456074036,-0.0010868934919610745,-0.27198886643169573,0.24138908554510718,0.004087937586444084,-0.45442067480893394,0.340420505834941,0.3935996310009995,-0.23897587229168926,0.31346773722521626,0.4001915256381338,-0.5565368165076626,0.5067303674542293,0.7335673303155976,-0.10537474734701499,0.46720958005807456,0.7296504612589242,-0.5276796815436974,0.4153622906730461,0.89097986003019,-0.1476521957112651,0.3866240309156282,0.8898944965094966,-0.4379113425895043,0.4157386616587247,1.07136557993103,-0.2379108214729459,0.40268421203760013,1.070117462070169,-0.4291097936562473,0.3642159404011359,0.7047294007505371,-0.30291039249034957,0.3382481817072031,0.7088900208857065
5.766666666666656,0,swing,171,-0.3419854928506538,0.3535328865982592,0.7850634018455492,0.7708996507775085,-0.041363542023478445,0.024720304456200177,0.635131240272418,0.0029833796434104443,0.019696028903126717,0.051781099289655685,0.03357638418674469,-0.12931067248509875,0.01706332048932302,-0.04784233495593071,0.0859651193022728,-0.0027436581440269947,0.033819135278463364,-0.07853129539062875,-0.05336547028301897,0.131368026137352,0.027987096458673477,0.12565737962722778,-0.13466916978359222,0.2426476925611496,0.8553368449211121,-0.10702824592590332,-0.2600070834159851,0.880389928817749,-0.34306765340190887,0.360671053257759,0.8597150964363789,-0.33106183121649957,0.47201535907942277,1.366168197136199,-0.43747840371050617,0.41377929903854155,-0.0009047815463751469,-0.2408782767140928,0.4083211361271334,0.00463759416040696,-0.4608339834302117,0.24539141161862996,-0.0010952184536249451,-0.27174118116433355,0.24114638291765716,0.004349465289915137,-0.45402527691526007,0.34004545002744646,0.3936030787658022,-0.2385482933038404,0.3131033510065917,0.4004459045569307,-0.5546611502513826,0.5281363533622038,0.7406391890539135,-0.10503457252590882,0.48646711028224193,0.7340278815097387,-0.5277245329487573,0.42500263472886424,0.8909635680924419,-0.14609068799781977,0.39570360412067124,0.8890631856690938,-0.437234967661242,0.4165057856351084,1.0711383995509272,-0.23720639527491977,0.40391973027636857,1.0696066229364678,-0.4286284009625993,0.36318813738827765,0.7048215439268638,-0.3023796599595375,0.337478899429965,0.709081342103135
5.799999999999989,0,swing,172,-0.3416706611169502,0.3526336611248553,0.7852481764372897,0.7704014177611849,-0.04061492250232871,0.023137665480800068,0.635843323482904,0.004687152802944183,0.02138468809425831,0.0506303608417511,0.03514371067285538,-0.12923457840601182,0.0161511401165646,-0.04502231255173683,0.087836854159832,-0.0032836024183779955,0.03404323384165764,-0.07824175356735785,-0.054506551117868396,0.13249990344047546,0.03031236119568348,0.1383984535932541,-0.18120594322681427,0.2505026161670685,0.8291780948638916,-0.1491534262895584,-0.26342537999153137,0.8593582510948181,-0.3428705766694685,0.35953391972410564,0.859920437913224,-0.3301725982791896,0.4759417424940265,1.3652038915661004,-0.4375400092101476,0.4137200071876555,-0.000897914227152373,-0.24113336637972718,0.40830949406683853,0.004909309128173365,-0.460772309125359,0.24531508281004244,-0.0011020857728475178,-0.27175047792165724,0.24108955305584803,0.004619811097284914,-0.45371450504882943,0.3398712932107195,0.3936127781056463,-0.23827188543021352,0.3129176250452296,0.4007020828700367,-0.5529987448483872,0.5457554000245524,0.7474791114880269,-0.1057588653825152,0.5034128205696056,0.7383648144918711,-0.5277701722089105,0.4332178111130136,0.8912093254610127,-0.14520790594105612,0.4040069215235929,0.8884374790182019,-0.43671221445595565,0.41734983155701616,1.0709031486731426,-0.23665163042363735,0.40531659372951434,1.0691286616953102,-0.42821031020365813,0.3624261309029413,0.7049113643152647,-0.30191566891359073,0.3369612175242101,0.7092687787290843
5.833333333333322,0,swing,173,-0.34107673063408583,0.35169765958562493,0.7854133966714808,0.7699876217192799,-0.04009627569572874,0.021909012827829488,0.6364207305166365,0.005820151884108782,0.023258144035935402,0.049429118633270264,0.03635532408952713,-0.12903654721217772,0.01495342478884576,-0.04265382140874863,0.08971080183982849,-0.003805088112130761,0.0340101532638073,-0.07806440590769115,-0.05572935973832194,0.1343371570110321,0.032283347100019455,0.1497403085231781,-0.21846437454223633,0.2570223808288574,0.8086775541305542,-0.18438850343227386,-0.2644559144973755,0.8418151140213013,-0.342373995492249,0.358420207472356,0.8601002392463171,-0.3291517638697758,0.47958266238266634,1.3642428790640657,-0.4375131537231363,0.41354009994729624,-0.0008926894448479314,-0.2411982996387447,0.40799081222833694,0.005170678218845901,-0.4606798373053709,0.24512614948718836,-0.0011073105551522681,-0.27162316188399654,0.2407357835880428,0.004882317521391254,-0.4532431175470206,0.33953401786381215,0.3936289970618847,-0.23779840441041442,0.3124641278394661,0.40094414143561985,-0.5514665548321513,0.5589494109229309,0.7532915469991941,-0.10702999218233152,0.5172869536462106,0.7421057916071772,-0.5275271620206157,0.4394687904287977,0.8915335485845302,-0.1446123841915039,0.4110007868427848,0.8878808881129637,-0.43597291837483226,0.4180322751043565,1.0706489079308237,-0.23587730282925023,0.40663272509634685,1.0686539645608124,-0.4275318376201127,0.3615780558456675,0.7049961751237308,-0.30119870292687334,0.33632160426319807,0.7094414241950239
5.866666666666656,0,swing,174,-0.34072595729958266,0.35043109068647027,0.7855948977549919,0.7700658117746411,-0.039612859794860296,0.020871040752107724,0.6363912841425938,0.006255981512367725,0.02491086535155773,0.048284295946359634,0.03731420263648033,-0.1281958322441168,0.013875753072543406,-0.04074970632791519,0.09136499464511871,-0.00424931850284338,0.033700380474328995,-0.07744131000969712,-0.05684141766960793,0.1367858201265335,0.03352850675582886,0.15903377532958984,-0.24586717784404755,0.2613818049430847,0.7942397594451904,-0.21251952648162842,-0.2629706561565399,0.8278021812438965,-0.3420965378656914,0.35699908930551083,0.8602941809045114,-0.3286068386532823,0.48199900398826473,1.3634868872303445,-0.4375382402989127,0.4134525796509918,-0.0008886879331471177,-0.24134596033835862,0.40732048180934943,0.005420649111736224,-0.46089439414237804,0.24506481134184338,-0.001111312066852832,-0.2718298457702913,0.2400761946177359,0.005135814524830015,-0.45300950175605986,0.3391033817303141,0.39367246614525037,-0.2376162702084562,0.31151368838231097,0.40118964701947313,-0.5502269485265636,0.5677225336168025,0.7576228781146433,-0.10900673217868577,0.5275953230856172,0.7452747856469517,-0.5273515433881304,0.4434935919459831,0.891799813894489,-0.14475228454234068,0.41599814446476513,0.8874995704569523,-0.4355698761635743,0.4180912377437159,1.0704487751529321,-0.23545011537438554,0.4071456030827712,1.068337064105697,-0.4270986179839631,0.3604958779359907,0.7051118912714812,-0.300765110089226,0.3352557410019967,0.7096287697832528
5.899999999999989,0,swing,175,-0.34021249308716506,0.35025019058957696,0.7856704722095427,0.7696987382188786,-0.03944712160702782,0.02033278372690516,0.6368629011703394,0.006592357065528631,0.026284445077180862,0.047216251492500305,0.03816939517855644,-0.12834987167502576,0.012824452244058815,-0.03903820738196373,0.09291275590658188,-0.004644580185413361,0.03312930092215538,-0.07754573739139614,-0.05805539256090331,0.13943396508693695,0.033460576087236404,0.16597908735275269,-0.26319822669029236,0.26319825649261475,0.7862353324890137,-0.23343877494335175,-0.2595236599445343,0.817396879196167,-0.34163333663672424,0.35674692989364926,0.860375047584968,-0.3286570520916972,0.48498727071138825,1.3627612545009276,-0.43761507504631386,0.41354155270685117,-0.0008852024417340364,-0.24160967785114168,0.4072135432402875,0.005584071309515475,-0.46092723975237926,0.24514769811945916,-0.001114797558265948,-0.27193589353214653,0.2399405835944682,0.005305478780403387,-0.4526852386770729,0.339173128505284,0.3936711545344789,-0.23734525617247126,0.31138158722606285,0.40132824181469506,-0.5493958911893063,0.5730120963281108,0.7597455005021541,-0.11139837689315527,0.536377883104921,0.747570466606561,-0.5270557707042073,0.4462739228954885,0.8916466703826442,-0.14525995929533608,0.4209593623031902,0.8871825094156571,-0.4353529861307829,0.4188842945910348,1.0701129958058704,-0.23519150480988688,0.4087155784198039,1.0680725284933323,-0.4265504128847112,0.3602919917111018,0.705147259902237,-0.3001821149521,0.3352367124962829,0.7097110953567932
5.933333333333322,0,swing,176,-0.3398178209317848,0.3490451038815081,0.7858456868881307,0.7697254738840386,-0.039328706142014745,0.019668727154973174,0.6368587668386849,0.006173588335514069,0.027251170948147774,0.04626717418432236,0.038680728524923325,-0.12726748030125523,0.012519118175339572,-0.03794179484248161,0.09440494328737259,-0.005004271399229765,0.03232547268271446,-0.07663863651908942,-0.05891362463397254,0.14207321405410767,0.032284848392009735,0.1712425947189331,-0.2706526815891266,0.26216545701026917,0.7847896814346313,-0.24656659364700317,-0.2538807690143585,0.8111394643783569,-0.34130391757652084,0.3554648801255498,0.8605556459949255,-0.3295111043247702,0.4860265655034033,1.3623689003740194,-0.43714649992780397,0.4133202498674567,-0.0008834384991088483,-0.24157946603117708,0.40647812399050265,0.005834380358931367,-0.46060341218734047,0.24494650214853686,-0.0011165615008911223,-0.2719367969663464,0.2392107955766728,0.005563633627461692,-0.45222554759978445,0.33856941795738665,0.39372052453670675,-0.23707515970203744,0.31029543571245427,0.4015883276772423,-0.5485832033558435,0.5734179540149656,0.7597096587660542,-0.11393343312654045,0.540680466793902,0.7491234183882651,-0.5266751423322495,0.4461559091403788,0.8911781835189136,-0.14629295559460775,0.42302291758720495,0.8872144268735406,-0.4355655460933189,0.41835900339770726,1.069845079925969,-0.23537361018954195,0.4087397189280625,1.0681589407294323,-0.4260874713292785,0.35915902219804846,0.7052584407762761,-0.2997159146654589,0.33413704626693275,0.7099047037913248
5.966666666666655,0,swing,177,-0.3392462719930336,0.3487145663239062,0.7858819435500927,0.7698929332162185,-0.039442262202679566,0.019699717873552618,0.6366483334241634,0.005603752098977566,0.027883930131793022,0.04541924595832825,0.03897082433104515,-0.12714960514221585,0.011985863427694365,-0.03736047446727753,0.09559066593647003,-0.005269352346658707,0.03137262165546417,-0.07640872342278615,-0.059974673705928794,0.14449182152748108,0.030292173847556114,0.17533768713474274,-0.2685229182243347,0.25859493017196655,0.7899036407470703,-0.2513965368270874,-0.24661915004253387,0.8096012473106384,-0.3407378985311256,0.35515078304786035,0.8605903779102982,-0.3301485173039109,0.4880500347728648,1.3618124896635315,-0.4368010411291643,0.4132320432013489,-0.0008826949613901479,-0.2416373656433707,0.40598700991420533,0.005929172271916274,-0.4604784004768173,0.24488915617479884,-0.001117305038609833,-0.2721129153267954,0.23874116493951145,0.005668001458470327,-0.451793366369035,0.33843023429500985,0.3937281733423148,-0.23682993121198148,0.30967466686252765,0.4016713297070649,-0.5476851422759784,0.5708001863682948,0.7571905228021086,-0.116164900557131,0.5422246652782492,0.7488671658231367,-0.5258594983225018,0.4451870152091187,0.8902489186346141,-0.14731675802633,0.42423829959053444,0.886955338713474,-0.4355627912873863,0.41886474785224226,1.0694123254639576,-0.23534878787948726,0.40965392144339613,1.0681090924656458,-0.4255035127357375,0.3588438422533732,0.7052834502817911,-0.2991405092584861,0.3337834054363745,0.7099482761378484
5.9999999999999885,0,swing,178,-0.3390866209520027,0.34812337765470147,0.7859527388064153,0.7704697180564937,-0.0396074751028457,0.01964493837360881,0.6359416151426339,0.0050130547024309635,0.028134172782301903,0.04468768462538719,0.03911466896533966,-0.1267965643751232,0.012093530331306002,-0.03698308765888214,0.0961228758096695,-0.005363218951970339,0.03038022853434086,-0.07584199384259938,-0.060117990706104796,0.14668278396129608,0.027516311034560204,0.17761562764644623,-0.25776565074920654,0.2539806365966797,0.8012036681175232,-0.24864956736564636,-0.23968328535556793,0.8126448392868042,-0.3405944526858038,0.35457478675681786,0.8606595374532564,-0.33162140841282556,0.488840156115165,1.3615449297629532,-0.4363477210255017,0.4130500488595984,-0.0008827265082089648,-0.24141365582244964,0.4052086087848187,0.006043371341110701,-0.46044634426986175,0.24476695004858018,-0.0011172734917910924,-0.27220261391500755,0.2380201626559234,0.005791298771776098,-0.4515835039166986,0.33817036170947906,0.39374316977131546,-0.23676542738697773,0.30870390522666086,0.4018021138253887,-0.5474099967932888,0.564621582799625,0.7529836796336979,-0.11789058954947827,0.540118748609452,0.7478214786208348,-0.5254498118586284,0.4424194348688516,0.8891598505407587,-0.14860675619302946,0.42332356581974545,0.8870154676721325,-0.43616093985347165,0.4188262711501996,1.0690279706170385,-0.23593841994289289,0.4097365283208035,1.0683180438931137,-0.4252981086187886,0.35838098590801143,0.7053216300816607,-0.29897786535294396,0.33311612883892133,0.710036127936271
6.033333333333322,0,swing,179,-0.3391089428914711,0.3480792106129229,0.7859664361276704,0.7711253932512261,-0.039813232910217454,0.019785031674449297,0.635129189134006,0.004653752315789461,0.027921363711357117,0.04409365728497505,0.039095740765333176,-0.12686194327595812,0.012475246797171047,-0.036756958812475204,0.09617672860622406,-0.005334330722689629,0.029443496838212013,-0.07552370044901036,-0.05994712988937201,0.14837367832660675,0.024101747199892998,0.17883586883544922,-0.23882128298282623,0.24813316762447357,0.818483293056488,-0.23824037611484528,-0.2333025336265564,0.8205859661102295,-0.3406134137921644,0.35456926751425455,0.860669954978702,-0.3334298871735339,0.4898072185307467,1.3613183915500635,-0.43597094480061355,0.4130637394879161,-0.0008835690510887971,-0.24121916159695125,0.4047493756235991,0.006079837458244003,-0.4605213020354634,0.24484594692429396,-0.0011164309489112047,-0.27235884454241127,0.23762588606624135,0.005836148664905387,-0.45154036329943387,0.3382714869772487,0.39373850186980436,-0.23685041654773406,0.3081563139415224,0.4018551881123527,-0.5475469219456252,0.5555057159694187,0.7471467941486608,-0.11897100456880154,0.5351532599858989,0.7455728134120192,-0.5251648587917197,0.4386765015870922,0.8878931693060732,-0.149887483843252,0.42128483731080235,0.8871274595064733,-0.43700182683578626,0.419254140732455,1.0685868667060914,-0.2367790924925764,0.41014146236329657,1.0685614685038307,-0.42528962299733913,0.35846976584024287,0.7053194730859075,-0.2990202580251075,0.3329576709540716,0.7100621860487829
6.066666666666655,0,swing,180,-0.33888354792725295,0.3487554551102221,0.7858580380980127,0.7720261876475976,-0.04012749203808698,0.020485467960740883,0.6339918734270016,0.004254395607858896,0.0273263119161129,0.0436147004365921,0.03894754871726036,-0.12773195319335517,0.012694956098084909,-0.03710012882947922,0.0962485522031784,-0.005293909460306168,0.02858567424118519,-0.07570096728554776,-0.06030912689106105,0.14970049262046814,0.020183015614748,0.179795041680336,-0.21171694993972778,0.24126558005809784,0.8416614532470703,-0.22059987485408783,-0.22805659472942352,0.8333920836448669,-0.34032732584543984,0.3553505193464945,0.8605535575957871,-0.3347191371552802,0.4918643255723171,1.360871766975645,-0.4355660500666345,0.4132531686109395,-0.0008850124025857123,-0.24118932082616396,0.40462185894569747,0.005977100890347958,-0.46069556995318595,0.2451209160783539,-0.0011149875974144005,-0.27282062026347176,0.2375907078423333,0.005741607806607443,-0.4514248330213678,0.3388319762198306,0.39369909977584683,-0.23696059976656053,0.30807145531731617,0.4017444531184771,-0.5475922009829198,0.543463522043054,0.7398202570083919,-0.11880651186078309,0.5273807451290997,0.7419214934727643,-0.5244976675214504,0.4343130245646867,0.8864912344667498,-0.15055741598144687,0.41839533917429644,0.8870890710531427,-0.43744939329558163,0.4207079908310239,1.0679897094691753,-0.2372394916694673,0.41133909086752324,1.0686252441539217,-0.4250801383248846,0.35928112422375175,0.7052456639305668,-0.29888345270881916,0.33340541586294453,0.7099524880143109
6.099999999999988,0,swing,181,-0.3392689515603706,0.34785867342725396,0.7858699123925009,0.7723090990224175,-0.040346177917916774,0.020988076094623522,0.6336168733204979,0.002600880106911063,0.02613014169037342,0.043300461024045944,0.03851325064897537,-0.1266841671923178,0.013630756634510965,-0.038141123950481415,0.0957706943154335,-0.00511704757809639,0.027855396270751953,-0.07492020300880609,-0.0600694610815804,0.1511038839817047,0.016570931300520897,0.18079887330532074,-0.17793314158916473,0.2329694926738739,0.8696363568305969,-0.1968134343624115,-0.22271496057510376,0.8504570722579956,-0.34067216210496015,0.3545273913475848,0.8605596653808902,-0.3367924875338579,0.49215483600109433,1.3605860131141334,-0.43528775161003547,0.4127483722514513,-0.0008879020037637769,-0.24139797860949258,0.40372746267374954,0.005936528621653742,-0.4606417102513958,0.24464981033800381,-0.0011120979962361763,-0.27316539513514676,0.2367221373577668,0.005707261553855855,-0.45163394371603,0.33805257298226826,0.3937403175305522,-0.23737946341697572,0.3069359945047928,0.40173268183790034,-0.5486708723326067,0.5260004145118164,0.7321338472645245,-0.1193672682190532,0.5155716921576348,0.7375996252889476,-0.5244637716709026,0.4266081067925227,0.8854138187153162,-0.15196704859672927,0.41305723425417984,0.8872245043841577,-0.4386007649997337,0.4202885011524911,1.0675554111890961,-0.23838678473571756,0.41106974340352637,1.0688050160890736,-0.4255002901273401,0.3583495281937618,0.7052903499262079,-0.2993235658001985,0.3323709483441255,0.7099621958012574
6.133333333333321,0,swing,182,-0.33948731317650527,0.3478156984783709,0.7858602474489637,0.7732906322625985,-0.04052619651349962,0.021425342471967836,0.6323924257539923,0.0016099257627502084,0.024862762540578842,0.04300199821591377,0.03812950849533081,-0.12616974061359088,0.01473610628785249,-0.03907538205385208,0.0950208455324173,-0.004879460204392672,0.027302395552396774,-0.07424388438727036,-0.059433967678974464,0.15235671401023865,0.013017830438911915,0.18113991618156433,-0.13885539770126343,0.22382496297359467,0.9011682868003845,-0.1683608889579773,-0.218627467751503,0.8707978129386902,-0.3408463796404799,0.35454886134190794,0.8605450347633798,-0.33843684457337403,0.4928527284089585,1.3603916017898683,-0.43462469741233856,0.412990197744981,-0.0008906075409069181,-0.2410581600090996,0.4034401400829683,0.005875434943986402,-0.46057312653403576,0.2449823670963001,-0.0011093924590929935,-0.27332359106647475,0.23653031010367787,0.005650457242515564,-0.451656034496727,0.338249666838489,0.39375677527317604,-0.237596727932372,0.3064586894271193,0.4017050914613979,-0.5491017204855987,0.5070663551713372,0.7246731231478347,-0.11881917928345567,0.5018280105234723,0.7332229736945881,-0.5239952128177815,0.41908127850668175,0.884635161648251,-0.15286454724304405,0.40716884451290075,0.8876254329199755,-0.43945182644094405,0.42075735944955883,1.0671427990257434,-0.23925774276455875,0.4112195965709764,1.0690255736390055,-0.4257148363802907,0.358490286541696,0.7053008012590812,-0.29961916786351334,0.3321178209960336,0.7099538727790073
6.1666666666666545,0,swing,183,-0.339374600793235,0.34978977451100945,0.7855889737667927,0.7727299778432494,-0.04087337853054754,0.02256331028437552,0.6330155174234523,0.0015687326667830348,0.023769080638885498,0.04265018180012703,0.03803660348057747,-0.12824599583146123,0.014723915954256817,-0.03952138498425484,0.09416256844997406,-0.004617004189640284,0.026940306648612022,-0.07562716272033665,-0.0595457278266891,0.15352053940296173,0.010308681055903435,0.1808045208454132,-0.09635692089796066,0.2147379219532013,0.9345925450325012,-0.13584217429161072,-0.2153637409210205,0.893854022026062,-0.3406403212837215,0.35666982607412023,0.8602620133602692,-0.3393602700151136,0.49588026794533036,1.3598596744919984,-0.4349994029210514,0.4132637021962996,-0.0008918164686124649,-0.24145169931648733,0.40439257417782637,0.005564783909244288,-0.4607491609999715,0.245225304369579,-0.0011081835313874328,-0.27344046153942037,0.23742949406812008,0.005343488350205459,-0.451825100306015,0.3392201666082111,0.3936654736969157,-0.23770153574125646,0.3078928325845769,0.4013586358236578,-0.5500024408093995,0.48719018942493886,0.7181274335985489,-0.1184411094158877,0.4889971276919227,0.7282142191444051,-0.5233425420249753,0.4121497588828699,0.8843133168288441,-0.15342029365271417,0.40344745036285684,0.8876421764893669,-0.43980291278036177,0.422952686340896,1.0666200583666336,-0.23958354691795292,0.41401939033355073,1.0687617063535866,-0.42573146144060725,0.3601650707834213,0.7051290305104964,-0.29958946947893184,0.3339930640029922,0.7096589577909551
6.199999999999988,0,swing,184,-0.3397836376680061,0.3492815853096545,0.7855646988590088,0.7739007266941191,-0.04098707514789979,0.02318224915782894,0.6315538838587877,-9.072157990885898e-05,0.022305307909846306,0.04238024726510048,0.037957463413476944,-0.127567643104616,0.015748290400951936,-0.04085031524300575,0.09362269937992096,-0.004417161922901869,0.026645246893167496,-0.07501410505159245,-0.059423939374044,0.15486589074134827,0.008982796221971512,0.1789705753326416,-0.05377916619181633,0.20606301724910736,0.9672130942344666,-0.10171876102685928,-0.21244482696056366,0.918023407459259,-0.34097535572220916,0.35623570031978974,0.8602320953082295,-0.3397486148133321,0.4949989675420188,1.3599539968100898,-0.4345514842663545,0.41330713560111937,-0.0008931260092935774,-0.24161805632472938,0.4036818473714608,0.005471902256576764,-0.4609955401199421,0.2453765957287877,-0.0011068739907063793,-0.2742064710430176,0.23683476990295743,0.005252890000970015,-0.4520854671275205,0.33916487063530587,0.3936896148726815,-0.238296217634901,0.3069725741748776,0.40128545087901607,-0.5505208440746521,0.4659240628195448,0.7137069852800876,-0.1179310881540684,0.47172134979890806,0.7242521378745307,-0.5228384826383891,0.40356174428692654,0.8848916583577803,-0.1541933968072613,0.39577026823128364,0.8881912801926996,-0.44017163145240723,0.4225430642283634,1.0665907596555337,-0.23997480413842565,0.4131463207898374,1.068852715925308,-0.42616058454789896,0.3598686567797354,0.7051539577199847,-0.300114018731037,0.33323133389603743,0.7096256115434494
6.233333333333321,0,swing,185,-0.3400208343518898,0.34965947875753045,0.7854399261711192,0.7740479325254652,-0.04110155552468692,0.024209177470555947,0.6313274712957635,-0.0022620500531047583,0.02077525295317173,0.04210372641682625,0.03826497867703438,-0.12744829528034618,0.01617356881357579,-0.04265931248664856,0.0928838774561882,-0.004160932265222073,0.026454254984855652,-0.07470969650746606,-0.059754879884009515,0.15620847046375275,0.008219325914978981,0.1745983064174652,-0.012855072505772114,0.19852888584136963,0.9971601366996765,-0.06796845048666,-0.21170248091220856,0.9417924880981445,-0.34110225595386434,0.3567242526883456,0.8600986128500667,-0.33973520367902915,0.49398145891565676,1.360236609204137,-0.43463307005910073,0.4137294379782688,-0.0008925454639042013,-0.24218711136636534,0.40401484473485544,0.005232118620320674,-0.4612378938879886,0.24582429462904162,-0.001107454536095842,-0.2748403762705403,0.2371804445316888,0.005014863131479471,-0.45239694772471895,0.33958449219434145,0.3936924586323608,-0.23880300712575345,0.30718064716254984,0.4010472150872645,-0.5512445968741309,0.44599646530848724,0.7111270557125545,-0.11726852436096775,0.45628972211095586,0.7210860547031618,-0.522316991289084,0.39560927318698363,0.8860095554356393,-0.15451518682553733,0.38959707499162677,0.8887891887216862,-0.44026858945793446,0.4222739700026627,1.0667273189128197,-0.24006266282883426,0.4130391423532972,1.0688462339346798,-0.4265163010768869,0.36012842938683887,0.7051411170248729,-0.3004780363080915,0.3334287436629075,0.7094705090572327
6.266666666666654,0,swing,186,-0.34063711657654494,0.3501492799259722,0.7853750519756775,0.7746238896581721,-0.04140156615808282,0.024928781005304722,0.6305729900400837,-0.0041399854235351086,0.019065609201788902,0.04184954613447189,0.03886052221059799,-0.127701103993074,0.01752388807317784,-0.04435800388455391,0.09149575233459473,-0.0037483819760382175,0.026396343484520912,-0.07439872337386055,-0.05867827716676832,0.15740810334682465,0.008094093762338161,0.16711163520812988,0.024276502430438995,0.1923319548368454,1.0225214958190918,-0.035797737538814545,-0.21226553618907928,0.9639071822166443,-0.34165655858522676,0.3573177886547548,0.8600247219052646,-0.3400693417648148,0.4913705968171378,1.361033122910849,-0.43436334703920715,0.41417823422279604,-0.0008908056484439181,-0.24210129416431586,0.404222893250468,0.0050890381856819045,-0.4613517971088461,0.2463343309399751,-0.001109194351555983,-0.2750275449343965,0.23744215524384024,0.0048712304944481775,-0.4527654628025207,0.34023020343271454,0.39367321260463173,-0.23928130124977423,0.30735138071166196,0.40093508152804347,-0.5520506814550888,0.42900546248126864,0.7100933384003408,-0.11665005743544216,0.4417279233399395,0.7192424035445638,-0.5222465340063794,0.3886878127224938,0.8874228737771428,-0.1550244568002991,0.3834251234648829,0.8897937248654016,-0.4407335084180909,0.4215188533885603,1.0671214208612714,-0.24053310443934042,0.41213993573129937,1.0691261777850471,-0.42717357392896943,0.36063091141074555,0.7051218821949162,-0.3011836121306395,0.33369688749596593,0.7094043922284441
6.299999999999987,0,swing,187,-0.3409644950879738,0.35028654942288995,0.7852927902529713,0.7733445772205043,-0.04144953176160338,0.025490809883272167,0.632115748745337,-0.005810165777802467,0.017390014603734016,0.04157610982656479,0.03927342966198921,-0.12747909756754483,0.018384354995774954,-0.04598016291856766,0.08972293138504028,-0.003236043266952038,0.026431657373905182,-0.07378646002293432,-0.05766348964905288,0.15832117199897766,0.008442834950983524,0.15712974965572357,0.056412313133478165,0.18728871643543243,1.042466163635254,-0.006084950175136328,-0.21301208436489105,0.983424961566925,-0.3419376534198401,0.35751173637163813,0.8599376134922071,-0.34049667623805197,0.4867701179234094,1.3622104902601964,-0.4344916094905525,0.4140585750745108,-0.0008898550901506701,-0.24209519857919964,0.40494547989074386,0.0048593292541817615,-0.46087850926128937,0.24611905324333375,-0.0011101449098490299,-0.2742988674194632,0.23802371483527646,0.004640094234227628,-0.45294892574678514,0.3400129159879428,0.3936774729770114,-0.23925849324715096,0.30794371025540723,0.40074168973538893,-0.5528311804699769,0.4136321610389361,0.7102339024977066,-0.11644885081899382,0.4296653039350404,0.7181406628916818,-0.5220872057571001,0.38123849577765984,0.8890215493695263,-0.15535606368748595,0.3782469784038876,0.8907730723359873,-0.44111423101212394,0.4191180301004165,1.067768761230212,-0.2408681466625182,0.410708685596167,1.069493153198253,-0.42763033039776566,0.36031941284841124,0.7051216506887258,-0.30153021495839494,0.33388893841829015,0.7092978338609391
6.333333333333321,0,swing,188,-0.3415285040391609,0.35064668068662286,0.7851434791436798,0.7730762381253431,-0.04131350518259415,0.026284157327761737,0.6324203249493686,-0.0071604750119149685,0.015492544509470463,0.04134102165699005,0.03953247144818306,-0.12747641157281575,0.019018350488000713,-0.047841932624578476,0.08809730410575867,-0.002740799216553569,0.026494095101952553,-0.07302959493200256,-0.057228600553265174,0.15873336791992188,0.009188704192638397,0.14597079157829285,0.08262769877910614,0.18323592841625214,1.0569431781768799,0.020352602005004883,-0.21341954171657562,0.9997541904449463,-0.3423996804746308,0.35793084935990915,0.8597838297481444,-0.3402017401750444,0.48174259443004724,1.3634334833915782,-0.43487860818700397,0.4142963937714962,-0.0008896063241572993,-0.2425441864669268,0.4057450906783732,0.0045257672010037275,-0.46120280117487217,0.2463470320088423,-0.0011103936758426643,-0.2745601921187947,0.23878723143311475,0.0043052715321596005,-0.45353500327550034,0.34027727801903423,0.3936733038441465,-0.2398022935391273,0.3085136251785904,0.4004355583829663,-0.5534374244743394,0.40262064689675814,0.7109473268739491,-0.1165158982243288,0.41884536585365034,0.7173372475680672,-0.5220085733581568,0.37580379594648133,0.890537549399552,-0.15580639638484958,0.37317425653244146,0.8914922668234319,-0.4412604333058855,0.41703133369142853,1.0684822630415092,-0.24100207453010286,0.40883865460272184,1.0697685949502198,-0.4283235968924062,0.3605185815732762,0.7050919996144961,-0.30220063915008666,0.33417178852329193,0.7091071537566048
6.366666666666654,0,swing,189,-0.3421674956334755,0.3507511974312365,0.7851420781854218,0.7724225467813899,-0.04161461231654792,0.02664655254306347,0.6331836972814956,-0.008745159022510052,0.014423522166907787,0.040875207632780075,0.03981127589941025,-0.12717803062242328,0.019986115412209182,-0.049795642495155334,0.08645620197057724,-0.0022418261505663395,0.02660428173840046,-0.07215345267933371,-0.05560802124038533,0.15887586772441864,0.009718053974211216,0.1347329020500183,0.10243843495845795,0.1792820394039154,1.0663559436798096,0.041565995663404465,-0.21297982335090637,1.0117651224136353,-0.3430325900498661,0.3581036315544201,0.8597758059773187,-0.3408971944715795,0.4764891112212527,1.3647408270026544,-0.43502611268599095,0.4142987543392329,-0.0008893501253530861,-0.24225076540224896,0.4063524213820475,0.004436919123415404,-0.4611029952346643,0.2463108166086814,-0.0011106498746471932,-0.27386741757585437,0.23931848003878803,0.00421388399211459,-0.4539357971945079,0.34020244541715794,0.3936795868971771,-0.2399129462612814,0.30893091047392746,0.40040050265404425,-0.5536568956014697,0.39443705697777015,0.7115833905063954,-0.1170883019855404,0.4106722391185721,0.7172844224953868,-0.5220867958842804,0.3711797183170019,0.8916444612752685,-0.15663436659981778,0.3690575034477967,0.8923954922561047,-0.441928850764034,0.41460480940489436,1.0691743087276726,-0.24165287154447024,0.40683048287838397,1.070304306384339,-0.42901197069356234,0.3603363144995496,0.7051089016781693,-0.30283742787323864,0.33423554625399116,0.7091125154272503
6.399999999999987,0,swing,190,-0.3415437628282234,0.3500723303295672,0.7850755495277205,0.7719512602174342,-0.041397074412899595,0.027283245000253968,0.6337453420901996,-0.010725126601755619,0.01396956667304039,0.04021821916103363,0.04026256129145622,-0.1263509615145233,0.01921148385328242,-0.051879022270441055,0.08549230545759201,-0.001908729667775333,0.026742825284600258,-0.07092105995249498,-0.05580444653924255,0.15877175331115723,0.01036799605935812,0.12413201481103897,0.11523747444152832,0.1766856610774994,1.0710647106170654,0.0563722662627697,-0.21179305016994476,1.0189193487167358,-0.3423198429869088,0.35745940330932263,0.8597068355435669,-0.33952551314735185,0.4705033515541985,1.365905284866957,-0.4350103915573049,0.41418532873267205,-0.0008879214914310346,-0.24186596367232124,0.40661053566735367,0.004192427005995508,-0.46096325909908414,0.24617819072957847,-0.0011120785085689394,-0.273191646819657,0.23952178343825667,0.0039678076031456,-0.4536349733283084,0.3397421580671159,0.39372145510840295,-0.23936435826994992,0.3087528158298668,0.40018122915065746,-0.5527686259853979,0.3891076225878715,0.712385687073045,-0.11682984956794203,0.404720727204477,0.7170702704820621,-0.5209316309697023,0.36727331403506536,0.8925778981215792,-0.1561636717774572,0.36522173147441916,0.8927183389908709,-0.4409418102053568,0.4114885379049882,1.0698839755483855,-0.24065456101671756,0.40396152993818557,1.070623477756369,-0.4285176481700053,0.3594490746221286,0.7051576818668522,-0.3023019366602281,0.33352417524710537,0.7090038948149666
6.43333333333332,0,swing,191,-0.3419455577386543,0.34984571347013116,0.7851054751299248,0.7717965333107194,-0.041590588934590285,0.02752890795538375,0.6339104773612859,-0.012474125251173973,0.01346101425588131,0.03953413665294647,0.040991123765707016,-0.1259982318895183,0.01966951280359852,-0.05382035672664642,0.08483000099658966,-0.001659644185565412,0.02694292739033699,-0.06981668013677078,-0.055131188058989866,0.15828385949134827,0.011070704087615013,0.11527526378631592,0.12102101743221283,0.17558597028255463,1.0716407299041748,0.06492135673761368,-0.20994579792022705,1.0217095613479614,-0.34271325689257454,0.35727826380132616,0.8597323324507534,-0.33964855414237877,0.4659501548026809,1.366899593352688,-0.4350811407718617,0.4142808852278117,-0.0008854697414597684,-0.2417801711379866,0.40705226183467713,0.004162417602524365,-0.4610768873984998,0.24628038317914772,-0.0011145302585401605,-0.272983840842546,0.23994068434697297,0.003935114853336488,-0.4539094922575519,0.3397355919007783,0.3937338251499376,-0.2395175532808238,0.30885569611045494,0.40018992472186155,-0.5530045661917019,0.38768984739841084,0.712919884727669,-0.11778980106327144,0.4018113975238653,0.7171904570804262,-0.5211208909785442,0.365529165585955,0.8930639927097983,-0.15690365147382662,0.3629039614923062,0.8930195853034797,-0.44121001083007194,0.40939318362202837,1.070448571030223,-0.24092308256197567,0.40184386773602604,1.071030889314149,-0.42894454937719684,0.359092278882453,0.7051991155987178,-0.30271771317124213,0.33322060525146047,0.709039927108175
6.4666666666666535,0,swing,192,-0.34177082672249526,0.3494752706028521,0.7851039043328755,0.7709174639823627,-0.04155686768945306,0.027646343617411608,0.6349763540159836,-0.013682275079190731,0.01336758304387331,0.038717012852430344,0.041875820606946945,-0.12586775887200075,0.01939365373018065,-0.05523432791233063,0.08446910232305527,-0.001512189512141049,0.027225589379668236,-0.0688708099088231,-0.05507110992366482,0.15732978284358978,0.01168446522206068,0.10931827127933502,0.12023571878671646,0.17578156292438507,1.0687260627746582,0.06775171309709549,-0.20733585953712463,1.0208243131637573,-0.3425320136054733,0.3569140240311912,0.8597302102977399,-0.3393013899182163,0.4624874359383772,1.3675608234512464,-0.43521135884177253,0.41405834691881527,-0.0008821455855392603,-0.24166315341466127,0.40763399474823725,0.004085886061626409,-0.46088094086670744,0.2460077087170723,-0.0011178544144605368,-0.2723729285470055,0.24043095444097207,0.0038556181135620295,-0.45380577256711296,0.3394015672881018,0.3937417851995399,-0.23919025517898257,0.3091163594713784,0.4001353135101643,-0.5529556694120575,0.3885244888472142,0.7133243914488893,-0.11862414583603834,0.4016475179827661,0.7171731049398873,-0.5209429563301937,0.36468600919917177,0.8932312487205794,-0.15717425533123763,0.3619912046711061,0.8929594243069066,-0.440960119922944,0.4074944763680825,1.0708490000919206,-0.2406599378240178,0.4002933598869759,1.0712562746462198,-0.42882953322900746,0.358444247488115,0.7052304417843628,-0.3025316589759982,0.3329148604120604,0.7090274832144609
6.499999999999987,0,swing,193,-0.34161004319321364,0.3486329675652087,0.7851375856359752,0.7707599368710943,-0.04143374321986104,0.02750278216935752,0.6351818335014016,-0.014419709332287312,0.013762922026216984,0.037747371941804886,0.04305041953921318,-0.12595621771766985,0.018918559287823267,-0.05596772953867912,0.08396590501070023,-0.0013708071783185005,0.02760438807308674,-0.06816265745462924,-0.05457055222079432,0.15607500076293945,0.011990046128630638,0.10620217025279999,0.11307910084724426,0.17668472230434418,1.062425971031189,0.06495992094278336,-0.2043839395046234,1.0165618658065796,-0.34237803094400127,0.35604367810218795,0.8597666119203355,-0.33904511231386925,0.45976801833590736,1.3679831887562504,-0.43528403734459337,0.4136075263154275,-0.0008774303762042399,-0.24113101309706297,0.407406253404464,0.004069323298046185,-0.461021901314625,0.24556734580787912,-0.0011225696237957515,-0.271727842028136,0.24018251360937948,0.003834998078533807,-0.4537374783048549,0.33894099945556033,0.3937417204103216,-0.23881568321166347,0.3086702859569756,0.4001430569164755,-0.5527805735447925,0.3920991657449012,0.7135248270099879,-0.1194843416542639,0.40284624932770374,0.7173222961789225,-0.5208974701430262,0.3651541838561541,0.8930157735021591,-0.15751524810109127,0.3613379342055548,0.8927938726086142,-0.440752814141262,0.4058926828363742,1.0710831706971518,-0.24045808336272995,0.3985398504372648,1.0714594393059695,-0.42867382529877285,0.3575680539204185,0.7052655240171923,-0.3023627583354681,0.33210324031798044,0.7090573033264312
6.53333333333332,0,swing,194,-0.34180280461441725,0.3484387160278857,0.7851766962014216,0.7702972291386252,-0.04128979844800776,0.02719016031937823,0.6357657009522343,-0.014890163205564022,0.013881158083677292,0.036820072680711746,0.044407907873392105,-0.12624679656105564,0.018862208150806303,-0.056225840002298355,0.08368230611085892,-0.0013205376453697681,0.028045814484357834,-0.06772687013860712,-0.0541658193661303,0.15459144115447998,0.011892628856003284,0.105353944003582,0.1002468541264534,0.1780385673046112,1.0528924465179443,0.05724475160241127,-0.20183424651622772,1.0094295740127563,-0.3425987244892106,0.35580251432848253,0.859810073360311,-0.3395283803847898,0.45876134790162576,1.3681854422079163,-0.43550497126677745,0.41363929595072596,-0.0008719482261314061,-0.24106756646741223,0.4078137817799979,0.004084186712780165,-0.4611441003363394,0.24558403875379334,-0.0011280517738685297,-0.27140136270788906,0.2405421351105619,0.003845385254228159,-0.4538825104181422,0.3390333919853234,0.3937300165808132,-0.2387702710401042,0.30894772227315936,0.4001735355386954,-0.552859932125133,0.39859665149565277,0.7136154506432537,-0.12063156602811989,0.4069593231974462,0.717687865870299,-0.5213089100698598,0.36732888843726835,0.8924629393165939,-0.15816543717797574,0.36253553107380965,0.8925515253711513,-0.44108560526106566,0.4053190932136792,1.071155671647812,-0.2407907839978491,0.39797383475417275,1.0716211319567197,-0.4288642237094752,0.3572801434930465,0.7052914158469611,-0.30251479473029746,0.3320084122838095,0.7090954086358873
6.566666666666653,0,swing,195,-0.3420903672231361,0.3472734750248492,0.7853141713158516,0.7704838744840636,-0.041416240849626244,0.026739217692846103,0.6355503979945933,-0.015773849561810493,0.014333643019199371,0.03579828143119812,0.045591436326503754,-0.12605492202673108,0.019165190933884024,-0.05637297406792641,0.08413082361221313,-0.0014831745065748692,0.028502576053142548,-0.06753403482027998,-0.05382846673014907,0.15303431451320648,0.011661626398563385,0.10574498772621155,0.0821576789021492,0.1798957735300064,1.0400420427322388,0.04505448415875435,-0.20010994374752045,0.9998186826705933,-0.34294836306915055,0.3546091749493198,0.8599496277005106,-0.3403115482100207,0.4575705157343486,1.368326084910569,-0.4353404936868034,0.41306516057839576,-0.0008673491756560521,-0.24095356006274218,0.40688302252535247,0.004291943519903453,-0.46123134315625636,0.24504851399602492,-0.0011326508243438942,-0.2713851730058762,0.23962915038990767,0.004048654844575672,-0.4539517864063992,0.3384166490266681,0.39373671901219887,-0.23884874715765794,0.30796104993306517,0.400389858514694,-0.5527614283252756,0.40695257727173895,0.7137998180037955,-0.12149360741631057,0.41157571869096804,0.718519020931923,-0.5218897445713895,0.37003171675032814,0.8916856055325543,-0.15878594104419494,0.36334616355158433,0.8924234661534636,-0.4416066097826054,0.40433648786835685,1.071169429444367,-0.24132802998492614,0.3965800270501264,1.0718854530472361,-0.4290807293789382,0.35616951773277683,0.7053571426211356,-0.3027444780123962,0.33084800472038595,0.7092614766856341
6.599999999999986,0,swing,196,-0.34113818302284926,0.3462050021626055,0.7853580255059811,0.7700381177827575,-0.040897148438095186,0.02647186929366588,0.6361351747445816,-0.01642177812755108,0.0154437106102705,0.034615322947502136,0.04653945565223694,-0.12527057451937362,0.017466073474124988,-0.05610227584838867,0.08528351783752441,-0.0018557679140940309,0.028939401730895042,-0.06721270901183507,-0.05554400652411118,0.1514224112033844,0.011861185543239117,0.10668349266052246,0.05984073132276535,0.18256708979606628,1.0242550373077393,0.029747093096375465,-0.1992497742176056,0.9886006712913513,-0.3419829479623198,0.35345480972333976,0.8600020250138408,-0.3391179951638052,0.45632159472942224,1.3683947819056212,-0.43540254894573865,0.4129596057600705,-0.0008634503000644091,-0.24111288639010595,0.40662877063021596,0.004303152321782789,-0.4612298986051371,0.24493319882863326,-0.0011365496999356413,-0.27132996235481616,0.2393360103004227,0.004056857008614006,-0.4534237666593833,0.33792375193205254,0.39378238856228437,-0.2382847740554549,0.3074807426098301,0.40037232890434615,-0.5516493590348347,0.41708899704228586,0.7146649802955138,-0.12114398113618144,0.4181186063432589,0.7192267027337046,-0.5211966080262401,0.3732858160170183,0.8910551032963335,-0.1578694116152978,0.3651633215932235,0.8918724231478938,-0.44054014553296394,0.4031703128582519,1.0712666651619562,-0.24026257559634911,0.3953807527365871,1.0719011991605027,-0.4281701776360125,0.3550486261401264,0.705440162001758,-0.3017914595983477,0.32992996887051823,0.7092739407770897
6.6333333333333195,0,swing,197,-0.3416253913892433,0.34591621765866876,0.7854490160418184,0.7695211487768719,-0.04086781534162124,0.025928081252803627,0.6367847029074069,-0.016334494575858116,0.015552278608083725,0.0336928553879261,0.04720829427242279,-0.12520267120900486,0.01786842450934978,-0.05533957853913307,0.08589508384466171,-0.0021378984674811363,0.029367607086896896,-0.06759249472542495,-0.05561836153364008,0.14983229339122772,0.012951827608048916,0.10839462280273438,0.03516566380858421,0.1845332533121109,1.006400465965271,0.01342750620096922,-0.19824226200580597,0.9770657420158386,-0.342536160306176,0.3531101057177504,0.860097649482581,-0.339485537865714,0.4564778246381333,1.3683852366130955,-0.43559094316216473,0.41281553918458974,-0.0008612777815073698,-0.24166030906786617,0.4065110691335384,0.004466362590312304,-0.4612874024419921,0.24476907238131362,-0.0011387222184926458,-0.2716287365449632,0.23917359330421809,0.004216287358476709,-0.4537027557642509,0.3377544027975821,0.39378293371324713,-0.2386373315064177,0.30748464822027877,0.4005231506342216,-0.5515394156948401,0.42902265150635155,0.7158921586964272,-0.12237979776222031,0.4257637719406674,0.7201200913705984,-0.521814852738879,0.3778355587606877,0.8904083358763438,-0.15847595147541826,0.36807785675969135,0.8913771119011872,-0.4409899692518049,0.4030524597810475,1.0713343825349366,-0.24071216165698864,0.39526520173042373,1.0719202981148337,-0.42861440972457465,0.35467226628860166,0.7054747849448132,-0.30219278029763574,0.32978237019046686,0.7093807615925559
6.666666666666653,0,swing,198,-0.34198248281609267,0.3454935313202441,0.7854915043967114,0.7696677891971984,-0.0406356830996127,0.0254775814776823,0.6366405016752965,-0.01588842086493969,0.015061808750033379,0.032929543405771255,0.04775518178939819,-0.1252270787987524,0.018541063058322038,-0.05421915650367737,0.08572763204574585,-0.0022719691041857004,0.02979070506989956,-0.0681728162802464,-0.05523760569992486,0.14846573770046234,0.01444047037512064,0.11060433089733124,0.009631524793803692,0.18586459755897522,0.9874706864356995,-0.00344401178881526,-0.19796328246593475,0.965564489364624,-0.34292163999575814,0.35261793681432735,0.8601464495118729,-0.3390946725415075,0.4566301439810766,1.3682943196967179,-0.43540493305365946,0.41262994728118163,-0.0008597289340353288,-0.24173339186928094,0.40589562429978454,0.00453118868089844,-0.461305336314808,0.24461479794332547,-0.0011402710659647632,-0.27179907963917954,0.2385756019450044,0.004277145143570346,-0.4538480356129492,0.3376291863398264,0.393777567695411,-0.23887225905717882,0.30708271361010614,0.4005800409622928,-0.550794573597895,0.4415881891671495,0.7176396825421368,-0.12319474043229685,0.43297890134258515,0.7210177194902802,-0.5220132695777887,0.38277141100885076,0.8898946892912813,-0.15872379841485165,0.3706290470132063,0.890752058703492,-0.4410035172014186,0.4030418310192581,1.0714113306190707,-0.2407402921881579,0.3948764919196958,1.0718022841678008,-0.4289326614982741,0.354368719735239,0.7054884051272227,-0.30251908652203763,0.32944319976648134,0.7094236176879135
6.699999999999986,0,swing,199,-0.34233102097641677,0.34490499505773187,0.7855686219583805,0.7693085158184534,-0.040146485218792785,0.024678026764675797,0.6371370827449834,-0.01517696026712656,0.014836477115750313,0.03209719806909561,0.04854195937514305,-0.12491793911562654,0.018934500870269044,-0.052680402994155884,0.08538694679737091,-0.0024020783603191376,0.030201878398656845,-0.06831792154610472,-0.054702789683539255,0.14743652939796448,0.015731235966086388,0.1125299483537674,-0.015863647684454918,0.18866698443889618,0.9684751033782959,-0.02125321887433529,-0.20079509913921356,0.9539348483085632,-0.3433200907260826,0.35189624289869365,0.8602355101663174,-0.33908775812676245,0.45599268343229254,1.368360491506601,-0.4354281455670525,0.4125349611221105,-0.0008569894280376772,-0.24174371691674937,0.40561403007035407,0.00460150071436409,-0.4612663657663432,0.24451024696125206,-0.0011430105719624252,-0.2716328243472399,0.2382623804266113,0.004343395064300662,-0.45400292088369637,0.3374303910844733,0.39378845282827263,-0.23896378032787682,0.3068791651516044,0.40065544767121974,-0.5505519068628429,0.4535972566588063,0.7200085281065979,-0.12317134492344622,0.4408862769000269,0.7225709284412902,-0.5225216655825826,0.3871105171272516,0.8895767540346935,-0.15848957814751005,0.3734762535569815,0.8904044035259372,-0.44120314062161486,0.40236573696471256,1.0715554572161037,-0.24093876052330024,0.3942231737230686,1.0718037064730974,-0.4292451501545286,0.35382931511233423,0.7055321780613195,-0.3027985538087654,0.3290767082036994,0.709492847752628
6.733333333333319,0,swing,200,-0.3424143184674904,0.34431499848142266,0.7856113783179657,0.7692404621427671,-0.039506500026843284,0.02383388103173191,0.6372913729001645,-0.013989727012813091,0.0149835254997015,0.031166741624474525,0.049717895686626434,-0.12520336474163685,0.018803199337097398,-0.0509396456182003,0.08526203781366348,-0.0026144946459680796,0.030598437413573265,-0.06837516071493033,-0.05452644786042493,0.14661024510860443,0.017174607142806053,0.11482249200344086,-0.04015399515628815,0.19181959331035614,0.9505236148834229,-0.03851964324712753,-0.20449870824813843,0.9430418014526367,-0.3434407933646527,0.35115186724680425,0.8602920557035548,-0.33858564290246274,0.45537070383684763,1.3683836236642064,-0.43549196896315706,0.4123747375095549,-0.0008523161418489376,-0.24165386982970657,0.40535975551395814,0.004628116012709873,-0.46143156196665674,0.2443656595621862,-0.0011476838581509913,-0.2715264259414019,0.23800515639960648,0.004366301902472794,-0.45405281365501093,0.3373506034462633,0.3937775089138204,-0.23892574227587077,0.3066476805154746,0.40068215256506406,-0.550065381288069,0.46500687170406374,0.7227323958512244,-0.12258238363239381,0.44824230935599324,0.7242117073880848,-0.5227554047303837,0.39134541231160547,0.8894288828710775,-0.1578089720679325,0.376080837060419,0.8900772360174429,-0.44102565043189745,0.4017578316474698,1.0716879312406984,-0.2407660130800836,0.39349588038890043,1.071739980458443,-0.42928872931241013,0.35340218982459715,0.7055506983221572,-0.3028325282144608,0.3287006197418583,0.7095200897799141
6.766666666666652,0,swing,201,-0.3421521772397682,0.3440978587605059,0.7856174761841717,0.7700913527570724,-0.03898177552699392,0.023071411194068747,0.6363233765712679,-0.01234552264213562,0.015261027030646801,0.030204998329281807,0.05123082548379898,-0.1265320130788854,0.018715714519435656,-0.049218423664569855,0.08550100028514862,-0.002939581871032715,0.030965041369199753,-0.06861571848531,-0.05453182339058871,0.14590726792812347,0.018484486266970634,0.11766417324542999,-0.062281638383865356,0.19369268417358398,0.934485673904419,-0.05442924425005913,-0.2072431743144989,0.9334389567375183,-0.34320786535551195,0.3508029197387653,0.8603096958585132,-0.33757101701647946,0.45555473637308547,1.368280060101175,-0.43504922453623734,0.41229583695656424,-0.0008460701851249648,-0.24114952838140477,0.4050540056026951,0.004656287534869383,-0.4615801779303303,0.24437915007152344,-0.0011539298148751063,-0.2715027218001671,0.23778591723877315,0.004391213276557438,-0.4537730654241802,0.33775938542296047,0.3937211828677666,-0.23869006584745933,0.30640945567281924,0.4007027570106171,-0.5484749527016298,0.476023084546645,0.7252928457629205,-0.12163426101232913,0.4545211783179717,0.7257168494838332,-0.5222914936454462,0.39606760307804684,0.8892474481964783,-0.1568957912842651,0.37833826388017466,0.8897666962829472,-0.44041051461579866,0.4019976251553499,1.0717125253283668,-0.24017974278875776,0.3930636903516048,1.07162464774345,-0.42894553940985936,0.3535899067429246,0.7055165715390351,-0.30255460552673397,0.3285622075254675,0.7095211914369426
6.799999999999986,0,swing,202,-0.34233254089485854,0.34384835371747613,0.7856491100490315,0.7702739053192845,-0.03860550943330023,0.022210379993596832,0.6361559749354818,-0.010806065984070301,0.015859058126807213,0.02917507104575634,0.05288027226924896,-0.12796796392231902,0.01856518206150548,-0.047656770795583725,0.08564690500497818,-0.0032691427040845156,0.031308259814977646,-0.06874582007592833,-0.05418134931331142,0.14550553262233734,0.01965443044900894,0.12142512947320938,-0.08104661852121353,0.19541813433170319,0.9214248657226562,-0.0683416947722435,-0.20929041504859924,0.9255940318107605,-0.3434501982981279,0.35042826608595756,0.8603515570983218,-0.33744602507477817,0.45627421023389325,1.3680861037748024,-0.43519971797575197,0.41196502677368846,-0.000839152033332631,-0.2409548276843133,0.40493641506246,0.004728085513332474,-0.4619750891566662,0.24408716638152494,-0.0011608479666674297,-0.2714388680115924,0.23769212887997382,0.0044597114543907315,-0.4539023437764214,0.3379076593810771,0.39366008528114116,-0.238692066076511,0.3063501155882467,0.4007766236599928,-0.5477273304361474,0.48459381636217874,0.7274885750744082,-0.12154317991508598,0.4601269907267972,0.7270176797759881,-0.5224126749990314,0.39971991964543185,0.8890904131839521,-0.15666590584902285,0.38067518966334357,0.8895395848685357,-0.4404634402681863,0.40221590987285794,1.0716712906519845,-0.24024121616694172,0.3930933194126547,1.0715156653121738,-0.4290447792225102,0.3535510612888951,0.7054861803322573,-0.3026683139371319,0.32846153975906617,0.709559850098421
6.833333333333319,0,swing,203,-0.342366783763282,0.3442958355881274,0.7856706367085079,0.7703144123768856,-0.038514858301448684,0.021695123614752645,0.6361302015985512,-0.010085895657539368,0.016586659476161003,0.028135748580098152,0.05442829430103302,-0.1293785215641372,0.01826278994241426,-0.04702606797218323,0.08575420826673508,-0.003611709689721465,0.03158607333898544,-0.06878080837637901,-0.05381161653667588,0.1454274207353592,0.0206192284822464,0.126076340675354,-0.09624814987182617,0.1974213868379593,0.9116864800453186,-0.0801677480340004,-0.21086084842681885,0.9196387529373169,-0.3435350434898467,0.35081625665798,0.8603775258037119,-0.33721997969236317,0.45868547317093566,1.3676765074427466,-0.43534874971303755,0.4121965733755212,-0.0008326523966161702,-0.2406399285599686,0.4055006778527291,0.00479258378708123,-0.4622988176677995,0.24434669456605557,-0.0011673476033838802,-0.27118844797427366,0.23826816167600373,0.004521484552272352,-0.4539452542012213,0.3385947661764995,0.3936004367993023,-0.23854707185316007,0.30694356157900127,0.4008460737996016,-0.5472713230034153,0.4916935170676305,0.7290852040548574,-0.12148735589663674,0.46534188420400957,0.727838845339573,-0.522510652835459,0.4033789171565863,0.8889195084439779,-0.15639950259968138,0.3835693613023764,0.8892512386526489,-0.4403922023383579,0.4035219457799162,1.071519274153138,-0.2401720113907125,0.3943561025539714,1.071301662467271,-0.42902036180982,0.35408490967876466,0.7054550339765474,-0.302648526930077,0.3289829461033025,0.7095956562741557
6.866666666666652,0,swing,204,-0.34278684749733657,0.3425465882755816,0.7858498184120517,0.7716923619244144,-0.03861968576480632,0.021233836383310813,0.6344671328062574,-0.011309766210615635,0.01679575815796852,0.027260666713118553,0.055427588522434235,-0.12855826472940035,0.018949036884841064,-0.048117175698280334,0.08639593422412872,-0.004098793491721153,0.03172145411372185,-0.06721735446928934,-0.05356866600643284,0.14574863016605377,0.02083566039800644,0.13158848881721497,-0.1079656258225441,0.19824139773845673,0.9053319692611694,-0.09070813655853271,-0.2114029973745346,0.9151191115379333,-0.3440043872891948,0.34903779144756436,0.8605584650216329,-0.33750832403509795,0.4595504755408689,1.3672788088118437,-0.4347484432557277,0.41167883145741047,-0.0008288702356711308,-0.24032185390831717,0.4043642883476225,0.005021191592594877,-0.4625569994166604,0.2439690611318289,-0.0011711297643288328,-0.27162940855200673,0.23727221012744812,0.004748394423400568,-0.45401681189045867,0.337915683397931,0.3936325417699189,-0.23886087561350142,0.3052736717327024,0.40111463944716447,-0.5464427620383221,0.4953907338274667,0.729883233459369,-0.12156489981572159,0.4666925146936863,0.7286420615125572,-0.5226852668353633,0.4048891663006762,0.8886428375815867,-0.15663552610925555,0.3833918943561587,0.8892366505463427,-0.44074607153977097,0.4033042039966506,1.0713481521754866,-0.24056377371803744,0.39334285757356335,1.0712839941670458,-0.4293208139300562,0.35271278612082574,0.7055516254915329,-0.30306112255210327,0.3270720572605832,0.709809702280254
6.899999999999985,0,swing,205,-0.34248700633179396,0.3420202196575701,0.7858652441772983,0.7716741942754952,-0.03869524497062307,0.021481046724185965,0.6344763041576589,-0.012823496013879776,0.016736570745706558,0.026496075093746185,0.05606962367892265,-0.12817483012388542,0.018756327389563676,-0.04931117594242096,0.08734094351530075,-0.004676102194935083,0.03171825036406517,-0.06652038014377037,-0.05477909094633948,0.14638274908065796,0.020609045401215553,0.1379108726978302,-0.11539208889007568,0.19807274639606476,0.9027425646781921,-0.09876463562250137,-0.21029040217399597,0.9124153852462769,-0.3436832333209473,0.34854362022556984,0.8605714305745429,-0.3370484963198156,0.4626175402512904,1.3664924811697676,-0.4344988997513098,0.4115838023272966,-0.0008265579787037555,-0.2406971611443189,0.40437795382046826,0.005033935476461249,-0.4624274332501892,0.24389397947551178,-0.0011734420212961456,-0.272061827212602,0.2372965853396092,0.004761852789578542,-0.4537756554261002,0.3376812154209085,0.39365100903931033,-0.23887815610963398,0.3049673289877017,0.40111958216795524,-0.545680357934235,0.4970496475755586,0.7297320925191373,-0.12199054521809567,0.4689411095970791,0.7284154700144878,-0.522213208100536,0.40605270922033476,0.8882515370451209,-0.15652548226754795,0.3849394767274007,0.8887608098357194,-0.44037438270099133,0.4043003688245087,1.070993753879761,-0.24018544039992504,0.39447359997533943,1.0709107215647173,-0.4290515752428906,0.3521129110493584,0.7055901827143265,-0.30278854555020984,0.3264844646590705,0.7098214102399532
6.9333333333333185,0,swing,206,-0.3425719429505989,0.3416431010700762,0.7859500179182062,0.7724252775518438,-0.038762258310893555,0.021195777437778892,0.6335672158093447,-0.01313253678381443,0.016711842268705368,0.02577422559261322,0.05656202509999275,-0.1279850370761979,0.019290808528698467,-0.049252551048994064,0.08792591840028763,-0.005185179878026247,0.03160516917705536,-0.06609549704602147,-0.05486381019739517,0.14720450341701508,0.019761256873607635,0.14409536123275757,-0.11808992922306061,0.1971362829208374,0.9038856029510498,-0.10408928990364075,-0.2080007940530777,0.9112541079521179,-0.3437998942215307,0.34814858574495067,0.8606572518706234,-0.33757831496103896,0.46535233207622745,1.365860476740819,-0.4339383788819201,0.41167411404321513,-0.0008250676847235995,-0.24054277909742794,0.4040302813338744,0.00517445972410387,-0.4623787671846558,0.2440703494436994,-0.0011749323152764057,-0.27236457206880826,0.23703537107079614,0.004903464681668992,-0.45364364072479474,0.3377913143557194,0.3936558127816441,-0.23899160027955577,0.3044657543195263,0.4012685974030612,-0.5450324824930651,0.4970343264276136,0.7287176401567597,-0.12271749743304092,0.4696773689201898,0.7282819397590186,-0.5220814199648641,0.406719400081781,0.8877020010610371,-0.15705645209598834,0.3856205308464922,0.8886404392839152,-0.44066672527848616,0.40542508753389395,1.0706010414479312,-0.24049221699290485,0.395310094044593,1.0707960782063097,-0.42906381439292207,0.3519522403805038,0.705623989018399,-0.3028617521199356,0.3260373351653163,0.7099267442669145
6.966666666666652,0,swing,207,-0.3424792279256508,0.3423622013069689,0.7858798877955945,0.7724420311621754,-0.03887309312640826,0.021219196728562012,0.6335392148991513,-0.012153205461800098,0.016763601452112198,0.025087378919124603,0.05694284290075302,-0.1295229880188986,0.01928396252140563,-0.04789070039987564,0.08787307143211365,-0.005557037889957428,0.03142767399549484,-0.06746703425832234,-0.05473530883404443,0.14814725518226624,0.018531393259763718,0.14920131862163544,-0.1163131594657898,0.1963837742805481,0.9083672761917114,-0.10667098313570023,-0.20522251725196838,0.9112768173217773,-0.3437147823475557,0.34888276194421736,0.8605856820437415,-0.33815446021247825,0.4689143758815631,1.3651265335155436,-0.43395221781170984,0.4115414659026805,-0.0008239807336193304,-0.24048525722768133,0.4037932487587144,0.005162662606858159,-0.46251819991596677,0.24395906606519535,-0.0011760192663806263,-0.2724015926950326,0.23681637859529855,0.0048936630431780925,-0.4536187380924676,0.3381939825224097,0.39358800253989173,-0.23894942859266372,0.3047124519973099,0.40122939934009083,-0.5450181871688615,0.4955895781059626,0.7270549626973513,-0.12363626126583412,0.47094191401110724,0.7277134908672129,-0.5220261872270208,0.407166520523959,0.8870933800560973,-0.15757703115732047,0.38729911776801923,0.8883729785421665,-0.4408902815012543,0.40729971423315725,1.0700915972727945,-0.24070632707388734,0.39738161369729835,1.070539449460959,-0.4289570555945609,0.3526844864717306,0.705540823382566,-0.30275520388747607,0.3267720960835746,0.7098628612656064
6.999999999999985,0,swing,208,-0.34272029891144484,0.34245607862249017,0.7859363292393271,0.7723480594578255,-0.038943076777991484,0.02076626190835677,0.6336644807697117,-0.01140511967241764,0.016806550323963165,0.024456704035401344,0.0571727454662323,-0.12990329620589058,0.01984717139843606,-0.04636610299348831,0.08812866359949112,-0.005998322740197182,0.031155183911323547,-0.0681269323913265,-0.05438777329301725,0.14928431808948517,0.016883909702301025,0.1527821272611618,-0.1106678768992424,0.19701655209064484,0.9156457781791687,-0.1070110872387886,-0.20359012484550476,0.9122529029846191,-0.3440160082772932,0.348941546474763,0.8606441591099396,-0.3397926979214225,0.4706778449902316,1.364785193054347,-0.4337805274359318,0.4114215557487969,-0.0008236747893138087,-0.2404986172927378,0.4034216603963036,0.005307054961901866,-0.4623955850483495,0.24384752997058054,-0.0011763252106862312,-0.2724401867083145,0.23644961139524026,0.005040604860797434,-0.4536463889636138,0.338242714919543,0.3935670990766281,-0.2390598269072705,0.3045970115388034,0.40136698492853323,-0.5461165172586291,0.49180108015429125,0.7252366858840679,-0.12443693455060374,0.4709613300241635,0.7276505087138003,-0.5227654446979287,0.4059999420231072,0.8866444190006274,-0.15835451418844992,0.38788743224766153,0.888609787737713,-0.44179649880174926,0.4079503234047765,1.0697307713769166,-0.2415982636438151,0.39835723459721756,1.0706386187092214,-0.42913582448446225,0.3528036088581603,0.7055337805831513,-0.3029245010617619,0.32695252979993855,0.7099415701177545
7.033333333333318,0,swing,209,-0.3433673073304817,0.3423557938076556,0.7860638733914457,0.7731084136651172,-0.03909806891412196,0.020332334926903662,0.6327411144250173,-0.0115201435983181,0.016776636242866516,0.023894747719168663,0.05729808658361435,-0.12940922262541554,0.020727174936305715,-0.04523662477731705,0.0885232612490654,-0.006469139829277992,0.030841661617159843,-0.06844243225115965,-0.053960921081914304,0.15069058537483215,0.015222765505313873,0.15515007078647614,-0.10161218047142029,0.19814227521419525,0.9251395463943481,-0.10496139526367188,-0.2020605504512787,0.9142664074897766,-0.3447202858047529,0.34881961635206726,0.8607725639659867,-0.3416639055708542,0.4716829353372436,1.364645610650441,-0.4335211624703831,0.4118111598678952,-0.0008238880918179335,-0.24064607893506834,0.40275602343414263,0.005537007612703933,-0.462625132421609,0.24432135459168947,-0.0011761119081818358,-0.27306047395961236,0.2358751153720016,0.005273342013791319,-0.45394383984288517,0.33857718922167196,0.39358258164249993,-0.23961889128720576,0.3040721080071359,0.40159967086446013,-0.5476593187151526,0.4868525359207498,0.7232878755643051,-0.12519849127444732,0.4693462623010184,0.7276151461416492,-0.5239284160536195,0.40437240853610606,0.8863628186108992,-0.15943045881890702,0.38731613841241314,0.8890425148776329,-0.4430148058812015,0.408407539866516,1.0694832003675678,-0.24282727352759498,0.39865261971089333,1.0708897290488106,-0.4296807732934491,0.35293010063890945,0.705581200279922,-0.30352872960923827,0.3268115340784877,0.710101598991274
7.066666666666651,0,swing,210,-0.34390711679589003,0.3426161170937121,0.7860769110407776,0.772714043394982,-0.03934372581680801,0.0203221060141095,0.6332077782104236,-0.011683651246130466,0.01651330478489399,0.02343245968222618,0.05747302249073982,-0.12974452239687717,0.021285209064972443,-0.04458558186888695,0.0887690931558609,-0.006908851210027933,0.030571112409234047,-0.06915085959623535,-0.05393004606301033,0.15215492248535156,0.013471366837620735,0.1563671976327896,-0.08986236900091171,0.19854950904846191,0.9361205101013184,-0.10080145299434662,-0.2003205120563507,0.9173012375831604,-0.3452885532712676,0.3491065518520941,0.8607827735276781,-0.3435733536217672,0.47286369807568673,1.364441422418042,-0.43377977720630173,0.41170141712185543,-0.0008237825314072258,-0.2412725334803682,0.4025666963594919,0.005618573605563754,-0.46275740101086715,0.2441897067602926,-0.001176217468592821,-0.2735608987812232,0.23566135380174255,0.0053576293990945136,-0.4543254195367014,0.338600537315172,0.3935634255415432,-0.24013562778963018,0.30413521536346433,0.40166680640289043,-0.5495839863188065,0.4803268728336291,0.7211702201883341,-0.126335923528155,0.46803675485980795,0.7271749906031422,-0.5250613512490706,0.40192034057073506,0.8861266394993522,-0.16053700076784413,0.38737639496308796,0.8892976505281031,-0.44420291492116254,0.40879924160263714,1.0692024244533525,-0.24399151196834254,0.39961359600289215,1.0709921011223074,-0.4302122563178848,0.3530496553339634,0.705566880886594,-0.30402539227004044,0.32710812064145367,0.7101308550521426
7.0999999999999845,0,swing,211,-0.3439247001660988,0.34295818815007806,0.7860364961925109,0.7729903683806152,-0.03955760496764653,0.02070092371884783,0.6328448135500605,-0.012294949032366276,0.01605137623846531,0.023060915991663933,0.057559575885534286,-0.1300581198122761,0.021591074112027542,-0.04484446346759796,0.0887945368885994,-0.007297492120414972,0.030383672565221786,-0.06955542948773163,-0.05412591579629,0.15361288189888,0.01184363104403019,0.15620000660419464,-0.07675418257713318,0.1985197812318802,0.9476239681243896,-0.09530652314424515,-0.19909794628620148,0.9211569428443909,-0.3452795317394467,0.3495099061271827,0.8607374963394724,-0.34432899548066376,0.4736390512775308,1.3643058292425598,-0.43359739169971534,0.41183483565329165,-0.0008240038221048289,-0.24141689121705753,0.40244369519385026,0.005592860831765252,-0.4627966077432649,0.24436160828896464,-0.0011759961778949474,-0.27392821982304033,0.2355816370043845,0.005333922520309172,-0.4543290553724473,0.3388883321404652,0.39354703890531756,-0.24031447220333924,0.304140580803684,0.4016287993497466,-0.5506239061895233,0.4738228563597901,0.7192431684438129,-0.12649298989560415,0.4658436027230423,0.7265795822806722,-0.5254136127415405,0.3996458804472306,0.8860417941962522,-0.16086865000643877,0.3868332068959118,0.8894759774137525,-0.44455404820437855,0.4092902167471792,1.068991089666622,-0.24433895896365768,0.4002384929782698,1.0710329606570486,-0.43024525391104285,0.35339255994262586,0.7055428672291526,-0.30407961925353455,0.32734569260622903,0.7100922254557754
7.133333333333318,0,swing,212,-0.34479814663063735,0.3429517508484423,0.7861009342777682,0.7737816591852825,-0.03998747862087822,0.020942236367849747,0.6318420437086544,-0.013751938939094543,0.015174794010818005,0.02283179946243763,0.05752946808934212,-0.12945937815706676,0.022926988588785835,-0.04622681066393852,0.08847916126251221,-0.007606289349496365,0.03029128722846508,-0.06897227639489079,-0.05338475544064725,0.1551118642091751,0.010540693998336792,0.15530285239219666,-0.06283050775527954,0.19813629984855652,0.9592099785804749,-0.0887637808918953,-0.19879083335399628,0.925816535949707,-0.34615730440225834,0.34957781529550097,0.8607952979211868,-0.3458931613607615,0.4737609526113881,1.3643511400261041,-0.43336623762216747,0.4121609682032639,-0.000824981313068962,-0.24156491150968015,0.4023285848801412,0.005679996584844613,-0.4630395352233858,0.2447710853449907,-0.001175018686931012,-0.27454762044969344,0.2355590612936494,0.005421319734569722,-0.4548162573824354,0.3391577305947581,0.39356281161980144,-0.24104364640566697,0.3038757591204617,0.40174443986461383,-0.552199693159517,0.46701263566022666,0.7175145997190802,-0.12696850096532752,0.46251096931195823,0.7261893841900906,-0.5265095241838372,0.3971288799504025,0.8860845855115063,-0.1618617670692654,0.38542334960330243,0.8898949829716277,-0.44573867252942523,0.4094644033304611,1.068896478936245,-0.2455354162558117,0.4002253780313083,1.0712377369236232,-0.43107638305303947,0.35349445053928613,0.7055754522593645,-0.3049785494910068,0.32713166046179837,0.710184135821371
7.166666666666651,0,swing,213,-0.34528517618309706,0.3429413200356066,0.7861165350080995,0.7740609816807489,-0.040439079396233285,0.02140487854277244,0.6314555476607913,-0.01549194660037756,0.014242203906178474,0.022650916129350662,0.0576472207903862,-0.1291265496218874,0.024007909858145826,-0.048054005950689316,0.08803591877222061,-0.0078893369063735,0.030309457331895828,-0.0684549487925794,-0.052825506461514626,0.15665678679943085,0.009290936402976513,0.15380169451236725,-0.048357076942920685,0.1979585587978363,0.9706527590751648,-0.08176642656326294,-0.20039772987365723,0.9310184121131897,-0.3466301961425177,0.3496641014553896,0.8608025118129227,-0.3470439639205523,0.47375012740603784,1.36438274908362,-0.43308440126627545,0.4122235163899477,-0.0008251888003104439,-0.2415796518397907,0.4023606333360905,0.005691443011821069,-0.46295753374908627,0.24486918056370663,-0.0011748111996896377,-0.27476515493206544,0.23563134634304797,0.005432129872444121,-0.455026844512551,0.33920190296193603,0.393568361823789,-0.2414126568112574,0.3037681944591579,0.40177851548657817,-0.5536783377325328,0.45969859090393467,0.7160030740908686,-0.12663664402982985,0.4593223184094124,0.7258030288977178,-0.5273026665568092,0.3942151721470762,0.8862258987710864,-0.1621566312449739,0.38422903356447824,0.8902989050879789,-0.44652779827909916,0.40942421396283424,1.0688124991079015,-0.24632076834977695,0.40032455033757447,1.0713671397453723,-0.431570230308846,0.353422273626433,0.7055894865146218,-0.3054979322738739,0.3269409655504639,0.7102176425226309
7.199999999999984,0,swing,214,-0.34557971253525466,0.34313163766637444,0.7860935345133626,0.774634481766068,-0.04056063402276148,0.02185636901067476,0.6307285896170841,-0.017050769180059433,0.013156990520656109,0.02253781631588936,0.05805084854364395,-0.12881926110526898,0.024794221745192524,-0.04950227215886116,0.0875440239906311,-0.008161701261997223,0.03043200448155403,-0.06797037991764854,-0.05267514345353885,0.15827812254428864,0.008482172153890133,0.15249647200107574,-0.033616095781326294,0.19742758572101593,0.981663703918457,-0.07378285378217697,-0.20212559401988983,0.9369350075721741,-0.3468775206966465,0.34991240304386123,0.8607751046285638,-0.3474318167377011,0.4737241133860589,1.3644234044840737,-0.43276048494024255,0.412746504045751,-0.0008239534464515377,-0.24164043152887144,0.40261937025293315,0.0056181549826638325,-0.4629798080282101,0.24545433883007517,-0.0011760465535483426,-0.27518182449866985,0.23596131610304744,0.005357493095668242,-0.4551541980623126,0.3397104537556394,0.39357514196589466,-0.24177051757203913,0.30386839556514855,0.4017186196817534,-0.5547790021373654,0.45270700113402806,0.7148040662673927,-0.12600616357114894,0.4556635597818406,0.7251834993923807,-0.5277214447527474,0.3915603797205942,0.8865263521893673,-0.16213553334792444,0.3828344098283321,0.8905623002126506,-0.4468513947191831,0.40956204338140056,1.068795927079839,-0.24664664447978063,0.40042553985140805,1.0713973084099926,-0.4318900747683176,0.35367701821665504,0.7056012177857626,-0.3058650888900484,0.32696466717518163,0.7101895270591454
7.233333333333317,0,swing,215,-0.34645792737137526,0.34347239742055535,0.7860953931289534,0.7746977073925966,-0.04076478514015537,0.021972770763673034,0.6306337223762292,-0.017924556508660316,0.012006462551653385,0.02246931754052639,0.05858016014099121,-0.12895556596876112,0.02613145250082638,-0.05018654093146324,0.08659499883651733,-0.008320354856550694,0.030655501410365105,-0.06796884118572644,-0.05157487841443453,0.1598377674818039,0.0078501608222723,0.15104158222675323,-0.019537504762411118,0.19610778987407684,0.9915062189102173,-0.0655171200633049,-0.20341327786445618,0.9429856538772583,-0.3477607363302437,0.3502879707917621,0.86077370757457,-0.34883751147292497,0.4735987584863459,1.3645449717026128,-0.43277217567340875,0.4130105178149227,-0.0008222694245681658,-0.2417851222020757,0.4028447960228131,0.005610855688066168,-0.46305747331556246,0.24573029066868657,-0.0011777305754317458,-0.2754062243009713,0.23620280821740042,0.005347428437526704,-0.45566269952849975,0.3401082153964637,0.3935569606582457,-0.2423578574915969,0.3041665179910665,0.40173081178410275,-0.5562425960780696,0.44596144263884596,0.7137633908188059,-0.1262610973041291,0.45239738089199494,0.7247060062716384,-0.5286792429219058,0.38885164834945685,0.8867902591461855,-0.1628878345757407,0.3817863249827083,0.8909351406145088,-0.4479778898233741,0.4095740188854846,1.0687939831848028,-0.24776223131016067,0.4007156797592889,1.0715151619818706,-0.43276328054765145,0.35397885264385825,0.7055921285675425,-0.30674379461298984,0.32724458471233964,0.7102029598138355
7.266666666666651,0,swing,216,-0.34664085402619094,0.34439418325200677,0.7859471376605565,0.7743270357739002,-0.040955653299570384,0.022677177473474284,0.6310515206813522,-0.01844720169901848,0.011126924306154251,0.02236860804259777,0.0588553324341774,-0.1300702394547999,0.026338874203974516,-0.05072198435664177,0.08566031605005264,-0.00847152341157198,0.030937694013118744,-0.0690887585248996,-0.05131883026353201,0.1610787808895111,0.007392723113298416,0.14918194711208344,-0.007121345493942499,0.19493453204631805,0.9995254874229431,-0.05751187354326248,-0.2046213150024414,0.9487073421478271,-0.34788369037855665,0.35129771379406227,0.8606183946732527,-0.34903053721993804,0.4742558458276331,1.364477093485164,-0.43312430359173515,0.413094318911099,-0.0008214572832114762,-0.2420739919259627,0.40314208341436897,0.005423134514279341,-0.4632569231762686,0.24578652552726726,-0.0011785427167885117,-0.2755679280105679,0.23647449356977365,0.00515716279750594,-0.45595133789630865,0.3405610919749646,0.39350555609855886,-0.24259013537517943,0.30486002372515075,0.40152035227224125,-0.5570641663056203,0.4405049207626557,0.713028029986973,-0.12603469547436044,0.45006931137078776,0.7238655274772205,-0.5288605173845824,0.3869333890848282,0.8870803479416574,-0.16288227434969535,0.38160437150047716,0.8909414747100549,-0.44816105114294114,0.410179896474147,1.0687338889419304,-0.24792369786926827,0.40179397313213233,1.0713537255124468,-0.4330324522396251,0.3546995983746421,0.7055101177329909,-0.3069804840473774,0.32810478852524494,0.7100388705326797
7.299999999999984,0,swing,217,-0.34731292619835585,0.34394595632329583,0.7860039942195387,0.7743725403228433,-0.041153814124382536,0.022697113638833522,0.630982070592682,-0.019451366737484932,0.01027869526296854,0.022292889654636383,0.0588349923491478,-0.12933784483495714,0.02748682666699198,-0.05176874250173569,0.0850413590669632,-0.008679033257067204,0.03123299591243267,-0.06864653360142015,-0.05043954423831476,0.16206112504005432,0.00711149862036109,0.1467062383890152,0.0027972667012363672,0.1941949874162674,1.0052130222320557,-0.05072988569736481,-0.20606660842895508,0.9534860253334045,-0.3485716207937293,0.35087443462546297,0.860672674911861,-0.3501010235166815,0.472715796065449,1.3648036744071745,-0.43296824102570214,0.41293782934804163,-0.000822225767538487,-0.24208002868188663,0.40292592151593914,0.005475492095140196,-0.463151842106882,0.2456392226262244,-0.0011777742324614766,-0.2756361664480007,0.23627084939243834,0.005206134094817315,-0.4562717745994042,0.3402388235374679,0.3935268741430066,-0.2429786680357183,0.30454808419429297,0.40159755696468036,-0.5580992077357376,0.43546609551742066,0.7126875227493793,-0.12604568885107642,0.44677428555281556,0.723770791492141,-0.529602878743323,0.3842967507991576,0.8874136558812831,-0.16337555410984458,0.37989838099916945,0.8913824222164495,-0.4490219966691806,0.4091780762689886,1.068874243050104,-0.24877872840267184,0.4009625353656274,1.0715804029885112,-0.4336897204927127,0.3542137967218371,0.7055456661078414,-0.3076431733617983,0.3275995355337286,0.7101110768188387
7.333333333333317,0,swing,218,-0.34790676727425307,0.34423852572217584,0.7860200586493141,0.7741557815454793,-0.041557286392662096,0.022929911950357602,0.6312131470314407,-0.02033901959657669,0.009685435332357883,0.02218051813542843,0.05872557684779167,-0.1292271004508867,0.02837432502456616,-0.05302989482879639,0.0846591368317604,-0.00892628449946642,0.031552623957395554,-0.06862091810273685,-0.04978990778761261,0.1627274602651596,0.0068404474295675755,0.143992081284523,0.010306800715625286,0.19346940517425537,1.0086140632629395,-0.04519456624984741,-0.20767764747142792,0.9572545886039734,-0.3491787945171482,0.3512353470336098,0.8606821403121582,-0.35110643846838785,0.47212999213121243,1.3650421175426166,-0.433036498873209,0.4130009030581311,-0.0008233263526531975,-0.24225229229417325,0.4032516588738126,0.005514546405692267,-0.46313835705224,0.24568756443906337,-0.0011766736473469049,-0.27574249683604646,0.23658333009578728,0.005241815616168058,-0.4566262093986946,0.3403145392988493,0.3935226941271603,-0.2433479531711919,0.3049037234047009,0.40164723216078485,-0.5589288510968924,0.4323439921412458,0.712464241022418,-0.12602126370390285,0.4449459051083228,0.7237268435825008,-0.5302420036183942,0.38283362035419866,0.8876365906425046,-0.1637680995025722,0.37931696293651535,0.8917375055678818,-0.4498121552944399,0.40898020258757584,1.0689578142502272,-0.2495591259380629,0.4010313692014593,1.0717372353039276,-0.4342848346299432,0.3543557031970189,0.705543449751877,-0.308223939387034,0.32781599206646134,0.7101481770518858
7.36666666666665,0,swing,219,-0.34784650697838515,0.34461242565885186,0.7859626308442658,0.7734381878515559,-0.04189898540974327,0.023609480307932675,0.632044647975224,-0.02175751142203808,0.009218620136380196,0.022061528638005257,0.05845733359456062,-0.1290428613687884,0.028394394812855106,-0.05467769503593445,0.08441885560750961,-0.009192189201712608,0.03189731016755104,-0.06887192326298797,-0.050018508087088964,0.16320686042308807,0.007036472670733929,0.14139395952224731,0.01502673514187336,0.19327925145626068,1.009791612625122,-0.04123968631029129,-0.2088129222393036,0.9598261117935181,-0.34907974035113554,0.35171170381158723,0.8606156909634493,-0.3508853844521345,0.47194891456029586,1.3651359182732683,-0.4331945402474131,0.41305336148785327,-0.0008248692175250663,-0.24253197253445485,0.40371799233347005,0.005431576573779021,-0.4629555673659507,0.24567905467319973,-0.001175130782474925,-0.27570239158970083,0.2369857301284228,0.005155823628647568,-0.4566537343219182,0.3402645295713025,0.3935304815742329,-0.24334195411930087,0.30543103647696085,0.401552490979471,-0.5593244703250216,0.4304230714139658,0.7125732502541484,-0.12577776838943924,0.4442280599563127,0.7233717310139045,-0.5302164313939149,0.3818223726297568,0.8879307660652475,-0.16351265679122293,0.37941980421970334,0.8917033453644218,-0.4496797056494018,0.40888931659081407,1.0690619438804005,-0.24940401741909435,0.4014672515170002,1.0716593568080524,-0.43431125919317565,0.3543956076424498,0.705536878390216,-0.3081913382959238,0.328128075560012,0.7100866918540488
7.3999999999999835,0,swing,220,-0.34845080866944045,0.34386399993672967,0.7860780489846373,0.7738389258879702,-0.042281844478288894,0.02386700565079075,0.6315187475042459,-0.02411455474793911,0.008564267307519913,0.022006656974554062,0.058110110461711884,-0.12719455197535745,0.029400376310511178,-0.057004790753126144,0.08413105458021164,-0.009432398714125156,0.03226230666041374,-0.06780623157220345,-0.04943246534871337,0.16356709599494934,0.007462684065103531,0.139363631606102,0.016985125839710236,0.19269700348377228,1.0090419054031372,-0.039237216114997864,-0.20924289524555206,0.961058497428894,-0.3496856925869597,0.3510327697313655,0.8607244407349541,-0.35124077698050404,0.470659045425816,1.3653929879860842,-0.4328788473597562,0.41322800562739925,-0.0008270057741279688,-0.24251508716520315,0.4034714224353029,0.005541930644582485,-0.4628752728684335,0.2458957172049504,-0.0011729942258721059,-0.2759268656942386,0.23678736556514884,0.005262215014035503,-0.45691464414346006,0.33991532766370014,0.39360097285936463,-0.24374963200797858,0.30485331022047424,0.4016960436246344,-0.5597406013487914,0.4294643156455523,0.7128078825280744,-0.1261045533406705,0.4424946351073388,0.7234277087057258,-0.5306891114557696,0.380856691274618,0.8881728562034863,-0.1639948514097523,0.3780893708461447,0.8918790412972194,-0.4501657646538467,0.4080309106858337,1.0692710660307692,-0.24989684187744093,0.40040982724581203,1.0718132220405845,-0.4349024641510655,0.3536309004847595,0.7056345148675851,-0.3088179002584866,0.32720124056144284,0.7102250577738777
7.433333333333317,0,swing,221,-0.34881487383972853,0.3438341380096972,0.7861056590979291,0.7737019964961089,-0.04279325783473621,0.02442565535652166,0.6316307030712085,-0.02619299292564392,0.008144831284880638,0.02190583012998104,0.05787615105509758,-0.12639281937537183,0.029888713374947473,-0.05926840379834175,0.08348774909973145,-0.009583882987499237,0.032691966742277145,-0.06752478233381498,-0.048743881112473075,0.1636841595172882,0.007829227484762669,0.13804960250854492,0.016732094809412956,0.19143079221248627,1.0067451000213623,-0.03867572173476219,-0.20885933935642242,0.9611917734146118,-0.3500345774223978,0.35111472144306566,0.8607414777645732,-0.3513434797473856,0.47080274973482616,1.365397641930295,-0.43291254712529564,0.41336653298134673,-0.0008284539266146043,-0.24242637821349272,0.4035812192647608,0.005561354844844629,-0.4628695809974483,0.2460271819327619,-0.001171546073385453,-0.27580503683128826,0.23689053446503286,0.005277189621133119,-0.45715489459849923,0.3398122434993621,0.3936304605596393,-0.2439087054874863,0.3049055611855521,0.4017318022394597,-0.5597032653988054,0.4298671809839869,0.7129582158211778,-0.1266680623554845,0.44238608870825835,0.7232514504140963,-0.5307919165856536,0.3808685802935635,0.8882375221991776,-0.16439316181190322,0.3781156356298125,0.8917913268121248,-0.4504081351857473,0.4080802118639546,1.0693423997953082,-0.25013462606074355,0.4005439132725694,1.0717735818737395,-0.4352989554878775,0.3534013600961346,0.7056713158207357,-0.30920565564465213,0.3270147546223122,0.7102704112901818
7.46666666666665,0,swing,222,-0.34906774654518813,0.34389213332906365,0.7861123540777658,0.7736185423967108,-0.0431784544726661,0.02491475525578604,0.6316876023002864,-0.02774124965071678,0.007909064181149006,0.02177305705845356,0.057683542370796204,-0.12588859983046596,0.030083164831500198,-0.061290379613637924,0.08285900950431824,-0.009731804020702839,0.03317185491323471,-0.06726619801140177,-0.048170452205393954,0.1635129302740097,0.008264352567493916,0.13739755749702454,0.014524342492222786,0.19017340242862701,1.0030900239944458,-0.03921559825539589,-0.20797839760780334,0.960450291633606,-0.3502678632049459,0.35126343258229054,0.8607395854837503,-0.35121735553914774,0.471213619178913,1.3653351881892097,-0.43304129035402744,0.41349874434279976,-0.0008295983205213325,-0.24229362238686483,0.403809137352397,0.005549397498475547,-0.4629885080266946,0.24615763162169824,-0.0011704016794785756,-0.275665103812613,0.23711702384599517,0.00526039538810839,-0.45737981728740523,0.3397885107158897,0.39365005811332254,-0.24399650464747447,0.3050748035451363,0.4017331981523845,-0.5594185042331151,0.43135593756549523,0.7131651794844501,-0.1272885735771985,0.44275933509610266,0.7230497099449918,-0.5307387101242711,0.3814341336577246,0.8882218763247498,-0.16474426193165986,0.3783636747503345,0.8916018815201278,-0.4504826983656188,0.4083325287933563,1.069380817896834,-0.2502078622436257,0.40079062141926397,1.0716818066993716,-0.4355836516889491,0.35330879419855804,0.7056931354712362,-0.3094869028706232,0.32693760968709246,0.7102882611503423
7.499999999999983,0,swing,223,-0.3494678725255653,0.3436636389233172,0.786166848535007,0.7732041836849854,-0.043599308138727325,0.025120150925956132,0.6321577087082912,-0.029105551540851593,0.007501733023673296,0.021698659285902977,0.05742163956165314,-0.12513152135637773,0.030825879329688832,-0.06326179206371307,0.08260494470596313,-0.009953869506716728,0.03365606442093849,-0.06669293767420093,-0.04761316258811543,0.16308791935443878,0.009150578640401363,0.13688260316848755,0.009948253631591797,0.18960824608802795,0.9978360533714294,-0.0410158708691597,-0.20699675381183624,0.9588432908058167,-0.3506886674670899,0.35110229859987624,0.8607870602870992,-0.35135639631794724,0.4712255992809433,1.3653428519086417,-0.4329796678217992,0.4133555523706134,-0.0008312150618041171,-0.24229275903446407,0.40409420838072857,0.005617357417483811,-0.4627309785077077,0.24597949207808206,-0.00116878493819602,-0.2754775749167745,0.23736484202115657,0.005323438733482417,-0.45754308308445074,0.3394127426431092,0.3936743139078779,-0.24412482201853852,0.3051898977632049,0.40182117772683806,-0.559462257490183,0.4335772517765902,0.7135943322392385,-0.12822523341373768,0.4436375775224559,0.723008170784187,-0.5309758413307542,0.3820183175192165,0.88820751787195,-0.16530321000538956,0.37869139869157553,0.8914325802719578,-0.45077202733101385,0.40816117454357315,1.069477950724827,-0.2504900988187237,0.40077030833620914,1.0716479986742329,-0.4359899799105438,0.35286421292464104,0.7057280548065986,-0.3098639432464525,0.32664051435217645,0.7103660294919227
7.533333333333316,0,swing,224,-0.34969741001259536,0.34393290290609,0.7861307387105911,0.7735595640418776,-0.04384265744399494,0.02567684885816721,0.631683561366214,-0.030218960717320442,0.007190672215074301,0.021611584350466728,0.05722068250179291,-0.12495138110215986,0.030852103252935303,-0.06532909721136093,0.08250561356544495,-0.010201710276305676,0.03414463624358177,-0.06630125438800683,-0.04782010237369938,0.1624121516942978,0.010201964527368546,0.13618172705173492,0.003170549403876066,0.189059779047966,0.9909695386886597,-0.04413694515824318,-0.20628321170806885,0.9564074873924255,-0.3508722271103887,0.3514530854526205,0.8607435168337356,-0.3505302318224587,0.4717228536636806,1.3652659897837405,-0.43315904688877,0.4136465501718585,-0.0008323127559133961,-0.24254030330650167,0.40458069606051544,0.005551184232246036,-0.4631277876438106,0.24630927966253696,-0.001167687244086578,-0.27595236642564114,0.23789672865683237,0.00525277396005951,-0.4578384796614905,0.3396808991364346,0.3936816475392018,-0.24446106213667068,0.30551953175477686,0.40175764532567326,-0.5590137814923853,0.4379772931606484,0.7142364738644249,-0.12872501270402953,0.4450517560720296,0.7228362053677012,-0.5308372833509846,0.38403251617875683,0.8881778725969569,-0.16547041404042745,0.3792788249794234,0.8910124855628655,-0.4504987023761328,0.40876163610416394,1.069565433327936,-0.25022893439811067,0.4009732280662534,1.071448418793668,-0.436253590490923,0.3531254484609278,0.7057266377156576,-0.3101620511193181,0.32672958665271035,0.7103303064929123
7.5666666666666496,0,swing,225,-0.3503442396176979,0.34309816965833306,0.7862241111285615,0.7735929722752677,-0.044110489028012415,0.02572251028525231,0.6316221421614759,-0.031608279794454575,0.007070749066770077,0.021484656259417534,0.05700631067156792,-0.12374835911494886,0.03134122528533667,-0.06779663264751434,0.08244691044092178,-0.01045401394367218,0.034632377326488495,-0.06477097838857926,-0.047426340691251956,0.16161765158176422,0.011301781050860882,0.13588252663612366,-0.0046674469485878944,0.18834303319454193,0.9832615256309509,-0.04807144030928612,-0.20595791935920715,0.9535202980041504,-0.351538600875555,0.3506537403629087,0.8608330037119117,-0.3506628453163763,0.47097394868092546,1.365343670793131,-0.4333309195064603,0.4133828855601681,-0.0008335679198595188,-0.2426785417363054,0.4047736778040251,0.005635570172992467,-0.4633409748519137,0.2460530144085604,-0.0011664320801405212,-0.2761241128949339,0.238096439715511,0.0053321347467829815,-0.45827885466755836,0.3390495517664628,0.39372735193526076,-0.24486431791664331,0.30520494765844614,0.40188003186050647,-0.5588779164354596,0.44158695406300674,0.7149706479105236,-0.12959032055874942,0.4459445057904468,0.7230736143248331,-0.5311802063123481,0.3849302759388657,0.8881249775764076,-0.16609622553176542,0.3790583922647949,0.8908625618860562,-0.45091075043133466,0.4080808313501943,1.0697232343849299,-0.25064775374780157,0.4000873769064273,1.0714615512106722,-0.43688410224377155,0.35222981253574803,0.7057941384071584,-0.3108025402347876,0.3257935934634558,0.7104444789609874
7.599999999999983,0,swing,226,-0.3501921583665535,0.342860943172127,0.7862800455847647,0.7739616130389853,-0.044554518628716185,0.026018328015529914,0.6311270577460071,-0.032923463732004166,0.0073067862540483475,0.021276434883475304,0.05680261179804802,-0.12321447267484231,0.03146162186280588,-0.07006464153528214,0.08246882259845734,-0.010730312205851078,0.035108618438243866,-0.06402018519372366,-0.04711136000388172,0.16081273555755615,0.01243416965007782,0.1358596831560135,-0.012873928062617779,0.18784788250923157,0.9752698540687561,-0.05240786448121071,-0.20593903958797455,0.9503639340400696,-0.35138951463634666,0.3504965968592223,0.8608807368063207,-0.34976683198128483,0.4713016239196486,1.3652743007652122,-0.43293806658266665,0.41337397055985553,-0.0008346627456250998,-0.2420980369485038,0.40490618354100355,0.005715201675492068,-0.4631787500069646,0.24608562153219415,-0.0011653372543748812,-0.2757710532409971,0.23827475488402922,0.0054070499253156615,-0.4580648963832732,0.33890559111221413,0.3937485067648768,-0.24458503668611675,0.30509514302226526,0.4019787862841985,-0.5578683294021367,0.4461302774725549,0.7157020613566693,-0.12946091371110094,0.4473113287012819,0.7232207105959144,-0.5306898349277144,0.3867772202086239,0.8880334521004813,-0.16581259559881045,0.37938306939480515,0.8906240290089463,-0.45040928146435244,0.40833744467490707,1.0698030862556185,-0.25016247409616,0.39991519600498737,1.0713736804705845,-0.4367140085801132,0.3519825483504478,0.7058282037146313,-0.31067070453300266,0.32537218306998905,0.7105268469605297
7.633333333333316,0,swing,227,-0.35037386312615126,0.3424410284496844,0.786345229356562,0.7740429295410524,-0.04487633742998486,0.026162388755401916,0.6309985633747408,-0.03402244299650192,0.007497730199247599,0.02108645997941494,0.05655895173549652,-0.12248153160696074,0.03158984443533519,-0.071976438164711,0.0825054794549942,-0.011008655652403831,0.03555447235703468,-0.06321960881699407,-0.04685341979133584,0.16005593538284302,0.013658910989761353,0.1357842981815338,-0.021305913105607033,0.18787480890750885,0.9672717452049255,-0.05710012465715408,-0.2059488147497177,0.9468954205513,-0.35158377698792387,0.35012772466125763,0.8609404759195842,-0.3492972247898095,0.4711988152810027,1.365268458644234,-0.4329164849734482,0.4132530113718391,-0.000835928625257356,-0.2419362967385392,0.4050205529937983,0.005796496624374137,-0.4632308273868658,0.2459779894278022,-0.0011640713747426944,-0.27568244485918564,0.23840392779026426,0.005483938142745188,-0.45816817698616386,0.338559552703753,0.39377783032356706,-0.24461535230290674,0.3049447968802624,0.4020792225430607,-0.557434529501308,0.4504065007098047,0.7165910059027141,-0.1297739552813643,0.44892250758550617,0.7234578692063057,-0.5306540038398052,0.38827817725018104,0.8880040715469586,-0.16588857061338738,0.3797329586044297,0.8903952978296775,-0.45029066868057793,0.4081937275275696,1.0699257554705235,-0.25005249930424756,0.3995371952078423,1.0713131533995837,-0.4368825387604379,0.35150686009960935,0.705871744882183,-0.31085214872967387,0.324842235618407,0.7106130541942333
7.666666666666649,0,swing,228,-0.3507479120744392,0.3422702611424029,0.7863955324821054,0.7746856500249862,-0.045225417692357724,0.026286480590194908,0.6301792016387859,-0.034738630056381226,0.0074162655510008335,0.02097022347152233,0.056409914046525955,-0.12221053828169848,0.032148855275711985,-0.07334128767251968,0.08241526037454605,-0.011254394426941872,0.03597171977162361,-0.06290518895800412,-0.04631246695872038,0.15942178666591644,0.015048833563923836,0.13570520281791687,-0.02949281968176365,0.1884860098361969,0.9596657156944275,-0.061722707003355026,-0.20569385588169098,0.943398118019104,-0.35196836582127916,0.3500103624606346,0.8609850848620153,-0.34879905266400396,0.4713371111286142,1.3652478179281857,-0.43272787000625007,0.41322509701367777,-0.0008369041236970867,-0.24172121632503776,0.4048407538946815,0.0058875203042914916,-0.4634057073364818,0.24601635353511334,-0.001163095876302863,-0.2758410886842469,0.23830026638573437,0.005570770444804769,-0.4583577248815233,0.3385351876366532,0.39378267071588025,-0.24484191593072618,0.30469362741505773,0.4021837778539547,-0.5572029219754906,0.45512386970692265,0.7175299901769688,-0.13018999565402664,0.45039015982800434,0.7236682681589909,-0.530834865728342,0.3902923864562285,0.8880033564059207,-0.16614436169461416,0.38000895227913906,0.8901414894011808,-0.45025407503047227,0.40846335943620926,1.0700353539392287,-0.2500400993823161,0.3992379839843684,1.071235896704856,-0.4372126942938912,0.3514429226110494,0.705886203221869,-0.3112427967976722,0.32450451494144084,0.7106903233913019
7.699999999999982,0,swing,229,-0.35075968399178237,0.34222525963559747,0.7863986820233329,0.7747082540812816,-0.04531371499841583,0.02637825214598599,0.6301412350458409,-0.035020433366298676,0.007519448176026344,0.02080995962023735,0.05643654614686966,-0.12220251013341166,0.03205366100346296,-0.0741177350282669,0.08239476382732391,-0.01151560340076685,0.03635449707508087,-0.06279685108639721,-0.04630515017810721,0.15891708433628082,0.016331544145941734,0.13588456809520721,-0.036610040813684464,0.18963021039962769,0.953019917011261,-0.06558692455291748,-0.20515123009681702,0.940301239490509,-0.35197747259196505,0.34998429964829475,0.8609863102803477,-0.34803484280918723,0.4714931268557333,1.3652004224299852,-0.43278577722320355,0.4131819373045979,-0.0008368398878973379,-0.24166836223209884,0.4049710024643369,0.005892245310280365,-0.46350199586133667,0.2459802404600812,-0.001163160112102598,-0.2758383014109729,0.23844078700892146,0.005571937825262042,-0.45839948090623345,0.3384886548521233,0.39378411999382723,-0.2448308352951935,0.3047801084000141,0.402188863414569,-0.5570931433187125,0.45897441137930606,0.7184886376526828,-0.1305568180849945,0.45209682878974816,0.7237107139254324,-0.5308236332134664,0.3918211868818633,0.8880761415631849,-0.16613512045849652,0.38062039988756885,0.8897976451264739,-0.4499064685088688,0.408585833238069,1.0701386095895316,-0.24969788363257378,0.39921563315851083,1.0710908660153133,-0.43722718358323515,0.35137858187141324,0.7058897567442082,-0.311262110052208,0.32441780822227506,0.7106973968351094
7.733333333333316,0,swing,230,-0.3510050167096779,0.34189299354329705,0.7864698848040088,0.7750190190385495,-0.04557391140650539,0.026247398764050463,0.6297456730980827,-0.0353022925555706,0.007819941267371178,0.020601971074938774,0.05646670609712601,-0.12206019093766463,0.03235486643757979,-0.07455647736787796,0.08264577388763428,-0.011837739497423172,0.03668589144945145,-0.0628329573730706,-0.04598320695782787,0.1585545539855957,0.0170214232057333,0.13631798326969147,-0.042124487459659576,0.190643772482872,0.9476507902145386,-0.06882064789533615,-0.20473754405975342,0.9376126527786255,-0.352258677750474,0.3496704686303611,0.8610549987025937,-0.34807308203429665,0.47149626460518224,1.3651906666241687,-0.43267488407800414,0.4129621112390002,-0.0008368808792174089,-0.24154391489817417,0.4045682920227357,0.006031161670313024,-0.46358277659103797,0.24579573977328795,-0.0011631191207825617,-0.27591846418177457,0.2380801972621981,0.0057076426514548854,-0.4584907368292477,0.33826969795481804,0.3937865655122677,-0.24494384720930096,0.30441019329536845,0.40233060402876875,-0.5570956889298173,0.46183022576221894,0.7191257739592839,-0.13092432157279568,0.4530318814798777,0.724010322650688,-0.5311076430970039,0.3928832045711185,0.8880354952509657,-0.16641167420004377,0.3807063229613834,0.8897487478654382,-0.45005882557958854,0.40854853583195505,1.07017690310542,-0.24986359325315285,0.3988961664861348,1.0711179768412835,-0.43741802119015716,0.35110545421112394,0.705908895805264,-0.31148301755638474,0.3240186475150482,0.7107960127472335
7.766666666666649,0,swing,231,-0.35070067539345473,0.34195355186238885,0.786464710276126,0.7753913498908319,-0.04564524558333934,0.02634914800796328,0.6292777514495206,-0.03536025807261467,0.008112580515444279,0.020397918298840523,0.05656246095895767,-0.12231848156073899,0.03207792664807474,-0.07476887106895447,0.08308369666337967,-0.012195071205496788,0.036956507712602615,-0.06314863616196509,-0.04643048404347727,0.1582670509815216,0.01726984791457653,0.13677318394184113,-0.046215903013944626,0.19117505848407745,0.9435086250305176,-0.07141795754432678,-0.20416736602783203,0.9353655576705933,-0.3519445708028563,0.3497496310423927,0.8610480453693596,-0.3474405136871669,0.4719139267779529,1.3650987145051057,-0.4324720412507712,0.4129974580503942,-0.0008364311552437574,-0.24143649835718875,0.40443671712050844,0.006053004263795521,-0.4636077507369423,0.24587337069095677,-0.001163568844756227,-0.2760577003158524,0.23799974322792236,0.005727279815714727,-0.45827437224039236,0.3384079850385533,0.3937790062424666,-0.24480395111089315,0.3043535488180726,0.40233685250032847,-0.5564700574653038,0.4643453118007521,0.7195628141709332,-0.13075425161449936,0.45402342368233684,0.7241244221467477,-0.5307377288885436,0.39407133622356383,0.8879640606828356,-0.16613091037626815,0.38104322695833903,0.889599335971013,-0.4495937893715799,0.4089239086643812,1.0701519481307542,-0.2494131678174862,0.398969201526433,1.0710505359196631,-0.4371033314849495,0.35124979026060527,0.7059021804647819,-0.3112016772411303,0.32400925049080226,0.7107948475637365
7.799999999999982,0,swing,232,-0.3510872711194679,0.3419907749630511,0.7865030942010827,0.7758496018863009,-0.045851362894337735,0.026287853688947465,0.6287002437744308,-0.035427525639534,0.008387156762182713,0.020199991762638092,0.05670808255672455,-0.12254018990655591,0.032253262592885634,-0.07495392113924026,0.08329611271619797,-0.012480849400162697,0.03717087209224701,-0.06334233502115838,-0.04621397716595754,0.15812693536281586,0.01738293655216694,0.13737201690673828,-0.048803720623254776,0.19138790667057037,0.9407410025596619,-0.07320057600736618,-0.2032202184200287,0.9337250590324402,-0.35235197245097466,0.3498059162135607,0.8610840843914567,-0.34779867435728334,0.4723887744412804,1.3650320895502381,-0.43260135559172247,0.41301671176657295,-0.0008358927783031524,-0.24153602526133014,0.40422317178492173,0.006148738612717253,-0.46400719410797586,0.2459431783078886,-0.001164107221696884,-0.27643974761180934,0.23784522032267905,0.005820968406174611,-0.45857217193523286,0.33855390668850516,0.39376769357286223,-0.24513837674215297,0.3042237601833269,0.4024309428671625,-0.5564907340359883,0.466043842406399,0.719745008765996,-0.13132125644235457,0.4545506064995903,0.7242753207783689,-0.5310701686439719,0.39496050985884373,0.8878536608135692,-0.16665760939105087,0.3811857977921885,0.8895886935217123,-0.4499639341647614,0.4093210279217098,1.0701060850218076,-0.24979987798142056,0.3990448793178821,1.0710737017353975,-0.43744190596140414,0.3513925046525181,0.7059012519085142,-0.3115827717790564,0.32396695324576535,0.7108545358439801
7.833333333333315,0,swing,233,-0.35109865560662,0.342133826110512,0.7865064638864723,0.7760734871274079,-0.045863190702419065,0.02628027142499523,0.6284233108743877,-0.035512879490852356,0.008293282240629196,0.02009991742670536,0.05688414350152016,-0.12262853665121232,0.032401931723550104,-0.07507553696632385,0.08358623832464218,-0.012766866944730282,0.037327151745557785,-0.06338895534412359,-0.04648137539717001,0.1581564098596573,0.017405789345502853,0.13810157775878906,-0.04967379570007324,0.1918218433856964,0.9395484328269958,-0.07396064698696136,-0.20220598578453064,0.932807445526123,-0.352362567045774,0.34995007733833033,0.8610873511473356,-0.34772347144313576,0.472912870700744,1.3649412061932467,-0.4324581756223369,0.4132058132416461,-0.0008351918402498479,-0.24163623571605292,0.4043529124663392,0.006167859275152846,-0.4640008448005296,0.24615806146330868,-0.001164808159750199,-0.276696256361643,0.23800782936254877,0.005838800733454497,-0.4585374773955285,0.3388012065365702,0.39376229458033113,-0.24523421652848698,0.3043497913377609,0.40244376590275915,-0.556478886450909,0.46677302116626723,0.7198050814126988,-0.1316216994430962,0.4548886567451181,0.7242265841162865,-0.5311103874803428,0.3954407337642161,0.8878161174732496,-0.16682486574506833,0.38138642516286697,0.8895073247938168,-0.4499319652431867,0.4096997776852294,1.0700613022048147,-0.24977501090330112,0.3992869292051837,1.0710365539223805,-0.4374418954204938,0.35159454347350344,0.7058992199857979,-0.31160276420150335,0.32407877329017504,0.7108605490510943
7.8666666666666485,0,swing,234,-0.3510821749223396,0.3420949340797961,0.7864961611631929,0.7765345141930132,-0.045853699251861196,0.026327189028717234,0.6278522641910174,-0.03556576743721962,0.007905003614723682,0.020081957802176476,0.05697987973690033,-0.12271311200660207,0.032788051319802225,-0.07517148554325104,0.08367178589105606,-0.01298756804317236,0.03745882213115692,-0.0634749760506621,-0.04660095850613122,0.15831808745861053,0.017136365175247192,0.13900063931941986,-0.04879722744226456,0.19167852401733398,0.9399014711380005,-0.07378017157316208,-0.20088250935077667,0.9325503706932068,-0.3523339816154895,0.3499154188768903,0.8610768087706078,-0.34764455057481874,0.4733680859655262,1.364809200794133,-0.43210531664941865,0.4132180600928664,-0.0008349442690272525,-0.2415886680488836,0.4041623264970397,0.0061630417967463574,-0.4639034151373146,0.2462187428518167,-0.0011650557309726625,-0.2769264545574833,0.23787603176185687,0.005832848040702648,-0.4584300687697713,0.3389072528952612,0.3937541962969026,-0.245305375596595,0.3041831137941446,0.40243440213587883,-0.5562945886096505,0.4665024722623536,0.7195682098880356,-0.13187720723330235,0.4544340486565202,0.7240646054943556,-0.5310279461078606,0.3955056661632616,0.8877366210257486,-0.16700838581250105,0.3811214516446365,0.8894448570819551,-0.44987686786534353,0.4100073506550664,1.069969244831551,-0.24973366984733317,0.39933795783073656,1.070993570894693,-0.4374123435875873,0.35167875071308874,0.7058893990986217,-0.31161399520896316,0.32397705574970154,0.7108505594755563
7.899999999999982,0,swing,235,-0.35139360919129103,0.3422762216068804,0.7864558874377672,0.7765108264809581,-0.045831756405438365,0.026422049735591785,0.6278791776690972,-0.035429395735263824,0.00745123578235507,0.020090417936444283,0.05700972303748131,-0.12300438425896343,0.03308103366924098,-0.07520493119955063,0.08339167386293411,-0.013109860941767693,0.037586335092782974,-0.06370114462146215,-0.04649975740875467,0.15854567289352417,0.01668543927371502,0.13964883983135223,-0.046543437987565994,0.19187332689762115,0.9415062665939331,-0.07293315976858139,-0.20022372901439667,0.9328179955482483,-0.3526325788681118,0.35010302809274685,0.8610360862466515,-0.3481077299336551,0.47395464749581884,1.3646710057372182,-0.43229927731637785,0.41317990694706763,-0.000834978892840909,-0.241870614645449,0.40423763608821384,0.0061079404325401244,-0.46409345313109124,0.24617984270636184,-0.001165021107159006,-0.27722575969303964,0.23795503356851533,0.005776552533304363,-0.458706585217376,0.3389877231568379,0.3937384217053659,-0.24561859068473735,0.30434116897511687,0.4023754791424575,-0.5568568318635431,0.4654446306150333,0.7192061459863984,-0.13239446742588265,0.454247984594238,0.7238753327548264,-0.531438740375505,0.39523108029921833,0.8876803047803284,-0.16746029240772106,0.38123823209361074,0.8894033610832892,-0.4502567714834005,0.41033573575097454,1.069857782681399,-0.25011027259381213,0.39973342694035435,1.0709324594347747,-0.4377380493253056,0.3518511240109072,0.7058635075074211,-0.3119379962315039,0.3241534699277303,0.7108048123745672
7.933333333333315,0,swing,236,-0.3514356006635353,0.3423959673382342,0.7864505984067147,0.7769984557548337,-0.04587571217256119,0.026422627557275896,0.6272723997915367,-0.035243257880210876,0.007186852395534515,0.020060690119862556,0.05703512951731682,-0.12324809657859803,0.033484509802396256,-0.07533039152622223,0.08293092250823975,-0.013170624151825905,0.037691034376621246,-0.0637145690702079,-0.045907833872698034,0.15879826247692108,0.01609506644308567,0.14019253849983215,-0.043104931712150574,0.1920311152935028,0.9441186785697937,-0.07147428393363953,-0.2000533640384674,0.9336143136024475,-0.35267253475218124,0.3502288987149417,0.8610301879745592,-0.3483521409283505,0.4744072459170208,1.3645854365688745,-0.4319945604651124,0.4132262042817998,-0.0008350660800651756,-0.2414226741268657,0.4041360585679281,0.006104797802878054,-0.46405763460753335,0.24627755809457905,-0.001164933919934788,-0.27705574342039446,0.2379127939386182,0.0057721287527276385,-0.45864786786274747,0.3391875938022835,0.3937232566773121,-0.24554895093342433,0.3042930166196064,0.40238134999115294,-0.5570036068611818,0.46405758400655295,0.7186916716799404,-0.13225238502737086,0.4533559411237791,0.7238040288598104,-0.531551771501168,0.39493865259709954,0.8876127822664807,-0.16753767103529466,0.3808764616031963,0.8895183548667449,-0.4503837951433396,0.4107279871412337,1.0697445936559407,-0.2502513955692917,0.3998775694035167,1.0709594910387161,-0.43775315817738525,0.35210488886734176,0.7058456659245117,-0.31199856615022487,0.3242046490468169,0.7108059728681795
7.966666666666648,0,swing,237,-0.3517180670751259,0.3422853113152087,0.7864381270083416,0.7776592905221645,-0.045887443654925024,0.02646953483291981,0.6264501050403843,-0.03512924164533615,0.006715891882777214,0.02009245567023754,0.05700867995619774,-0.1233890146789054,0.0340209154763198,-0.07552225142717361,0.08255559206008911,-0.01322702132165432,0.03775471821427345,-0.06363898303432491,-0.045480666521588886,0.15907469391822815,0.015530077740550041,0.1405504047870636,-0.03881654143333435,0.192012757062912,0.9474337100982666,-0.06944804638624191,-0.19994208216667175,0.9348382353782654,-0.3529423542079822,0.3501253072781613,0.8610171829444233,-0.3487072667310364,0.47453268312058683,1.3645158500299719,-0.43181393809856855,0.41311606704650583,-0.0008354355449275014,-0.24128544374973215,0.4038027905488943,0.006087167794973061,-0.4642323681732245,0.24623605905976362,-0.001164564455072497,-0.27728550513480565,0.2376586231632089,0.005753665188862465,-0.45880517721864034,0.3392210417729381,0.3937107077025236,-0.24579070389131571,0.30397442832874266,0.402372032762317,-0.5573455691483011,0.4621346769315697,0.7181348467074268,-0.13226473183655915,0.4518563556323378,0.7236720118438479,-0.5318516720120298,0.39433467712338066,0.8875833209967601,-0.1678173534715906,0.3800654072569146,0.8896287382227497,-0.45068569110779483,0.4109013626494015,1.0696462430400058,-0.2505736358918898,0.3996953988336679,1.0709791467225747,-0.43801013176015297,0.3521743369946501,0.7058279218230139,-0.3123165875688141,0.3240015773866178,0.710796763646702
7.999999999999981,0,swing,238,-0.3521314550889656,0.34249327192083,0.7864155699669183,0.7781225624169742,-0.04594431684133634,0.026485891253476,0.6258697110199007,-0.03479235619306564,0.0061736200004816055,0.020151790231466293,0.05700930953025818,-0.12380545660473152,0.03470626240034902,-0.07552799582481384,0.08221685141324997,-0.013271886855363846,0.03779090568423271,-0.06374130412136747,-0.04501047005454406,0.15937337279319763,0.01480818446725607,0.14061090350151062,-0.033862873911857605,0.19175247848033905,0.951282262802124,-0.0671331062912941,-0.19988329708576202,0.9362290501594543,-0.3533533380991319,0.35034232591892933,0.8609937125640921,-0.3494145209450624,0.47485044389884107,1.3644693365453557,-0.43174289493918167,0.4130896686692015,-0.0008357425922266883,-0.24130830027517144,0.40372566048533104,0.006072868287838269,-0.46440828461797884,0.24625782400173915,-0.0011642574077732476,-0.27757063474376537,0.23763854029053355,0.005738796010148695,-0.45905736206862263,0.33942544981452366,0.39368449823990187,-0.24613202820240818,0.3039748689018645,0.402363015811554,-0.55785081934288,0.4600793047360126,0.7174898345311717,-0.13243880272341135,0.45071831693426306,0.7235917867076739,-0.5323049226217603,0.3937848324248151,0.8875251670531562,-0.16826521356840965,0.3796293846367746,0.8897916549234357,-0.4512259356586929,0.4112722470010185,1.0695305669288115,-0.2511275857798982,0.399844390077561,1.0710270167009133,-0.43839700801352316,0.35251050755965085,0.7057931950410528,-0.3127477950270738,0.3241436839985598,0.7107808587969713
8.033333333333315,0,swing,239,-0.352063684607856,0.3427902520634234,0.7863748260635626,0.7782803351695914,-0.045730508310583055,0.026520959994544673,0.6256876850146023,-0.034511640667915344,0.005702052731066942,0.020205678418278694,0.05695461854338646,-0.12380585881673856,0.0348278254675809,-0.07530687749385834,0.08214247971773148,-0.013361817225813866,0.0377986766397953,-0.06374972915238275,-0.04530390167884746,0.1597416251897812,0.013818939216434956,0.14075933396816254,-0.028312228620052338,0.190846785902977,0.9556045532226562,-0.06473484635353088,-0.19955772161483765,0.9376572966575623,-0.3532595257447284,0.3506180010732416,0.8609556299571561,-0.349677875584992,0.47508962477677524,1.3644421660698849,-0.43161132256591017,0.41342389793128187,-0.0008360782423744023,-0.24141990675168906,0.40403591881651624,0.005994950137277712,-0.4643605289376731,0.2466084849723793,-0.0011639217576255405,-0.2777826164051742,0.23797074551403458,0.005660940147771017,-0.45900560725355777,0.33978354940334704,0.39368292197784244,-0.24619846041869323,0.3042681396144093,0.4022800849685523,-0.5578354584529505,0.4575768287095118,0.7168216721412344,-0.13233834809059442,0.4498816411395893,0.723464942847971,-0.5322013215881505,0.39296555850836157,0.8874904712650308,-0.16829479375315032,0.379430091070545,0.889907958058441,-0.45130281089342084,0.4115386565554689,1.069433223711552,-0.2512057761886956,0.40010507485888785,1.0710564340995183,-0.4383467015950961,0.3528807345533301,0.7057805882258356,-0.31271040625136715,0.3244487793883931,0.7107229000984048
8.066666666666649,0,swing,240,-0.3522843112004921,0.3429527641274035,0.7863537043023829,0.7784075812988044,-0.0457149508702871,0.02653921869965255,0.6255297359153156,-0.034249890595674515,0.005244643427431583,0.02026817761361599,0.056790273636579514,-0.12390213289446539,0.03526046489751433,-0.07487802952528,0.0819069966673851,-0.013395501300692558,0.037796929478645325,-0.06417824101254377,-0.04510368138159182,0.16015158593654633,0.012837930582463741,0.14116571843624115,-0.02243860810995102,0.18977387249469757,0.9600884914398193,-0.06207948923110962,-0.1992228478193283,0.9392889142036438,-0.35347497101664943,0.35078065434751243,0.8609345762730438,-0.35038798771022955,0.4754967390799386,1.3643628903414873,-0.4315693396988179,0.4134469419348105,-0.0008370428154705033,-0.24154541064734236,0.40386114076383584,0.005976754938696101,-0.46438459960463957,0.24664450640961372,-0.0011629571845294048,-0.27799307544586227,0.23781459262123256,0.005642718023259389,-0.4591386718038803,0.3398848090714678,0.3936732592259795,-0.24641533868276838,0.3042578607048818,0.40225593608878407,-0.5580668338725624,0.454704030473239,0.7160541855283912,-0.13252208961362988,0.4487598313978855,0.7233307558224595,-0.5323920148555462,0.39196487832329613,0.887413943523429,-0.16864670221620576,0.37911169823510277,0.8900752133478034,-0.4517466198483447,0.4117989072193464,1.0692940119130092,-0.2516499771618276,0.40038571988312754,1.0710989053759787,-0.4385639503661618,0.35308516323138867,0.7057613958470517,-0.3129382345176281,0.3246060729293823,0.7107003897485584
8.099999999999982,0,swing,241,-0.35250693454872817,0.3435628772713244,0.786287296150039,0.7787219926398091,-0.04591529150341267,0.026778142721793526,0.6251134099166431,-0.03379606083035469,0.004793259315192699,0.02034233883023262,0.05664897337555885,-0.12481970457230607,0.03576735402219022,-0.07468314468860626,0.08148984611034393,-0.013365239836275578,0.03778721019625664,-0.06496444641384258,-0.04462301913842259,0.16041705012321472,0.012124037370085716,0.14168515801429749,-0.017002591863274574,0.18877097964286804,0.9641660451889038,-0.05918266251683235,-0.1988104283809662,0.9410790801048279,-0.3536843649156542,0.3514370707813589,0.8608635037118182,-0.35082960792155105,0.476751292010674,1.3641437033978094,-0.4315463802143085,0.41339344599626276,-0.000837965782936153,-0.24151508605403788,0.40373925472205363,0.005933032524746806,-0.4645296734053401,0.24662415221013304,-0.0011620342170639286,-0.2781499361306672,0.23773390494055985,0.005598960995332764,-0.45930398983153364,0.3402110160929609,0.39362751242828337,-0.24661142158535934,0.30444786180746275,0.40220295254647853,-0.5582219333563208,0.45261844662204953,0.7152920947823939,-0.132670986086917,0.4477386340640302,0.7229911255938543,-0.5325282657745256,0.3917123481245324,0.887309090501349,-0.16896565495549604,0.37911101174395634,0.8901213462919124,-0.45206164611775324,0.4127816385035613,1.0690901709964624,-0.2519743609953942,0.4012266476944306,1.0710254796965806,-0.4387787952346246,0.35374846227231704,0.7056938567897814,-0.31318420447420514,0.32513383205396945,0.7106423541025216
8.133333333333315,0,swing,242,-0.3525652278913185,0.34309530863538384,0.7863206875756632,0.7790103516265658,-0.04586381492092183,0.02669949000633819,0.6247611701866204,-0.034002698957920074,0.004579723812639713,0.020369311794638634,0.05648685246706009,-0.12424214365750963,0.0360541442503024,-0.07489004731178284,0.08117499947547913,-0.013337026350200176,0.037761248648166656,-0.06452354256962911,-0.04424240445455807,0.1607215255498886,0.011594749987125397,0.14208434522151947,-0.012464826926589012,0.18805734813213348,0.9675942659378052,-0.05694619566202164,-0.19828203320503235,0.9424002766609192,-0.353743440628488,0.35095668731661817,0.8608982347328084,-0.35113031548939483,0.4764036687918406,1.3641459868570538,-0.4312920085729968,0.4132805131465724,-0.0008388202342359576,-0.24121857000609284,0.4034032229839496,0.005950464699343079,-0.4644266427585797,0.24654121933218667,-0.0011611797657640928,-0.2780022979474166,0.23743079837059597,0.005616358872843449,-0.4592579346048007,0.33995099884964786,0.393648387195022,-0.24657225221309736,0.3039958907448344,0.40223622771077394,-0.5582650536849325,0.44994010457316125,0.7148319213237133,-0.13273812710870597,0.4460634078879655,0.7229025471518012,-0.5325499438030716,0.3904474062263858,0.8873396491835154,-0.16915077349396915,0.37810522858533085,0.8902804705863476,-0.45222752534041427,0.4124165104618013,1.0690500247720476,-0.25214778568943363,0.40075178749004636,1.0711035386356587,-0.43882041694351837,0.35336890024910234,0.7057203513719379,-0.31325228421492995,0.32463972466890795,0.7106766043433386
8.166666666666648,0,swing,243,-0.35277318849693984,0.34332153806462884,0.7863131382619056,0.7786875975768313,-0.04596196523693868,0.026775356858295424,0.6251529440038592,-0.03420335799455643,0.004372154362499714,0.020403509959578514,0.05642026662826538,-0.12423600239577182,0.03627203787055466,-0.07495756447315216,0.08090981841087341,-0.01330246590077877,0.03774228319525719,-0.06469450941323696,-0.043967293041050626,0.16101685166358948,0.011032472364604473,0.14227472245693207,-0.008911538869142532,0.1876935213804245,0.9702327251434326,-0.05553313344717026,-0.19813016057014465,0.9431524276733398,-0.35395573143301384,0.3512008438831757,0.860888724964406,-0.35177115859812175,0.47689974711339705,1.3640751817792325,-0.4314490166329841,0.41335303751940977,-0.0008392249758970745,-0.24134772205853777,0.4035672564775464,0.005944142514958315,-0.4644113177944886,0.24657958847039363,-0.0011607750241032153,-0.2779652744281882,0.23755809025059627,0.0056100959781838974,-0.45941650640398585,0.34000969682756826,0.39364576197840473,-0.2466875794457058,0.30423480768958266,0.40223066227372756,-0.5587049346202738,0.44806444288834907,0.7144304434283473,-0.13305411759461883,0.44589837393129117,0.7228282515795774,-0.5328436376114052,0.38976639381712086,0.8873237486650623,-0.1694689838088576,0.37834208335143815,0.8903683044799442,-0.45264303425686814,0.4126322503991817,1.0689630290696823,-0.2525485766918164,0.4012410680298327,1.0711156823106764,-0.4390437321284258,0.35348228269719567,0.7057147125844855,-0.3134456281794372,0.32488470202132075,0.7106719095825365
8.199999999999982,0,swing,244,-0.3527139414800331,0.3432410121895373,0.7862968504548437,0.7784738849055581,-0.04584824974710068,0.026820449892542647,0.6254254647699732,-0.03434240072965622,0.004183173179626465,0.02044074609875679,0.05642658472061157,-0.12404319052956914,0.036198780716541146,-0.07494297623634338,0.0809047669172287,-0.013313265517354012,0.037724386900663376,-0.06463048184145115,-0.04423221689971668,0.16121825575828552,0.010437892749905586,0.1424342691898346,-0.006712033413350582,0.18740105628967285,0.9718432426452637,-0.054981958121061325,-0.1984061747789383,0.9434251189231873,-0.35388328794266427,0.3511108908049566,0.860873640674247,-0.3519973172379055,0.4768569322778396,1.3640490849740834,-0.4314908990609798,0.4133641255945948,-0.0008391610027138931,-0.24151476542673578,0.40364393006587507,0.00589978529579081,-0.46433717280336634,0.24656778623276107,-0.0011608389972861018,-0.2780209308553245,0.2376102332196588,0.005566022986255376,-0.4593949984671041,0.3399303390759645,0.3936549407120712,-0.24669789461723435,0.3042659008255123,0.4021835775412125,-0.5587624532452592,0.44667571510003257,0.7141908302082092,-0.13294733934419087,0.44576063110247316,0.722852943857959,-0.5328222380592736,0.3890805074419442,0.8873077314486558,-0.16940771265360172,0.378324616919966,0.8904315504086855,-0.45271673079256036,0.4124706739471655,1.0689107469339838,-0.25261231479521773,0.4012681054145355,1.071126611693889,-0.4390121993218953,0.3533488982455466,0.7057212992616337,-0.31339258110672685,0.3248400772753028,0.7106436945173698
