timestamp,motion_id,motion_key,frame,qpos_0,qpos_1,qpos_2,qpos_3,qpos_4,qpos_5,qpos_6,qpos_7,qpos_8,qpos_9,qpos_10,qpos_11,qpos_12,qpos_13,qpos_14,qpos_15,qpos_16,qpos_17,qpos_18,qpos_19,qpos_20,qpos_21,qpos_22,qpos_23,qpos_24,qpos_25,qpos_26,qpos_27,pelvis_x,pelvis_y,pelvis_z,head_x,head_y,head_z,ltoe_x,ltoe_y,ltoe_z,rtoe_x,rtoe_y,rtoe_z,lheel_x,lheel_y,lheel_z,rheel_x,rheel_y,rheel_z,lknee_x,lknee_y,lknee_z,rknee_x,rknee_y,rknee_z,lhand_x,lhand_y,lhand_z,rhand_x,rhand_y,rhand_z,lelbow_x,lelbow_y,lelbow_z,relbow_x,relbow_y,relbow_z,lshoulder_x,lshoulder_y,lshoulder_z,rshoulder_x,rshoulder_y,rshoulder_z,lhip_x,lhip_y,lhip_z,rhip_x,rhip_y,rhip_z
0.03333333333333333,0,tairan,0,0.0003694992046803236,-0.23145514726638794,0.7760660143607224,0.640733624644436,0.18646414658719238,0.12579681446469548,-0.7340754087680965,-0.3928995728492737,-0.023298101499676704,0.10475634038448334,0.13406924903392792,-0.19619091632968466,-0.01914189917035447,-0.5097906589508057,-0.0880046859383583,0.09045477211475372,0.21101650595664978,-0.1695005474320641,0.05288813589576957,0.20492185652256012,-0.1423935443162918,-0.5196797847747803,0.37753403186798096,0.4606001079082489,0.7984108328819275,0.24138350784778595,-0.35501086711883545,0.9259377717971802,-0.00807197515420461,-0.2632278767427288,0.8434769568869291,-0.01498853433169588,-0.2019044237029752,1.3641334512299321,0.13764784343909683,-0.2508354903478867,0.01274017378618731,-0.14536846623138236,-0.2604501319602752,0.00015893632340958919,0.14560459428179412,-0.08102572619027737,0.011585135793596654,-0.1318523856066928,-0.09100414342428181,-0.002158936323409563,0.1335333156654442,-0.19615811517308365,0.4031710595524398,-0.12138048386788886,-0.19585624728154635,0.3913557485418197,0.2964771899731974,-0.23813271664202043,0.7549275686007407,-0.2668921954029903,-0.32067413575629766,0.7312409438876469,0.21441595650340672,-0.1691177383521667,0.9048023527948659,-0.2162115419981556,-0.2375371637033189,0.8876994989509266,0.09161637132037931,-0.22329349917695646,1.0648434068733408,-0.10784406427019289,-0.24282022917593404,1.0623083823041888,0.09871965837352703,-0.20235028970184857,0.7135330115658287,-0.02815595039866228,-0.18047778931885627,0.7065369536524448
0.06666666666666667,0,tairan,1,-0.0003031755331903696,-0.23019960522651672,0.7762094550755833,0.6393850873424686,0.1867751604089739,0.1250489452855719,-0.7352989261662443,-0.3931441009044647,-0.02438279055058956,0.10566984117031097,0.133388951420784,-0.19484917359090015,-0.018564004631979714,-0.5096489787101746,-0.08787688612937927,0.09038901329040527,0.21078604459762573,-0.1689255667726537,0.052063978785461096,0.20321376621723175,-0.14318665862083435,-0.5192872881889343,0.37537872791290283,0.4564650058746338,0.7969774603843689,0.23974908888339996,-0.35144472122192383,0.925553023815155,-0.008910347145152504,-0.2619050463422464,0.8436311251861585,-0.015034505775447857,-0.20055802452310423,1.3642934336939765,0.13661096376585063,-0.25072298493140865,0.012853295942538215,-0.1456024735881127,-0.25898815671599806,0.00015727343363896792,0.1450978762304782,-0.08093884132407489,0.011705734901895117,-0.13141543680281195,-0.08959697967288376,-0.002157273433639001,0.1328897192844129,-0.1955994657910825,0.4033783823289454,-0.12163196252192951,-0.19427486757069065,0.3914015838471536,0.2945748061861113,-0.2394409925203651,0.7543769395773378,-0.2668826714188478,-0.3185942190725153,0.7313233891842515,0.21354366481744252,-0.1693777920741099,0.9043258184523956,-0.21622171790561126,-0.23542842984931664,0.8877730088583827,0.09120274434115881,-0.22248815576033765,1.0649118291467543,-0.10835690854260717,-0.2409960472338848,1.0625479776044167,0.09819944788298289,-0.20150458351778794,0.7137231943325552,-0.028586880433986408,-0.17914990238653036,0.7066372805107944
0.1,0,tairan,2,0.0006578273605555296,-0.2300291508436203,0.7760218652535262,0.6388538205743882,0.1867785545004105,0.12561784436413112,-0.7356627791954364,-0.3921968340873718,-0.025050101801753044,0.10697274655103683,0.13229523599147797,-0.19557226771493275,-0.016778527167431445,-0.5100373029708862,-0.08753224462270737,0.09007692337036133,0.21065481007099152,-0.16918392496996648,0.05276519789914369,0.20165930688381195,-0.14269861578941345,-0.5190977454185486,0.3732052445411682,0.45245808362960815,0.7959557175636292,0.23905810713768005,-0.3490149974822998,0.9270040392875671,-0.007915361243474606,-0.2617896356904311,0.8434219545669331,-0.013260438481170572,-0.20113840630665394,1.364169063143435,0.1364257539540039,-0.24967232315477578,0.012615548735741566,-0.14521663765316772,-0.2582895893882022,0.00015363222878977956,0.14487656400284196,-0.0798862966317743,0.011480204273004422,-0.13081783446104778,-0.08891618239242444,-0.0021536322287898577,0.13331115466759505,-0.19485731527095115,0.40310796018795725,-0.12092682259467175,-0.1937332428029221,0.3913739718951268,0.29439668422969884,-0.24101066155586068,0.7533777234637818,-0.2654565779543959,-0.3176014267831707,0.7309957197136222,0.21425855455986942,-0.17037582524129788,0.9035381852238759,-0.21469994073857843,-0.23493375872312414,0.887678152169287,0.09255261855404336,-0.22294101754566797,1.0646279604317819,-0.10705782111063843,-0.24092043266883154,1.0624836869647571,0.09912461933294726,-0.20140013284430938,0.7134637902066701,-0.027640417685462656,-0.17887464813309925,0.7065256282990524
0.13333333333333333,0,tairan,3,0.0014475320931524038,-0.2300870716571808,0.7758685027641259,0.6390707153044434,0.1863269286134616,0.12614816849985158,-0.7354981550608227,-0.39093244075775146,-0.024846216663718224,0.10854017734527588,0.1310638040304184,-0.19556259991751346,-0.01567347299156374,-0.5103051066398621,-0.08709400147199631,0.08948006480932236,0.21071825921535492,-0.16892998012605553,0.05346537699104781,0.20109893381595612,-0.1411307007074356,-0.5190819501876831,0.371555358171463,0.4504028260707855,0.796424925327301,0.2393164336681366,-0.34797796607017517,0.9301708340644836,-0.007016294700218348,-0.2618657459689949,0.843273840052767,-0.012380759078674747,-0.2014116058440247,1.3640351325041438,0.13648497659230285,-0.24908057328971164,0.012317168267446943,-0.14503024664789316,-0.2585441990352842,0.00014983763065139558,0.14451539395115282,-0.07927404135357824,0.011197298245708157,-0.13068914054629033,-0.08916579377217193,-0.002149837630651477,0.1336232306772095,-0.194324038485378,0.4028213074122869,-0.12050611675496972,-0.19393086466273604,0.39137381385044345,0.29470740191084394,-0.24168622148707714,0.7529435159834152,-0.2644473793749791,-0.31691658298704833,0.7304557352766893,0.2148474116268124,-0.17087419860133196,0.9031686922050832,-0.21367764284269702,-0.23489865651609865,0.8874750264291356,0.09341186625038145,-0.22313438493208287,1.0644810131794924,-0.10620431457245616,-0.24105021898318882,1.0623390178579668,0.09980874876876969,-0.20139624424749625,0.7131925728030717,-0.026977879843834398,-0.17893845563234356,0.7064150122895606
0.16666666666666666,0,tairan,4,0.002333929529413581,-0.23049479722976685,0.7756031726802894,0.6386994508942925,0.18596123102118461,0.12687448582911653,-0.7357882146582754,-0.39003950357437134,-0.023920640349388123,0.11042296886444092,0.12985920906066895,-0.19560277804136228,-0.01474845269491265,-0.5102394819259644,-0.08651439100503922,0.08859097212553024,0.21089591085910797,-0.16954900576153475,0.054434729858723774,0.2012990564107895,-0.13926486670970917,-0.5190471410751343,0.36989885568618774,0.4492031931877136,0.7983011603355408,0.24018847942352295,-0.34730860590934753,0.934689998626709,-0.006035083131163433,-0.2623137103629793,0.8430013654906919,-0.011457514739210369,-0.20229227705031033,1.3638018446585318,0.13667854480917652,-0.2489561524012046,0.011868931030981456,-0.14496509702059326,-0.25835248729993776,0.00014511185295257648,0.14446193820410433,-0.07913800775805806,0.010765963570385319,-0.1304131899816403,-0.08899193440491857,-0.0021451118529526164,0.13406139817099794,-0.19427136405180176,0.4023806512590314,-0.12004064150312509,-0.19403412336205705,0.39132100424435373,0.29539361886943233,-0.24269503993316094,0.7524687783939968,-0.26358585080728636,-0.3158996839909017,0.729636034049805,0.21571200904351612,-0.17195222963528092,0.9028212311537597,-0.2126370081686145,-0.23496800942463655,0.8871601391570809,0.09434093363238061,-0.22388594575146842,1.0642404471055786,-0.1052955072498601,-0.2415702707294874,1.0620630583154438,0.10060304762964521,-0.20183866320484184,0.7127809965206594,-0.026179169096779267,-0.17928578846889168,0.7062313603560973
0.19999999999999998,0,tairan,5,0.003177716163918376,-0.23103059828281403,0.7753052197306035,0.6379662813418595,0.18584459802502276,0.12764835753278309,-0.73631970371228,-0.3896636962890625,-0.022299394011497498,0.11263121664524078,0.12882092595100403,-0.1956781073937255,-0.01453895672600547,-0.5101014375686646,-0.08611229807138443,0.08755098283290863,0.2110539972782135,-0.17067793709913914,0.05546127709679993,0.20197713375091553,-0.13759514689445496,-0.5189078450202942,0.3676701784133911,0.4478529691696167,0.8012613654136658,0.24108436703681946,-0.34669461846351624,0.9401375651359558,-0.005133137543040638,-0.2629134864689232,0.8426803720612186,-0.010656835597370056,-0.2035814449362439,1.3635481698693948,0.13726396998261456,-0.24908560174225072,0.011421845333942117,-0.1449604074516315,-0.2577633466847336,0.000138997109266209,0.14488783005793848,-0.079260108773757,0.010336167868028791,-0.13002136009154908,-0.08843633877898474,-0.0021389971092664953,0.1346666322921115,-0.19447216475264698,0.401935194832005,-0.11956911893019717,-0.1939506746397028,0.39123852835537637,0.29602383487735145,-0.24394604191759786,0.7519238118532289,-0.26284690540561984,-0.3147184736942638,0.7286513676907821,0.21652311325563622,-0.17340529997252152,0.9024668395616976,-0.2116724322220288,-0.2351310422940056,0.8867860516208397,0.09518156067022165,-0.22493780131196686,1.0639838712162553,-0.10448110138012993,-0.2423144346470511,1.0617346720465197,0.10138956582170414,-0.20245433491885945,0.7123630577533882,-0.025369096725490387,-0.1797057284461207,0.7060354660635226
0.2333333333333333,0,tairan,6,0.004200613126158714,-0.23168373107910156,0.7749368933684987,0.6368885483218533,0.18592596561062158,0.12860386201741775,-0.7370655052316892,-0.3897022008895874,-0.020245298743247986,0.11523031443357468,0.12807823717594147,-0.19617405827091727,-0.014542133891881637,-0.5101126432418823,-0.08588094264268875,0.08639509975910187,0.21114450693130493,-0.1721521029414088,0.05681043715757417,0.20279963314533234,-0.13646359741687775,-0.5187163352966309,0.36444759368896484,0.4454450011253357,0.8048756718635559,0.24144339561462402,-0.3460640609264374,0.9461157917976379,-0.00406938019228509,-0.2636642694089569,0.8422707806663932,-0.009370195464446505,-0.20532348292757716,1.363244348455459,0.13814260103774892,-0.24922112338962668,0.010934546024154997,-0.14498466723128325,-0.25683838887353055,0.00013101333268267235,0.14566686431165507,-0.07939108542799451,0.009865121816697218,-0.12950688627976636,-0.08755956110058649,-0.002131013332682362,0.13550394725699952,-0.19481682437337572,0.40142037229248173,-0.11897209461504021,-0.19369398883448521,0.39112938748135706,0.2965307681789281,-0.24567496392670995,0.7509801072591674,-0.26199288348850824,-0.3136168866549448,0.7276924368111831,0.21744279635153285,-0.17533103908468228,0.9018323169023027,-0.2104811277846274,-0.23549184893018626,0.8864456468857416,0.09633894464680925,-0.22631120598684062,1.0636083654904342,-0.10335765952010093,-0.24329673567329302,1.0613850873982784,0.10237142808103922,-0.20321453615440851,0.7118817021456783,-0.024347117629140217,-0.18017655285036488,0.7058027677988694
0.26666666666666666,0,tairan,6,0.004200613126158714,-0.23168373107910156,0.7749368933684987,0.6368885483218533,0.18592596561062158,0.12860386201741775,-0.7370655052316892,-0.3897022008895874,-0.020245298743247986,0.11523031443357468,0.12807823717594147,-0.19617405827091727,-0.014542133891881637,-0.5101126432418823,-0.08588094264268875,0.08639509975910187,0.21114450693130493,-0.1721521029414088,0.05681043715757417,0.20279963314533234,-0.13646359741687775,-0.5187163352966309,0.36444759368896484,0.4454450011253357,0.8048756718635559,0.24144339561462402,-0.3460640609264374,0.9461157917976379,-0.00406938019228509,-0.2636642694089569,0.8422707806663932,-0.009370195464446505,-0.20532348292757716,1.363244348455459,0.13814260103774892,-0.24922112338962668,0.010934546024154997,-0.14498466723128325,-0.25683838887353055,0.00013101333268267235,0.14566686431165507,-0.07939108542799451,0.009865121816697218,-0.12950688627976636,-0.08755956110058649,-0.002131013332682362,0.13550394725699952,-0.19481682437337572,0.40142037229248173,-0.11897209461504021,-0.19369398883448521,0.39112938748135706,0.2965307681789281,-0.24567496392670995,0.7509801072591674,-0.26199288348850824,-0.3136168866549448,0.7276924368111831,0.21744279635153285,-0.17533103908468228,0.9018323169023027,-0.2104811277846274,-0.23549184893018626,0.8864456468857416,0.09633894464680925,-0.22631120598684062,1.0636083654904342,-0.10335765952010093,-0.24329673567329302,1.0613850873982784,0.10237142808103922,-0.20321453615440851,0.7118817021456783,-0.024347117629140217,-0.18017655285036488,0.7058027677988694
0.3,0,tairan,8,0.006163166835904121,-0.23345758020877838,0.7741714910225805,0.6335210117072813,0.18631029354711443,0.13046001294860418,-0.7395402539856913,-0.3902953863143921,-0.016664918512105942,0.12207148969173431,0.12810221314430237,-0.198630624089853,-0.01347825271848846,-0.5113027691841125,-0.08526822179555893,0.08367042988538742,0.21106205880641937,-0.17392044348899183,0.05967960961216612,0.2046491503715515,-0.13585838675498962,-0.5182746648788452,0.35608673095703125,0.43870943784713745,0.8145174980163574,0.2413371354341507,-0.3444048762321472,0.959605872631073,-0.0021070535270114234,-0.26563436772434373,0.8414117899535563,-0.005891566284967382,-0.2094234496492825,1.3626233480794472,0.13911959998459514,-0.24991748483962173,0.0099828261036673,-0.14540161945620417,-0.2555097227717232,0.00010992372227890818,0.14671013318090528,-0.08009025294730683,0.008936349353037765,-0.128240756364438,-0.08639267142778406,-0.002109923722278858,0.13684242358935397,-0.1964250893206488,0.40031765312608514,-0.11783091551785026,-0.19343414686474378,0.390967967453157,0.29684951237220686,-0.25053438923168814,0.7481896805859318,-0.2605556082221527,-0.3112856239824141,0.7260985681123715,0.21920472213317496,-0.1805380318944866,0.8999505474536051,-0.2079804693544881,-0.23639210379939937,0.8860559987363044,0.09900678007099335,-0.22981852664240926,1.0626616724008375,-0.10079458134052596,-0.24557396896923267,1.0608267568197836,0.10432228811362679,-0.2054697875989786,0.7108738643945174,-0.022237488298060413,-0.18144180939909907,0.7053366219271818
0.3333333333333333,0,tairan,9,0.006827516481280327,-0.2346678525209427,0.7738576360663134,0.631310726380446,0.18684646312584746,0.131185552334632,-0.7411649727510148,-0.39073121547698975,-0.015532487072050571,0.12643201649188995,0.12920209765434265,-0.20116966637639822,-0.012650768753971864,-0.5126281976699829,-0.0851147323846817,0.08223393559455872,0.21077750623226166,-0.17406777735264467,0.06083795645162171,0.20586098730564117,-0.13654819130897522,-0.5182048082351685,0.35217151045799255,0.4357517659664154,0.8213266134262085,0.24108490347862244,-0.3426275849342346,0.9667978882789612,-0.0015222646311640244,-0.26694609942279574,0.8410394485777163,-0.004328715220330897,-0.21178517269574368,1.3623718768473314,0.13917418154348224,-0.25031411863214337,0.009724449192162435,-0.14577075912814902,-0.2552836566308213,9.656420956662484e-05,0.14689614665716724,-0.08049278866943656,0.008681786983924137,-0.12749811576651318,-0.08628276701092706,-0.002096564209566741,0.1371948563525243,-0.19771334284778205,0.399893062206877,-0.11739603171127068,-0.19354689733854052,0.39093211927983107,0.2967716861313794,-0.25307105511947303,0.7466949556352271,-0.2599466788596134,-0.31021776641274196,0.7253274508908893,0.21985214555673938,-0.18357668996208643,0.8990546671515143,-0.20688607102726642,-0.23703871320229938,0.8859168723104001,0.10006735729634678,-0.23196857722769446,1.0622207160395107,-0.099795120690646,-0.24695750273651265,1.0606373951655543,0.1050500690240732,-0.20704336624841793,0.7104921169760386,-0.021386340232117457,-0.18232435802942373,0.70517031597418
0.36666666666666664,0,tairan,10,0.007077912800014019,-0.23598887026309967,0.7736421549671715,0.6287970043478636,0.1879218518452727,0.13165054655255376,-0.7429453805728993,-0.39141055941581726,-0.01490551047027111,0.13146525621414185,0.13129733502864838,-0.20497198920472148,-0.012206806290007588,-0.5146476626396179,-0.08574579656124115,0.08097945898771286,0.21020947396755219,-0.1737361302064806,0.061904337937574994,0.20735515654087067,-0.13800475001335144,-0.5182729959487915,0.34901824593544006,0.4330882728099823,0.829582691192627,0.24007746577262878,-0.3397938013076782,0.9737402200698853,-0.001447217566607789,-0.2683849496985388,0.8407451816458901,-0.003458373223273634,-0.21435021020436623,1.3622076404474903,0.13917303936247158,-0.2504816483344794,0.009785943729089468,-0.14641546035407305,-0.25517989366637095,8.061514390817967e-05,0.14707482465316057,-0.08066861192856171,0.00873978130272355,-0.12687556726519741,-0.08632042054828279,-0.0020806151439080253,0.13735235761993664,-0.19918208517372424,0.3996950274392283,-0.11719436659260242,-0.1936609456468392,0.3909238853127506,0.29634510691621924,-0.2552807507060437,0.7453359825103735,-0.259392267871925,-0.3094715421993907,0.7244661364001217,0.2200351233477012,-0.18666862296697673,0.8984004347488296,-0.2060934278845272,-0.2378936988975102,0.8856970583984076,0.10055985683929769,-0.23430817078001143,1.0619102599494228,-0.09936422068555206,-0.24846922475851324,1.0604915718033323,0.10544993513428526,-0.20878599419322005,0.7103156237947797,-0.020829414375813923,-0.18325217670143087,0.7050934235809346
0.39999999999999997,0,tairan,11,0.0070871347561478615,-0.23728272318840027,0.7735549921086007,0.6260801945246628,0.189354646790783,0.13175282115167905,-0.7448554234757722,-0.3925331234931946,-0.015113241039216518,0.13728968799114227,0.1345348358154297,-0.20962653110199025,-0.01168479590360505,-0.5176980495452881,-0.0872788205742836,0.07991375029087067,0.20935185253620148,-0.1721761584615984,0.063070355628569,0.2090948522090912,-0.13984821736812592,-0.5183709263801575,0.3466334640979767,0.43050652742385864,0.8390647768974304,0.23803381621837616,-0.33638834953308105,0.980416476726532,-0.0016959658028477837,-0.26978592281189784,0.8405728938871974,-0.0032220063346742075,-0.21681229966145055,1.3621568010871508,0.1389882130291496,-0.2505965607482875,0.01013703227380059,-0.14736061258889704,-0.2555765941691897,6.194446254840363e-05,0.14707127658549654,-0.08079213301506868,0.009078540073487133,-0.12641735706043733,-0.08688495494630627,-0.0020619444625484956,0.1373394990194266,-0.20087045677086876,0.39971920456219057,-0.11714929977326242,-0.19390600683486753,0.39098056355030303,0.2956985931787638,-0.2570627229734027,0.7442021635761962,-0.25884185422374,-0.30903735916468555,0.7235815380065049,0.21987902764189748,-0.18963579880149406,0.8980350845738962,-0.20552368364225562,-0.23884459207355205,0.8854138967550004,0.10060735114078266,-0.23661416600587276,1.0617837335108424,-0.09937801613328918,-0.24988571131031925,1.0604039286381826,0.10568268026903414,-0.2105633978817102,0.7103529438110641,-0.020408718158644697,-0.18411405214531296,0.7051173727687329
0.4333333333333333,0,tairan,12,0.006981035694479942,-0.23858225345611572,0.7735301725373003,0.62334149299093,0.19098205248928624,0.13171217654532508,-0.7467416831090327,-0.39438188076019287,-0.01583380252122879,0.1438562273979187,0.13884525001049042,-0.21482137840996018,-0.010941903332466474,-0.5221872329711914,-0.08978420495986938,0.07898124307394028,0.20829173922538757,-0.1691191454212777,0.0648380919697864,0.21110744774341583,-0.1413530558347702,-0.5182521939277649,0.3449215590953827,0.4281434714794159,0.849674642086029,0.235335573554039,-0.33341464400291443,0.987396776676178,-0.002095853487512957,-0.2711925549759988,0.8404568362638012,-0.003616222727952332,-0.2194161668319951,1.3621671808236344,0.13860911385688932,-0.2507722182881079,0.010638253411959415,-0.14887700590128855,-0.256732285629802,4.050856059924918e-05,0.14677906640849606,-0.08097207769930148,0.009559304235180872,-0.12647509369360507,-0.08822761596993617,-0.0020405085605992787,0.13717202982385557,-0.2027891895601579,0.3998456506455609,-0.11735896382548523,-0.19446239228442952,0.3911035532770097,0.2950403170268599,-0.25838547371878656,0.7433329573854348,-0.2584643016086334,-0.3087819517986492,0.7225864514097562,0.21951695344802113,-0.19249842505689088,0.8979766852780708,-0.20522800959772794,-0.23995389237637121,0.8850307792678289,0.10029080323859747,-0.23898710345769697,1.0618058359337343,-0.09975072867985417,-0.2513670117186978,1.060286533735916,0.10583291860106986,-0.21233852760152785,0.7105006988513547,-0.020055034445004966,-0.18494358764689303,0.7051925211805807
0.4666666666666666,0,tairan,12,0.006981035694479942,-0.23858225345611572,0.7735301725373003,0.62334149299093,0.19098205248928624,0.13171217654532508,-0.7467416831090327,-0.39438188076019287,-0.01583380252122879,0.1438562273979187,0.13884525001049042,-0.21482137840996018,-0.010941903332466474,-0.5221872329711914,-0.08978420495986938,0.07898124307394028,0.20829173922538757,-0.1691191454212777,0.0648380919697864,0.21110744774341583,-0.1413530558347702,-0.5182521939277649,0.3449215590953827,0.4281434714794159,0.849674642086029,0.235335573554039,-0.33341464400291443,0.987396776676178,-0.002095853487512957,-0.2711925549759988,0.8404568362638012,-0.003616222727952332,-0.2194161668319951,1.3621671808236344,0.13860911385688932,-0.2507722182881079,0.010638253411959415,-0.14887700590128855,-0.256732285629802,4.050856059924918e-05,0.14677906640849606,-0.08097207769930148,0.009559304235180872,-0.12647509369360507,-0.08822761596993617,-0.0020405085605992787,0.13717202982385557,-0.2027891895601579,0.3998456506455609,-0.11735896382548523,-0.19446239228442952,0.3911035532770097,0.2950403170268599,-0.25838547371878656,0.7433329573854348,-0.2584643016086334,-0.3087819517986492,0.7225864514097562,0.21951695344802113,-0.19249842505689088,0.8979766852780708,-0.20522800959772794,-0.23995389237637121,0.8850307792678289,0.10029080323859747,-0.23898710345769697,1.0618058359337343,-0.09975072867985417,-0.2513670117186978,1.060286533735916,0.10583291860106986,-0.21233852760152785,0.7105006988513547,-0.020055034445004966,-0.18494358764689303,0.7051925211805807
0.49999999999999994,0,tairan,13,0.00662369467318058,-0.23955011367797852,0.7735807250681935,0.6208903712180285,0.1925482332501975,0.1314749516231875,-0.7484214467107733,-0.3977065086364746,-0.0163385309278965,0.1510370373725891,0.1439034640789032,-0.21889485549932752,-0.01045107657970501,-0.5278530716896057,-0.09302598237991333,0.07796348631381989,0.20723307132720947,-0.16453013043278775,0.06700131019010858,0.21381956338882446,-0.14175263047218323,-0.5177688002586365,0.3436225354671478,0.4266478419303894,0.8614982962608337,0.23198862373828888,-0.3318876326084137,0.9950509667396545,-0.0027476596925478675,-0.27224261630600033,0.8404266523133798,-0.005180479169608402,-0.2216243404281437,1.362242462406251,0.13812737889255045,-0.25154949584416675,0.011138179219553734,-0.15102647318066026,-0.25856345814796067,1.749267393539103e-05,0.14617769004578468,-0.08174380299275641,0.010034020902742004,-0.12720434664223668,-0.09025313427618714,-0.0020174926739355697,0.13677174987257637,-0.20491105572793478,0.40004256100072977,-0.11797678791983231,-0.19520896499887466,0.39129429915636926,0.2945017135329019,-0.25875983226333393,0.7430630088948661,-0.2586182001161828,-0.3085357446416281,0.7214316816521619,0.21883143568041066,-0.19475016929284877,0.8984217431208498,-0.2055689636830719,-0.2410119246858007,0.8844834417058487,0.09929783561781103,-0.2409109479068131,1.0620609546133246,-0.1007839540505633,-0.25255421711279713,1.0600869674559708,0.10573897324582779,-0.21371276143290266,0.7107450575281156,-0.01995584446757507,-0.1854620596441988,0.7053115264406536
0.5333333333333333,0,tairan,14,0.006462801247835159,-0.24031385779380798,0.7736448969117763,0.6185689607181606,0.1947489995830643,0.13142959111007962,-0.7497809884080069,-0.4032074809074402,-0.01572403870522976,0.1586735099554062,0.1492263376712799,-0.2220551202995915,-0.011499393633686683,-0.5338488817214966,-0.0959501564502716,0.07632344961166382,0.20651115477085114,-0.16112606835767918,0.06803050061241844,0.21730363368988037,-0.14119574427604675,-0.5173812508583069,0.3416966497898102,0.4252879321575165,0.8740325570106506,0.22684110701084137,-0.33221861720085144,1.0029020309448242,-0.0032453235249076968,-0.273165222044044,0.8403647603730813,-0.00775697636817736,-0.22420108076976308,1.362316147948052,0.1388324474230545,-0.252659115231106,0.011713072866548737,-0.15213476282108085,-0.25959048014227415,-4.488548270519671e-06,0.14659807940473288,-0.08284032782319638,0.010584178171582938,-0.12689001516807868,-0.09148712341274853,-0.0019955114517298048,0.13699119796712148,-0.2070298189204027,0.40037215695695805,-0.11800021164581125,-0.19551193727095229,0.39144332557127426,0.2943355374996836,-0.25877687022670093,0.7434076797563401,-0.2589267598624462,-0.3088995455672716,0.7199725732479751,0.21811288917710814,-0.19687764320104548,0.89935048266974,-0.20622304072346398,-0.2425095618071614,0.8836009700787811,0.09793181110772833,-0.2428388225609984,1.0625176424606395,-0.10217263771581986,-0.25389545053549584,1.0596636209369708,0.10589182206371364,-0.21471300399458965,0.7111212501549439,-0.019622608433807854,-0.18570915715517258,0.7054823102274502
0.5666666666666667,0,tairan,16,0.008125622756779194,-0.2377905249595642,0.7727394811741858,0.6140949056868469,0.19868438674869632,0.13506275884777996,-0.7517779010081258,-0.41997620463371277,-0.006510437000542879,0.17438864707946777,0.15936774015426636,-0.2256400093160138,-0.015098407120098134,-0.550482988357544,-0.09813514351844788,0.0697467252612114,0.2073947638273239,-0.15592121855883545,0.07176711410548098,0.2206541746854782,-0.14043357968330383,-0.5168765783309937,0.3297933042049408,0.4159785211086273,0.8977325558662415,0.20907464623451233,-0.3377353847026825,1.0179356336593628,-0.0018381541047091284,-0.2713227650234903,0.8390818660193939,-0.006928552993174851,-0.22841577069157037,1.3615496272339458,0.14251109299889522,-0.2514940853814653,0.011091612800801808,-0.15412826274368785,-0.2569435605675412,-4.3942430858718434e-05,0.14906011152642212,-0.08162427409441186,0.009926464901619962,-0.12606643380567123,-0.08928653693789584,-0.0019560575691412833,0.13905122273467208,-0.20697273975941402,0.3994549199108915,-0.11729725588904324,-0.19207715651024806,0.39160874566871334,0.29387405837419617,-0.25787501397412027,0.7403730503183115,-0.25932811758146695,-0.3081360369970486,0.7184265175702521,0.21860762352961832,-0.19938675640969555,0.8980868788719057,-0.20563170557913377,-0.24347468818685533,0.8824239855759819,0.09913182506267404,-0.24421520355669185,1.0617193365068733,-0.10103187006134823,-0.2540044218216677,1.0584252114245312,0.1078314495157542,-0.2119364769028245,0.7104859263978773,-0.017424059618586535,-0.1817700525333809,0.7052024236895643
0.6,0,tairan,17,0.009100907482206821,-0.234919935464859,0.7720748093348777,0.6130202597395749,0.2002570437664702,0.1380275376499043,-0.7516991927766336,-0.43188536167144775,0.0015563371125608683,0.18284673988819122,0.1642930507659912,-0.22411718752536336,-0.018183868781787016,-0.5617747902870178,-0.09719672799110413,0.06455300748348236,0.2098362296819687,-0.15301228500853603,0.07274086963190918,0.21991975605487823,-0.139081209897995,-0.516487717628479,0.3200628161430359,0.4110125005245209,0.9098888635635376,0.19946901500225067,-0.34138235449790955,1.026322603225708,-0.000786999692653027,-0.2688974575073761,0.8382016366257105,-0.0054940486221780535,-0.2298487697604447,1.3609629990254577,0.14512511572591003,-0.250708883297312,0.010172126725019309,-0.1548182455289856,-0.25536728169164324,-5.560429465533562e-05,0.15028740431328133,-0.08079135792924363,0.008995118087601235,-0.12568609918752452,-0.08789265520587788,-0.0019443957053446453,0.14023835690539732,-0.2056373249688806,0.39863032187665143,-0.11704348638719347,-0.189861667441468,0.3917260687795088,0.2937308919065902,-0.2567543684952208,0.7382341022987138,-0.2596602819748636,-0.30646140241818876,0.7178198338724515,0.2191896488184989,-0.19971576736004593,0.8968208774837606,-0.2051496043995633,-0.24288853130787447,0.8819741524060835,0.10033337632507723,-0.2436448598782077,1.0609515773492395,-0.0998518071950126,-0.2530069539450442,1.0577222749924333,0.10879290359474078,-0.20842602464782,0.7098652125024777,-0.016449108680542876,-0.17814431504423103,0.7049430824887869
0.6333333333333333,0,tairan,18,0.010365705005824566,-0.23101451992988586,0.7711816471724867,0.6129283360308687,0.2015745247779978,0.14184637461365296,-0.7507104447521148,-0.4460035264492035,0.012056735344231129,0.19178110361099243,0.16950571537017822,-0.22098077195309318,-0.022243918792501205,-0.574839174747467,-0.09567810595035553,0.058196697384119034,0.21441641449928284,-0.15111819166310236,0.07381267991222273,0.21755090355873108,-0.1368158608675003,-0.5162111520767212,0.3102433979511261,0.40646615624427795,0.9231271743774414,0.19262753427028656,-0.34572213888168335,1.036693811416626,0.0007083391884001606,-0.2655199638845481,0.8370687447179098,-0.0033188536557705608,-0.23084236422633386,1.360128394805509,0.1486143408686636,-0.2494648041984186,0.008840713970492273,-0.15542232440172452,-0.25322124038917115,-5.9069528419653655e-05,0.1517391826802079,-0.07949767649473485,0.007652916086803522,-0.1255432513659733,-0.08587818079626525,-0.0019409304715802822,0.14177966537994668,-0.20333217035505094,0.3975030741362154,-0.11685010370051095,-0.1873248782703353,0.39179007632134843,0.29402969121124445,-0.25407353799417537,0.7356416845841093,-0.2599789150898706,-0.30265725555381034,0.7169608604208288,0.22020039414921047,-0.19890861732126883,0.8952212278427799,-0.20438429622466753,-0.2410888943540355,0.8815152266849149,0.10207445292012447,-0.24222099035349712,1.0598628341660181,-0.09812319565890527,-0.2513828075532111,1.0568383492468423,0.10992533811951663,-0.20347576398569814,0.7089662034141941,-0.015399171086083133,-0.17346524391722615,0.704523558706564
0.6666666666666666,0,tairan,19,0.01205732487142086,-0.2266865074634552,0.7699347595398004,0.6134579964439827,0.20252952448714756,0.14654933056678712,-0.7491157267207591,-0.4614744186401367,0.025009607896208763,0.20121100544929504,0.17551136016845703,-0.21754365791677643,-0.026996655574976547,-0.5896322727203369,-0.09406477212905884,0.050735071301460266,0.22202102839946747,-0.1511287276134523,0.07582432193535693,0.2139819860458374,-0.13275282084941864,-0.5159944891929626,0.3046266734600067,0.40290674567222595,0.9390292167663574,0.1932990849018097,-0.35185790061950684,1.0513211488723755,0.002784895890087182,-0.26179037215054785,0.8355605223530158,-0.0005427272208124601,-0.2319917351930581,1.3589022713179815,0.1529620993903286,-0.24780851720416458,0.007040168727862447,-0.15631810934021187,-0.2506556028989926,-5.124764057310577e-05,0.15352467537766462,-0.07781369804605232,0.0058381006519424294,-0.1258660116616839,-0.08341604650511988,-0.0019487523594268717,0.14376101309336375,-0.2005702175749581,0.39591218950394824,-0.1168059973283577,-0.18498949904604095,0.3917375463930173,0.295080142118876,-0.24884018911070066,0.7325551640563353,-0.26068353047446935,-0.2949471434303558,0.7154535566371119,0.2217803627521092,-0.19693975729013027,0.8934683447650321,-0.20343462131846873,-0.23757309969625245,0.8809538457915823,0.10436191064018385,-0.24063423710680484,1.0583744802143729,-0.09584610957433054,-0.24964323355345375,1.0555867347437695,0.111352456626406,-0.19780717977606607,0.7076246627291913,-0.014118941758800723,-0.16832809148245312,0.7038294043129516
0.7,0,tairan,20,0.014040335081517696,-0.22227488458156586,0.7683389149756866,0.6147235032487179,0.2030471750886922,0.1519322048884496,-0.7468624132729266,-0.4775005877017975,0.04071509838104248,0.21105587482452393,0.1830756664276123,-0.21488208222539673,-0.03309786770430345,-0.6061760187149048,-0.0924912542104721,0.042146727442741394,0.2337481826543808,-0.15378585097418318,0.07855997901068923,0.20934632420539856,-0.12632115185260773,-0.5158010125160217,0.30708226561546326,0.4006410837173462,0.9591926336288452,0.20514121651649475,-0.3591262400150299,1.0714614391326904,0.005302534189068489,-0.258018433180387,0.833692182446622,0.00229320030176556,-0.23339586895153913,1.3572711718622914,0.15850108283058617,-0.2456354188330994,0.004895179768346469,-0.1574480173181344,-0.2480509752331118,-2.704780185807179e-05,0.15593615210654127,-0.07565918938123248,0.003669393609523605,-0.12661819723979442,-0.08088119432155558,-0.0019729521981420063,0.1462689628856508,-0.19764181539082903,0.3938913408899388,-0.11699422022211725,-0.18344438478725042,0.39153721483907133,0.29685213617448636,-0.23967527105799277,0.7292072629640035,-0.26172324610251413,-0.2820626795795002,0.7131107933240629,0.2237020167412801,-0.19335615985743185,0.8918822892239242,-0.2023852739469366,-0.23192200846765806,0.8802169941817393,0.10687184953942994,-0.23910441654648568,1.0565597691558561,-0.09334251558500957,-0.24801012230059472,1.0538986974095754,0.11293349459496373,-0.19178836116391412,0.7058566470649915,-0.01274425658911477,-0.16310806590148272,0.702836908585489
0.7333333333333333,0,tairan,21,0.01633652299642563,-0.21805863082408905,0.7664298212828855,0.6176808443238522,0.2028481764475917,0.1579560905509047,-0.7432179124086921,-0.4939030706882477,0.05887550860643387,0.2214004397392273,0.1934622824192047,-0.2139652996110435,-0.040490007746808665,-0.6245094537734985,-0.0903768241405487,0.032204803079366684,0.251019150018692,-0.16002200862961202,0.08097328233067635,0.20324905216693878,-0.11692234128713608,-0.5156746506690979,0.3181039094924927,0.3998893201351166,0.9841011762619019,0.22825060784816742,-0.3653823137283325,1.0965485572814941,0.008357430967768911,-0.25446231513946665,0.8315151948983497,0.0049522452903682235,-0.2350258189752994,1.3552655764996286,0.16532467957747946,-0.2426834120973855,0.0025422603633321952,-0.15802201470930657,-0.24623296197612793,2.0990320906542903e-05,0.15863555812905972,-0.0728198106458586,0.0012723957386024491,-0.1273991683950785,-0.07902628866829131,-0.0020209903209064614,0.14932164927370542,-0.19468903753280936,0.3914990480009365,-0.11720554002363553,-0.18362902786684876,0.39116531852155956,0.29944722399756935,-0.22608324795728546,0.7260739383579117,-0.26214479271816227,-0.26475543434923343,0.7101127383676386,0.22591732201436243,-0.18792640902167634,0.8906855216713288,-0.20085407535758038,-0.22471091809968569,0.8792264542156829,0.1095303182148761,-0.23758973056941757,1.054510722622881,-0.09066960225257986,-0.24678955845345077,1.0517648326526763,0.11461553889830156,-0.18550331888492816,0.7037080174984379,-0.011385331019651068,-0.15819067464811512,0.7015429351961362
0.7666666666666666,0,tairan,22,0.018718864768743515,-0.21384592354297638,0.7643471333959833,0.6214401829770813,0.20186325074933692,0.16355215077149407,-0.7391305845088137,-0.5113551616668701,0.07904846221208572,0.23234958946704865,0.20830732583999634,-0.21429542177814298,-0.04899695959055439,-0.6447783708572388,-0.08736447244882584,0.020793521776795387,0.2754029929637909,-0.1699140171689988,0.08169602501868978,0.19564741849899292,-0.10406310856342316,-0.514867901802063,0.33642569184303284,0.4003772437572479,1.0135568380355835,0.25945255160331726,-0.3700229823589325,1.1248599290847778,0.011584051166422391,-0.25079577338489006,0.8292224216922226,0.00665091356126085,-0.2361099532590743,1.3530510694747386,0.1731709081310237,-0.24012450631551968,0.0001448257578239645,-0.15751638497171785,-0.24536340313498556,0.00010198526181383338,0.16181953888701173,-0.07050927397463244,-0.0012040160538587044,-0.12718667515458038,-0.07810536531216752,-0.0021019852618138664,0.15288001224726927,-0.19272014893642292,0.388925552445702,-0.11719584228728464,-0.18571765072637905,0.3906411645193208,0.3024878330629867,-0.20925564041121955,0.7239286797711783,-0.2618675921591028,-0.24339442477081727,0.707005344378167,0.2281587818769385,-0.18125521317494842,0.8902137735966209,-0.19905101259311872,-0.21555637098328442,0.8779985731830555,0.11180975397933669,-0.23591264684883176,1.0524879172724166,-0.08838086271229374,-0.24516254833284867,1.0492721419132414,0.1162841719904793,-0.17913529649907073,0.7013233944226757,-0.010064002927979834,-0.1534124279398433,0.699973007890623
0.7999999999999999,0,tairan,23,0.022370310500264168,-0.20907092094421387,0.764171074209328,0.6264245234599598,0.19956839503294183,0.16888409050975872,-0.7343316254149957,-0.5308688879013062,0.1003306433558464,0.2441146820783615,0.22962813079357147,-0.21678727315448443,-0.056457423111666794,-0.6681584715843201,-0.08331092447042465,0.008073022589087486,0.3077906668186188,-0.18268771866626654,0.08108429179260224,0.18701905012130737,-0.08734507858753204,-0.5103346109390259,0.36115485429763794,0.4023459553718567,1.0480785369873047,0.2955206036567688,-0.3741677403450012,1.1552541255950928,0.016256873301995496,-0.24642564076125545,0.8289186671608281,0.008777012051075258,-0.23742136028234692,1.3527220384095073,0.18195637455094266,-0.23743557604883725,-0.0002575956007526588,-0.15510992889576802,-0.24590587284657547,0.002486160495863258,0.1651576837859812,-0.06827411669294522,-0.0017424043992473083,-0.12538983434692322,-0.07854172411595113,4.532054183946366e-05,0.15762765946654733,-0.19150525095408363,0.3881715779419031,-0.11602837175750862,-0.18986073046610324,0.39223743094232894,0.307151647697523,-0.18821493028308575,0.7253235015344154,-0.25982301305217076,-0.2189871573331581,0.706589192635086,0.23163746360267418,-0.17284685266965283,0.8927182278406073,-0.19590947655895577,-0.20501241768312095,0.8788660938981755,0.11501192898891663,-0.23394430098649913,1.052557614149148,-0.08515991848303035,-0.24327972653827457,1.0485244752431795,0.11902591231609659,-0.17201231150199814,0.7006884204296653,-0.007714288954593362,-0.14824940731494163,0.7001896625691937
0.8333333333333333,0,tairan,24,0.026338400319218636,-0.2029407024383545,0.76463492340296,0.6297715586770117,0.1959699074872831,0.17249244307766148,-0.7315941062652518,-0.5560717582702637,0.12023419886827469,0.25747835636138916,0.2598438262939453,-0.21933962276588925,-0.05844007573603882,-0.6920006275177002,-0.07768269628286362,-0.005609848536550999,0.3506249487400055,-0.20174028950027356,0.07854207494464571,0.17921747267246246,-0.06824300438165665,-0.49854740500450134,0.39260387420654297,0.40606406331062317,1.088820457458496,0.332784503698349,-0.37818339467048645,1.1862995624542236,0.021127461131315882,-0.24038231176179964,0.8294112462690388,0.010533636508650964,-0.23869485056033157,1.353015008534709,0.18822564950274268,-0.23790306545994028,-0.0001439739968591494,-0.1513796498923839,-0.24467895777566226,0.006067344240368307,0.1664650039179599,-0.0693102329264626,-0.0018560260031408315,-0.12133021192698705,-0.07737886986088979,0.0032903203526170946,0.1619390899005071,-0.1931453927450703,0.38799818964312055,-0.11430352059837325,-0.19421726095891678,0.3946107082683722,0.3125388923370851,-0.16336320521727332,0.7296189463662882,-0.257012687948661,-0.19058383246291288,0.7082294858637811,0.23565425036166837,-0.16313890851991603,0.8970951110091164,-0.19236442405268922,-0.19175065577752626,0.8807948494300466,0.11816403012005681,-0.23164254288935962,1.0534109490874817,-0.08203061474104471,-0.23992541720344218,1.0483431031905994,0.12218899836293477,-0.16417632585150196,0.7004274469464159,-0.004811501208741773,-0.14184940843109803,0.7008188857824108
0.8666666666666666,0,tairan,24,0.026338400319218636,-0.2029407024383545,0.76463492340296,0.6297715586770117,0.1959699074872831,0.17249244307766148,-0.7315941062652518,-0.5560717582702637,0.12023419886827469,0.25747835636138916,0.2598438262939453,-0.21933962276588925,-0.05844007573603882,-0.6920006275177002,-0.07768269628286362,-0.005609848536550999,0.3506249487400055,-0.20174028950027356,0.07854207494464571,0.17921747267246246,-0.06824300438165665,-0.49854740500450134,0.39260387420654297,0.40606406331062317,1.088820457458496,0.332784503698349,-0.37818339467048645,1.1862995624542236,0.021127461131315882,-0.24038231176179964,0.8294112462690388,0.010533636508650964,-0.23869485056033157,1.353015008534709,0.18822564950274268,-0.23790306545994028,-0.0001439739968591494,-0.1513796498923839,-0.24467895777566226,0.006067344240368307,0.1664650039179599,-0.0693102329264626,-0.0018560260031408315,-0.12133021192698705,-0.07737886986088979,0.0032903203526170946,0.1619390899005071,-0.1931453927450703,0.38799818964312055,-0.11430352059837325,-0.19421726095891678,0.3946107082683722,0.3125388923370851,-0.16336320521727332,0.7296189463662882,-0.257012687948661,-0.19058383246291288,0.7082294858637811,0.23565425036166837,-0.16313890851991603,0.8970951110091164,-0.19236442405268922,-0.19175065577752626,0.8807948494300466,0.11816403012005681,-0.23164254288935962,1.0534109490874817,-0.08203061474104471,-0.23992541720344218,1.0483431031905994,0.12218899836293477,-0.16417632585150196,0.7004274469464159,-0.004811501208741773,-0.14184940843109803,0.7008188857824108
0.8999999999999999,0,tairan,25,0.03131011128425598,-0.19667908549308777,0.7637684945508804,0.6326968566636917,0.1935167917555571,0.17692287421513014,-0.7286592039190732,-0.5846238136291504,0.14005103707313538,0.27120569348335266,0.3040386140346527,-0.23622411117908526,-0.059468115745533345,-0.7141059041023254,-0.07184232771396637,-0.01876232586801052,0.40713202953338623,-0.2400401735069222,0.075781177572523,0.17045629024505615,-0.04968896880745888,-0.47839874029159546,0.42760202288627625,0.4096297025680542,1.1346116065979004,0.36928513646125793,-0.381227046251297,1.2173080444335938,0.026949724528592168,-0.2343821774734959,0.8284559267340944,0.01357262382890409,-0.24594500343323136,1.351552556484842,0.19468646716621163,-0.23419730082663548,3.3500374264930355e-05,-0.1447760424358077,-0.23626877008767455,0.009694879955766834,0.167889090671134,-0.06633536910628784,-0.002033500374265189,-0.11456296068761061,-0.06900637763873685,0.006460415002439022,0.16766228569656627,-0.19517782027926553,0.3867969546563761,-0.11120888510665379,-0.1974814435474726,0.3954961034059451,0.31854015955351667,-0.13582259931012938,0.7352219398757309,-0.2524491100696332,-0.1612443795300379,0.7107587835734368,0.2406023781993572,-0.15408226057653598,0.9012094430565291,-0.18748047186737293,-0.17935853643511268,0.8822537326941916,0.12242654735999511,-0.23208329666574018,1.0526289784133398,-0.07779006838361288,-0.23908730881504975,1.0465927963427955,0.1263901211289133,-0.1559904468046529,0.6989919651393857,-0.000856874887107447,-0.13517575037500312,0.7002786310179592
0.9333333333333332,0,tairan,26,0.03343111649155617,-0.1864435225725174,0.7597759223989686,0.6340218387235502,0.19315915123932798,0.17861780190348897,-0.7271874113028064,-0.6055005192756653,0.16195006668567657,0.2823866009712219,0.37011197209358215,-0.2806905531800403,-0.07040898705039944,-0.7447319030761719,-0.06885937601327896,-0.028994526714086533,0.4708218574523926,-0.277397485250211,0.07026600080458234,0.15818388760089874,-0.03276076912879944,-0.44627347588539124,0.461091011762619,0.4122813940048218,1.1837314367294312,0.40315666794776917,-0.38145533204078674,1.2478108406066895,0.02934881909642138,-0.2242968831545926,0.8243937058693189,0.011947678585291952,-0.25472510291261596,1.346158525064175,0.2025239088973157,-0.21746521351420006,0.00029399197521309123,-0.1394526864163124,-0.22666059488578125,0.010495009706016536,0.17203737735386393,-0.05024119091719855,-0.00229399197521319,-0.10834079631404324,-0.05957430310143364,0.006723883611573566,0.17398438484226925,-0.1933229815552994,0.38296564833599117,-0.11012999159841078,-0.1989121718298938,0.393250075500117,0.32176957816099255,-0.10619645965264114,0.7416046777900422,-0.24885172058908392,-0.12597571627635484,0.7119262907537174,0.24252378713215023,-0.14416753599965515,0.9035857451078939,-0.18500910140093754,-0.16265433555255146,0.8808593043045249,0.12281651530430691,-0.23174782399346622,1.0485400195781516,-0.07743460935858608,-0.23582487113156075,1.041120473912798,0.12828656349707343,-0.14467283505163997,0.6948951223709333,0.0009766356952784355,-0.12421535407430945,0.696313315819467
0.9666666666666666,0,tairan,27,0.03863077983260155,-0.1743064522743225,0.7563413346724696,0.6385169950458183,0.18719159805476399,0.17960639624902158,-0.7245666947091908,-0.6347062587738037,0.1857365071773529,0.291575163602829,0.4446362853050232,-0.31796177959445915,-0.0725700062834711,-0.7818572521209717,-0.06741807609796524,-0.03587421029806137,0.543702244758606,-0.30820899120455114,0.07063943089328895,0.14519207179546356,-0.015502382069826126,-0.39630141854286194,0.49611976742744446,0.4112427830696106,1.2372360229492188,0.4375734329223633,-0.3798713684082031,1.28040611743927,0.03548812067421086,-0.21175572670930282,0.821246461879091,0.01706787036979497,-0.26590242426651917,1.340400260354568,0.2090907598924882,-0.20679786811526749,0.0006056102326031029,-0.1358579448193143,-0.22396449350913678,0.013596831433652565,0.173529529187161,-0.04058990520781128,-0.0026056102326031116,-0.10549909438877021,-0.05675453727659672,0.009218391386344248,0.18200099303742728,-0.19445549688864874,0.37953667030804233,-0.10859069010635977,-0.20491566058871677,0.3934003846776832,0.3259010397680565,-0.07105771913441003,0.750942573765234,-0.24167077812273602,-0.0898794405232016,0.7187632379085229,0.24732191400546127,-0.1312342230058179,0.9063892642426089,-0.17849385899159315,-0.14616160930162783,0.8824719993443786,0.12817624959559987,-0.2304205519648917,1.0441021099832304,-0.07209176584042415,-0.23304086816907105,1.0364836563142397,0.1325725437646365,-0.13109944051156372,0.6904087045194286,0.005050273836694499,-0.11203218283080303,0.6924728155931822
0.9999999999999999,0,tairan,28,0.042100030928850174,-0.15986129641532898,0.7519797677956495,0.643833409704823,0.17920086108289984,0.17661814598113326,-0.7226144355361274,-0.673170804977417,0.20931251347064972,0.29768019914627075,0.5275216102600098,-0.34671269177081343,-0.07081897742834664,-0.822557806968689,-0.06513430178165436,-0.038890402764081955,0.6243431568145752,-0.33571211546284396,0.06736140202823915,0.13250479102134705,-0.00035172185744158924,-0.3301571011543274,0.530363917350769,0.4067835509777069,1.292687177658081,0.4719958007335663,-0.374279260635376,1.3154739141464233,0.03973296103841561,-0.19631164490682462,0.8174837300802495,0.019894145866049723,-0.2779157976472287,1.332203594090088,0.2140457812857139,-0.20338336894255798,0.0009656913712722745,-0.1320036318038464,-0.22492265529961886,0.01665812546417979,0.17359802221383783,-0.0383121024671502,-0.0029656913712721895,-0.10292395122607328,-0.05750515117577709,0.011583532826528298,0.18951907649903407,-0.19934621278288167,0.37681807658670236,-0.10767508346430084,-0.21295596966082989,0.3936805536502582,0.3265745678476489,-0.03378648203916783,0.763715165648945,-0.23456325157705984,-0.051556946880214484,0.728002326476908,0.2495217426276634,-0.11652402000754772,0.9092381059048282,-0.1731635879996272,-0.12821515954160412,0.8839291168251588,0.1315093578169727,-0.22777422826260607,1.0382231583626615,-0.06875779372159938,-0.22920207258630154,1.0302724241063876,0.13528425323567303,-0.11564332018633808,0.6847441484926348,0.0075531988037468405,-0.09804289534211788,0.6870170042333866
1.0333333333333332,0,tairan,29,0.04456552863121033,-0.1440647840499878,0.7455091423521807,0.6490947364511676,0.169374050857401,0.17091851784960785,-0.7216476385769146,-0.7155207395553589,0.234188973903656,0.2976076900959015,0.6214700937271118,-0.3773142538754528,-0.0682256230867696,-0.8648590445518494,-0.06284123659133911,-0.036636240780353546,0.7124689221382141,-0.36339802768744733,0.06509115857978909,0.12006131559610367,0.009376294910907745,-0.25268927216529846,0.5611444711685181,0.4004262387752533,1.3474723100662231,0.5050710439682007,-0.36415502429008484,1.3523364067077637,0.04287261760032518,-0.17905719650471585,0.8118240360250178,0.02370370340416139,-0.29031694492715243,1.3201771159091615,0.21851433918599442,-0.20246714906197125,0.0013806470554385934,-0.12933557794760384,-0.22717716044561248,0.01945517343267921,0.17403183338348854,-0.03845911036898598,-0.0033806470554384876,-0.1020370952360063,-0.05948490095037195,0.013615743064441244,0.19737159396454082,-0.2066708592987344,0.37374841941219067,-0.10750006346219967,-0.22218052708407854,0.3934634049767513,0.3250358555760359,0.0024749072828104575,0.776627608697673,-0.22692247867921522,-0.013383045593204052,0.7392782838607987,0.25077108477052584,-0.10136652051785658,0.9095233042400497,-0.16775442242762936,-0.11001960232621946,0.8846057803174706,0.134747047189489,-0.22418412750960404,1.0291574338065919,-0.06554102041403286,-0.22472217528564012,1.0216351083524675,0.1370783447088769,-0.09938634392134081,0.6766359545032281,0.009175434260346338,-0.08309090531043385,0.6789722368829245
1.0666666666666667,0,tairan,30,0.04477660730481148,-0.13007298111915588,0.735878405919541,0.6548270055946478,0.1605000710095659,0.16315506152685294,-0.7202928195172018,-0.7622206211090088,0.2584833800792694,0.291212797164917,0.7232257723808289,-0.41011688905513655,-0.06882885161250774,-0.9060391783714294,-0.058953363448381424,-0.0295716542750597,0.8065555691719055,-0.39781618516943285,0.06028514418700892,0.10842041671276093,0.012146086432039738,-0.16874073445796967,0.5862972736358643,0.39481452107429504,1.3995559215545654,0.5352585911750793,-0.35027799010276794,1.3900905847549438,0.04346130106086872,-0.16346586114654615,0.8030214288851549,0.02615387199558467,-0.3064146247942442,1.3027084061815963,0.22346350938370949,-0.20423542728699345,0.0018265657700713596,-0.12562571183371077,-0.2296249252660005,0.020629117786840217,0.1755995751979004,-0.041210625774934076,-0.0038265657700713544,-0.10099285919840437,-0.06155138599082923,0.013957688662228511,0.20527803697039984,-0.2171940339147237,0.37014722489603186,-0.10730089108204233,-0.23339709241942644,0.39067067784589826,0.3206702876895509,0.033578546774740835,0.7884577153359367,-0.22069170353083448,0.019444976714454245,0.7503145115943568,0.24979030989848702,-0.08904463203546428,0.9063523673392693,-0.16415421227519375,-0.09584036024243495,0.8824975943599775,0.1360874996702664,-0.22274394805564302,1.0158104374364711,-0.06422387397334141,-0.2232170533412594,1.0089318721500442,0.13689750444874396,-0.08499309347586737,0.6655838378942833,0.00881287090585986,-0.07016447802469579,0.6674772802634281
1.1,0,tairan,32,0.0396244041621685,-0.10259521007537842,0.7093328188452751,0.6639370648049233,0.14421321966082332,0.14554642570009868,-0.7191706050856138,-0.8668651580810547,0.29586416482925415,0.26190727949142456,0.932386040687561,-0.47493165008497984,-0.06608833864447328,-0.9873091578483582,-0.039348896592855453,-0.00594706553965807,0.9988486170768738,-0.47225608033040567,0.047813784936070025,0.09070024639368057,0.0026693257968872786,0.013881657272577286,0.6064008474349976,0.39282259345054626,1.4905942678451538,0.5726960301399231,-0.31046533584594727,1.4619404077529907,0.038562367896271384,-0.13265839199634788,0.7780356366314228,0.029770991276260463,-0.3439204623082476,1.2519667323986843,0.2258387313969942,-0.2116209547674317,0.0027577077883432256,-0.11916051172233286,-0.231292458022981,0.02045098723770298,0.17459624320990524,-0.0497020678730803,-0.004757707788343182,-0.10133409529108374,-0.06243811509388989,0.012058743723325875,0.21499975321569675,-0.24040709445496133,0.3624443824480936,-0.10770695644704173,-0.25407081892148337,0.38091128117246503,0.3103459230329292,0.07833350321397418,0.8027659117927801,-0.21038298867459126,0.07056328615386351,0.7683343655465209,0.2453779522342241,-0.07152577998636653,0.8880942319048436,-0.16018445139791404,-0.07486249398465372,0.8697789983791839,0.1350504597218762,-0.22194885100299577,0.9773109684520686,-0.0653319700761564,-0.22313732059141514,0.9731092701913727,0.13149175485666897,-0.05731418600895973,0.6361174018140141,0.0031539924638905245,-0.04490273167525412,0.6369368705941464
1.1333333333333335,0,tairan,33,0.034685149788856506,-0.08950003981590271,0.6931679266609404,0.6670118829141383,0.13814203448170245,0.1370583286750575,-0.7191849142615493,-0.9210118651390076,0.30784058570861816,0.23932570219039917,1.033383846282959,-0.5072051171353862,-0.06741732952551394,-1.0296077728271484,-0.02497490495443344,0.00908572692424059,1.0928949117660522,-0.5090052136898793,0.04193919000177804,0.08607523143291473,-0.0075535583309829235,0.10888094455003738,0.5898937582969666,0.3960742950439453,1.5247606039047241,0.570755660533905,-0.2873290777206421,1.492071270942688,0.03349562978695287,-0.1181069389488376,0.7624876955884488,0.030277229631905694,-0.36539024770481465,1.2184347706830423,0.22453340791159873,-0.21418106124301223,0.0032012513105847892,-0.11739059437972235,-0.23059132071824223,0.019349877543104185,0.17347362596067303,-0.05224806084832694,-0.00520125131058486,-0.10338557034990757,-0.06142123669026142,0.010111805672295887,0.21644966576059171,-0.2508141657842058,0.35818724612577224,-0.10841505488603474,-0.2627480669238532,0.3745588351213719,0.3059638390510538,0.08983774355109143,0.7997671726381644,-0.20734731980280663,0.08630783866822823,0.7706373321984836,0.24244946370912424,-0.06765338930952286,0.8713355413451076,-0.1602846619238786,-0.06935462232701216,0.8573199064244742,0.13257946318959166,-0.22295397479474324,0.9526476561001747,-0.06782403838769901,-0.22490887189846573,0.9500400071830978,0.12671617151641443,-0.044249255997559786,0.6186705650738438,-0.0016915418694886213,-0.03262868405159562,0.6188321058095737
1.166666666666667,0,tairan,34,0.02914310432970524,-0.07827156782150269,0.6758562376120849,0.6688590769291388,0.1340996522460785,0.12950398996298806,-0.7196343064783998,-0.9740613698959351,0.31403598189353943,0.21194538474082947,1.1297731399536133,-0.5410063656117527,-0.07286898007752973,-1.0752239227294922,-0.009543919004499912,0.0260856281965971,1.183887004852295,-0.5431708826563915,0.03871721690654484,0.08672716468572617,-0.01812579482793808,0.20253872871398926,0.5483953952789307,0.40093377232551575,1.5477286577224731,0.5476269721984863,-0.26447969675064087,1.515289306640625,0.02766068567103274,-0.10570496036465735,0.745643137589757,0.02936791528515547,-0.38878875479623004,1.1802085456611557,0.2223416754364943,-0.21561884005374882,0.003612057087528396,-0.11718315293553486,-0.23056619558103741,0.018091282492903007,0.17291006360442965,-0.053226009333394615,-0.005612057087528488,-0.1069370335391955,-0.06117341696141301,0.008036254455207906,0.21577799149647253,-0.2608293312501883,0.35333711478047286,-0.10936417504258214,-0.27138458360966117,0.36810640553413304,0.30285264604089657,0.09317998181159087,0.7865114611545575,-0.20643970111237775,0.09342876860874998,0.7638317426471863,0.2394212368224244,-0.06818100962971259,0.8489506393186433,-0.16187697790010291,-0.06881175300658185,0.8390098049397152,0.12907228007816895,-0.2257466132180506,0.9255068989831011,-0.07132723069912619,-0.22886561338994174,0.9239280328872843,0.12154770895566767,-0.03307050814260487,0.6003140808056284,-0.0068875592496145145,-0.021817889714340965,0.5996876732487997
1.2000000000000004,0,tairan,35,0.023395298048853874,-0.06941944360733032,0.6581200618467373,0.6708597214108987,0.13247775820081026,0.12294996303621454,-0.7192219298380526,-1.0231879949569702,0.31156593561172485,0.18309380114078522,1.2200576066970825,-0.5779120830822908,-0.08164360777632151,-1.1242128610610962,0.006849249824881554,0.04492458701133728,1.2700755596160889,-0.5734750359798126,0.03715172627197649,0.0930555984377861,-0.025398703292012215,0.2913897931575775,0.4735356867313385,0.4081098735332489,1.5554708242416382,0.4945070147514343,-0.2441861778497696,1.5279052257537842,0.0214754884042763,-0.09601478885455424,0.7282200043724595,0.026646184422036756,-0.41300788844748915,1.1388360130390092,0.21915993831261987,-0.21493397115571589,0.00398204823092831,-0.11700468943510302,-0.2324080896823355,0.016777448154505162,0.1722558461435577,-0.05183669061586474,-0.005982048230928367,-0.1109747418193988,-0.06286083084283965,0.0059438544864340095,0.21333335942141174,-0.26983414360443536,0.34757455057659126,-0.1092463335438222,-0.2807138368083671,0.36196169271602363,0.3011169321659402,0.0884932849125981,0.7602166355138124,-0.20928023578115795,0.09040519644076259,0.742675003753849,0.23631552948113058,-0.07299252333549393,0.8209016925600878,-0.16559976510898722,-0.07430117898398444,0.8128418804156189,0.12454782303937453,-0.2298564237295544,0.8974495195531363,-0.0758025624569707,-0.2351240828928824,0.8954099856836297,0.11630861420677799,-0.023946658676879146,0.581963836895567,-0.012147384382022876,-0.013057665605458593,0.5802029241010165
1.2333333333333338,0,tairan,36,0.017520589753985405,-0.06315355002880096,0.6417209385764052,0.6712218817990311,0.13372875950820287,0.11696904628604583,-0.719649947186476,-1.0694631338119507,0.29566723108291626,0.16123895347118378,1.2971179485321045,-0.6101966724206411,-0.08268284689784411,-1.17140531539917,0.026390550658106804,0.06274116784334183,1.3456089496612549,-0.5987934151102934,0.03242614692634449,0.10531951487064362,-0.027459366247057915,0.37140530347824097,0.3528183102607727,0.41794902086257935,1.5421125888824463,0.3996693789958954,-0.23150987923145294,1.5249617099761963,0.014861733050430379,-0.08924431566729367,0.7119861677401047,0.020162932196779587,-0.4364746822789984,1.0977169793064514,0.21080002104231435,-0.21685182577887596,0.004316394424890523,-0.1155205853797522,-0.2346935569552506,0.015474051317893433,0.167958437694645,-0.0526825761078712,-0.00631639442489048,-0.11326419744826384,-0.06510020290083461,0.0039413597813901455,0.2063794477539185,-0.27953534998681057,0.3424079494936741,-0.10827355322293072,-0.28906630176719394,0.35650498377255224,0.30221457681139635,0.07177573189851831,0.7176955153356264,-0.21629864053991749,0.07660480001428946,0.7027845746909125,0.23335140550895894,-0.084234415462072,0.7875400696177332,-0.1720069059670971,-0.08560853550604511,0.7781811278751681,0.118105754939761,-0.23524823552799512,0.8711960096131524,-0.08214056616483839,-0.24259400377244272,0.8667648164360814,0.11133718672316528,-0.01751310986385432,0.5654222437987805,-0.017076951957123398,-0.006454460537564953,0.5622213087210205
1.2666666666666673,0,tairan,37,0.011229602620005608,-0.05921870097517967,0.6297187955606899,0.6690052837143725,0.13847215470490326,0.11405668654699957,-0.721282513989874,-1.1202421188354492,0.2716764211654663,0.1457182615995407,1.344459056854248,-0.617352371104495,-0.0743894787032211,-1.2140989303588867,0.050092436373233795,0.07798931747674942,1.3986601829528809,-0.6136247117251528,0.02487206196971048,0.1220480278134346,-0.02408481203019619,0.4383006989955902,0.17377609014511108,0.42935484647750854,1.501786231994629,0.25235989689826965,-0.23198190331459045,1.5018317699432373,0.007693649931968005,-0.08545455548841005,0.699891275754485,0.01029759723453913,-0.45950019146343074,1.0601671958112622,0.19848804426559255,-0.2260789084826418,0.00454663833721761,-0.11392097111042829,-0.2363365090269472,0.01479430818083649,0.16110480380762898,-0.06061159284149617,-0.006546638337217758,-0.11486458040896486,-0.06676555414822724,0.0027609851563834137,0.19441823188536242,-0.2892755766202728,0.34163382274751986,-0.10763809009673359,-0.29402841747499747,0.3533825490173631,0.30604929659476676,0.03571615958873986,0.6587089320278261,-0.22638838894400828,0.04825938510734606,0.6445203702974291,0.23052544719420778,-0.10517934958978285,0.7503831806978568,-0.18062973297289422,-0.10423820063005433,0.7373115118581921,0.10980390132817062,-0.24233911595701363,0.8496055852546082,-0.09026554807080893,-0.25111861243051903,0.8414006624115306,0.10620937709240828,-0.013145793395587177,0.5536006655695852,-0.02210252530431143,-0.0013676921827948073,0.5492331835913125
1.3000000000000007,0,tairan,38,0.004178945906460285,-0.05589907988905907,0.6235381423494593,0.6665612672843078,0.15073168785734833,0.11694956208389151,-0.720623920752287,-1.1662094593048096,0.24594712257385254,0.12953126430511475,1.357021689414978,-0.6097256763017689,-0.07838851107035838,-1.2544772624969482,0.07506387680768967,0.09448447078466415,1.4147393703460693,-0.6099582370540828,0.0148209437812995,0.14023712277412415,-0.017792070284485817,0.48720529675483704,-0.0688662901520729,0.4367500841617584,1.4319831132888794,0.049167849123477936,-0.24684466421604156,1.4573264122009277,-0.00042107582969801854,-0.08361136341464712,0.6930785560800684,-0.0012173925846987524,-0.48267445336806947,1.025893757317781,0.18999579576851686,-0.23005899974014865,0.0045726189345206385,-0.11106723823221326,-0.23619360250053809,0.012645584774759064,0.1583832251361365,-0.06339637930336556,-0.0065726189345206125,-0.11594701506696177,-0.0667014100719272,0.0004560612489687768,0.18213176436164064,-0.29096037000485386,0.3429976856799787,-0.10591386351301543,-0.2923790772825915,0.35198651901804673,0.3078647890336591,-0.02618541008544043,0.5898666982250184,-0.23524183828989595,-0.0008870741820722408,0.5717368132013853,0.22614077076613057,-0.1370062560437105,0.7123390997833703,-0.18940097243033008,-0.13270053439192406,0.6920837738149346,0.10016305551776453,-0.2502008355652961,0.8333459687614755,-0.09952757186061001,-0.2607650111171387,0.8197725965886872,0.10047847909154628,-0.007837534311718993,0.5489117281011856,-0.027723735210345858,0.004478011385774132,0.5431128367715673
1.3333333333333341,0,tairan,39,-0.002920635277405381,-0.051641907542943954,0.623940329433321,0.6640985986996881,0.16714880115348732,0.12552570302157856,-0.7178284108051177,-1.207666039466858,0.21550212800502777,0.1193598136305809,1.3360559940338135,-0.5860971288278911,-0.07680925339905165,-1.285786747932434,0.09935668110847473,0.11436426639556885,1.3902157545089722,-0.5858643693346086,0.008854450877442521,0.1579974889755249,-0.01215318776667118,0.5131669044494629,-0.3668280839920044,0.43229126930236816,1.3370747566223145,-0.20344550907611847,-0.2722625434398651,1.394769549369812,-0.008414042500790118,-0.08180828762327474,0.6923860158564046,-0.01053432060944947,-0.5008304978517126,0.999982029537528,0.1794967521207079,-0.2307665850130949,0.004462898273381158,-0.10892067199173754,-0.23359228652117447,0.009227778513986606,0.15338918601398052,-0.06313895613944642,-0.006462898273381014,-0.11859465175377244,-0.06428926726913975,-0.0027263750616086622,0.16835227757439045,-0.2848120243522219,0.34701495184952624,-0.10395203160866051,-0.28288317150850073,0.3527490929051814,0.3013795301210845,-0.11945714982682093,0.5251397959324132,-0.23411734781145208,-0.07515218634384523,0.4974056846100098,0.21905891884292897,-0.17973330247395838,0.6785988021360829,-0.19346083769116407,-0.17070151811912096,0.6496454218217683,0.09145256033712582,-0.2556177610061506,0.8242947536374556,-0.10768772765769102,-0.26823219703426565,0.80542131725099,0.0944405629999125,-0.0003369177435314629,0.5515622770582526,-0.033693821743958324,0.012115747838004277,0.5447384862517008
1.3666666666666676,0,tairan,40,-0.010824964381754398,-0.046743493527173996,0.6303147022164514,0.6617001807653329,0.18455064599105264,0.13358259944721063,-0.7143175897066634,-1.2414954900741577,0.18203313648700714,0.11670566350221634,1.2892941236495972,-0.543586829567356,-0.07011278278534006,-1.2942830324172974,0.1228284165263176,0.13570086658000946,1.3349710702896118,-0.5515011625430253,-0.0025344659014162607,0.17492881417274475,-0.008412295021116734,0.5191361904144287,-0.7026529908180237,0.4139532744884491,1.2264865636825562,-0.4946289658546448,-0.30155399441719055,1.318926453590393,-0.01734038574502651,-0.07937413296865209,0.6975292144448331,-0.021099240087540837,-0.510898806181691,0.987382325581674,0.1670172597651206,-0.23358095569750847,0.006140388476591478,-0.10459369572596336,-0.2272481700298319,0.004713917091705641,0.14610697358182,-0.06519939734394983,-0.0043672629336718345,-0.11925164484316648,-0.05826725651131072,-0.00671391709170549,0.15337071937965346,-0.2750705884558141,0.3557986089718501,-0.1018992699978036,-0.26717768913250595,0.3538676713644573,0.2794778561991662,-0.24344869393598356,0.4913901319125859,-0.2178850777065668,-0.17737980898489555,0.4404847282200092,0.20557639208246833,-0.23356344268117962,0.6599143723446552,-0.19150131576177243,-0.21862338398458184,0.6181429079671117,0.08162217678796978,-0.25725928972910894,0.8245574647081639,-0.1167893131885507,-0.2717573544598259,0.8001674736388533,0.08769568802232533,0.0076913222930000275,0.5607164398776152,-0.04038504160650161,0.020015069463742652,0.5528784335663347
1.400000000000001,0,tairan,41,-0.02009964920580387,-0.043459948152303696,0.6451224044730582,0.6629189619786616,0.1958531044753083,0.13758167712062458,-0.7094020675450514,-1.2553389072418213,0.15142010152339935,0.11548634618520737,1.2283530235290527,-0.49079984136291444,-0.06420795252448497,-1.2682729959487915,0.1441519409418106,0.15543025732040405,1.2647453546524048,-0.519453120370259,-0.019507194863242816,0.1939535290002823,-0.00604374660179019,0.5110534429550171,-1.0562589168548584,0.3852311968803406,1.1111737489700317,-0.8147904276847839,-0.3269619643688202,1.2333087921142578,-0.027259613405675794,-0.07757526759101718,0.7115293310112673,-0.028765279346632488,-0.5125118891836781,0.996151021055756,0.15505332283323467,-0.23935375867879383,0.013634561451722177,-0.09826511687432252,-0.21868288737162261,0.004372602866281796,0.13751378109935003,-0.07055453462893206,0.0036753227293166504,-0.11887872897929926,-0.05027974146944411,-0.006372602866281864,0.1394613732811205,-0.26515679205893494,0.3713895164575068,-0.09987703453081409,-0.25054636061619495,0.35841772922823,0.24176501676587503,-0.3808478383710431,0.5184296416912976,-0.18523981561082314,-0.30821889062239666,0.430927453690422,0.18617268650576924,-0.2938206774610992,0.6710577199874426,-0.18154580248434643,-0.2793733552363245,0.6128995767188694,0.07232584861333405,-0.2547349097549058,0.8388988610259175,-0.12507901709723374,-0.2731710944568479,0.8095116020957526,0.0789735253974643,0.013355738316126216,0.5777629696595037,-0.04918048427768116,0.02431036203496356,0.5692253005068323
1.4333333333333345,0,tairan,42,-0.03106437809765339,-0.047011446207761765,0.6614474959092688,0.6730633237680419,0.19858292680250392,0.13852002998038224,-0.6988295819977153,-1.2425649166107178,0.12556394934654236,0.11316371709108353,1.158351182937622,-0.43658702487163836,-0.06182907083760436,-1.2134990692138672,0.15915803611278534,0.17358367145061493,1.1903843879699707,-0.4935420183049053,-0.03693590116983758,0.22401338815689087,-0.005823315121233463,0.46761056780815125,-1.3997539281845093,0.35190021991729736,1.005591630935669,-1.148303508758545,-0.3420986533164978,1.143610954284668,-0.037895808888988164,-0.08158056311877884,0.7276540492807866,-0.027607475908271062,-0.5033926138425655,1.0307239878706116,0.14729364850200075,-0.24780968866436826,0.02027380102871938,-0.09128987315203589,-0.21466258252972326,0.004004842665846019,0.12876048186530153,-0.07907986042879508,0.01095893130282867,-0.12066335524237932,-0.04751891753027198,-0.006004842665846007,0.12977257795300223,-0.25778509812527073,0.38547609736437766,-0.09741542513819691,-0.240917015300887,0.3617072037821465,0.20410054772773306,-0.5013891035317843,0.6204844904226233,-0.1323028893132743,-0.4585847007135081,0.49411766033116733,0.16832642946312604,-0.35067987525411143,0.7203168758419167,-0.1588962922993565,-0.3550933364601201,0.6442572375477046,0.06587503839378858,-0.24766752824960292,0.8656109077469364,-0.12948760398387468,-0.2767755255933262,0.8315764053434187,0.06698333096245068,0.012597701463598183,0.5954779582875932,-0.06143608446785845,0.019232508625992684,0.586466728185029
1.466666666666668,0,tairan,43,-0.0395587757229805,-0.06433263421058655,0.6782394989565392,0.6850663357541984,0.1984716234554958,0.141077264797197,-0.6865787177422538,-1.1960241794586182,0.10416146367788315,0.1078796535730362,1.073779582977295,-0.39819416598218216,-0.06466388568281423,-1.1416102647781372,0.16506829857826233,0.19123311340808868,1.1136515140533447,-0.4814947136452621,-0.050086981169714995,0.2786339819431305,-0.005906134378165007,0.36426907777786255,-1.7052979469299316,0.3288550078868866,0.9211137294769287,-1.463361382484436,-0.3469243049621582,1.061769962310791,-0.04550164190609908,-0.09925666552041966,0.7443454319625814,-0.026062230442307578,-0.4851237630124514,1.0908555570224787,0.1444460546806408,-0.2562484401052798,0.022074379989473182,-0.08678078967242729,-0.21592100670702977,0.0036299093044448102,0.1233818199667247,-0.08777324716183571,0.013565127461411704,-0.12483465659602386,-0.050493805281473146,-0.0056299093044448155,0.1242094882220491,-0.2559556954294176,0.39198177903616627,-0.09584623664507264,-0.24115439721426918,0.3628366154325689,0.17886384655184032,-0.5779050825777506,0.7904141212237137,-0.06692025441615004,-0.5882807103359879,0.6409709999382521,0.15747770339741438,-0.3961267754324926,0.8118347686590911,-0.1251843519002977,-0.4324170744546592,0.7201630838758429,0.06018548773834544,-0.24170752941995005,0.904558757688831,-0.1310096245470605,-0.28687375583662744,0.8648520085213603,0.05660584321411969,-0.0021178047192772324,0.6136182123110078,-0.0719631579009049,-0.0003919817243752937,0.604391902483318
1.5000000000000013,0,tairan,44,-0.0429152250289917,-0.09593330323696136,0.6954149886322641,0.7048202012188359,0.19687391969278298,0.14528512715967992,-0.6658538694975309,-1.1184698343276978,0.08888361603021622,0.10052844136953354,0.962639570236206,-0.360658753359024,-0.07715419736998852,-1.059749722480774,0.16222907602787018,0.20758920907974243,1.029579758644104,-0.4717571518333612,-0.06426149579165574,0.35776856541633606,-0.004917051177471876,0.21710693836212158,-1.9628390073776245,0.329420804977417,0.8556880354881287,-1.722848892211914,-0.35142219066619873,1.0006517171859741,-0.04721863032976109,-0.13125821020580966,0.7614349223679134,-0.027172281053500988,-0.46016718159218645,1.1619403899541159,0.15551490979537858,-0.26428630887550525,0.01972598097941601,-0.07697599587787199,-0.2273370545023077,0.003218481959123859,0.12733307871693383,-0.09680217835554217,0.012319873969795739,-0.12635217139263255,-0.06488456627458689,-0.005218481959124114,0.12906792796695246,-0.25576834162739676,0.39368009757660477,-0.08874611729345051,-0.25308068880168055,0.3635050736479734,0.16719517259957117,-0.588031851381577,0.9896790205284273,-0.0032166940798945345,-0.6566385054406783,0.8322641907909832,0.15541717376156133,-0.4138145615231348,0.9307792848590759,-0.08443538295350453,-0.4913776912535736,0.8250564119351161,0.05407358689568853,-0.23694989991066367,0.9498795892162507,-0.127947291838642,-0.3059904686841375,0.9021932759993815,0.04983085332600737,-0.02969021596888257,0.632648202404564,-0.07856067226716335,-0.03551165340037643,0.6226420717264106
1.5333333333333348,0,tairan,45,-0.04411981627345085,-0.1358976513147354,0.7129640454669641,0.7469996735682662,0.18720023916947587,0.15815998097340614,-0.618007264166277,-1.0342676639556885,0.08295806497335434,0.09745059907436371,0.8211063146591187,-0.29643850039543773,-0.08508438037816557,-0.9634028077125549,0.15108992159366608,0.22209826111793518,0.929451048374176,-0.4617827888046899,-0.07253238684342656,0.44193947315216064,-0.004531422629952431,0.05509445071220398,-2.1735122203826904,0.35406896471977234,0.8031325340270996,-1.921926498413086,-0.3681325316429138,0.9582734704017639,-0.04375166429870629,-0.17153503151875515,0.7789552690979715,-0.023997496538329208,-0.43473904973261634,1.225619887404303,0.17815504843052196,-0.26773972146698544,0.015787836111515796,-0.06578229184250868,-0.24370324163378032,0.0027449658381661773,0.12911604191473391,-0.10507893350492892,0.009734415631540295,-0.13697035308899802,-0.08950803788395555,-0.004744965838166297,0.14187893806642812,-0.24596689598322824,0.3960559106362582,-0.07677294834691475,-0.2708503135862852,0.36418118749855566,0.16364971790090108,-0.5333636604655136,1.1671126834191532,0.057245466892250005,-0.6622249559637167,1.0134235773393108,0.15962897942933957,-0.39329589308456214,1.0474280210466205,-0.03479210105221562,-0.5248773623711251,0.9320338431871442,0.04697271119380348,-0.23065433980506683,0.9917197166092908,-0.1150738914297238,-0.33523978976090874,0.9371764573034265,0.03932808087240067,-0.059750294950402454,0.6514238523235681,-0.08713663256669776,-0.08269043517897467,0.6414336187822709
1.5666666666666682,0,tairan,46,-0.04642988741397858,-0.1717192381620407,0.7302142418689384,0.8165322517288844,0.17026269606081215,0.1781712846947632,-0.5220542974891395,-0.9705503582954407,0.075656458735466,0.11636779457330704,0.6690343022346497,-0.19988070868792462,-0.0816634562925262,-0.8530233502388,0.1306682676076889,0.23938746750354767,0.8161742687225342,-0.4522427777444311,-0.08453111148958581,0.510580837726593,-0.008262785151600838,-0.09997794032096863,-2.334728240966797,0.3937472105026245,0.7649633884429932,-2.0778965950012207,-0.3974533975124359,0.9261883497238159,-0.03794045319828723,-0.20652524828164487,0.7961040830149866,-0.022300311868416727,-0.41400033219916077,1.2721589229748234,0.2073774204136244,-0.2500328058365273,0.01656126177744748,-0.05480717908541777,-0.250125719021133,0.002198184067392979,0.11906098394738594,-0.10484914228450976,0.011880355079013825,-0.1615966996446823,-0.11800802613555963,-0.004198184067393099,0.15104855999360542,-0.21265383326854145,0.4044747163855018,-0.062178542306225555,-0.2809350378300147,0.36459377301488793,0.1470051874026585,-0.4417147131492939,1.293869373938923,0.11099314067090617,-0.6215088890368908,1.1555520168091296,0.15298600035403215,-0.3381662027982568,1.1415489876320009,0.02305334050007052,-0.5298225499869051,1.0220613018447822,0.0296533367789268,-0.2195268975086574,1.0254251986856682,-0.09150819156947632,-0.3672641358159728,0.9648795352108444,0.01715788584845308,-0.0787681369582516,0.6702963252774495,-0.09959323229974681,-0.13243655208280972,0.6596313458408056
1.6000000000000016,0,tairan,47,-0.04634140431880951,-0.19828079640865326,0.7450954167541445,0.8945447814942767,0.13826492691122028,0.18492325378972976,-0.38272161435619345,-0.9256702661514282,0.07074819505214691,0.15062490105628967,0.5425002574920654,-0.07284835490487018,-0.07028309678086625,-0.7487373352050781,0.1097290888428688,0.2601146399974823,0.7177199721336365,-0.41544422741035225,-0.08746116486223843,0.5462727546691895,-0.020728863775730133,-0.22628597915172577,-2.4397153854370117,0.4381519854068756,0.7491257786750793,-2.202723264694214,-0.4282267391681671,0.9015280604362488,-0.029465630976073333,-0.22744954066683204,0.8120983467832525,-0.028561417229403196,-0.38945583969178427,1.3067475219678732,0.24759954619382366,-0.2129316462992195,0.02518635743470806,-0.03406383062568845,-0.2657084742438365,0.0017562416266891229,0.11454362254545886,-0.10718033519183338,0.021611251681118198,-0.17857519270458963,-0.17634361113488306,-0.00375624162668909,0.15118193375701894,-0.16898221675472164,0.41885649723679574,-0.04024126524687861,-0.29349555257046656,0.3689580047301256,0.10058233208773287,-0.34467080901255476,1.3741983124838275,0.13938985402415688,-0.549666925893338,1.2645637736016921,0.11850948087057356,-0.2649669767461722,1.209015139422107,0.07467220013834813,-0.5014427159652529,1.0988965920101148,-0.000632812802004161,-0.2036122776374956,1.0496895662314254,-0.05920950258835336,-0.38570273650451803,0.9898228717906012,-0.013000866240842469,-0.09170242857462826,0.6849644006070276,-0.10522887936365241,-0.18106533732297997,0.6729635610201153
1.633333333333335,0,tairan,48,-0.04554083198308945,-0.22407090663909912,0.7519302843371192,0.9443739246192587,0.1063471831672853,0.19081440401590233,-0.2458414740267771,-0.8842241764068604,0.07959606498479843,0.18219298124313354,0.4613894522190094,0.0016977883506872349,-0.06145579051511621,-0.6534775495529175,0.10946720838546753,0.26667341589927673,0.6550847887992859,-0.4139406917577715,-0.10616955290062492,0.5412651896476746,-0.06327064335346222,-0.3055250644683838,-2.486320734024048,0.482490599155426,0.7594903111457825,-2.2979021072387695,-0.4465985596179962,0.8860592246055603,-0.02243249208419823,-0.24617214680240454,0.8197723053149851,-0.02824352007984138,-0.37226961715680024,1.325604046151549,0.2579680896228231,-0.15548187375093536,0.027958949642507412,-0.030144652215845696,-0.26911352778234665,0.001428608391262201,0.09770520055600951,-0.09884537629872375,0.025110521250604124,-0.19494522644743217,-0.22767467912475345,-0.0034286083912620745,0.1305195021205988,-0.13428864702815252,0.422761827784956,-0.028109442205151932,-0.3032733227946275,0.3682736944778311,0.06012877417487811,-0.2781909322524633,1.4085500811994323,0.14784809107562336,-0.48583773620929277,1.3288346017687134,0.07921330591895193,-0.2118856171407018,1.2376730785331649,0.10922136450627665,-0.4647467145009874,1.1498857012356147,-0.02698141205869856,-0.20061832273799635,1.0574047372087738,-0.02654108627787924,-0.3948597969921158,1.0079857055226613,-0.0427255942254594,-0.11366741395932906,0.6909215163698519,-0.10324288631890326,-0.22700658695271864,0.6790362081288456
1.6666666666666685,0,tairan,49,-0.04266006126999855,-0.25317883491516113,0.7535178168998401,0.9691310955612525,0.08165856564353362,0.19318027564668816,-0.12960779056197444,-0.836726188659668,0.1056978777050972,0.20490121841430664,0.4289418160915375,0.015437514703657174,-0.07543410036216916,-0.5857750773429871,0.12383736670017242,0.2623331844806671,0.6226046681404114,-0.4211312925943482,-0.13883911840963303,0.5005164742469788,-0.1240047812461853,-0.3352891206741333,-2.4883813858032227,0.5164450407028198,0.7842679023742676,-2.3609812259674072,-0.45306432247161865,0.8811824321746826,-0.01616504738428136,-0.2688051634987809,0.8219198058635566,-0.023407884617913443,-0.3562991202210365,1.3363762201476324,0.23412202585786554,-0.09591987142452453,0.026027635658833544,-0.03218634365822315,-0.27532112753338667,0.001170672660835849,0.06445451911141063,-0.08560359508617327,0.023475852566076774,-0.20213085570353503,-0.27519644201376764,-0.0031706726608361664,0.10134844265783119,-0.115501189085925,0.42058885746371066,-0.018445752398483,-0.3176360350383552,0.3659133679605148,0.03790042973783847,-0.22893105098441946,1.418566209092625,0.15120944236561767,-0.4342617260565115,1.3647440379960827,0.049387802367251196,-0.1773627112227171,1.2420207169143689,0.13069427231268915,-0.4309264123254712,1.1816386921315147,-0.04421723995690692,-0.20712099666702177,1.0558241086015445,0.0003132780390025479,-0.3995561833101505,1.0217959319145669,-0.06428288112928998,-0.14593947665015464,0.6921484224766351,-0.09506208874768382,-0.27068597729300714,0.6800510538267063
1.700000000000002,0,tairan,50,-0.03869039565324783,-0.27822041511535645,0.7557548363373698,0.9797941785887009,0.06160869518287944,0.18829524970328798,-0.027434198015110975,-0.7835602164268494,0.1397363841533661,0.22266452014446259,0.4394700825214386,-0.011865181583238238,-0.10088545471055087,-0.5570780634880066,0.13023516535758972,0.26103055477142334,0.6078816652297974,-0.4064742958375853,-0.14808298394020902,0.44441068172454834,-0.16945409774780273,-0.33316370844841003,-2.4672083854675293,0.5308822393417358,0.8093436360359192,-2.396590232849121,-0.4542946517467499,0.8829331994056702,-0.011270334997434687,-0.28804985062380084,0.8248672264799257,-0.02173858645459055,-0.34209140406725236,1.3440975725375741,0.18261554965868165,-0.045210653850222965,0.026132926607536057,-0.019334222647965346,-0.2910273705479632,0.0011014055872633141,0.015520305049932001,-0.07639160944314571,0.02350096204578826,-0.18550265169106517,-0.32666989525623236,-0.003101405587263368,0.06949924484627679,-0.10388114499671398,0.4199758095011721,-0.0006258585567960329,-0.33374657470522967,0.3673486243603356,0.022338223108982296,-0.19170140365934632,1.418886734164484,0.15143036719288366,-0.39140177612812094,1.3861738647934627,0.024519940919279504,-0.15521266240035778,1.2382673108653854,0.14254369819854246,-0.4003968725237935,1.202326973171152,-0.0578145617860822,-0.21613051741420228,1.0538752299325482,0.0196009428377873,-0.3999026250723966,1.0337050293709107,-0.07924581405494999,-0.17790420991205516,0.693882333899727,-0.08377632269793275,-0.3062309385673587,0.6812376325729829
1.7333333333333354,0,tairan,51,-0.03708508610725403,-0.2949731945991516,0.7592425758517104,0.9808490518002151,0.041578016046012474,0.1781101874829343,0.06695645808352216,-0.7366552948951721,0.16787540912628174,0.24276621639728546,0.4760434329509735,-0.056991864172643236,-0.11139506193757712,-0.5564894676208496,0.12165747582912445,0.264946311712265,0.6014503240585327,-0.3760929414630858,-0.12182629436707867,0.3927070200443268,-0.18731287121772766,-0.32278451323509216,-2.4397337436676025,0.5267799496650696,0.8264907598495483,-2.4117658138275146,-0.4506908655166626,0.8860846161842346,-0.010462617327677701,-0.299301614145954,0.8292247803061812,-0.02756347635674183,-0.3323023968285981,1.3500582989064684,0.11667933206738343,-0.017588404045737457,0.027712586600750516,0.008720279068499287,-0.3093476440447353,0.0012382071773295866,-0.03910998764198314,-0.08556716621061902,0.024784146909854882,-0.14733392081535313,-0.376630988292298,-0.0032382071773296196,0.03500108591901447,-0.09756755831349681,0.4206725821011651,0.022901017476325603,-0.3453049451310023,0.3722274231679714,0.002418189558033372,-0.16738990919805197,1.4168250595530791,0.14514622346194564,-0.3543777900256508,1.3997291890550951,-0.002800169714010932,-0.14252804475698905,1.2343032235246463,0.14494157515449094,-0.3714537261770767,1.2162409476667417,-0.07375120657219157,-0.22512165127720046,1.053788809302356,0.030603543745057176,-0.3959342396445598,1.0435257375658964,-0.0929705185906434,-0.20422899135618064,0.6958969953786287,-0.07365629835828741,-0.33116317484804647,0.6836027819033468
1.7666666666666688,0,tairan,52,-0.03824296593666077,-0.30766627192497253,0.7616613181786266,0.9723545489230395,0.021689627432286047,0.16845431870455152,0.16024772622507405,-0.7060365676879883,0.1941629946231842,0.26499032974243164,0.5222371816635132,-0.10338282261184806,-0.11272133432636705,-0.5699103474617004,0.10015914589166641,0.2706841230392456,0.5975152850151062,-0.3458578611769838,-0.0767578399768224,0.3513204753398895,-0.18794460594654083,-0.30993321537971497,-2.409010648727417,0.5135431885719299,0.8360254764556885,-2.4072277545928955,-0.4415498375892639,0.8900418281555176,-0.013152010453141523,-0.30678060987792716,0.8323342235643717,-0.033897734048340525,-0.32885915318513254,1.3534832313677907,0.04562967805457711,-0.008659544626441792,0.029294595685692447,0.041781112027751484,-0.3234226230305805,0.001402714780353611,-0.09099459168808141,-0.10976739560584389,0.025976254592274966,-0.09876714394169459,-0.4189375202492037,-0.0034027147803534705,-0.003677201618119642,-0.0959206020592325,0.4209951882508745,0.04592633242831366,-0.3508204485978615,0.37714503594967397,-0.01870430392239643,-0.15360200082992487,1.4127955489675468,0.1395445686118159,-0.31933537511270155,1.4051368862945246,-0.03128803772141506,-0.13808464098670375,1.2296005015690445,0.144590750489108,-0.3428523734316079,1.2224320668652113,-0.09067682629509455,-0.23735525344074443,1.0538170835884768,0.03854869355375422,-0.3905060131929179,1.0495987062787941,-0.10792627338402985,-0.229054125010564,0.6966159997831542,-0.06558333206123128,-0.35032134570596346,0.6852519637336547
1.8000000000000023,0,tairan,53,-0.04342972859740257,-0.3222890794277191,0.7622009727912774,0.9539694185486695,0.0034535220596517043,0.15745679319691996,0.25522104132582685,-0.6946667432785034,0.22788451611995697,0.2858879864215851,0.57257080078125,-0.13482247440167594,-0.11447728779081817,-0.5941576361656189,0.06691019237041473,0.2774915099143982,0.5954731702804565,-0.3112903842235095,-0.01937343617578291,0.31707534193992615,-0.18355578184127808,-0.2801210284233093,-2.3674936294555664,0.5003954768180847,0.8428237438201904,-2.377512216567993,-0.42892712354660034,0.8974303603172302,-0.020766172055066093,-0.31675531958386627,0.8334802875105063,-0.03967368670278942,-0.3271078024999032,1.3547311794217753,-0.02658015671923701,-0.010718223221237264,0.031973262225663185,0.07996111900550905,-0.3300853287096226,0.0015130209536112493,-0.13598070546137478,-0.14078498873860149,0.028210757372492554,-0.04009561302685817,-0.4503397257038915,-0.0035130209536108903,-0.04763618051659529,-0.09965149682104067,0.42232199968234874,0.0675988906361805,-0.3517212810833104,0.38165304757257834,-0.04124664292672853,-0.13973972965424328,1.4037360967267785,0.13525700093435195,-0.2772194718343592,1.401554566950398,-0.06234538927714861,-0.13747353337099233,1.2206807186003368,0.141562208103428,-0.3109526995525992,1.2204969023392789,-0.10912634475590618,-0.2544258896659537,1.052588337464788,0.04329161382415165,-0.3845832261023409,1.052724624195097,-0.12524570584626463,-0.2584631677216733,0.6954080259214932,-0.060513843464996164,-0.369479772000752,0.6850326093054075
1.8333333333333357,0,tairan,54,-0.05238658934831619,-0.3428587019443512,0.7594536695178404,0.9280059215198808,-0.010365918362827254,0.1450873223336774,0.3429974143613559,-0.7011848092079163,0.2710873782634735,0.30336907505989075,0.6246904730796814,-0.1472616960335269,-0.11940112723553126,-0.6317999958992004,0.02321256883442402,0.2860320210456848,0.5961844325065613,-0.26725495477689476,0.04660194952388902,0.2875738739967346,-0.1759994477033615,-0.22101734578609467,-2.3046512603759766,0.4875534772872925,0.8519868850708008,-2.3181543350219727,-0.41376662254333496,0.9097860455513,-0.032723627688238346,-0.3339510704383873,0.8312800020130212,-0.043101834856774206,-0.32284190151753955,1.352154535333437,-0.09730637001691596,-0.021689725341357977,0.03482735392657469,0.12178137503614306,-0.32769905445687064,0.00153447296803038,-0.17468939391808838,-0.17299715381484704,0.030593006202240244,0.023823112806569267,-0.46654603731231237,-0.0035344729680309023,-0.09493275488241032,-0.11092492407418458,0.42425133630882883,0.08635477887575436,-0.35046951168572643,0.3853290629690757,-0.06003577069452116,-0.11748651063779754,1.3829115446682065,0.13246758342473752,-0.22482616501598413,1.3827999928136683,-0.09122797731544427,-0.13737766102033785,1.2023819000478702,0.13617753745399774,-0.2771891983575986,1.2061536988119717,-0.12634562230576546,-0.2753854133185005,1.0484853358932376,0.04433306565763991,-0.38042013196942764,1.051431223367514,-0.1431728150413766,-0.29462103653735,0.6910329365060405,-0.059457757062241046,-0.39217591884422615,0.681333301337791
1.8666666666666691,0,tairan,55,-0.06245969608426094,-0.36860066652297974,0.7525214166768902,0.9007018126023293,-0.01879917856598625,0.1338384267680287,0.4128802625221769,-0.7167279124259949,0.3158048093318939,0.3177662193775177,0.6773908734321594,-0.15287813826521157,-0.12458416456429411,-0.681810200214386,-0.021590111777186394,0.293060839176178,0.598667323589325,-0.21323266598700163,0.10811558413175731,0.2626301944255829,-0.1654016077518463,-0.13732680678367615,-2.2136247158050537,0.4729049801826477,0.866310715675354,-2.2280068397521973,-0.3961474895477295,0.9271458387374878,-0.04554169051361866,-0.3577719116745761,0.8247814966377157,-0.043763509392314014,-0.31304753917715994,1.3432191164893112,-0.1610542420829584,-0.043281057913427054,0.03559089664190146,0.16019471487257442,-0.3161594159529159,0.0014944466823391261,-0.20811347513565634,-0.20656965714063139,0.03087263987596546,0.08061598677328126,-0.46630047288636983,-0.0034944466823395026,-0.13974047753496419,-0.1300971395448067,0.42433276107898443,0.09998711775071674,-0.34908401463135896,0.3876231083105593,-0.07261500162280024,-0.08241718349842042,1.3423154140938063,0.13130892147435835,-0.1648628302014057,1.3412786811938797,-0.11379047394869225,-0.13422251435174473,1.1703260179727504,0.13027692426627602,-0.24506995532810877,1.175371127825023,-0.13945636948918863,-0.295891344380441,1.0399944957602765,0.042932599519618884,-0.3789005877243366,1.0439837818340212,-0.15859096100782147,-0.3339485881449264,0.6828049706530783,-0.06152506387524112,-0.4182382936626132,0.67329390734195
1.9000000000000026,0,tairan,56,-0.06887885928153992,-0.3956097662448883,0.7417403878909734,0.8747726274318495,-0.02163066599568309,0.12360189707915374,0.46800377735975185,-0.7296415567398071,0.35215845704078674,0.33012309670448303,0.7305623888969421,-0.1624342926049247,-0.12770078426637999,-0.7450777292251587,-0.054003916680812836,0.2939210832118988,0.599873960018158,-0.13893737690939978,0.14934225272184704,0.24177369475364685,-0.15386447310447693,-0.04099911078810692,-2.090338945388794,0.45546841621398926,0.8869659304618835,-2.1074302196502686,-0.3755775988101959,0.9488927721977234,-0.05417881085093409,-0.38409455585768537,0.814378590690026,-0.04153850049440321,-0.2996535114885714,1.3270276287095493,-0.2128700458255546,-0.07338273779961309,0.03324170701424149,0.19174260845846652,-0.28690262666526734,0.0014987140856417974,-0.23379577812439398,-0.24200947133889195,0.02803224796071911,0.12600374347801155,-0.44359795953371733,-0.0034987140856422086,-0.17699722905391607,-0.15373232008351917,0.42120771583241357,0.11026140693472099,-0.3426916242771812,0.38945744010844685,-0.08330945713224093,-0.03975363397130161,1.276855511005932,0.130840217737901,-0.1041370423312016,1.2735229035191566,-0.1313059522452773,-0.12986071864208987,1.1234390387705042,0.12581478786112305,-0.2171910532352519,1.1280818505897012,-0.14674774994852394,-0.3142317946833296,1.0268358290246078,0.04295551638715803,-0.378823946331427,1.0304008798015964,-0.16793229466525406,-0.37188947749368734,0.6712278543263697,-0.06189987791378103,-0.4444780078931931,0.6610091466065513
1.933333333333336,0,tairan,57,-0.07147923111915588,-0.4193515181541443,0.7257141910119869,0.8509349945362602,-0.02208274179272351,0.11446253673447594,0.5121721539412305,-0.733702540397644,0.3773156702518463,0.34022143483161926,0.779667854309082,-0.18105622850378422,-0.12814114978512803,-0.819830596446991,-0.07601000368595123,0.2909231185913086,0.6007575392723083,-0.050648038188886746,0.1768968928871052,0.22575630247592926,-0.14431758224964142,0.06101992353796959,-1.9296059608459473,0.43806812167167664,0.9163885116577148,-1.9560760259628296,-0.3531160354614258,0.9750136137008667,-0.0585657292228783,-0.4077391928914027,0.7986757930418705,-0.04001825996681109,-0.27935811769109176,1.3014642505867107,-0.2517051257511239,-0.10895929201784875,0.02401468060620362,0.21645826074121452,-0.24403341852695498,0.0015942945278045045,-0.2512044560808399,-0.27886424165240503,0.018352753411319846,0.16085177362657202,-0.40459803833586905,-0.003594294527804194,-0.20614404132566713,-0.17872323539254367,0.410886550981998,0.1181882462107738,-0.3308330363803519,0.3897063629795931,-0.1017823778213422,0.006155139650672371,1.1782693774863793,0.12732194240194922,-0.0464496612590312,1.175188557120616,-0.14979693528095264,-0.12487227495123016,1.0579116477850135,0.1208169769478386,-0.19258386613157003,1.0631080334116334,-0.1506886175944087,-0.3266516035906038,1.006655792017859,0.043695327994575636,-0.375417767026316,1.0096437513583068,-0.17190738800136407,-0.4044505570219455,0.6546344365201789,-0.05984583727862878,-0.46716453971143324,0.6432309347854653
1.9666666666666694,0,tairan,58,-0.07194042205810547,-0.43777135014533997,0.7106612573059805,0.8292235797561828,-0.024593259981435907,0.10874478888495955,0.547684213055473,-0.7342938184738159,0.3891095817089081,0.3516378700733185,0.8167487978935242,-0.20534777109180746,-0.12136027349494904,-0.876706600189209,-0.09942580759525299,0.2860705554485321,0.6134887933731079,-0.0008878234640952165,0.19964781995811165,0.22187058627605438,-0.14144256711006165,0.15689699351787567,-1.7320958375930786,0.43031439185142517,0.9550937414169312,-1.7770509719848633,-0.33344849944114685,1.0044703483581543,-0.0604347616261632,-0.42577868286473647,0.7837967186740582,-0.04516920153538688,-0.2520177707201597,1.2726748527754184,-0.27601766517061516,-0.14626445305007646,0.012179733452399658,0.22979118276416916,-0.2158101929009994,0.0017490358146724436,-0.258458755379372,-0.3152476237087445,0.006148753342463731,0.1819243781932278,-0.3788394547791233,-0.0037490358146725564,-0.22725037168894135,-0.2038860639230544,0.39789382879512325,0.12263859025948351,-0.32218060823805,0.3879516254464246,-0.14148143615751027,0.040228041871364306,1.0524203125774643,0.11596180352853538,-0.0011176327337912573,1.0553758270894953,-0.17756378115091684,-0.12597315651390284,0.9814640567627303,0.11168125182825644,-0.1733062083470467,0.9898599091031955,-0.15553682057713217,-0.33272298592122507,0.9850948012834974,0.04208569799592715,-0.36598515978651397,0.988434388472975,-0.17288264293575478,-0.43067174594462027,0.6390897386103678,-0.05643019250963116,-0.4847236491627628,0.6270019666789917
2.0000000000000027,0,tairan,59,-0.0706239864230156,-0.4513839781284332,0.7000087645104772,0.8096560884564693,-0.026115591007769536,0.10224534936596849,0.5773394866668276,-0.7369749546051025,0.3870001435279846,0.36685752868652344,0.8359755277633667,-0.21464122244014638,-0.09904741108360937,-0.9088500142097473,-0.11977845430374146,0.2751885950565338,0.6374824047088623,0.016145776750830176,0.2116096120255836,0.23907819390296936,-0.14291076362133026,0.22598284482955933,-1.512575626373291,0.4450379014015198,0.998000979423523,-1.576030969619751,-0.3234752416610718,1.0367579460144043,-0.06046808526440229,-0.4393577394114185,0.7733383441763791,-0.06001998906412699,-0.23638138865733874,1.2510823477566175,-0.28411486727338564,-0.17197766098886968,0.00260277933033844,0.23345982188830824,-0.19816373696234763,0.0019277697504936561,-0.25280664704767974,-0.33895018003264993,-0.003719659318880901,0.19187256425819796,-0.3628944646969121,-0.00392776975049388,-0.2390782114162323,-0.22441832039546616,0.3885051446787584,0.12464717831136546,-0.3140408467701898,0.38670540520043456,-0.20773887700011848,0.03469734013980053,0.9314144623452454,0.0974987336109648,0.014696639102387887,0.9405891293462407,-0.2172862114470045,-0.1485932578135993,0.9148926794204951,0.0983327385818479,-0.16898510587333854,0.9257606026982944,-0.1631233730809053,-0.34240167413762046,0.96907876554416,0.03664512334020123,-0.3581443557365135,0.9731898133091725,-0.17137927205267,-0.4508035323474111,0.6277627058126496,-0.05151742611538292,-0.4968164679956621,0.6154905178198369
2.033333333333336,0,tairan,60,-0.06684499979019165,-0.45955580472946167,0.7009762185633766,0.7897985907421199,-0.026884225003418853,0.09634130447138112,0.6051559944018398,-0.711022675037384,0.3882608711719513,0.3682368993759155,0.8468034267425537,-0.23882518066473057,-0.10553357441974165,-0.920922040939331,-0.13511911034584045,0.25828176736831665,0.6688316464424133,0.007079125000792441,0.21133880387582205,0.26716646552085876,-0.13526318967342377,0.2587280571460724,-1.296152949333191,0.4819983243942261,1.0354094505310059,-1.3590106964111328,-0.32535797357559204,1.072092056274414,-0.05787183830227852,-0.4476256085899252,0.7744755572881843,-0.07276482882413257,-0.23581296788729741,1.2481266350301268,-0.2996844366209428,-0.20571783223390408,0.0021975652365531506,0.22771514766970813,-0.185830017458073,0.008121128442961804,-0.2566765416556461,-0.37006327110242243,-0.0041975652365533744,0.19280341902535433,-0.3520910899448368,0.0019221786436758384,-0.25133941494462503,-0.24649344833945303,0.3862873982639944,0.1242258961975406,-0.30367329888682637,0.3927866998731806,-0.2822342287488438,-0.009676881035850307,0.8496007559660324,0.08406392354919666,0.0037943271888832147,0.8503259210632533,-0.2570898760386851,-0.1898780422295761,0.8788388686853597,0.08907946494316009,-0.17744782070814163,0.8832757674114008,-0.16747631655866574,-0.3563929124432624,0.9690444962758136,0.03291175554100535,-0.35322461970486174,0.9716459153694624,-0.16689936396872318,-0.46458473764059316,0.6285398933340355,-0.044362040869005956,-0.5029083723446145,0.615907402419887
2.066666666666669,0,tairan,61,-0.06199919059872627,-0.46335843205451965,0.7034801929544122,0.7685594737807273,-0.027204839089882114,0.09019571080110936,0.6328040500384521,-0.6674023270606995,0.3907763361930847,0.3612414598464966,0.8524680137634277,-0.2719446603374924,-0.12832532348793002,-0.9175029397010803,-0.14584217965602875,0.23904173076152802,0.7047516703605652,-0.02061015478472794,0.20507873056428716,0.28254979848861694,-0.11800835281610489,0.27849844098091125,-1.09598708152771,0.5247659683227539,1.0649936199188232,-1.1366544961929321,-0.3325790464878082,1.107550024986267,-0.05418337524764765,-0.4516607198685824,0.7771488875268886,-0.07938524221583987,-0.23736043367451412,1.249180137988828,-0.3171141885314862,-0.24546752510028175,0.0021538095737869134,0.2151271525169125,-0.17661371304459894,0.01200146273523774,-0.2633806181632373,-0.40662867847220824,-0.004153809573787061,0.18820666817035486,-0.34434161602094177,0.005471678228435764,-0.2631304880946896,-0.2697824299036067,0.3829341584685104,0.12105089764309085,-0.29082451231973033,0.39718548100435597,-0.34378140791787914,-0.07388719329979063,0.792967738510863,0.082861149553929,-0.026695357838957996,0.7720653145505705,-0.286546397232082,-0.2365717286928218,0.8579097103004413,0.08767038257766575,-0.1940197965463657,0.8491300126499107,-0.16763103425910295,-0.3676436199087012,0.9723487801533848,0.031837378942804175,-0.3480356225822153,0.9720968365927762,-0.1609332189372285,-0.47361006021461244,0.6310390552477984,-0.03617969009345314,-0.5040164056058303,0.6181106751898011
2.1000000000000023,0,tairan,62,-0.057001303881406784,-0.46503862738609314,0.7051014737528725,0.7446564031568776,-0.029400827290745436,0.08690236106310764,0.6611130101833868,-0.6290975213050842,0.3908974528312683,0.35676369071006775,0.8615943193435669,-0.3107135153060818,-0.14963984354600857,-0.9037536978721619,-0.15148389339447021,0.22158131003379822,0.7421444058418274,-0.06703010888331251,0.19629141079003587,0.28914186358451843,-0.11119898408651352,0.31032246351242065,-0.905249834060669,0.567025899887085,1.0961459875106812,-0.9243603944778442,-0.3400287926197052,1.1389954090118408,-0.050210034353952666,-0.45313675801389747,0.778839009402314,-0.09217789833653033,-0.22809051666555288,1.2446814919063502,-0.32930207417150514,-0.28823314026034,0.002105208620537539,0.19563412433888638,-0.17441611713428823,0.01124020988154472,-0.26452217545001877,-0.44528407288834365,-0.0041052086205376655,0.1790945101020975,-0.343471460981192,0.004404138077990227,-0.27331781495687263,-0.2940902602539795,0.37864276324540536,0.11372213665954789,-0.27908974462902586,0.39681956996717493,-0.3931290692165864,-0.15390800812877692,0.7400867793523008,0.0870206902433438,-0.06962595620925172,0.7026055882205201,-0.30918187612271014,-0.2858115959282617,0.8376258817751303,0.08780668692060191,-0.21228644481737452,0.8192543404790982,-0.1698036567483688,-0.3724974160676198,0.9717025217534128,0.027460331987420206,-0.33703627672251946,0.9704331737341994,-0.15463158903344754,-0.4814334898835919,0.632841274386145,-0.02802949086879345,-0.5030176240331592,0.6198363915283256
2.1333333333333355,0,tairan,63,-0.04804166033864021,-0.46702301502227783,0.7022630487268651,0.7135272866150243,-0.030365338745806464,0.08916269857146139,0.694267074433253,-0.6127035021781921,0.39067408442497253,0.3604394197463989,0.8810531497001648,-0.3407308643729927,-0.16629506527977211,-0.8833835124969482,-0.15819311141967773,0.21179020404815674,0.7799175977706909,-0.1276666444837391,0.18425027653832904,0.2923770546913147,-0.11796479672193527,0.3604952394962311,-0.7267942428588867,0.6013352870941162,1.1284922361373901,-0.7358325719833374,-0.3475379943847656,1.164703130722046,-0.041660905816078855,-0.45448763147504423,0.7759322426348111,-0.10995171878980267,-0.2118431577406868,1.2298883277158006,-0.3381070638064328,-0.3300004984090969,0.0021135893152126606,0.17061216803762105,-0.17830085435038565,0.0026173971277125008,-0.25913362656619177,-0.4804146548464697,-0.00411358931521278,0.1684088619987629,-0.3481359965006269,-0.004535919117673478,-0.28265255647943005,-0.31975047772717957,0.37495124034546995,0.10322629142619592,-0.2691581192683846,0.3877523503329012,-0.42330049268252135,-0.25307654104559146,0.6915366491927648,0.09543619592655776,-0.11772164596503497,0.6447575685409729,-0.32045948970718136,-0.3415965411318772,0.8162262714390376,0.08988621518306646,-0.2287445708941367,0.7917360433531101,-0.17081134576567594,-0.3756929590736426,0.9637192507793569,0.02220846143703324,-0.3217301524913317,0.9618339303320382,-0.1444373705156548,-0.49188194333031166,0.6311088031056942,-0.016516568027464137,-0.5019227510461631,0.6170658308271626
2.1666666666666687,0,tairan,64,-0.04548671841621399,-0.4847046434879303,0.705240560866038,0.6899475613939839,-0.026529084632697025,0.09187520790803581,0.7175148196148293,-0.6168640851974487,0.39370739459991455,0.3700611889362335,0.9078766703605652,-0.3513758966930727,-0.171102604111941,-0.86734539270401,-0.17069026827812195,0.21213434636592865,0.8237446546554565,-0.1863381073287742,0.17912481057151186,0.2900151312351227,-0.125002920627594,0.4244388937950134,-0.5671318769454956,0.6160674095153809,1.1570861339569092,-0.585293173789978,-0.3595077693462372,1.1818227767944336,-0.03883360877512322,-0.47207081841629733,0.7788688339420989,-0.12918777419232635,-0.20897794382517604,1.2176895436476993,-0.3490603119213237,-0.36729505625272846,0.011149368958762444,0.15075315114943713,-0.2025869960449246,0.0027692178703341945,-0.25893287001325654,-0.5112929410564475,0.004695425422996086,0.15864537632597153,-0.3722362953902112,-0.004769217870334391,-0.29522085698015293,-0.3496924054417703,0.38263631018523625,0.09100219676718332,-0.27766067242546627,0.3858740678506884,-0.4307674056304745,-0.3595148867456645,0.6638376788211132,0.11129355146911314,-0.1804389895749492,0.6141359238357254,-0.32336338488308886,-0.4038701315457285,0.8068640847404036,0.09355171796366234,-0.2610383733327209,0.7789040363026113,-0.1759160622594216,-0.3906212589834087,0.9603594011024945,0.01325698279987858,-0.32446388852636254,0.9573683716474256,-0.14111710043604295,-0.5155963118904067,0.6353414658245936,-0.013021713521836488,-0.5168385869229848,0.6196801031791505
2.200000000000002,0,tairan,65,-0.06087758019566536,-0.5128629207611084,0.6951678020355105,0.682016820990427,-0.017479029145059707,0.07296144847998841,0.7274779491242054,-0.6147375106811523,0.3991687297821045,0.3782769739627838,0.9384981393814087,-0.3558099110636881,-0.13607770890559867,-0.8692969083786011,-0.1788783222436905,0.2123623490333557,0.8865936398506165,-0.2096483985327009,0.1985894099607456,0.2789068818092346,-0.12598270177841187,0.481315016746521,-0.43232491612434387,0.6097692847251892,1.1779917478561401,-0.4768466651439667,-0.3792903423309326,1.1883742809295654,-0.05532078116485812,-0.5031130952415785,0.7693234686218877,-0.16404615360054636,-0.2346250229564098,1.2010412599066616,-0.35620040144971854,-0.3836437083496224,0.0025560802020864193,0.14142908318913802,-0.21724398828844432,0.005801020717679944,-0.26057463124474933,-0.524018667822784,-0.004556080202086442,0.15129182957974302,-0.38676789789018934,-0.0022220900863657717,-0.31243212939248294,-0.37037363302325943,0.37515530996439556,0.07602334651628735,-0.28634656209930665,0.3862911748864,-0.43526149092661837,-0.4470164009518134,0.6317312978522271,0.12302208565111945,-0.24299833100293533,0.6022328273287417,-0.3360778574388904,-0.4619005519641076,0.7863295937709837,0.08706102939354218,-0.3061706569425064,0.7715716116411139,-0.1998166277812816,-0.42019694575015903,0.9447598447451127,-0.011558962432835933,-0.3514522805379925,0.9470852140533708,-0.15496904170803052,-0.5431125688361976,0.6229819530893392,-0.02672278504455896,-0.5406874909984024,0.6087152107069803
2.233333333333335,0,tairan,66,-0.07342912256717682,-0.5387394428253174,0.6929370660400714,0.6767843639061951,-0.010001883882272473,0.058039142573228356,0.7338217392665993,-0.5967993140220642,0.40670445561408997,0.3821665048599243,0.9768182635307312,-0.3867303305555767,-0.12212565841891365,-0.8804629445075989,-0.1810964047908783,0.208382248878479,0.964330792427063,-0.2467417968955099,0.20862958616839355,0.2668299973011017,-0.12615475058555603,0.5121049880981445,-0.32184600830078125,0.5950643420219421,1.1913821697235107,-0.39326992630958557,-0.39810043573379517,1.1905226707458496,-0.06863806491292908,-0.531335517349854,0.7674167790772969,-0.18729736160799831,-0.2638968067113438,1.1974127406430024,-0.36103855997091494,-0.41174835421320777,0.002803029803227955,0.13092813037344178,-0.23621454057725289,0.01742883431278798,-0.2618163130133645,-0.5495782985865474,-0.004803029803228158,0.14131226259285443,-0.40567592783589934,0.008768116881487889,-0.3273614087401728,-0.3930928531976656,0.37251226586999797,0.06284108614343033,-0.29429798789327893,0.39487023617081973,-0.43353997361212343,-0.5161732567661373,0.6193821972772842,0.13325428221630523,-0.2940510623871121,0.6062928915314254,-0.34318477492202726,-0.510119153148748,0.7798778361689104,0.08322490265059487,-0.3461965549393847,0.7758141969502992,-0.21719647364296024,-0.44880331633532466,0.939901080891667,-0.029241038184967857,-0.37949384600437064,0.946314855462002,-0.16644695010741542,-0.5676804117271541,0.6192031014764023,-0.0381262061432797,-0.5633849367592901,0.6057297528965894
2.2666666666666684,0,tairan,67,-0.08281023800373077,-0.5525122880935669,0.691109024349256,0.6705861398638481,-0.010994238350912159,0.051182332401829414,0.7399822461353349,-0.5713468790054321,0.40736308693885803,0.38821062445640564,1.0224671363830566,-0.45433502986566143,-0.1213679680078501,-0.8805252313613892,-0.183040589094162,0.20319721102714539,1.0231688022613525,-0.29837164338580924,0.21935608982417298,0.25956517457962036,-0.13227489590644836,0.5195500254631042,-0.22961856424808502,0.5777788758277893,1.199686884880066,-0.3168427646160126,-0.4087388515472412,1.195522665977478,-0.07888224477496339,-0.545725297921122,0.7656979486852048,-0.2087581612506394,-0.28128162174797966,1.1944016736622407,-0.3557484797180698,-0.447366553824508,0.0030200611712423095,0.12240889872237518,-0.25786174459354866,0.02311342036924895,-0.2535679741696863,-0.5829928813520003,-0.005020061171242353,0.13483129197608473,-0.42716630634165426,0.014077408133085674,-0.3371842630585211,-0.4126728888594501,0.3642999233696844,0.05235301409361387,-0.30008726105080546,0.3960743672140307,-0.4282274400974366,-0.5669459694009775,0.6116685496641627,0.14057842320839162,-0.32957841142096694,0.612483585991759,-0.34714107345372747,-0.5434659264897793,0.7754771359274548,0.0787696653572598,-0.3711548404098071,0.7810381534457567,-0.23182173013201413,-0.46542266503567564,0.9356415973810204,-0.044767463958519924,-0.39416318557977087,0.9458872303028583,-0.17460719676381162,-0.581837450188583,0.6164908083215213,-0.04622183225466417,-0.5757115942884804,0.6040335449196611
2.3000000000000016,0,tairan,68,-0.08607839047908783,-0.5662330389022827,0.687636629676832,0.6716199602532014,-0.002237580819451728,0.04817027120359633,0.739324859039473,-0.5513653755187988,0.4065118730068207,0.39821377396583557,1.0447912216186523,-0.47635071897159253,-0.1228002196407918,-0.8624426126480103,-0.18547117710113525,0.19609028100967407,1.054365873336792,-0.3325848192903693,0.20955109807201389,0.25714752078056335,-0.1448838710784912,0.5198996663093567,-0.1538175493478775,0.5550423264503479,1.2031784057617188,-0.24860601127147675,-0.4102775454521179,1.2019065618515015,-0.08147371800300562,-0.5606655964660053,0.7622878224074693,-0.21196549818604304,-0.30441239994233404,1.1958334515126454,-0.3569497344246576,-0.4637942579730201,0.0031340946603449008,0.11410542935585252,-0.2805915967568849,0.019946775279916146,-0.2541602009389586,-0.5989458352895634,-0.005134094660344875,0.12515094405342583,-0.4499689160840647,0.010495833390121959,-0.34282739980329147,-0.424032811545376,0.36133449759173075,0.047792013978685426,-0.31134709186786996,0.3906364308955018,-0.4170928335426042,-0.6035789642390341,0.6081472808035616,0.15188219723423715,-0.3660742526401074,0.6173178726001369,-0.3429821475644764,-0.570389423825095,0.7735728678060897,0.08233051501906286,-0.39901422834283107,0.7847606559797485,-0.23506238054028178,-0.48320007868776227,0.9333489204179044,-0.04769605004713435,-0.41309249721918295,0.9456359102103314,-0.17864813439624277,-0.5936169267723107,0.6136037260101875,-0.05033959133572841,-0.5878225162492566,0.6002030430329051
2.333333333333335,0,tairan,69,-0.09313218295574188,-0.5806261301040649,0.6907961324713208,0.6746094221269168,-0.0010792499453164551,0.03970756035425266,0.737105333346501,-0.5233242511749268,0.3999593257904053,0.4100034236907959,1.0464425086975098,-0.4998814394405704,-0.10841220834098109,-0.8484992980957031,-0.18088875710964203,0.18361449241638184,1.0466620922088623,-0.32429649064395627,0.20727463780025301,0.25511229038238525,-0.15463678538799286,0.5180867314338684,-0.09993861615657806,0.5289445519447327,1.1982671022415161,-0.19541306793689728,-0.4020518660545349,1.2053955793380737,-0.08923344693765008,-0.5761266211000792,0.7655594542018611,-0.2259121205008475,-0.32701453628373933,1.2014049575216381,-0.3493560602041495,-0.4803014407842224,0.0032181225500000597,0.11005333769125489,-0.2924796361551131,0.023608886701459893,-0.2469637445453511,-0.6157438398424261,-0.005218122550000072,0.11938511335827903,-0.46195574570903103,0.014081754217405054,-0.3433155326558169,-0.4379048205967176,0.3584291238160882,0.04393207682907506,-0.3255053900084466,0.39515717093279806,-0.4096935816734141,-0.6304004209344802,0.6051495347203325,0.15475825636828094,-0.40091212630347106,0.6306624094145618,-0.3445275356755873,-0.5928796282129838,0.7733908517822474,0.07804609473611646,-0.42652036507409813,0.7962493248667054,-0.24566352625854093,-0.5006430703426688,0.9352102106898641,-0.05795223680437683,-0.43248877648565925,0.9522879429839197,-0.18519236374494863,-0.6056639223197615,0.615801217605621,-0.05668821005502998,-0.6010301142495058,0.6036785940917131
2.366666666666668,0,tairan,70,-0.10021459311246872,-0.5933140516281128,0.6950182090249346,0.6883544100380107,0.004092329002305406,0.03673322229623729,0.724432280758039,-0.4946288466453552,0.3891894221305847,0.42785727977752686,1.0238152742385864,-0.49479779827730574,-0.09878298839516608,-0.8213836550712585,-0.17265771329402924,0.16734682023525238,1.024021029472351,-0.3171964386008088,0.1867307834416242,0.25052767992019653,-0.16116392612457275,0.5087082386016846,-0.07179372012615204,0.5060694813728333,1.1824977397918701,-0.1590898483991623,-0.3903159201145172,1.2038136720657349,-0.09597707949317763,-0.589744987734374,0.7698132975083954,-0.2230556567673969,-0.3446867920886203,1.2108006790976806,-0.3477327345420541,-0.48410254400456804,0.003166039048576673,0.10360109446979267,-0.3131163421230691,0.02161234675129172,-0.24955726585429416,-0.6226382932627346,-0.005166039048576727,0.10665859312115146,-0.4828136725369154,0.011944474575327747,-0.3416537756244831,-0.4445207042716616,0.35936863344290376,0.04270219334322842,-0.3463360323461772,0.3950055663104439,-0.40908874000788903,-0.6342963843910371,0.6072663252224872,0.15671373368075522,-0.4362409715317162,0.6394800667634869,-0.3469700326057076,-0.6011442759296334,0.7775653801212552,0.07777018001644428,-0.45547055102056155,0.8048817076613339,-0.24958777746246508,-0.5117146668187197,0.9409963708588046,-0.05924805900810418,-0.4517410986672079,0.9596014132368955,-0.19333971776806255,-0.613433922442863,0.620336833188837,-0.06476279809324292,-0.6136914602127123,0.6080775738358949
2.4000000000000012,0,tairan,71,-0.10827720910310745,-0.6039179563522339,0.7012613385411723,0.6993517829186118,0.00704644363006233,0.034126633557700625,0.7139277304060586,-0.4611373841762543,0.38038867712020874,0.44495970010757446,0.9875391125679016,-0.4823945938539729,-0.09442993267011235,-0.7925494313240051,-0.1655881106853485,0.1580454558134079,0.9784402847290039,-0.2915424463959859,0.17424032500868025,0.23805665969848633,-0.16461017727851868,0.4856337904930115,-0.06896193325519562,0.48385870456695557,1.1558473110198975,-0.13848070800304413,-0.37968218326568604,1.1972531080245972,-0.10394263307333255,-0.6010025552832846,0.7760791966183004,-0.2200797210149657,-0.36449987794287364,1.224539449308645,-0.3495708357473261,-0.4904553057603834,0.0030261112568124096,0.09815360343999222,-0.3267068126340537,0.020148796409832276,-0.2546008270178181,-0.6312241203270631,-0.005026111256812231,0.0968140974973695,-0.4964352246295879,0.010637125405013124,-0.341429682841286,-0.45427774482825,0.3611187041041305,0.03947151287083077,-0.3667551136418985,0.3963717186957726,-0.41169396292895033,-0.6244833002688562,0.6102875965732242,0.15351329787068568,-0.46226915340602415,0.6492340701074375,-0.351298303222752,-0.6033447807659843,0.7831027911773097,0.07476446625680234,-0.47998108509444454,0.8148978054253431,-0.25392887860458274,-0.5223271047826681,0.9500555151554356,-0.06126514759617315,-0.4707251660907287,0.9698067575759148,-0.20195854396585,-0.6198964370009458,0.6268045576282603,-0.07343500981196252,-0.6242459540340254,0.6146783756014288
2.4333333333333345,0,tairan,72,-0.11332850158214569,-0.6160622835159302,0.7090794673070423,0.7015463383982691,0.005955430213257072,0.03309630437259172,0.7118299674555948,-0.42713645100593567,0.3770521879196167,0.4599080979824066,0.9389909505844116,-0.46224245402843067,-0.09813791017363638,-0.7638161778450012,-0.16351890563964844,0.15760773420333862,0.9175923466682434,-0.2573382381110447,0.17509771883071468,0.2198622077703476,-0.16212230920791626,0.4492303729057312,-0.08574999123811722,0.46338149905204773,1.122186541557312,-0.13378015160560608,-0.36949366331100464,1.1853383779525757,-0.10920982485584671,-0.6131551438652183,0.7839098424302201,-0.21693246303079172,-0.3900950455539106,1.2410075138519157,-0.3545714731869294,-0.5076656375974535,0.0027989459382223095,0.09586869284473873,-0.33752763411295506,0.019748006220639415,-0.2592022246218951,-0.6481895802804517,-0.004798945938222381,0.09479922617324274,-0.5072812645112614,0.010661686413711458,-0.34209401062145456,-0.4750472721686863,0.36361819004845497,0.03573990211033154,-0.38838712768127515,0.3985052068624411,-0.4125742564207089,-0.6130971531756668,0.6162261301307512,0.14712736322479741,-0.47724799657717676,0.6584092938409607,-0.35321020454153074,-0.608261439408618,0.7906167532187416,0.07121476577105679,-0.49942966987783116,0.8248569286141154,-0.256020060803603,-0.5379658870451625,0.9617173367122427,-0.06219080930784381,-0.4910074345007176,0.9816499707385032,-0.20686341238697406,-0.6307144173266528,0.6346695489047494,-0.07831951407996499,-0.636089170902935,0.6230937755369811
2.4666666666666677,0,tairan,73,-0.11784631758928299,-0.6241791248321533,0.7177313310960624,0.7052190734900541,-0.0011650315608954926,0.03380537120504908,0.7081821079107976,-0.393495112657547,0.3695613145828247,0.47624272108078003,0.8904225826263428,-0.4563206534774089,-0.09999582274410512,-0.730629026889801,-0.1615075320005417,0.1567232757806778,0.8559681177139282,-0.23748854185339763,0.18279071194713925,0.20396487414836884,-0.153311625123024,0.40141016244888306,-0.1050967425107956,0.45076969265937805,1.0911155939102173,-0.13606123626232147,-0.3651205003261566,1.1722966432571411,-0.11439404688123782,-0.6204648306046543,0.792559707032935,-0.21273675774806997,-0.41101158181956504,1.2578008576950213,-0.35214572891101203,-0.5269071476702678,0.0025753037670973693,0.09865756707455668,-0.3547625784506623,0.019478079606387023,-0.2572102733183229,-0.6677479375122041,-0.004575303767097541,0.09766354532240824,-0.5245436599985758,0.01091091734709728,-0.33844522324976944,-0.49470971503836264,0.36412083526729244,0.035283518259420096,-0.4112573564471569,0.3992132379913623,-0.4153058249789027,-0.5965468444788067,0.6260535565330919,0.14179360505497238,-0.48435223730011134,0.6684476219385271,-0.355949523938386,-0.6078898546051544,0.8001447103928708,0.06853799739302047,-0.5126992011076471,0.8351498408593937,-0.2574510451986858,-0.5488834466751921,0.9742720046858336,-0.06249117006276898,-0.5067044575609229,0.9938619220998013,-0.2108156454927753,-0.6379679344265129,0.642911765000794,-0.08221806060770866,-0.6448858681267762,0.6328414458579524
2.500000000000001,0,tairan,74,-0.12214788794517517,-0.6297644376754761,0.7248738325065994,0.7075041922468912,-0.007859249980282057,0.03808908481267932,0.7056382017443174,-0.36027851700782776,0.3622041642665863,0.4920333921909332,0.840378999710083,-0.44837945573423577,-0.11066049284157242,-0.6991243362426758,-0.15696434676647186,0.15345703065395355,0.8006380796432495,-0.22712679591189655,0.18103367240228796,0.1877577304840088,-0.14127054810523987,0.34951314330101013,-0.12168016284704208,0.4434029459953308,1.065062165260315,-0.13728269934654236,-0.36866891384124756,1.161889672279358,-0.11893752792107426,-0.6248988028321353,0.7996469505777815,-0.2046261320490799,-0.4296636337387642,1.2731892252114805,-0.35442244743638374,-0.5474441495435092,0.002310927954937203,0.09454190494972109,-0.37271996418916487,0.016808520993745024,-0.25948374467767066,-0.6883086012082267,-0.004310927954937271,0.09423352874786209,-0.5425230864119992,0.008635113656820972,-0.3371272265446691,-0.514523677734332,0.3645946587154386,0.03168602565747614,-0.4321586164524438,0.3974071860100705,-0.4195928509417937,-0.5802657100987698,0.6390635452965641,0.1384839606646465,-0.4878591720991579,0.6761352954622785,-0.35849951718057815,-0.6060186109002238,0.8110052705246754,0.06782805548972827,-0.5223970137463751,0.8427919627829497,-0.25680994672963,-0.5575584762054115,0.9862808986235136,-0.06078869166261093,-0.5195519487217346,1.0036980261301722,-0.21492346571808174,-0.643343969593692,0.6501951032735886,-0.08632913202442069,-0.6513992180277061,0.640925375489896
2.533333333333334,0,tairan,75,-0.12803977727890015,-0.6384707689285278,0.7322746635175552,0.7123251171477093,-0.010827033327676283,0.0352190327974888,0.7008818178256824,-0.33355745673179626,0.35541829466819763,0.507992148399353,0.7929818034172058,-0.42844315314306614,-0.10345750837695511,-0.6702299118041992,-0.15206120908260345,0.1500636339187622,0.7525564432144165,-0.20621715352438996,0.18320254648537548,0.17295421659946442,-0.12656579911708832,0.3044314682483673,-0.1320776790380478,0.43322741985321045,1.044596552848816,-0.13681374490261078,-0.37475714087486267,1.1543782949447632,-0.12541493764945927,-0.633611256801628,0.8070710227792748,-0.19963064337259917,-0.4566320675277472,1.2894077264394443,-0.35433088405459484,-0.5562632712036949,0.0021313709788193386,0.09397855949494925,-0.3861260525166483,0.018791702724940268,-0.2600172192229369,-0.6975633444138448,-0.004131370978819288,0.09263685379733809,-0.5559395631126655,0.01094495531742501,-0.3350217457808453,-0.5289835787934021,0.3672721353683368,0.029373093320971398,-0.45164071059782357,0.40053521800919545,-0.42279553782349505,-0.5682508616259953,0.6522076700177383,0.13603421859040027,-0.4971837846309806,0.6870797202850808,-0.3619902417921558,-0.6080810783686766,0.821547074802745,0.06608575382840687,-0.5382321962488531,0.8525542028655017,-0.2585358493953456,-0.5713716323020986,0.9982692059917024,-0.0614172274415449,-0.5389800299249989,1.0146160061213456,-0.2203175753448428,-0.6502141747574653,0.6569827418397682,-0.09175871144987202,-0.6600321425987355,0.6490679887967079
2.5666666666666673,0,tairan,76,-0.13257524371147156,-0.646844744682312,0.7379299674094935,0.716327571484145,-0.018090123826704375,0.03858351040415657,0.6964616791155518,-0.31271234154701233,0.35186412930488586,0.5226985812187195,0.7501654624938965,-0.41700819983243664,-0.10872173301292598,-0.6444538235664368,-0.14766626060009003,0.14637409150600433,0.7144390344619751,-0.2075056933808337,0.18345463958794195,0.16212595999240875,-0.11171070486307144,0.2643963396549225,-0.13746145367622375,0.42181557416915894,1.0292425155639648,-0.1362728476524353,-0.3820951282978058,1.1485329866409302,-0.13031934056776337,-0.6408701860456797,0.8126575764312175,-0.1935012117839533,-0.4737251421277896,1.2998804977545586,-0.3564382540995865,-0.573448620962952,0.001925403932353846,0.09199542735770758,-0.41027789626616207,0.01783271293385278,-0.26255531164362295,-0.7150528622947021,-0.003925403932353754,0.09009811219312648,-0.5800983026396154,0.010254469448621469,-0.3338794268158901,-0.5475054316490963,0.36837218655824605,0.027140851739612327,-0.47453123081861004,0.39959690620602206,-0.4239056160241531,-0.5621798067511219,0.6631192097189433,0.1348221613890676,-0.5064219147158746,0.6933307088895343,-0.363531867779607,-0.6106056466718905,0.8303600921461787,0.06556960123243213,-0.5508767812843113,0.8582167663786446,-0.2587801793874994,-0.580889424723448,1.0072184024397348,-0.060834519152793726,-0.5528196497629764,1.0214236207736753,-0.22453488314765108,-0.65817976588517,0.6624122460922907,-0.09604740765277647,-0.6695518042901059,0.6556269047753855
2.6000000000000005,0,tairan,77,-0.13603883981704712,-0.6551477909088135,0.7423011889734408,0.7205687313493588,-0.021755851932877136,0.039661348836686844,0.691906325825039,-0.2972327172756195,0.3508419692516327,0.5355151295661926,0.7152968645095825,-0.4005069982408853,-0.11037304612108279,-0.6221163868904114,-0.14414919912815094,0.14209960401058197,0.6817300915718079,-0.20265451252563205,0.18173948750806557,0.15556783974170685,-0.09790224581956863,0.23158369958400726,-0.13984815776348114,0.4121217131614685,1.018520474433899,-0.13708911836147308,-0.38962316513061523,1.143473744392395,-0.13400998238122933,-0.6486800121921802,0.8169942380207101,-0.1871834977004209,-0.49265738673747694,1.3089676494308253,-0.3592758435475055,-0.5837131415433958,0.0017736399712621163,0.09051778474393388,-0.42882604000691527,0.017340006700416792,-0.2658292308279765,-0.7256178921914471,-0.003773639971262125,0.08733258024426488,-0.5986353412717434,0.009947058963138224,-0.3332089368579756,-0.5612281586474653,0.370237922912976,0.025620091077627243,-0.49385747709142513,0.3995388360910815,-0.42416107851481377,-0.5591734548974835,0.6729364514518406,0.13450740290554225,-0.5149535869429015,0.698744161439065,-0.3641413349726937,-0.6149090584437312,0.8380144241999988,0.065824519179565,-0.563382579678621,0.862746778338478,-0.25819753327791206,-0.5916957085720655,1.014782254366969,-0.05961402863701104,-0.5674367791665152,1.0269593200493803,-0.22780859819844682,-0.6655113675742369,0.6665712437390418,-0.09943429983028378,-0.6783949108575764,0.6605975333926668
2.6333333333333337,0,tairan,78,-0.13826090097427368,-0.6627699136734009,0.7457593019082189,0.7217762140856122,-0.02115766402451425,0.035738959043008424,0.6908792780506507,-0.2824449837207794,0.3510209023952484,0.5459023714065552,0.6912063360214233,-0.3840313048920996,-0.10542133190796976,-0.6066902875900269,-0.1406945139169693,0.1366840898990631,0.6532778143882751,-0.18191432603885715,0.17943578830230944,0.14924439787864685,-0.08561966568231583,0.20810635387897491,-0.14088979363441467,0.4033929705619812,1.0115127563476562,-0.13737447559833527,-0.395384818315506,1.1400411128997803,-0.13658418013823437,-0.6567755529443372,0.8205005639171511,-0.18324186804230186,-0.5145839928470426,1.3172365865530276,-0.36039622774783187,-0.5885058221155767,0.0016976116867836281,0.0891486952396198,-0.43296929771938353,0.018764693806155697,-0.2661398113863083,-0.7298798633658445,-0.0036976116867836924,0.0854086159966759,-0.6027716827436396,0.011473476669710894,-0.33253593185046454,-0.5706847634984461,0.372313118434806,0.024166445481235477,-0.5047454919854376,0.4021598699727788,-0.4237488048509467,-0.5595165071061705,0.6812680082751367,0.13415207835985946,-0.5214899760700461,0.7046181026398503,-0.3641753819894862,-0.6217968615864,0.8441536397426012,0.06588061005124006,-0.5747281928065238,0.867296506547293,-0.25787585450056205,-0.6046986398502001,1.0210850247294665,-0.05897588308332391,-0.5825432598956894,1.0320451985097072,-0.2296660509592396,-0.6720191518886626,0.669588669989447,-0.10130208216661024,-0.6852853764091964,0.664290017165578
2.666666666666667,0,tairan,79,-0.13904103636741638,-0.6686491966247559,0.7469920019740084,0.7228358846188474,-0.019770509399255058,0.03446196261933587,0.6898766440442855,-0.26663073897361755,0.35254189372062683,0.5533231496810913,0.6781833171844482,-0.37846377635944983,-0.11036693531378061,-0.5979888439178467,-0.1405167132616043,0.13172946870326996,0.6313979625701904,-0.16413090749163484,0.17534953263003472,0.1445150375366211,-0.0757317915558815,0.18888738751411438,-0.14085036516189575,0.39697349071502686,1.007387638092041,-0.13747113943099976,-0.40012356638908386,1.1375300884246826,-0.1373503667833796,-0.6629393961092584,0.8217552269875861,-0.176857449838631,-0.5316018738833396,1.3220471184022418,-0.3631232297734297,-0.5968734557430975,0.0016370972406201216,0.08796931621047953,-0.4354580393911789,0.018155601381468264,-0.2683787791881965,-0.7379254743599055,-0.0036370972406202413,0.08322996809344908,-0.6052371434264465,0.010903400859740155,-0.33303626897319766,-0.5793003870779618,0.37275366368385165,0.023432339589457396,-0.512969194151867,0.40257915606072514,-0.42275202047745525,-0.5602169174274084,0.6875307097527573,0.13484158809209015,-0.526740064462569,0.70664734845102,-0.362860432227402,-0.627171978413251,0.8484331077132484,0.06743705562915786,-0.5835956810638357,0.8684609204050171,-0.2555296245053608,-0.6147053361068463,1.0248920534792898,-0.056355923854665105,-0.594251307597632,1.0340383416253802,-0.23044946223113544,-0.6769560135013286,0.6708612160694074,-0.10213386038617595,-0.6907810711638018,0.6655495697762674
2.7,0,tairan,80,-0.1395854651927948,-0.6744476556777954,0.7477146900567928,0.7254665496276914,-0.01785608878800668,0.0319633803042491,0.687282902292799,-0.252144992351532,0.3553851246833801,0.5598019361495972,0.6718102097511292,-0.3768145151264706,-0.11376305263030795,-0.5911431908607483,-0.14214444160461426,0.12680907547473907,0.6173732280731201,-0.15015553777098312,0.17401491666402003,0.14150410890579224,-0.06751731783151627,0.17195932567119598,-0.1407986283302307,0.39045435190200806,1.0047407150268555,-0.13908658921718597,-0.4036944508552551,1.1348589658737183,-0.1379480383881035,-0.6692093736919743,0.8225136154187009,-0.17163155205296785,-0.5489252721954314,1.3259779536811274,-0.3642835117655739,-0.6032982429528747,0.0016121582252844671,0.09001798269897036,-0.43866370794850496,0.01834717635042714,-0.2696918054099274,-0.7444545945859183,-0.0036121582252845626,0.0832226091824512,-0.6083728033929967,0.011091432268434981,-0.3330106048981349,-0.5854940876971889,0.3728098302013179,0.024542075701226948,-0.5202607018992944,0.4033743916700856,-0.42085094084238656,-0.560506576145822,0.6924452858129883,0.13591165652480133,-0.532336803178959,0.708967695416015,-0.3613798936648731,-0.632070619350534,0.8515092555609238,0.06891206549980819,-0.5929117404348401,0.8695955136266158,-0.25359544967243164,-0.6246118586667301,1.0277329382575016,-0.05415213075469638,-0.6063944922770559,1.0356496927000043,-0.23093494260999664,-0.6812539362503053,0.6714895693789589,-0.10272962895836338,-0.6962046140526373,0.6662688749413851
2.7333333333333334,0,tairan,81,-0.13948312401771545,-0.6789262294769287,0.7483045756281391,0.727936941854168,-0.015415380009276567,0.02835445832159491,0.6848840773710979,-0.2414414882659912,0.3585037887096405,0.5660613179206848,0.6693951487541199,-0.37484584242803365,-0.11294229310575221,-0.5831765532493591,-0.14466246962547302,0.12111085653305054,0.6090912818908691,-0.14077507817274793,0.17373060165405751,0.1401020586490631,-0.05980933830142021,0.158131405711174,-0.13950134813785553,0.3840862810611725,1.003894329071045,-0.1408039927482605,-0.4059140980243683,1.1326055526733398,-0.1379707476131792,-0.6743300882356664,0.8231483342410079,-0.1670207725933996,-0.5649137148852706,1.3293585238563292,-0.3636928845901322,-0.6055304968441837,0.001621361509026819,0.09346754013469535,-0.4413108768228461,0.01898632675866422,-0.2691298305910268,-0.74670536243193,-0.0036213615090266403,0.08448145245194764,-0.6109165486504331,0.011694803456167614,-0.33220009769942993,-0.5884174739305629,0.37307491089247563,0.026692337783682185,-0.5253939072039896,0.4043274764150986,-0.41842177340482906,-0.5611033757868095,0.6965889195437601,0.137069032830224,-0.536431465640164,0.7113303827960273,-0.3594688897971505,-0.6364999819134795,0.8540674053857551,0.07046359069386549,-0.6006347084060943,0.8707079938344895,-0.2515663031562873,-0.6334794825444733,1.0301137780765008,-0.051930239363532193,-0.6170742865210015,1.037077719257073,-0.23069599467016566,-0.6841956351408458,0.6718824580131251,-0.10259059225240612,-0.7000781659869356,0.6668551306838434
2.7666666666666666,0,tairan,82,-0.13836097717285156,-0.6826545000076294,0.7482810687951102,0.7300771963573759,-0.011765222950000799,0.025134609882617093,0.6828009360523307,-0.23249104619026184,0.3618066906929016,0.5712272524833679,0.6697689890861511,-0.3720460121564564,-0.1129473476602938,-0.5758101940155029,-0.1470770537853241,0.11424516886472702,0.6043936610221863,-0.1333116008448294,0.17025546308601924,0.1397387981414795,-0.05302547290921211,0.1467888206243515,-0.13655368983745575,0.3785916268825531,1.004686951637268,-0.14164039492607117,-0.4074738621711731,1.1309559345245361,-0.13681344213212468,-0.6787917815864768,0.823165543432358,-0.16097306678691642,-0.5797935492082192,1.3317640005808362,-0.3635465139224331,-0.6060390041242352,0.0016413979494667094,0.09586106224519365,-0.44286190407172044,0.01881150786825248,-0.26897626683192877,-0.7472075573956035,-0.0036413979494667494,0.08461466947218768,-0.6123293751691011,0.011443001272360413,-0.3314237746308033,-0.5897178614934516,0.37341684046648443,0.028888989783140855,-0.5288982121300347,0.4045534680778437,-0.41549175558716284,-0.5626106040554238,0.700206267727415,0.13889710938562613,-0.5399466666668974,0.7124659044508103,-0.3565829460649773,-0.6409785763610654,0.8562440108588419,0.07297465411916002,-0.6074300898155542,0.8707687209006393,-0.2482603266350539,-0.6416793431602821,1.0318511601007785,-0.048473868525116065,-0.6266914348715045,1.0375886387293454,-0.22959608892163422,-0.6864111288115895,0.671866756137232,-0.10159319507871767,-0.7030824805720687,0.6667176603564618
2.8,0,tairan,83,-0.13650894165039062,-0.6857305765151978,0.7481233465583604,0.7313857069498865,-0.008753060764128575,0.022135932841262487,0.6815484810884119,-0.22476844489574432,0.3651212751865387,0.5750921368598938,0.6716806888580322,-0.37123583837600016,-0.11321709270263636,-0.5692768692970276,-0.1493087261915207,0.10624535381793976,0.6021078824996948,-0.1285423951113165,0.1664790071582778,0.14036349952220917,-0.0470106415450573,0.13747307658195496,-0.13217301666736603,0.3742004930973053,1.0066462755203247,-0.141130268573761,-0.4081196188926697,1.1300537586212158,-0.1349753012071753,-0.68250729027414,0.8230383542190364,-0.1553571423110273,-0.5924458137970933,1.3334563588728128,-0.3624269235827432,-0.6070118539551986,0.0016670599644258294,0.09839191842463574,-0.4442273331812963,0.018601076296673756,-0.26768417892033597,-0.7480627649711099,-0.003667059964425845,0.0851694087544833,-0.6135481739337278,0.01114332027274565,-0.3300223620897842,-0.5909053490104887,0.373524955210195,0.03153792802719432,-0.5314445479914872,0.40465758354085213,-0.4125068280517222,-0.5654259344818072,0.7028522831332671,0.14091536474740018,-0.5427869960943345,0.7131603483219701,-0.35339817923351047,-0.6456312902565557,0.8578775479906425,0.07570496595050032,-0.6128833094561207,0.8706204224550774,-0.24473164582923418,-0.6488557344334998,1.0330786831304928,-0.044866591460196004,-0.6345787720346869,1.0378023773124099,-0.22771451476451585,-0.6883138931050968,0.6716839108897127,-0.09977480629488453,-0.7054629875936532,0.6664849892932951
2.833333333333333,0,tairan,84,-0.13406038284301758,-0.6888575553894043,0.7477227836645128,0.7320300547637092,-0.005146469798742977,0.019334978079953016,0.6809784661748852,-0.21798810362815857,0.369098037481308,0.5776695013046265,0.6737968921661377,-0.3684083636326092,-0.11459499045221322,-0.5642374753952026,-0.15130677819252014,0.09735732525587082,0.6020303964614868,-0.12399285708881935,0.16066418349003286,0.14115077257156372,-0.04220549389719963,0.13014213740825653,-0.12701931595802307,0.3689458966255188,1.0089409351348877,-0.13942353427410126,-0.4077240228652954,1.1297920942306519,-0.1324630103500736,-0.6863174442466505,0.8226627345352016,-0.14942473229498018,-0.6045910901743166,1.3346056931253738,-0.36220431082418003,-0.6076569389723439,0.001690375241152356,0.09999391485338817,-0.44451094580538586,0.01820458266823582,-0.26712352548213486,-0.7484784280391305,-0.0036903752411524687,0.0849560731625317,-0.6136751728980899,0.010633084176603448,-0.32883056638911845,-0.5920395615465464,0.3738223107136832,0.03404125810085475,-0.5330365686270582,0.40466042903442856,-0.408839408143552,-0.5693830140245061,0.7048076944581632,0.14307918624323898,-0.5458553192499936,0.7132175857293273,-0.3495173727046624,-0.6509219934488937,0.8590537807942015,0.07876177145737791,-0.6181582825626044,0.8700458862864872,-0.2406950557675807,-0.6560750062090683,1.0339135523025322,-0.04078917751275196,-0.642077622331927,1.0376415522705495,-0.2253168555548557,-0.6904146504758747,0.6713663553894111,-0.09741632573336553,-0.7078064131470762,0.6659435288666632
2.8666666666666663,0,tairan,84,-0.13406038284301758,-0.6888575553894043,0.7477227836645128,0.7320300547637092,-0.005146469798742977,0.019334978079953016,0.6809784661748852,-0.21798810362815857,0.369098037481308,0.5776695013046265,0.6737968921661377,-0.3684083636326092,-0.11459499045221322,-0.5642374753952026,-0.15130677819252014,0.09735732525587082,0.6020303964614868,-0.12399285708881935,0.16066418349003286,0.14115077257156372,-0.04220549389719963,0.13014213740825653,-0.12701931595802307,0.3689458966255188,1.0089409351348877,-0.13942353427410126,-0.4077240228652954,1.1297920942306519,-0.1324630103500736,-0.6863174442466505,0.8226627345352016,-0.14942473229498018,-0.6045910901743166,1.3346056931253738,-0.36220431082418003,-0.6076569389723439,0.001690375241152356,0.09999391485338817,-0.44451094580538586,0.01820458266823582,-0.26712352548213486,-0.7484784280391305,-0.0036903752411524687,0.0849560731625317,-0.6136751728980899,0.010633084176603448,-0.32883056638911845,-0.5920395615465464,0.3738223107136832,0.03404125810085475,-0.5330365686270582,0.40466042903442856,-0.408839408143552,-0.5693830140245061,0.7048076944581632,0.14307918624323898,-0.5458553192499936,0.7132175857293273,-0.3495173727046624,-0.6509219934488937,0.8590537807942015,0.07876177145737791,-0.6181582825626044,0.8700458862864872,-0.2406950557675807,-0.6560750062090683,1.0339135523025322,-0.04078917751275196,-0.642077622331927,1.0376415522705495,-0.2253168555548557,-0.6904146504758747,0.6713663553894111,-0.09741632573336553,-0.7078064131470762,0.6659435288666632
2.8999999999999995,0,tairan,85,-0.1317291259765625,-0.6915429830551147,0.7475648288855109,0.7327524023835966,-0.0029366251793410472,0.016516867243910105,0.6802885315291379,-0.21218663454055786,0.3734548091888428,0.5792960524559021,0.6758354902267456,-0.36734974640233453,-0.1156884921457555,-0.5599246025085449,-0.1533920168876648,0.08780694007873535,0.6040136218070984,-0.12258329108875365,0.15659093155482073,0.14219483733177185,-0.037404704838991165,0.12443455308675766,-0.12136827409267426,0.36356183886528015,1.0112749338150024,-0.13592584431171417,-0.4058411121368408,1.1305536031723022,-0.1302133727182744,-0.6895347748774322,0.8225226142848614,-0.14481131796532526,-0.6142724009584021,1.3355277939462304,-0.36103657641719544,-0.6087032337748707,0.0017133451806829042,0.10273862290869916,-0.4459704110797427,0.018377782829204575,-0.26577493863956514,-0.749400680090166,-0.0037133451806828505,0.08579956531454846,-0.6149497429289968,0.010693139987684404,-0.32711834254942734,-0.593202890114373,0.37392590509071416,0.037146583595633345,-0.5346476247770211,0.4050378327731369,-0.4051527638441274,-0.5733478327445237,0.705905017713341,0.14488950960274397,-0.5495696726900254,0.713139186758065,-0.34594798642655944,-0.6555701855002508,0.859833063378896,0.08125347777415814,-0.6230064241268458,0.8697184420752557,-0.23735579419412708,-0.6619180240781901,1.0345925124873196,-0.03742152652262477,-0.6481726249859725,1.0376807991410724,-0.222888986653207,-0.6922319352415348,0.6711219131094964,-0.09502130881152701,-0.7098973346565621,0.6657507494108702
2.9333333333333327,0,tairan,86,-0.12884226441383362,-0.6943492889404297,0.7471046585176973,0.7320570131962754,0.0002943208877480555,0.013815875377753008,0.6811031965810391,-0.2072984278202057,0.378517210483551,0.5801108479499817,0.6780722141265869,-0.36335287126394133,-0.11758855857878747,-0.5561414957046509,-0.15569956600666046,0.07781597971916199,0.6082644462585449,-0.12179945862917885,0.15055301917413177,0.14312544465065002,-0.033301856368780136,0.12056028842926025,-0.11490479856729507,0.358140766620636,1.0139412879943848,-0.13071301579475403,-0.40332451462745667,1.1321641206741333,-0.12729509370965428,-0.6929701023584277,0.8220760137621115,-0.13944618059072666,-0.6239938858095376,1.3360271491317028,-0.3612827325190084,-0.6094623414652051,0.0017353205711869296,0.10389660503615115,-0.4460044331282403,0.01822072471980872,-0.2652851973496276,-0.7496570108606383,-0.0037353205711870008,0.08561706971092148,-0.6148377133621741,0.010398827651729135,-0.3260516848837671,-0.5945453565788394,0.37432828586316985,0.03967481021437696,-0.5349871737990245,0.4051552048205949,-0.4013753665472403,-0.5789917957588254,0.7067187286660663,0.1466335434353426,-0.5531917826974099,0.7121870930609752,-0.3418274700716563,-0.6614122394488015,0.8604082946471333,0.0840921131697036,-0.6275120448257419,0.8687905168475333,-0.23331491288096742,-0.6682929702932615,1.0349908036153899,-0.0334089056856753,-0.6539912010356794,1.0372782876784346,-0.220027640640424,-0.6944609530342518,0.6707233603751667,-0.09212894084578463,-0.7118568617114319,0.6651704173564399
2.966666666666666,0,tairan,87,-0.12632012367248535,-0.6967841386795044,0.7469672684830656,0.7321308364132533,0.0021786628702462414,0.01086267483480442,0.681073927041963,-0.20412126183509827,0.3837514817714691,0.5806646347045898,0.680537760257721,-0.3608798559497992,-0.1176893076178076,-0.5511491298675537,-0.1582297533750534,0.06730950623750687,0.6149508953094482,-0.1260498000214636,0.1468453336183524,0.14493772387504578,-0.029467787593603134,0.11706193536520004,-0.1079283356666565,0.35335880517959595,1.0167884826660156,-0.12500430643558502,-0.4004526436328888,1.133928894996643,-0.1249046142191009,-0.6959136559287348,0.8219488568415952,-0.13579815204063417,-0.6321763625134121,1.3366042319381208,-0.36013016143077126,-0.6095254787997103,0.0017639474810781063,0.10659938469739233,-0.4487374893265328,0.01855901100312389,-0.2637501563909961,-0.7494552361989862,-0.0037639474810780733,0.08660382747495467,-0.6173697458648597,0.01060038385039569,-0.32431817810033037,-0.5952302623462451,0.374625143291318,0.042986915497461795,-0.536071083451106,0.4055051206852838,-0.3978896459175857,-0.5842168236240628,0.7069192629889128,0.1482232283760332,-0.5571157662242096,0.7118481330033314,-0.33839290531411736,-0.6664946798896979,0.8607050114510613,0.08631768928416186,-0.6318079470053338,0.8685272527483464,-0.23030425718980596,-0.6736056769479889,1.0353587554497516,-0.030416384127032306,-0.6590054543989179,1.0373225792600913,-0.21736506713015943,-0.6962816203764755,0.6704419702115044,-0.08945714460839384,-0.7136365561412329,0.6650451052030991
2.999999999999999,0,tairan,88,-0.1232466995716095,-0.699164628982544,0.7462361856911182,0.7319886617257514,0.0034110670277919743,0.010703028027768954,0.6812241987170685,-0.20315337181091309,0.38957756757736206,0.5810959339141846,0.6831579208374023,-0.35839018028154146,-0.12251979612262076,-0.5461196303367615,-0.16111984848976135,0.05653837323188782,0.6240834593772888,-0.13802736941368687,0.14077605312250252,0.1476876139640808,-0.02672201208770275,0.11420268565416336,-0.10067900270223618,0.34798792004585266,1.0197738409042358,-0.12000106275081635,-0.39725807309150696,1.1352487802505493,-0.12172297008682385,-0.698445484087044,0.8212172571630334,-0.13041905528212916,-0.6372240692140231,1.3362209829492018,-0.3609860007810073,-0.6117716214099455,0.001775648751861314,0.10739356306013045,-0.45527766758171107,0.017116409859498537,-0.26414738453811715,-0.751383460092012,-0.003775648751861198,0.08581777470038107,-0.6237076540673597,0.009003148548565085,-0.3233978632392171,-0.5971538261888099,0.37473491154232474,0.04576655347255755,-0.538529094889163,0.4039519819276582,-0.39386113380376414,-0.5901589253537857,0.7063642423975978,0.14994503031456805,-0.5604636310527185,0.7096306418918593,-0.3340603694428135,-0.6713245584014257,0.8606223792915393,0.08921694220141521,-0.6349778350328431,0.8668543580529322,-0.22613034166005308,-0.6775278741346088,1.0352034052589671,-0.026282283164077297,-0.6623088979182623,1.036352830469813,-0.21440072867416463,-0.6985187158500217,0.6698485153273228,-0.0864868647708281,-0.7157291447471078,0.6642911655712799
3.0333333333333323,0,tairan,89,-0.12159102410078049,-0.7031508684158325,0.7462398726763909,0.7326538499252606,0.004264634577750621,0.007956412798955929,0.6805415818133264,-0.20363713800907135,0.39538049697875977,0.5813145041465759,0.686048150062561,-0.35539656462181024,-0.12083732931595947,-0.5410521626472473,-0.16468067467212677,0.045959293842315674,0.6340852379798889,-0.1473485296341277,0.1392341850196568,0.15063554048538208,-0.023585766553878784,0.11316235363483429,-0.09450555592775345,0.342436283826828,1.0223515033721924,-0.11570390313863754,-0.39301252365112305,1.1364021301269531,-0.12028129045625831,-0.7028073430943553,0.8212276489344845,-0.12872461412757882,-0.6446080726666316,1.336584147239419,-0.35989408067085504,-0.6121797094450173,0.00181237279333972,0.11073769859040737,-0.462281397880538,0.017809196927799427,-0.2629104093424751,-0.7516878802908636,-0.0038123727933396835,0.08709402248680555,-0.6304265002417039,0.009550799246589067,-0.3220289095286783,-0.5987275557183187,0.3751552889042567,0.049176168047191625,-0.5419796991302632,0.40435104756598284,-0.39076045884953836,-0.5967192037461433,0.7056594004697863,0.15029423243793805,-0.565815660512042,0.7093200486256945,-0.3315199299465619,-0.6773168066138373,0.8604306844711965,0.09014552096863573,-0.6403212329098801,0.8667704103096907,-0.2245050372109319,-0.683252655251092,1.0353710401199967,-0.02467177085663233,-0.6678419689059882,1.0365377896836898,-0.21252475172413765,-0.7019594316950579,0.6695933472907724,-0.08461896379900616,-0.7192711429133957,0.6643839017758961
3.0666666666666655,0,tairan,90,-0.11889369040727615,-0.7060219049453735,0.7453531398805677,0.7332282079303462,0.005413345196894323,0.007936546532789858,0.679914775555117,-0.2047397643327713,0.4015659689903259,0.5810626149177551,0.6897881627082825,-0.3525457806284904,-0.12512347880346963,-0.5371460318565369,-0.168260395526886,0.03564968705177307,0.6444085240364075,-0.15981952025008606,0.13395728950739727,0.15357033908367157,-0.021394405514001846,0.11294008046388626,-0.08913624286651611,0.3370720148086548,1.0247471332550049,-0.11194007098674774,-0.38856041431427,1.1374390125274658,-0.11746870343088484,-0.7058078612668389,0.8203392959190046,-0.1239647550253074,-0.6485436289789944,1.33582698822186,-0.3610258553030592,-0.6137487969258894,0.0018304127095759397,0.11198600466474654,-0.469749318642511,0.016505096991200223,-0.26391347977439006,-0.7531659464260588,-0.0038304127095760247,0.08637700262796671,-0.6375984429450885,0.008087823944774523,-0.32139297490323715,-0.6002653670289106,0.37531880088963154,0.05213850284655855,-0.5451127491897784,0.40278493992423703,-0.386778308778257,-0.6021056823872513,0.7046531280197417,0.1514540182815403,-0.5699792939784725,0.706668509501751,-0.32755063021562114,-0.6816615873724243,0.8599673394694326,0.09249531664289723,-0.6439599229580865,0.8648149677012134,-0.22082566217486008,-0.6867627690051749,1.0349052523643205,-0.02100819169450731,-0.6711114471555477,1.0353519235999336,-0.20994446931820818,-0.7045711918387605,0.6688426740535646,-0.08206735914727771,-0.7219830347708039,0.6634631948016345
3.0999999999999988,0,tairan,91,-0.11708975583314896,-0.7096607685089111,0.7450990680163055,0.7337080639500189,0.0059175824707642126,0.005762535299075647,0.6794146394502725,-0.2058255821466446,0.4071671962738037,0.5802095532417297,0.6941474676132202,-0.351640846448249,-0.12463844951526815,-0.5345231890678406,-0.17175675928592682,0.02579650469124317,0.6530699729919434,-0.16662865795494386,0.13240495070329927,0.15575654804706573,-0.01914159208536148,0.11364315450191498,-0.08533281087875366,0.3326680660247803,1.026650309562683,-0.1085226759314537,-0.3844181299209595,1.1384884119033813,-0.11585247921637096,-0.7097247625792134,0.8200888343269999,-0.12246397560538004,-0.6539098977748474,1.3357308840358155,-0.3598598517226798,-0.61493785989717,0.0018674737455032023,0.11527578752624129,-0.4753130618329001,0.017066293330786544,-0.26267420688620147,-0.7543009138784649,-0.0038674737455029126,0.08776026167173713,-0.6428535469875718,0.008517511482630732,-0.3200731859758635,-0.6018869525777341,0.3754658983048387,0.05555857331074931,-0.5480600091350419,0.4030956857830721,-0.38375480114574967,-0.6075105171365073,0.703595360726981,0.1520117569239905,-0.574907707233249,0.7059642093113809,-0.32509613295911655,-0.6865473007172409,0.8593898140683978,0.09353630119555112,-0.6485621838421768,0.8644419785945975,-0.2192020200219141,-0.6913473988272184,1.034671399237365,-0.019396776303408192,-0.6755441422852022,1.0352250825906457,-0.2079484096414743,-0.7078254555757942,0.6683613751160448,-0.08007593386325967,-0.7253165376070875,0.6632767179834778
3.133333333333332,0,tairan,92,-0.11430037021636963,-0.7124075889587402,0.7441924300221168,0.7327756924478652,0.00874810689396939,0.0039386184858874115,0.6804026326137678,-0.2064063847064972,0.41218194365501404,0.5787244439125061,0.6985512971878052,-0.34697658225168704,-0.12558867359302672,-0.5324227809906006,-0.17503665387630463,0.01656741462647915,0.6605081558227539,-0.16947263770945264,0.12672089856273827,0.15685929358005524,-0.01723615638911724,0.11454018205404282,-0.08298301696777344,0.3297872543334961,1.0280343294143677,-0.10501687973737717,-0.38122811913490295,1.1396785974502563,-0.1129746163889705,-0.7129671720137668,0.8191786237086459,-0.11817409030660643,-0.6600511984462729,1.3351394363028641,-0.3605199496672036,-0.6145949126449345,0.0019002467117355329,0.11612354525339885,-0.47630597007632836,0.01659851054192435,-0.26273669973874436,-0.7535365921708159,-0.0039002467117356214,0.08739904995954473,-0.6436360993698318,0.007907641728464504,-0.31944934919488566,-0.6025017053367475,0.3759518721328132,0.058021660717715175,-0.5483249991613771,0.4027060669364555,-0.3806392011683914,-0.6121238958576498,0.7033936794425598,0.15335255672809064,-0.5780582536225524,0.7042140151575537,-0.3215990649832675,-0.6912161911777254,0.8590157708833707,0.09594791764614133,-0.6519799006434014,0.8629586582727286,-0.2156736882323251,-0.6961619331177497,1.0341635695701652,-0.015928612014702304,-0.6796063539319795,1.0342107356568813,-0.20525499538673128,-0.7103182210964779,0.6675710365318597,-0.07733761964390096,-0.727375027810049,0.6622517858414267
3.166666666666665,0,tairan,93,-0.11277565360069275,-0.7147459983825684,0.7439396632006818,0.7320435326580593,0.009200822106627711,0.0018894859905441842,0.6811931011165356,-0.20776428282260895,0.41634732484817505,0.5771722793579102,0.7029489278793335,-0.3469703079338775,-0.12446903301302181,-0.5290573239326477,-0.17881666123867035,0.008110367693006992,0.668067216873169,-0.17612276213042732,0.1262340891875504,0.15872982144355774,-0.015023217536509037,0.11406802386045456,-0.08059182018041611,0.3282467722892761,1.0293688774108887,-0.10194259136915207,-0.37907981872558594,1.1406586170196533,-0.11162804521923357,-0.7155632430071002,0.8189264294079699,-0.11703309299723066,-0.664624252939291,1.3350832858226966,-0.35932838618494556,-0.615434428036377,0.0019375398175962254,0.11861978669220302,-0.4800347178148856,0.01706691534667316,-0.2611407001375101,-0.7540874545014724,-0.003937539817596113,0.0887651111075515,-0.6471610928860434,0.00826503479136556,-0.31848980849243386,-0.6035658786863716,0.3760263942701592,0.060666673146936634,-0.5496833653612114,0.40287161873205,-0.3791208372780064,-0.6164196383388716,0.7029753736087598,0.15380970137405278,-0.5805125665357888,0.7039161889412042,-0.3199709628229504,-0.6952588345367231,0.8586841970549471,0.09685374429504348,-0.6545464203539405,0.8627701207345808,-0.2143390065404141,-0.6999859796638644,1.0339558433962828,-0.014661924298692883,-0.6826300940946715,1.0341006313170378,-0.20355350461903776,-0.712615586227011,0.6671007146504139,-0.07557953982431746,-0.729278749252917,0.6620797882179909
3.1999999999999984,0,tairan,94,-0.11103108525276184,-0.7167870998382568,0.743115524313583,0.7330377195183628,0.010138218783980392,0.0013899827920244563,0.6801110102263043,-0.2100663185119629,0.4209218919277191,0.5755259394645691,0.7076644897460938,-0.3456645144391657,-0.12646060514125113,-0.5255614519119263,-0.18331189453601837,0.0007368279621005058,0.6765047907829285,-0.18581953781512572,0.12442171316125039,0.16239933669567108,-0.013888204470276833,0.11310867965221405,-0.07702460885047913,0.3262537717819214,1.0312066078186035,-0.1005324125289917,-0.37788787484169006,1.140732765197754,-0.1098439816474963,-0.7177600529647328,0.8180998169837419,-0.1143445774289183,-0.6683610121140687,1.3344158639648722,-0.35966568860592846,-0.6152992397051986,0.001964649944058452,0.12097297036524385,-0.486043312436027,0.01631310802191361,-0.2617519522617085,-0.754143554093478,-0.00396464994405845,0.08923441405180786,-0.652815812240901,0.007391373214591754,-0.3179293285056094,-0.6035693449717824,0.3761094007608888,0.06359971821947193,-0.5521483416816894,0.4017207464198975,-0.37696065368740667,-0.6200512090389224,0.7022077059762313,0.1550497323207871,-0.5827598111202841,0.7027497257168523,-0.3177125488321786,-0.6984260117196085,0.8581134999031907,0.09855423020199862,-0.6570327253957476,0.8616564802918034,-0.21214644198906735,-0.7029075486981969,1.0333544728694848,-0.01248212824221305,-0.685405426266844,1.0332047184181568,-0.20184959110832876,-0.7142887178433918,0.6663197585475018,-0.07391744273558787,-0.7311884929809856,0.6612501775321844
3.2333333333333316,0,tairan,95,-0.11023347079753876,-0.7195512056350708,0.7427342277294453,0.733723502755733,0.010421000609017692,-0.00022710095195624044,0.6793682158265298,-0.21307754516601562,0.4250214099884033,0.5740723609924316,0.7127252817153931,-0.34557820616024526,-0.12500965216109883,-0.5216888189315796,-0.18793393671512604,-0.005939361173659563,0.6843122243881226,-0.19411792063011601,0.12562186299938005,0.16549833118915558,-0.012909888289868832,0.11258774995803833,-0.07477099448442459,0.3238382339477539,1.032436728477478,-0.10006427764892578,-0.3769809305667877,1.140433430671692,-0.1091965107047997,-0.7207212683707125,0.8177179304051649,-0.11422345938309847,-0.6729237495504378,1.3341801370047757,-0.3588357397479856,-0.615309161536788,0.002004965576479018,0.124129855819993,-0.4922508170641819,0.016569547946663495,-0.2610715416192818,-0.7542553464134814,-0.004004965576479044,0.09074487855229882,-0.6586962791306493,0.00755004406254161,-0.31734667495950875,-0.6040611758893859,0.3762074746035427,0.06635382465769867,-0.5551246659206553,0.4014977664327243,-0.3755020059829525,-0.6239222012127424,0.70127977882061,0.1554310699265175,-0.5852477233443798,0.7029055929896685,-0.31664971943349096,-0.7021575376172676,0.8574053843750447,0.0989945546991376,-0.6600242119944255,0.8615969938226292,-0.21168892818474355,-0.7066468723494279,1.0329163614033108,-0.01204322202787253,-0.6889334254301659,1.0330198571172284,-0.2009006389911349,-0.7167396926891979,0.6657495560473631,-0.07298068814504083,-0.7337335300372912,0.6609546091484315
3.266666666666665,0,tairan,96,-0.10868889838457108,-0.7216026782989502,0.7418466207062914,0.7342847623897041,0.011633123781176067,-0.0006916220820017474,0.6787415412454754,-0.2157483696937561,0.42879509925842285,0.5725917816162109,0.7175977826118469,-0.3440906795281047,-0.1261799823551255,-0.5187766551971436,-0.1923508495092392,-0.011998300440609455,0.6911903023719788,-0.20138293676037589,0.12403116433045058,0.1679166555404663,-0.012261055409908295,0.11250794678926468,-0.0736129879951477,0.32174307107925415,1.033225417137146,-0.09987512230873108,-0.3758434057235718,1.140101671218872,-0.10758069286328277,-0.7229543970243614,0.8168262495197895,-0.11179455629656009,-0.6764277105799075,1.3334115454101303,-0.35925652505391914,-0.6150348445592175,0.002034322962733884,0.1259763204754366,-0.4969556266227089,0.0157901493522595,-0.2616001194705189,-0.7540542604160027,-0.004034322962733913,0.09107936408372694,-0.6630850767256665,0.006668294108723306,-0.3170547730146798,-0.6040861165365966,0.3763413182385308,0.06877195953968332,-0.5572110535384972,0.4003892632305408,-0.3734497960116935,-0.6265765063004184,0.7006382807626508,0.15641746400410197,-0.5870589036296638,0.7017755337488313,-0.31458712823797286,-0.7048475954042943,0.856742051239926,0.10047573621356429,-0.6622694154649162,0.8604370168046027,-0.209714696220863,-0.7094834299863431,1.0322212488841336,-0.010082171461777173,-0.6916225541238259,1.0320507445242373,-0.19943165596381138,-0.7185179995346022,0.6649425603676694,-0.07153455394913333,-0.7355893757502849,0.660033982339916
3.299999999999998,0,tairan,97,-0.10795989632606506,-0.7240861654281616,0.7414749367606973,0.7343112269110033,0.011751312898508278,-0.0016904198616413645,0.6787091211692309,-0.21831586956977844,0.43160367012023926,0.5711247324943542,0.7218674421310425,-0.34472442486613475,-0.12534231913844085,-0.5170588493347168,-0.1963036060333252,-0.017764536663889885,0.6967002749443054,-0.20638337748278301,0.12452514379435675,0.16951172053813934,-0.011391676031053066,0.11321499198675156,-0.07311738282442093,0.32024475932121277,1.0338491201400757,-0.09937382489442825,-0.3743627667427063,1.1400755643844604,-0.10694973198096487,-0.7255526290838147,0.8164537941295752,-0.11147562145750874,-0.6794118640291846,1.3330694585534753,-0.3585886722109647,-0.6160768820253921,0.0020662415547933674,0.12817264679138501,-0.501190792605728,0.015974331214840987,-0.2609034572919903,-0.7550732540541052,-0.004066241554793303,0.09211362533543417,-0.6670675214369433,0.006773363662743552,-0.3166653136657219,-0.605228056179662,0.37633393866242304,0.07079718653865982,-0.5595099079146634,0.40026622475496665,-0.3723905305972184,-0.6297210219516275,0.6999272276443055,0.15648815371377234,-0.5893865605414064,0.7014033222033662,-0.3137085801573673,-0.7078519257721109,0.8561692026860249,0.10079067303581904,-0.6646965504766478,0.8601035435839647,-0.20918537832188402,-0.7123831981402737,1.0318015982528295,-0.009579915543126927,-0.6942216560503799,1.0317514206164997,-0.1986069595078467,-0.7209363625819436,0.6644423109721097,-0.07069701895904346,-0.7379149960135531,0.6597115266643383
3.3333333333333313,0,tairan,98,-0.10656513273715973,-0.7261818647384644,0.7407477703392458,0.7335867622183677,0.01355415307466,-0.0027599200529069947,0.6794550243200077,-0.22057956457138062,0.43390628695487976,0.5695802569389343,0.7256420850753784,-0.3420097841567187,-0.12451218195052349,-0.5162742733955383,-0.19972974061965942,-0.023133765906095505,0.701240062713623,-0.2075335192826595,0.12188992393736564,0.17046186327934265,-0.011010843329131603,0.11442924290895462,-0.07302773743867874,0.3192492425441742,1.034346342086792,-0.09876781702041626,-0.37309640645980835,1.1401304006576538,-0.10548741324845173,-0.7279546230607625,0.8157190705056053,-0.10956752831622874,-0.6832895612574175,1.332465969206202,-0.3588691590255592,-0.6155848626459232,0.0020965019406014827,0.12897141498904607,-0.5018869138438632,0.01567929107470958,-0.26084288058852517,-0.7543382245465,-0.004096501940601415,0.0921314093516468,-0.6675869677831086,0.006389182939302594,-0.31652518700669796,-0.6055899244460372,0.37667067878823185,0.07228170079634627,-0.5599536780621865,0.39998704328511075,-0.3710151076972641,-0.6326566039747041,0.6995937145541687,0.15705427357236604,-0.5909124916129693,0.7005417656652185,-0.31206964571587775,-0.7109724473232555,0.8556437879170935,0.10193395395463607,-0.6667133665499393,0.8592097899429452,-0.2075109817279992,-0.7156877018861677,1.0312118081938337,-0.007961408770568917,-0.6969232225892179,1.0309946694789267,-0.1972891719477564,-0.7229568976416364,0.6637924878359962,-0.06934282060252557,-0.7395806604383169,0.6589064885489775
3.3666666666666645,0,tairan,99,-0.10619410872459412,-0.7279657125473022,0.7404682999559852,0.7334327981577801,0.013641088406100808,-0.003572638221558302,0.6796156910708315,-0.22296875715255737,0.43571364879608154,0.568189263343811,0.7290045619010925,-0.3425210479851679,-0.12338101566732984,-0.5153574347496033,-0.2032194435596466,-0.027897542342543602,0.7050802707672119,-0.21040482074764877,0.12233988555960329,0.17152445018291473,-0.010768309235572815,0.11508305370807648,-0.07324978709220886,0.3189244568347931,1.0346555709838867,-0.09861261397600174,-0.37242865562438965,1.1399394273757935,-0.10519654757312998,-0.7298306389423265,0.8154384735004704,-0.1098130264255153,-0.6854551634517736,1.3322046467259807,-0.3583646555307581,-0.6161525088342273,0.002123523531727508,0.13062353360795917,-0.5045327575482594,0.015902498040036683,-0.2602907362597308,-0.754869777989178,-0.004123523531727572,0.09287608515977794,-0.6700249525545596,0.006550304305483569,-0.31636325902667456,-0.6063213123835555,0.37668289298274665,0.07370367935232183,-0.5614324444250394,0.4000165562037254,-0.37064859220612695,-0.6348108004185178,0.6990780205832529,0.1570395587877073,-0.5923662938677142,0.700489175212522,-0.3117788044944261,-0.7131174647489356,0.855161263182805,0.10199362186247149,-0.6683340889848389,0.8591031819623473,-0.20742927942590955,-0.7178255967286354,1.0308413256178517,-0.007907817282123475,-0.6987633151444753,1.0308197661203744,-0.19684101986546487,-0.7247417779547514,0.6634046279517862,-0.0688761460748218,-0.7412280549885017,0.6586625458241684
3.3999999999999977,0,tairan,100,-0.10516951978206635,-0.7298134565353394,0.7398136494013411,0.7328846878408417,0.014863426853173354,-0.004003239897171821,0.6801787169126493,-0.22557196021080017,0.43757888674736023,0.5669856071472168,0.7321298122406006,-0.3403760308352022,-0.12301238856763819,-0.5146301984786987,-0.206894651055336,-0.03203996643424034,0.7086359262466431,-0.2122048348621135,0.12093031440816926,0.17274747788906097,-0.01111664529889822,0.11579806357622147,-0.07353246957063675,0.31891804933547974,1.0349212884902954,-0.09890604764223099,-0.37216848134994507,1.1394562721252441,-0.10409313877453749,-0.7318558710142821,0.814778107293217,-0.10855610267252551,-0.6883724224323247,1.3316204825702846,-0.3588577369260077,-0.6161022944069198,0.0021472592740539934,0.13149278808662412,-0.5060327395044204,0.015486773111037105,-0.2605175479730953,-0.7546287766150268,-0.0041472592740540645,0.09305278424150604,-0.6713615329367961,0.006065723987816532,-0.31644585441785694,-0.60689235518904,0.3769357656882082,0.0749507947144488,-0.5623610004892277,0.3995369204663013,-0.36989115792423183,-0.6373017140834157,0.6987329252176678,0.15755242763139757,-0.593274919117709,0.6999374981269336,-0.3107159173462338,-0.7157165731128139,0.854646250466358,0.10288245742926186,-0.6697935473553932,0.8584167021093135,-0.20625237360050364,-0.7204936735288916,1.0302564286679516,-0.0067847315495860455,-0.7008764724128066,1.0301559547008643,-0.19590428968731166,-0.7266105638018292,0.6628332515185917,-0.06791235438102618,-0.7428062732387304,0.6579481955677285
3.433333333333331,0,tairan,101,-0.10504096746444702,-0.7316751480102539,0.7396220645133645,0.7326650286483004,0.01475013412306775,-0.004547483460739779,0.6804143662014427,-0.22843176126480103,0.4389783442020416,0.5661749839782715,0.7348050475120544,-0.34046241702620605,-0.12140294396086349,-0.5137943625450134,-0.2105264514684677,-0.035864271223545074,0.7116701006889343,-0.21481085909303865,0.12212622450256394,0.17383995652198792,-0.011471294797956944,0.11659890413284302,-0.07410690188407898,0.3192659020423889,1.035092830657959,-0.09936190396547318,-0.3718710243701935,1.1388781070709229,-0.1040353043053431,-0.7337603100877431,0.8145863276039934,-0.1093236376208627,-0.6901830472565083,1.3314119301513958,-0.3584703002243415,-0.6167491188244343,0.0021715987872825,0.13309653358670034,-0.5089301833756632,0.015718125363260983,-0.260012798969687,-0.7551900242361649,-0.004171598787282377,0.09390246011862372,-0.6740791345573566,0.006249834674563144,-0.3164455671096084,-0.6078718084845681,0.3770067838939768,0.07612300860218747,-0.5641395398246944,0.39956050102023905,-0.3699613445549915,-0.6394928301137731,0.6982239771932046,0.15736538770126085,-0.5944879518689813,0.7001266712548475,-0.31082404007063263,-0.7178432467171203,0.8541840863255539,0.10269270215297603,-0.6712395270998661,0.8584922526123013,-0.20653604656482982,-0.7225214074674506,1.0299146546813374,-0.007102272918179275,-0.7025633901473739,1.0300945816333995,-0.19570912527283238,-0.7285535408624205,0.6625384452323593,-0.06769556343868766,-0.7445793330684423,0.6577956997400087
3.466666666666664,0,tairan,102,-0.1041947603225708,-0.7335056066513062,0.7390262045774771,0.7319265024479784,0.015945400191658153,-0.004734952544397228,0.681180533670333,-0.2312447875738144,0.44036605954170227,0.5656613707542419,0.7371397018432617,-0.33766441832262717,-0.12058504961513816,-0.5130769610404968,-0.2141435742378235,-0.039423901587724686,0.7143998742103577,-0.21618921961414928,0.12081066025926157,0.17480824887752533,-0.012316416017711163,0.11765482276678085,-0.07461151480674744,0.31974467635154724,1.035354733467102,-0.09976405650377274,-0.3715364634990692,1.1382267475128174,-0.10308535147901136,-0.7357400394253326,0.8139847032430467,-0.10836310653315812,-0.6927132855087107,1.3308553323664718,-0.35916848083246783,-0.6166937816490482,0.0021921411621544963,0.13358324871330318,-0.510298738517557,0.015235628324929001,-0.2603164032316071,-0.7548513282876481,-0.004192141162154647,0.09387816468564159,-0.6753222463201415,0.005709444677387418,-0.31672234168687996,-0.6086389755566936,0.3773378418940446,0.07698920343894394,-0.5651116466885029,0.399035368499299,-0.3695370963411715,-0.6420200744602932,0.6978935396620152,0.1576425151830455,-0.5952846363280136,0.6996110895856696,-0.3100324901691836,-0.7203894372145648,0.8537043513214573,0.10336081956469431,-0.6725413989020653,0.8578654871913646,-0.20558088838507116,-0.7250279507253257,1.029357248768214,-0.006209365512765172,-0.7044570183527565,1.0294895699711455,-0.19497656155817,-0.730489618550729,0.6620508653592456,-0.06692910592084655,-0.7461494264438979,0.6571339181354026
3.4999999999999973,0,tairan,103,-0.10428016632795334,-0.7352339029312134,0.7389841072753401,0.7319518578469004,0.01560884802745637,-0.005149025238039706,0.68115807944766,-0.23407389223575592,0.44135430455207825,0.5655800700187683,0.7389453649520874,-0.33751649190729904,-0.11846719822701623,-0.5120126605033875,-0.21769140660762787,-0.042889680713415146,0.7167210578918457,-0.2187188835039593,0.12244738587477544,0.17588019371032715,-0.013129618018865585,0.11834326386451721,-0.07506466656923294,0.320537805557251,1.0357096195220947,-0.10017909854650497,-0.3710671365261078,1.1374857425689697,-0.10325067817460001,-0.737473736749421,0.8139435849856932,-0.10962461202378633,-0.6941754291152272,1.33077857221283,-0.3586318558869874,-0.6171026542037195,0.0022128142621084257,0.13525728595247863,-0.5135063730115524,0.015530515094647653,-0.25970937894551244,-0.7552078852915827,-0.004212814262108379,0.09475281037007952,-0.6783334646790885,0.005969275100980137,-0.31666101856567336,-0.6095401764930185,0.37744702900932464,0.0780817693339867,-0.5671444299135547,0.3991105594920193,-0.36986086335145174,-0.6439733380183276,0.6973816731280745,0.15731693880448167,-0.5965627951135966,0.7000294112305446,-0.31046636625791174,-0.7222119659087587,0.8533001615282518,0.10292269690402106,-0.6739726522903358,0.8581703125309962,-0.20621554776930343,-0.7267384798831781,1.0291057892737996,-0.006864527833443088,-0.7059757713324843,1.0296212348782745,-0.1949849636926657,-0.7322729803191689,0.6618941813724659,-0.06692663542456354,-0.7478523191259486,0.6571443189686188
3.5333333333333306,0,tairan,104,-0.10354112088680267,-0.7367520332336426,0.7384365517471486,0.7317338229860649,0.016380566323162912,-0.004582844523339708,0.6813782260104924,-0.23672890663146973,0.44250014424324036,0.5657704472541809,0.7403051257133484,-0.3348664760784983,-0.11864932566290998,-0.5110359191894531,-0.22125139832496643,-0.04621044173836708,0.7188896536827087,-0.2215057894450525,0.12120055102866645,0.17709922790527344,-0.014514652080833912,0.11890114843845367,-0.0753142386674881,0.32122305035591125,1.0362428426742554,-0.10063391178846359,-0.37040314078330994,1.136592984199524,-0.10236993005493619,-0.7390183629671006,0.8133931529345997,-0.10867252232710108,-0.6957105687356002,1.3302281971237697,-0.3595605832509795,-0.6172943022426175,0.0022237984830113487,0.13560522457598523,-0.5160304659688669,0.014755842103079404,-0.26040682790312375,-0.7552325539851319,-0.004223798483011271,0.09442083258897879,-0.6806861922363642,0.005146593225898173,-0.3169492516439333,-0.6103428226623681,0.3777155850507087,0.07888745688799317,-0.5687247131622855,0.3982148085891596,-0.36948357404731136,-0.6460164286356701,0.6969944761433161,0.15754861173316087,-0.5973480417756267,0.6993754553982001,-0.30977460134029455,-0.7240866039960588,0.8528772862977363,0.10352391159985845,-0.6750616763495241,0.8574940405834643,-0.20532454477560347,-0.7284581410541261,1.0285949559623435,-0.0060114205427236195,-0.7073329431732304,1.0290301835138869,-0.19439674711512228,-0.7338855924116974,0.6615001982558434,-0.06633095743054744,-0.7492958207337358,0.6565350033847696
3.5666666666666638,0,tairan,105,-0.10363700240850449,-0.7385265827178955,0.738559708756554,0.7322950714751487,0.015847553845106405,-0.004947272755263151,0.6807850672735253,-0.2392970621585846,0.44333067536354065,0.5662886500358582,0.7410043478012085,-0.33419070549862995,-0.11628196037418714,-0.5099574327468872,-0.2246638834476471,-0.04955431818962097,0.7205687761306763,-0.22365555811839322,0.12308677105626753,0.1783682107925415,-0.01585361734032631,0.11945922672748566,-0.07558691501617432,0.32194703817367554,1.0369418859481812,-0.10111114382743835,-0.36934196949005127,1.1356487274169922,-0.10256211522530863,-0.7407725499665786,0.8135183656859657,-0.11027687924600414,-0.6970983788935743,1.3303034616253102,-0.3587307381367245,-0.6174288647446867,0.0022389280351117827,0.13771704189655495,-0.5197235169440516,0.015178082074606507,-0.25967188825130494,-0.7554338705963274,-0.004238928035111535,0.09551528030289393,-0.6841199589415745,0.0055437073181983446,-0.316552053211466,-0.611185190898776,0.3778808610509099,0.08025189707895045,-0.571245503698018,0.3984284125911778,-0.3696256567930984,-0.6477676572936893,0.6963971134451883,0.15724147058212873,-0.5990023731404435,0.7000503027757385,-0.31024729330280865,-0.7256754122081256,0.8524873305555993,0.10299423449860998,-0.6767973762216511,0.8580526416098898,-0.20613935604902395,-0.7300136251872125,1.028436601549035,-0.006819105677108375,-0.7089727714676969,1.0293880038986378,-0.19439747225793327,-0.7355949026613777,0.6614934035886738,-0.0663445697544429,-0.7511330319364073,0.6567217441009534
3.599999999999997,0,tairan,106,-0.10275488346815109,-0.739830732345581,0.738090543463655,0.732427057396797,0.016426721446098483,-0.003905570709145448,0.6806361105120982,-0.24155838787555695,0.44423919916152954,0.56697678565979,0.7410969734191895,-0.3310626860494241,-0.11719338250041034,-0.50917649269104,-0.22790545225143433,-0.05283127725124359,0.7218778729438782,-0.22640485494021,0.12140512367620282,0.17978087067604065,-0.01768970862030983,0.12012859433889389,-0.07573207467794418,0.3227536082267761,1.0379136800765991,-0.10154599696397781,-0.3680076599121094,1.1346739530563354,-0.10150687234841355,-0.7420341795018178,0.8130477798646502,-0.10914191986749415,-0.6978328431742402,1.3297895632228292,-0.3597214265143511,-0.6176817049657,0.002240409925930824,0.13800613013385626,-0.5225150204738194,0.014253103244336332,-0.2605434121134761,-0.7556009582755534,-0.0042404099259308985,0.09501310450607894,-0.6867039620737889,0.004578848562394176,-0.3166239783821828,-0.6120336782383858,0.3781600803829843,0.08112649969891671,-0.5730943841098468,0.397401849967532,-0.369057685599546,-0.6495379951321119,0.6959634950054321,0.15752686014418887,-0.5998555012878244,0.6992519940617951,-0.30940714156465654,-0.7270794703414528,0.8521323024634805,0.10369161825736817,-0.6777484288720884,0.857346974271504,-0.2050870757431133,-0.7311519765733305,1.0279932883564438,-0.0057874629869046346,-0.7099123714010073,1.0288467679104523,-0.19369713107255204,-0.7369648529385021,0.6612183614484067,-0.06565555690494043,-0.7524807293832955,0.6561835110392987
3.63333333333333,0,tairan,107,-0.10276467353105545,-0.7416231632232666,0.7383785754222334,0.7330608142649173,0.01568629292550927,-0.004053244793225557,0.679970112585956,-0.24365533888339996,0.44467365741729736,0.5679119825363159,0.7404604554176331,-0.32998832775940823,-0.11498898554295667,-0.5086150169372559,-0.23084431886672974,-0.05614254251122475,0.7224605679512024,-0.2275091801820508,0.1229645886937567,0.18117563426494598,-0.019266003742814064,0.1210986003279686,-0.07609119266271591,0.32377439737319946,1.0390156507492065,-0.10186409205198288,-0.36647099256515503,1.1338385343551636,-0.10161043321534377,-0.7437614270207406,0.8133392021353686,-0.11078966214436595,-0.6986769123074466,1.329979375291852,-0.35875420477430864,-0.6181136656004939,0.0022474841705361695,0.1400638550188624,-0.5260242935783994,0.014744936079460688,-0.25968953027193353,-0.7561136860787059,-0.004247484170536223,0.09607587596449048,-0.6899485953121073,0.005055715273410283,-0.3159828341763601,-0.6132237704178272,0.3783509785106284,0.0824684311308226,-0.5757845042322169,0.3977599667528336,-0.3691856879427329,-0.6513918385655256,0.6953850232817816,0.15719926505571644,-0.6017040649729269,0.6999273417141136,-0.30986084731146374,-0.7285653668194949,0.85185985839937,0.10315951188353835,-0.679463977266119,0.8580180287308169,-0.20587421771766876,-0.7324530536196913,1.0279616131003333,-0.00656710298185266,-0.7113128963823023,1.0293589919547164,-0.19361343927333602,-0.7387087679442984,0.6613809592489377,-0.065589796648275,-0.7544034266501077,0.6565346196886512
3.6666666666666634,0,tairan,108,-0.10185810178518295,-0.7429438829421997,0.7380706936292003,0.7330240802174152,0.01641218556464325,-0.0031779465513662388,0.6799972342900527,-0.24531647562980652,0.44506534934043884,0.5689579844474792,0.739178478717804,-0.3258243497007023,-0.11534630675476842,-0.5083737969398499,-0.23355288803577423,-0.059325769543647766,0.7225318551063538,-0.228067255328251,0.12071940044749352,0.1826149970293045,-0.0212479867041111,0.12228380143642426,-0.07639813423156738,0.3249584436416626,1.040405035018921,-0.10194557160139084,-0.36509624123573303,1.1331857442855835,-0.10053349236846038,-0.7450726112562294,0.8130287747523065,-0.10979341474584788,-0.6994331998070685,1.329618792690407,-0.35965443282522647,-0.6181824338630886,0.002243642900523278,0.14016723509921683,-0.527692703793489,0.013999004089415408,-0.26039661409483567,-0.7560439605622384,-0.004243642900523415,0.09551318540635188,-0.6914349741194581,0.004278677216084527,-0.31590066227990105,-0.6142194989012192,0.37874303337343795,0.08316152865695875,-0.5773128772594931,0.39706300108125536,-0.36874827163395374,-0.6533636902036833,0.6950661325956206,0.15748384285652883,-0.6026561263646745,0.6992896849388844,-0.30909045024172627,-0.7300858343752361,0.8516363122104522,0.10383188416627759,-0.6804202739057617,0.8575103185176807,-0.20486721907696026,-0.7336742221380108,1.0276499975650975,-0.005591728694020165,-0.7122348604769289,1.0289981830879715,-0.19288493026638476,-0.7400901832594249,0.6612679432659332,-0.06486702740467344,-0.7557246653380092,0.6561472619839798
3.6999999999999966,0,tairan,109,-0.10182635486125946,-0.7443535327911377,0.7384876510664069,0.7334080510589681,0.015514350957555786,-0.0029838473352302858,0.6796050560519189,-0.2468571811914444,0.4448723793029785,0.5703009963035583,0.7373217344284058,-0.3246013549445541,-0.11347606875348748,-0.5081164836883545,-0.2361414134502411,-0.062427110970020294,0.722077488899231,-0.22855477124716628,0.12200815782059526,0.18440455198287964,-0.02288658171892166,0.12341592460870743,-0.07662466168403625,0.3262922763824463,1.0420182943344116,-0.10177187621593475,-0.36398425698280334,1.132839322090149,-0.10057306680725994,-0.746364460936348,0.8134502113018238,-0.11133522787925215,-0.6994187717951159,1.3298939810644947,-0.35873819020085107,-0.6188896573591165,0.0022426070965836757,0.14185826376535174,-0.5306102571074094,0.014456964587611594,-0.2594983138714022,-0.7567641979494097,-0.004242607096583785,0.09640295304392799,-0.6941316337462833,0.004732042513562504,-0.31521657999987596,-0.6156031123291138,0.3789277864575888,0.08423245659256284,-0.5796787952785163,0.39743801896802455,-0.3690475288407371,-0.6553281038008159,0.6945762368183888,0.15723055839127315,-0.6041063468975196,0.6999093971414715,-0.30954402113667795,-0.7313709017025075,0.8515360713696636,0.10338127893693513,-0.681512560753472,0.8582384764759491,-0.2055653069874211,-0.7344777758859332,1.0277546298817692,-0.0063078066279302625,-0.7129078575495187,1.029590950509527,-0.19278228240314227,-0.7415592625009616,0.6615862323704234,-0.06477346628583823,-0.7572996353379468,0.6566220569113008
3.73333333333333,0,tairan,110,-0.10112322866916656,-0.7454514503479004,0.7382735951431616,0.7333011176413667,0.016296701170095847,-0.0020389685201633806,0.6797056208420442,-0.24808193743228912,0.44461846351623535,0.5718488097190857,0.735210120677948,-0.320140199936358,-0.11349845485041032,-0.5083104968070984,-0.23884476721286774,-0.0653434544801712,0.7213951349258423,-0.22797010113357552,0.11965860933765182,0.18662069737911224,-0.024735094979405403,0.12467624247074127,-0.0767090693116188,0.3268429934978485,1.0438505411148071,-0.10168628394603729,-0.36327823996543884,1.1326020956039429,-0.09968596144539268,-0.7474518934797665,0.8132331341639135,-0.11042854506813539,-0.6999229987634906,1.3296240956148284,-0.3597031370379853,-0.6187851114649392,0.002235055204131243,0.14174013543672265,-0.5315654844874891,0.013782608082502684,-0.2602308797906352,-0.7564928008269423,-0.004235055204131328,0.09567718559773024,-0.6949153576506492,0.004034603686218795,-0.3152310893764335,-0.616541812477516,0.3793505720424981,0.08463380049653449,-0.5808864802034226,0.39688514205700476,-0.3687117000037168,-0.6574896458819603,0.6942946949267842,0.15740714409978399,-0.604690700969599,0.699331922209105,-0.3088500184785224,-0.7329053034157245,0.8514208286152776,0.10393361479259527,-0.6820583415234592,0.8578071381349083,-0.20469561968883504,-0.7355615701648721,1.0275641016059989,-0.005491445653828794,-0.7134959424653372,1.0292932693990227,-0.1922702597334135,-0.7427266204135295,0.6615862333529658,-0.06426679383972647,-0.7584006117691803,0.6563168940411604
3.766666666666663,0,tairan,111,-0.10132206976413727,-0.7465696334838867,0.7387550559156888,0.7339648978301108,0.015324765285065703,-0.0015813261507736096,0.6790126506404704,-0.24915455281734467,0.4437262713909149,0.5738246440887451,0.7329162359237671,-0.31937548350899636,-0.11162361106691687,-0.5089594125747681,-0.24167756736278534,-0.06825021654367447,0.7202158570289612,-0.22729603582571478,0.12090317896743075,0.18923319876194,-0.025642380118370056,0.12601879239082336,-0.0772869735956192,0.3265705406665802,1.0455245971679688,-0.10188934206962585,-0.36291640996932983,1.1325191259384155,-0.09993530902264224,-0.7484178705210699,0.8137194535621731,-0.11164836941529699,-0.699193807042269,1.3299296206098317,-0.3587087038551148,-0.6194023470850467,0.0022306612046913248,0.14346337915584736,-0.5340362109608261,0.014280473734513553,-0.25934949328550877,-0.757192036785353,-0.004230661204691219,0.09645506826370638,-0.6971167316897472,0.004535605041107706,-0.31457876662560075,-0.6177395850872383,0.37948661469997635,0.08558345140280182,-0.5831162250479862,0.3973722509969105,-0.36878507488480594,-0.6590617651753231,0.6939094377158337,0.1570855026362094,-0.605761394785907,0.6997705422590215,-0.30917520760028705,-0.7337454334836375,0.8514803030891755,0.10345677594772888,-0.6826886858948452,0.8584075989657727,-0.20536529914631502,-0.7358770671651885,1.0278235057789074,-0.006179116243877694,-0.7136727197192798,1.0298276004019622,-0.19241810123157252,-0.7438552441884801,0.6619979203126398,-0.06444062633990555,-0.7597723609739259,0.6568401716301412
3.7999999999999963,0,tairan,112,-0.10100087523460388,-0.7476636171340942,0.7386170842165657,0.7342500186032819,0.016294976802369365,-0.0007882460123050625,0.6786831091019686,-0.24991118907928467,0.4426208734512329,0.5761946439743042,0.7305912375450134,-0.31509832113150305,-0.1106051133006909,-0.5105524063110352,-0.24495677649974823,-0.07106922566890717,0.7186229228973389,-0.22387144238103684,0.11850087929050568,0.19227361679077148,-0.02591487392783165,0.12794391810894012,-0.07795259356498718,0.32502472400665283,1.0472347736358643,-0.10245193541049957,-0.36340802907943726,1.1324490308761597,-0.09942882185413725,-0.7495385505752915,0.8135771620764508,-0.1102680171456277,-0.699534365871663,1.3297291719887487,-0.3593703938789118,-0.6187664683464936,0.0022243245456229493,0.14370251336585288,-0.5339793706801022,0.01386255934436157,-0.2598998496920731,-0.7564764017720536,-0.0042243245456230274,0.09580719674516601,-0.6968006788680439,0.004102423803733608,-0.314601511906167,-0.618347385180527,0.37992237569234977,0.08594675512690055,-0.584131630105839,0.39724122189728117,-0.3682353221201249,-0.6609078714385064,0.693898201441487,0.15715941646405102,-0.6062182698685792,0.6990305731533898,-0.3083854104189462,-0.7350719669838027,0.851623402996208,0.10395470469558943,-0.6831420451200644,0.8578120445247749,-0.20448782466295495,-0.7368694475611631,1.0278594175310918,-0.005346847213188108,-0.714230102510412,1.0294456255957725,-0.19228716818514768,-0.7448644346765405,0.6620831080494826,-0.06433803048906148,-0.7609036991404364,0.6565858173039909
3.8333333333333295,0,tairan,113,-0.10164934396743774,-0.7486343383789062,0.7391219796685189,0.7358368978621352,0.01558221266121018,-0.00014627903408482264,0.6769794923006565,-0.25056755542755127,0.44055044651031494,0.5793635249137878,0.7279137969017029,-0.3144003534773854,-0.1079400502799519,-0.512785792350769,-0.24840572476387024,-0.07414033263921738,0.7163999676704407,-0.22052840774823323,0.11901467810726118,0.1957559436559677,-0.024618959054350853,0.12988010048866272,-0.07865924388170242,0.3218362629413605,1.048810362815857,-0.10340110212564468,-0.36502623558044434,1.1323662996292114,-0.10008316383159119,-0.7503690876188085,0.8140855556561726,-0.1102915530731923,-0.69826089985238,1.3300383632632662,-0.3581351173495718,-0.6184567125051948,0.002219256972132582,0.1456179592997655,-0.5357884060152026,0.014412962563280677,-0.259092447880445,-0.7564751720047082,-0.004219256972132473,0.09620966511386297,-0.698157493930975,0.004661052235581539,-0.3139401124591196,-0.6188549722401764,0.38007624207157675,0.0868360765748941,-0.5864156188999669,0.3979605860764744,-0.3678416431336367,-0.6617852548525063,0.6938958081266973,0.15704695759458004,-0.6073184859621812,0.6990029643207297,-0.3083978947106499,-0.7352848370838929,0.8520849872427303,0.10370806805848722,-0.6837597019847221,0.8579723562181004,-0.20486186242263613,-0.7366849394704202,1.028414957542371,-0.005693841122076132,-0.7142659769543152,1.0297089092111498,-0.1929259850913116,-0.7455782813953938,0.6625808655268312,-0.06505600694658865,-0.7622534482752351,0.6570875017571871
3.8666666666666627,0,tairan,114,-0.10202684253454208,-0.7493104934692383,0.7392665909613507,0.7370385136706031,0.01587951806801566,0.0012413779931405048,0.6756630293665874,-0.25085291266441345,0.4379098415374756,0.5833994746208191,0.724727988243103,-0.3118547608597235,-0.10631773043084669,-0.5158094167709351,-0.25232067704200745,-0.07726599276065826,0.7135068774223328,-0.21595350454028428,0.11708977194766879,0.19909584522247314,-0.021877018734812737,0.13175177574157715,-0.07968421280384064,0.3160743713378906,1.0498790740966797,-0.10491486638784409,-0.3680114448070526,1.1319938898086548,-0.1002802205334894,-0.7509402529461215,0.8142285359443416,-0.1078364468696352,-0.6969371229263774,1.3300270466422648,-0.3581311533840715,-0.6178238139774802,0.00220861741392369,0.14623902837103897,-0.5361200682559711,0.01422690093184011,-0.2592845553274129,-0.7559837544442799,-0.004208617413923813,0.09541139283361792,-0.6980505446779688,0.004476399846257674,-0.3138516493465154,-0.6192224928722244,0.3803616491761995,0.0871006626052685,-0.5879148456938246,0.3981019494250118,-0.3666437013188601,-0.6623564128918479,0.6943731960035159,0.1572390538410554,-0.6075363144399026,0.6979061358026641,-0.3073208912514755,-0.7353616323560268,0.8528364609606163,0.10428877852013549,-0.6837837300275239,0.8570983597453412,-0.20389575461369563,-0.7364256225053554,1.0290122680907408,-0.004721239375932759,-0.7140282306036294,1.0292451109619694,-0.1934830104648418,-0.7460525705927193,0.6629460454257886,-0.06569252059688589,-0.7632440753583367,0.6571233128826366
3.899999999999996,0,tairan,115,-0.10310757905244827,-0.7499746084213257,0.739829702960713,0.739416480576249,0.01491129395299724,0.0027890394872679435,0.6730773676358606,-0.2511957287788391,0.43475544452667236,0.588477611541748,0.7212818264961243,-0.31182136815615213,-0.103823039821757,-0.5191794037818909,-0.2573506534099579,-0.080092653632164,0.7099226713180542,-0.21166698616273183,0.11822504937978462,0.20221303403377533,-0.017051592469215393,0.1331235021352768,-0.08149827271699905,0.3068234324455261,1.049965739250183,-0.1081308051943779,-0.3727637529373169,1.130598783493042,-0.1012927716158795,-0.7513468709922118,0.8147951841464209,-0.10554894234762717,-0.6944767467835572,1.3303175736681558,-0.3569061780289443,-0.6175379009559496,0.002197848706923869,0.14866721128878485,-0.5385673216878786,0.014643862580941622,-0.25867992752507674,-0.7561405660332919,-0.004197848706923954,0.09582871085838301,-0.6998544178824849,0.004919384529231019,-0.3133255054442168,-0.6195845606593435,0.3804403412101772,0.08799656642226811,-0.5908244187930375,0.3987109452716658,-0.36478286298609885,-0.6614888852687907,0.6950238672607735,0.15753144101934743,-0.6078830436576538,0.6972154693199474,-0.3062929958852134,-0.734256361406763,0.8539055656001308,0.10464973555275035,-0.6839422513191169,0.8565204797904991,-0.20345146890664936,-0.7352313254680837,1.0300663643128949,-0.0041966292775917485,-0.71358237490514,1.0290580370238807,-0.19462062503638486,-0.746361606753835,0.663590498573414,-0.06696639703730259,-0.7645287812637575,0.6576567293139757
3.933333333333329,0,tairan,116,-0.10386515408754349,-0.7498245239257812,0.7401775817932387,0.7414156184900383,0.014134786462234681,0.005147173901188099,0.6708774814163402,-0.25173571705818176,0.431587278842926,0.5946128964424133,0.7179097533226013,-0.31144529653371267,-0.10225658830245887,-0.5221901535987854,-0.26355084776878357,-0.08222769945859909,0.7061005234718323,-0.20853885870673095,0.11972409472869439,0.20402123034000397,-0.010324620641767979,0.13295713067054749,-0.08530637621879578,0.29314178228378296,1.0482124090194702,-0.11385582387447357,-0.37946319580078125,1.1275203227996826,-0.10187031832800844,-0.7508785181833635,0.8151436389551133,-0.1009020629388807,-0.6914538297704106,1.3303907174914773,-0.35629574450499374,-0.6170844825291653,0.002184622071270754,0.1509772812965929,-0.5408620437870122,0.014523281820571238,-0.2584162549853261,-0.7559334589763181,-0.0041846220712707625,0.09630329599351455,-0.7015382185763928,0.004831935880445844,-0.3130970140855857,-0.6195910723460268,0.380517425992261,0.0888425671649163,-0.5931872134838837,0.3987047365628288,-0.3613235739543608,-0.6585386225191846,0.6962110067462777,0.15831845542759468,-0.6061129011813179,0.6960219312310978,-0.303850711334887,-0.731847308989393,0.8552150027794085,0.10592871035311119,-0.6827953184542617,0.8551906646443436,-0.2017162693729117,-0.7332842642788182,1.0312530574758845,-0.002395856611342298,-0.7124297225684998,1.0283126414151598,-0.1955478537906109,-0.7460214059090192,0.6641472163522286,-0.06802376655630989,-0.7650155947182171,0.657941799193826
3.9666666666666623,0,tairan,117,-0.10487847775220871,-0.7491798400878906,0.7407751182816436,0.7429155444481488,0.012033844481544143,0.007908650337944838,0.6692302545866683,-0.2527084946632385,0.42872652411460876,0.6013292074203491,0.7149819731712341,-0.3137193080400067,-0.10085534175469224,-0.5234445333480835,-0.269506573677063,-0.08358865976333618,0.7026829719543457,-0.209498413234533,0.12413433189740031,0.20392107963562012,-0.0017899899976328015,0.13028164207935333,-0.09243721514940262,0.2756963074207306,1.0438332557678223,-0.122428759932518,-0.3880762457847595,1.1226805448532104,-0.10278914694055304,-0.7497269533947473,0.8157440142571675,-0.09602166667217181,-0.6877195119874975,1.33064415923074,-0.35526002268482015,-0.6180328470959437,0.0021722719425965008,0.15336841510953445,-0.5451577042947284,0.01452197237276126,-0.25746084466109387,-0.7569395335468571,-0.0041722719425965615,0.09733040224362433,-0.7053664014341209,0.004882756899575534,-0.31295480473529974,-0.6201908146135112,0.38034120924077397,0.08950615997493229,-0.5960158513649245,0.3984908376527439,-0.35687806110687714,-0.6531529124170276,0.6978903433039417,0.15914455530887855,-0.6024733749539252,0.695412365097075,-0.3009829463630939,-0.7280212186827096,0.8567300016668816,0.10723903071386984,-0.6805248648655066,0.8540734682171133,-0.20002819444599979,-0.7306188921845744,1.032753383158656,-0.0006583451247786642,-0.7106607333483089,1.0277016530094891,-0.1966468126191367,-0.7455233645333047,0.6648327250480609,-0.06921553241877539,-0.7651191160488495,0.65858383100936
3.9999999999999956,0,tairan,118,-0.10666394978761673,-0.7480541467666626,0.7415502378194848,0.7457774994598056,0.009747250077710533,0.00925993267555661,0.6660594313289515,-0.25326085090637207,0.42670658230781555,0.6063802242279053,0.7130504846572876,-0.31711624338662214,-0.09845005759856962,-0.5228093266487122,-0.27289676666259766,-0.08440712094306946,0.7006213665008545,-0.21185565194623246,0.1292344679371792,0.20285995304584503,0.006439515855163336,0.12589579820632935,-0.10078705102205276,0.2616174519062042,1.0384947061538696,-0.13096535205841064,-0.3953498303890228,1.117861032485962,-0.10465423519565817,-0.7482193889112934,0.8165231245338999,-0.0930426961959676,-0.6854502911044057,1.3312510685151342,-0.35344079073072066,-0.6170942157263962,0.0021676530102439293,0.155829330955014,-0.550136745969593,0.015077536872641475,-0.25642440335789485,-0.7565491707432495,-0.004167653010243952,0.09812364293976739,-0.7097552855481148,0.005487156613918229,-0.31252462423507693,-0.6190334776501618,0.3800922627358207,0.0901291892864394,-0.5988550232051456,0.3987221669641151,-0.3535869709842519,-0.6452784802337403,0.6999906409344178,0.1596792671520476,-0.599603046379079,0.6959511265558723,-0.29960107928990765,-0.7228172994728602,0.8582082733687888,0.10763593117321515,-0.6792276502447308,0.8537832457319148,-0.19971691490481094,-0.727864313027623,1.034235427652831,-0.00020890753145165475,-0.7098313387314714,1.027636054050288,-0.19832367268280252,-0.7440385456506343,0.6654902334970352,-0.07105352222448659,-0.7647190850767207,0.659490128075127
