timestamp,motion_id,motion_key,frame,qpos_0,qpos_1,qpos_2,qpos_3,qpos_4,qpos_5,qpos_6,qpos_7,qpos_8,qpos_9,qpos_10,qpos_11,qpos_12,qpos_13,qpos_14,qpos_15,qpos_16,qpos_17,qpos_18,qpos_19,qpos_20,qpos_21,qpos_22,qpos_23,qpos_24,qpos_25,qpos_26,qpos_27,pelvis_x,pelvis_y,pelvis_z,head_x,head_y,head_z,ltoe_x,ltoe_y,ltoe_z,rtoe_x,rtoe_y,rtoe_z,lheel_x,lheel_y,lheel_z,rheel_x,rheel_y,rheel_z,lknee_x,lknee_y,lknee_z,rknee_x,rknee_y,rknee_z,lhand_x,lhand_y,lhand_z,rhand_x,rhand_y,rhand_z,lelbow_x,lelbow_y,lelbow_z,relbow_x,relbow_y,relbow_z,lshoulder_x,lshoulder_y,lshoulder_z,rshoulder_x,rshoulder_y,rshoulder_z,lhip_x,lhip_y,lhip_z,rhip_x,rhip_y,rhip_z
0.03333333333333333,0,0-ACCAD_Female1Walking_c3d_B2 - walk to stand t2_poses,0,-0.065491596062202,-3.2864076527766883,0.7412680815455496,0.7960454397288665,-0.019996347867276505,0.01917289998961048,0.6046025172498332,-0.5589409470558167,0.09078450500965118,0.20701105892658234,0.403557151556015,0.0841928230345852,0.06878515985161104,0.2440863847732544,0.0647137314081192,0.0024924767203629017,0.28115594387054443,-0.5962139120381313,-0.06753947478415201,0.48848071694374084,0.014824189245700836,0.019386986270546913,0.20724603533744812,0.06047195568680763,1.062240481376648,-0.015176189132034779,-0.20523229241371155,0.9045782089233398,-0.06501569746018976,-3.2822811550075373,0.8161529634422434,-0.055033327448164214,-3.2456135621738524,1.3337036776238809,-0.1152763629782685,-2.9504500061370766,0.0004795954824632284,-0.020373413372505908,-3.4528303897798565,0.022264379569168824,-0.12417189022679065,-3.1201913175017646,-0.00247959548246348,-0.06700060042071253,-3.6162878973451433,0.019516899175127417,-0.14860138240455448,-3.1052127264566294,0.3932798306342406,0.015378537943979247,-3.389109438065559,0.3601504401701822,-0.24060472731654647,-3.309401662492705,0.6746663119284521,0.11732353525638459,-3.1204593594801526,0.6900791764569485,-0.21261786960531517,-3.3369545320484706,0.8547139150195858,0.11169701208693085,-3.221388995539572,0.8441606971078848,-0.15876436700343716,-3.2864825097044608,1.0354316043917178,0.036921854943257476,-3.243636421282012,1.0288513196619582,-0.15573752880848551,-3.2796598810649216,0.6598399031757007,-0.02636303317588564,-3.295489980912117,0.6629582726490414
0.06666666666666667,0,0-ACCAD_Female1Walking_c3d_B2 - walk to stand t2_poses,1,-0.0644159855437465,-3.254351321142167,0.745663689215894,0.7999196678423919,-0.02003799652010668,0.017236651915373408,0.5995247297027254,-0.5343623757362366,0.07491511106491089,0.2081964910030365,0.40953972935676575,0.05364968614768606,0.07969277569998123,0.2502928078174591,0.05343583971261978,0.006008731666952372,0.31859299540519714,-0.639060113002095,-0.05280344286718375,0.4801069498062134,0.01799832656979561,0.018520256504416466,0.2032994031906128,0.07082928717136383,1.0615595579147339,-0.006260307040065527,-0.20144076645374298,0.9083612561225891,-0.0641497861796426,-3.2503969331519964,0.8205588956948252,-0.05361576286644108,-3.2151768310914,1.3382046689737552,-0.10187342398046681,-2.934633094367744,0.0005047218358188235,-0.015874185540305508,-3.4340358591414097,0.034041404251086246,-0.11413318290852875,-3.1041637451652124,-0.002504721835818756,-0.06378700159934082,-3.597113393263179,0.030866514952816827,-0.14158519374168968,-3.077897473623478,0.3938810139823248,0.01933933968825413,-3.358274707603547,0.36386401219186837,-0.2438330313928932,-3.2726863049772703,0.6793615136444696,0.12165223415865256,-3.096053661884136,0.6935222731677846,-0.21479354468098044,-3.3016890302213824,0.8590142741133566,0.11364191073579116,-3.1951997595660315,0.8486527029270078,-0.15798798070803677,-3.253121695133033,1.0397699917906593,0.03856864045187859,-3.2144266425478802,1.0334160572906992,-0.15413520952380652,-3.245758417855697,0.6642301253096418,-0.025089966741515625,-3.263614080419456,0.6674241675133389
0.1,0,0-ACCAD_Female1Walking_c3d_B2 - walk to stand t2_poses,2,-0.06474527140380815,-3.219369116704911,0.7507430907371405,0.8004692645450433,-0.01654874809618693,0.01396380865918245,0.59898256026607,-0.49266117811203003,0.04965522512793541,0.209174245595932,0.4165225923061371,0.010978143009356067,0.09186577307648536,0.24898046255111694,0.03435065224766731,0.011583251878619194,0.38535407185554504,-0.6991360816196242,-0.03357423503496404,0.46361175179481506,0.022103801369667053,0.019543740898370743,0.19383004307746887,0.08378712087869644,1.0595729351043701,0.006372481118887663,-0.19715367257595062,0.9143958687782288,-0.06455549318223647,-3.2161274903929953,0.8256727633847674,-0.05224927609963203,-3.185046078039313,1.3435441879170251,-0.09289211708459597,-2.9232780458487624,0.00052635073711799,-0.008830135350611182,-3.4105742479559016,0.04816476710452588,-0.10735734879804609,-3.0926339966895444,-0.0025263507371179605,-0.05560946095207806,-3.573965180882242,0.04427918687344287,-0.13772752976775451,-3.050858447407024,0.39422675252140904,0.025064624955899527,-3.318324522067997,0.3658455169142879,-0.2497293712465113,-3.2311112130117032,0.6853673580807264,0.1239865050912756,-3.0696904184315166,0.6973992877192127,-0.21857194138786923,-3.2636136858967846,0.8640636591759825,0.11415385104655779,-3.1669330559101088,0.8536258942073913,-0.15785616243310024,-3.2187894038501694,1.0450392421759833,0.03935828679265474,-3.1836187152190702,1.0385841218985297,-0.15410437714413455,-3.208973401601107,0.6697708880218333,-0.025356184934878522,-3.2279773954608513,0.6724711943215185
0.13333333333333333,0,0-ACCAD_Female1Walking_c3d_B2 - walk to stand t2_poses,3,-0.06487912108423188,-3.1887676152400672,0.7556659940951607,0.8010525762546793,-0.012045273164741715,0.013034479990010608,0.5983308313980803,-0.4441765546798706,0.021675001829862595,0.20898956060409546,0.4194023311138153,-0.036002891091284184,0.10051483068593159,0.22379601001739502,0.01490356307476759,0.01589600369334221,0.4737170934677124,-0.7607381862792235,-0.017238897169402967,0.4396747648715973,0.02448171377182007,0.02362382411956787,0.1776873916387558,0.09471286088228226,1.0550665855407715,0.016517432406544685,-0.1979588121175766,0.9207671284675598,-0.0643939842638727,-3.1861504409876313,0.8306187461540272,-0.04884856558536525,-3.157297079978541,1.3485194550323278,-0.0873516338353189,-2.9206935598276007,0.0005207031156500112,-0.0024440967755825008,-3.3837172194645815,0.06089999392734503,-0.10415835317467331,-3.0898333955647335,-0.0025207031156499055,-0.04833148161097461,-3.547337304846671,0.05612342899779088,-0.1354238563407379,-3.030940032357858,0.39401534774958624,0.031232237346717134,-3.2759995678584497,0.36524693806713215,-0.25504684255120874,-3.189647490200416,0.6919797067668869,0.1286942702286209,-3.048486065407007,0.700526816605631,-0.22185275368565993,-3.22698126677117,0.8693603872129805,0.11620989697995429,-3.1435309266820632,0.857912263753585,-0.1566494923813723,-3.1871628679925137,1.050385887653684,0.041372549910287604,-3.1570464632699218,1.0431431096490036,-0.15422052532570785,-3.176479825782973,0.675638813196065,-0.025981279508040727,-3.1973768904291435,0.6773420185739351
0.16666666666666666,0,0-ACCAD_Female1Walking_c3d_B2 - walk to stand t2_poses,4,-0.06712615658761933,-3.1594030293636024,0.7594963295131516,0.7984311779789045,-0.009218902134975341,0.012416697785754865,0.6018874408813845,-0.40022188425064087,-0.0033991290256381035,0.20658829808235168,0.41244032979011536,-0.07048086169750833,0.10931099627318241,0.17052911221981049,-0.003549955552443862,0.018712829798460007,0.5777585506439209,-0.813408415264337,0.004112830126460354,0.40769997239112854,0.02554609626531601,0.030461564660072327,0.15268820524215698,0.10380813479423523,1.0458909273147583,0.021863441914319992,-0.2056513875722885,0.9267480373382568,-0.06647138600372952,-3.1571779123617376,0.8344604551320801,-0.049395899058594456,-3.12758771873132,1.3522483374167418,-0.08692634881492754,-2.9159279976550048,0.00046895513272389444,0.007362824938674847,-3.3468881642111086,0.07017511970309712,-0.1041140887012642,-3.0850313692383997,-0.0024689551327238893,-0.03631499484129956,-3.511078880367596,0.06437367270361108,-0.1370484900863693,-3.0135149072320364,0.3932725158173699,0.03877241861541582,-3.2264950738796125,0.36261458065891,-0.26154546170851084,-3.1460012953948695,0.6973964276992327,0.13266536803224563,-3.0265374191925223,0.7032481881835596,-0.22712713903339496,-3.1895996795598682,0.8731067693601631,0.11665626024421796,-3.1193721192114054,0.8616306087497431,-0.15834260875642675,-3.1555200519203876,1.0543439428229036,0.04030648789378019,-3.129971568310039,1.0467284136050163,-0.15649751393940112,-3.1465010864273104,0.6801802134738827,-0.028712706935453313,-3.168503149755932,0.6813309433376812
0.19999999999999998,0,0-ACCAD_Female1Walking_c3d_B2 - walk to stand t2_poses,5,-0.06655203719856218,-3.132368508260697,0.7630063786078468,0.7947195987935953,-0.007208038475345895,0.012781900188290245,0.6067993296817831,-0.358326256275177,-0.022270625457167625,0.200682133436203,0.39565834403038025,-0.09392002699811952,0.1121553605031107,0.09633903950452805,-0.018759673461318016,0.021179184317588806,0.6903854012489319,-0.8565812122538685,0.0240093702341293,0.36831480264663696,0.02540324255824089,0.038133710622787476,0.11975091695785522,0.11459113657474518,1.0318704843521118,0.0208449624478817,-0.2198152095079422,0.9308492541313171,-0.06568440814741756,-3.130345845573968,0.8379740786891839,-0.04726348396859698,-3.0983941270085316,1.3555493666223353,-0.08815082483834118,-2.9101941702691527,0.0003791084442956241,0.020738119443041346,-3.30307720020632,0.0778557157840052,-0.10495707941285462,-3.0793389072454245,-0.002379108444295619,-0.020589750722219132,-3.4678337083305335,0.07097820327442925,-0.13807031231906094,-2.9992469761718548,0.3926477836471077,0.04969952210890573,-3.1730626864845615,0.3602668269501156,-0.265146141432397,-3.1002453257888924,0.7031920399431786,0.14143669931977973,-3.0053620723794787,0.7065166107789259,-0.2298431292827216,-3.151920724216574,0.8765209605959892,0.12090539084775334,-3.096668937222816,0.8652651100130135,-0.15725432594944228,-3.124932388087823,1.057901311884996,0.041999533440562606,-3.104758535484269,1.0499577554196453,-0.1560677815355375,-3.1193920850954475,0.6843702347373204,-0.02876159587461017,-3.142543262978603,0.6849940827939289
0.2333333333333333,0,0-ACCAD_Female1Walking_c3d_B2 - walk to stand t2_poses,6,-0.06520247628213838,-3.1062397393397987,0.7668387545376224,0.7911905258454701,-0.007800730535484729,0.014021182807788536,0.6113592289711114,-0.3168041408061981,-0.035337574779987335,0.19190610945224762,0.37059280276298523,-0.11219247896950568,0.11197266654712079,0.0148692037910223,-0.030474912375211716,0.02659749425947666,0.8021561503410339,-0.8959584362000634,0.04613741435642693,0.3245255649089813,0.024405714124441147,0.04573483392596245,0.08343986421823502,0.12882766127586365,1.0152080059051514,0.014855497516691685,-0.23568648099899292,0.9325251579284668,-0.06425381952317573,-3.1040281627990516,0.8418001377929899,-0.04554742947880192,-3.067136463554249,1.3590110225285943,-0.09016120059443879,-2.9055205630523506,0.00025694273696766357,0.03515488458721522,-3.258432472937361,0.08765337846473076,-0.10651242067233582,-3.074713701157264,-0.0022569427369677,-0.0037723237469317883,-3.423726779981834,0.0797499292178886,-0.1389513701904762,-2.987826872678331,0.39211611974853305,0.06138335773607238,-3.1200067138688468,0.36062617563248434,-0.2676275280275439,-3.0528346635716224,0.7095088991760009,0.15182309403845226,-2.9846081069561636,0.7108302459874241,-0.23223484073213727,-3.1128801550740253,0.8801004020136642,0.12596050659226676,-3.074449687381055,0.8696357282653174,-0.15594218321628983,-3.0932509005320727,1.0614750353971873,0.0438641936038717,-3.0795274785770346,1.0536478793463873,-0.15472006701613214,-3.0935263901400467,0.6886117722033346,-0.027916991354619967,-3.1181275268983204,0.6889748279023026
0.26666666666666666,0,0-ACCAD_Female1Walking_c3d_B2 - walk to stand t2_poses,6,-0.06520247628213838,-3.1062397393397987,0.7668387545376224,0.7911905258454701,-0.007800730535484729,0.014021182807788536,0.6113592289711114,-0.3168041408061981,-0.035337574779987335,0.19190610945224762,0.37059280276298523,-0.11219247896950568,0.11197266654712079,0.0148692037910223,-0.030474912375211716,0.02659749425947666,0.8021561503410339,-0.8959584362000634,0.04613741435642693,0.3245255649089813,0.024405714124441147,0.04573483392596245,0.08343986421823502,0.12882766127586365,1.0152080059051514,0.014855497516691685,-0.23568648099899292,0.9325251579284668,-0.06425381952317573,-3.1040281627990516,0.8418001377929899,-0.04554742947880192,-3.067136463554249,1.3590110225285943,-0.09016120059443879,-2.9055205630523506,0.00025694273696766357,0.03515488458721522,-3.258432472937361,0.08765337846473076,-0.10651242067233582,-3.074713701157264,-0.0022569427369677,-0.0037723237469317883,-3.423726779981834,0.0797499292178886,-0.1389513701904762,-2.987826872678331,0.39211611974853305,0.06138335773607238,-3.1200067138688468,0.36062617563248434,-0.2676275280275439,-3.0528346635716224,0.7095088991760009,0.15182309403845226,-2.9846081069561636,0.7108302459874241,-0.23223484073213727,-3.1128801550740253,0.8801004020136642,0.12596050659226676,-3.074449687381055,0.8696357282653174,-0.15594218321628983,-3.0932509005320727,1.0614750353971873,0.0438641936038717,-3.0795274785770346,1.0536478793463873,-0.15472006701613214,-3.0935263901400467,0.6886117722033346,-0.027916991354619967,-3.1181275268983204,0.6889748279023026
0.3,0,0-ACCAD_Female1Walking_c3d_B2 - walk to stand t2_poses,8,-0.05867987667443231,-3.060377303045243,0.7738788594080288,0.7878415530178317,-0.01217640786968354,0.016565513131502597,0.6155347319238227,-0.22944599390029907,-0.050246283411979675,0.17292317748069763,0.30496856570243835,-0.1398973225211535,0.10744946276201461,-0.15774984657764435,-0.030234791338443756,0.04325193539261818,0.9579419493675232,-0.8975447390421145,0.06443605531553598,0.23356382548809052,0.024806473404169083,0.06191365048289299,0.009219828061759472,0.16581404209136963,0.9779314398765564,-0.002928149653598666,-0.2513013482093811,0.9307687878608704,-0.05784647702870238,-3.0574088437296214,0.8488154572379409,-0.03794388358452903,-3.0076432186216877,1.364854516477131,-0.09077592014426714,-2.90271857187071,-4.575672844724099e-05,0.06262751803591214,-3.158813534947024,0.09675217858252404,-0.10750788426206484,-3.0718823950004666,-0.0019542432715527053,0.02734427086155926,-3.3248497838337543,0.08742176999247499,-0.13676395476148195,-2.974130011584265,0.39120934352473946,0.08301277186012186,-3.0212174867685953,0.37038868000354686,-0.2655875853207977,-2.9596367989817196,0.7227177891888406,0.17213653040805488,-2.952007711297026,0.7184604562406375,-0.23246676016588147,-3.03673057632072,0.8867882759950614,0.13679553779479864,-3.038363174052891,0.8773733647707452,-0.14908991881153863,-3.0330452154866396,1.067536628488064,0.05119964471309654,-3.035443031171453,1.0604284555123404,-0.14771924831870795,-3.0473492101111304,0.6959315395738868,-0.02221600043481392,-3.0768173916586803,0.6960481494868584
0.3333333333333333,0,0-ACCAD_Female1Walking_c3d_B2 - walk to stand t2_poses,9,-0.053019938815850765,-3.0371236237697303,0.7763458353179453,0.7870708117533224,-0.013646658773663724,0.01801977073700469,0.616448370792613,-0.1809881031513214,-0.054499320685863495,0.16532528400421143,0.2682684361934662,-0.15346312737920553,0.10212048161674392,-0.24831567704677582,-0.01562787964940071,0.04852888360619545,0.9793896675109863,-0.8338822577409086,0.04715497035221772,0.18974032998085022,0.026308199390769005,0.06927700340747833,-0.025146234780550003,0.18717621266841888,0.9589619636535645,-0.011677508242428303,-0.2496098130941391,0.9286030530929565,-0.052154382563781465,-3.033846252002992,0.8512691938029805,-0.029796915849317276,-2.9786620858417834,1.366638084625603,-0.09089536867335957,-2.901781937970193,-0.00020874499781213182,0.07399352224805654,-3.093393139412636,0.08973806543977418,-0.10779266635444448,-3.0709326902391756,-0.0017912550021879706,0.040138218681872784,-3.259710251676246,0.08012367056878608,-0.13436138666348302,-2.9679283899406985,0.39075097436641854,0.0912136562990625,-2.9713852349401795,0.3797970385935603,-0.26039406918930186,-2.912881611770224,0.7295147079686956,0.18126717760008781,-2.935874528779265,0.7202991380083456,-0.22895824691214656,-2.9983212083229045,0.8897377669297653,0.14294097973364972,-3.020603197791087,0.8793957105947966,-0.14209963690546806,-3.002998756320116,1.0696659404384699,0.05791647260181622,-3.013725240221513,1.0625467143089597,-0.14184453876999153,-3.023467722662691,0.6985863947625668,-0.01709332043173003,-3.055964853766081,0.6982078904754481
0.36666666666666664,0,0-ACCAD_Female1Walking_c3d_B2 - walk to stand t2_poses,10,-0.04981747438432649,-3.0155088338069618,0.7780960049671729,0.7877690634520323,-0.017569805503866585,0.018759214069099896,0.6154342340900234,-0.13226790726184845,-0.05720169097185135,0.1595492959022522,0.23060864210128784,-0.16876547160923194,0.10095681109895893,-0.3368028700351715,0.004932697396725416,0.050265856087207794,0.9604699015617371,-0.7311930928780206,0.030232404070025143,0.14767593145370483,0.028251171112060547,0.07512383908033371,-0.05744534358382225,0.20838402211666107,0.9399925470352173,-0.01956787146627903,-0.24307167530059814,0.9259834289550781,-0.04922274407858726,-3.0117009320415273,0.8529969140404828,-0.025923546476899612,-2.950614300306966,1.3676451176816298,-0.09031679900198732,-2.9042915996663012,-0.0003815831437662294,0.08357751855110539,-3.023011378143843,0.07831998872839263,-0.10779544232351809,-3.0733861509386777,-0.0016184168562337065,0.05055483420626437,-3.1895035407694623,0.06884042634897855,-0.13278827826989673,-2.9642947451475954,0.38995454259586765,0.09649801944460347,-2.9273279871250746,0.3922105444151097,-0.2552357785570273,-2.867766054436486,0.7347596677916601,0.18666503327177286,-2.9223504425588875,0.7218590459496588,-0.2272053122820644,-2.9609418731450567,0.8912592651475763,0.14521678854303144,-3.0049790542935275,0.8812771118514899,-0.13828991920711192,-2.973899383923523,1.070612741887147,0.061076240242498976,-2.9935518429928476,1.0643597251079564,-0.13802771512541154,-3.0010244799367034,0.7000385922831823,-0.014162019186992336,-3.0370726624392943,0.6996999290970981
0.39999999999999997,0,0-ACCAD_Female1Walking_c3d_B2 - walk to stand t2_poses,11,-0.044283116061706096,-2.9940616521053016,0.7788932955025629,0.7880408328506102,-0.02075515619564174,0.019870045251802148,0.6149520717528338,-0.08658255636692047,-0.05680641159415245,0.1552218347787857,0.1938825100660324,-0.18127324927402566,0.0962153563649546,-0.42067256569862366,0.028322286903858185,0.04793659970164299,0.9026471376419067,-0.5912651463759748,0.010314802077501573,0.1080518364906311,0.031743474304676056,0.07854927331209183,-0.08820651471614838,0.22825834155082703,0.9205018877983093,-0.026265494525432587,-0.23150041699409485,0.923332691192627,-0.04384886895566421,-2.9897753966951353,0.8537694562215108,-0.018076707378298265,-2.9246641311365575,1.3678020729303504,-0.08992049136236394,-2.904514924956705,-0.000542737543207418,0.0933413316237991,-2.9432315059967022,0.0641056541881975,-0.10751456092244827,-3.0735995557204063,-0.001457262456792549,0.061422934947259304,-3.1099686098674373,0.0551639459398362,-0.13008044513988126,-2.9596523923967153,0.3893505710017343,0.1016463676814173,-2.886572261467337,0.4057260871272122,-0.2462498708733173,-2.8238618557222708,0.7402291730098233,0.19200343338635945,-2.9080580745674625,0.7217457734212656,-0.2218392836942948,-2.9247909841630464,0.8924691101811476,0.1489325550001263,-2.989110662084829,0.8815423368885258,-0.13121663361594602,-2.94623183219321,1.0709337174733222,0.06718740231356754,-2.974031942959042,1.0650026747076935,-0.13203058031264947,-2.9788815752452282,0.7006109000930002,-0.008955249884048475,-3.0180926177364333,0.7000523006480185
0.4333333333333333,0,0-ACCAD_Female1Walking_c3d_B2 - walk to stand t2_poses,12,-0.03905982320429757,-2.9723238381557167,0.779102905041485,0.7887647777707482,-0.025165849506651787,0.020283565609470703,0.6138447542604214,-0.0443362295627594,-0.05283081531524658,0.15204744040966034,0.15968085825443268,-0.193430222152301,0.09156899195314061,-0.4958529770374298,0.05168446525931358,0.04116789624094963,0.8121428489685059,-0.4258779807271764,-0.004504419474805843,0.07103294879198074,0.036832068115472794,0.07917061448097229,-0.11612862348556519,0.2482687383890152,0.9011220335960388,-0.0297574270516634,-0.2180779129266739,0.9217946529388428,-0.0389771675921695,-2.9674787037496273,0.8539461935892013,-0.011381544674889681,-2.8996348532723815,1.3675366344043232,-0.08929168572388818,-2.903291383685743,-0.0006914501945019524,0.10363423327407069,-2.85786136739705,0.05227503030928714,-0.10707500675655479,-3.0723575620926593,-0.001308549805497966,0.07247136198402805,-3.0247867155460564,0.044224962092606755,-0.12721760615605562,-2.9537334565787288,0.3886900308350283,0.10639854494361407,-2.8510294814714827,0.4193294429666385,-0.23635646969156623,-2.780814854086487,0.7452420659031989,0.19613578862962905,-2.894061144343868,0.7212252290681002,-0.2162864791297384,-2.88905964523559,0.8930250990027511,0.15155308665946152,-2.9732626811221534,0.8815345034759312,-0.12474302870603357,-2.9189063562528257,1.070594868697945,0.07241094830505765,-2.9546047452184885,1.0652921077221533,-0.12613048313187317,-2.9564901291049304,0.7002867248957891,-0.0038257286381890784,-2.998714528901844,0.6998925313468076
0.4666666666666666,0,0-ACCAD_Female1Walking_c3d_B2 - walk to stand t2_poses,12,-0.03905982320429757,-2.9723238381557167,0.779102905041485,0.7887647777707482,-0.025165849506651787,0.020283565609470703,0.6138447542604214,-0.0443362295627594,-0.05283081531524658,0.15204744040966034,0.15968085825443268,-0.193430222152301,0.09156899195314061,-0.4958529770374298,0.05168446525931358,0.04116789624094963,0.8121428489685059,-0.4258779807271764,-0.004504419474805843,0.07103294879198074,0.036832068115472794,0.07917061448097229,-0.11612862348556519,0.2482687383890152,0.9011220335960388,-0.0297574270516634,-0.2180779129266739,0.9217946529388428,-0.0389771675921695,-2.9674787037496273,0.8539461935892013,-0.011381544674889681,-2.8996348532723815,1.3675366344043232,-0.08929168572388818,-2.903291383685743,-0.0006914501945019524,0.10363423327407069,-2.85786136739705,0.05227503030928714,-0.10707500675655479,-3.0723575620926593,-0.001308549805497966,0.07247136198402805,-3.0247867155460564,0.044224962092606755,-0.12721760615605562,-2.9537334565787288,0.3886900308350283,0.10639854494361407,-2.8510294814714827,0.4193294429666385,-0.23635646969156623,-2.780814854086487,0.7452420659031989,0.19613578862962905,-2.894061144343868,0.7212252290681002,-0.2162864791297384,-2.88905964523559,0.8930250990027511,0.15155308665946152,-2.9732626811221534,0.8815345034759312,-0.12474302870603357,-2.9189063562528257,1.070594868697945,0.07241094830505765,-2.9546047452184885,1.0652921077221533,-0.12613048313187317,-2.9564901291049304,0.7002867248957891,-0.0038257286381890784,-2.998714528901844,0.6998925313468076
0.49999999999999994,0,0-ACCAD_Female1Walking_c3d_B2 - walk to stand t2_poses,13,-0.03241786902071908,-2.950990620534867,0.7782657963425241,0.7883831031897569,-0.02920905777818274,0.021979051375611056,0.6140975776285299,-0.004432666581124067,-0.04736601933836937,0.1502067893743515,0.12864333391189575,-0.20779468812833346,0.08348227318894219,-0.5569753050804138,0.07628534734249115,0.02696247026324272,0.7024310827255249,-0.2557570394515496,-0.025390398646557788,0.03768085688352585,0.04256659746170044,0.0784783586859703,-0.13915973901748657,0.2674576938152313,0.8837408423423767,-0.029517820104956627,-0.20322203636169434,0.9218161106109619,-0.032509263855377446,-2.945511839061755,0.853065359179175,-0.0019563314046094106,-2.8752455521222515,1.3661740044172563,-0.08993316369921751,-2.9026424155654587,-0.0008206241193122639,0.10910469658280153,-2.7731065872491283,0.04505479207484775,-0.10720281146451188,-3.0717625816108964,-0.0011793758806877448,0.07878407903268049,-2.9402362795618853,0.0381030945251513,-0.12413567897347262,-2.948015126463448,0.3879081453905514,0.10936063861547758,-2.8211400688154527,0.4295185154049078,-0.22552861311054886,-2.7416782475128576,0.7494167705236192,0.20013598309484998,-2.8800148882732577,0.718629919630691,-0.20892259198625082,-2.855890764452747,0.8930806325100041,0.15534360257077998,-2.956991563593873,0.8799612504618091,-0.11619443890501618,-2.8927763395898523,1.0694604128930707,0.07968020443908982,-2.934942896174325,1.0642363818223588,-0.11908049156614618,-2.9349419826012153,0.6990759496098191,0.002697796507497248,-2.979350868649309,0.6986890955926015
0.5333333333333333,0,0-ACCAD_Female1Walking_c3d_B2 - walk to stand t2_poses,14,-0.027246892277617007,-2.927745524328202,0.7761890855592647,0.7881836287634612,-0.033416668147753695,0.023149560737584965,0.6140960767476227,0.036972276866436005,-0.043168146163225174,0.14976534247398376,0.10127199441194534,-0.22722835492932658,0.07759100166736876,-0.5993214845657349,0.09726334363222122,0.008854545652866364,0.590399980545044,-0.10196716637843162,-0.04490175674173835,0.008004275150597095,0.0485105887055397,0.07730454951524734,-0.1573808193206787,0.2829257547855377,0.8687114715576172,-0.025804871693253517,-0.1886274218559265,0.9240818023681641,-0.027588133280779446,-2.9216623455498127,0.8509411991783986,0.005261145431918362,-2.8495766537206686,1.3636700745481696,-0.09071721157237052,-2.901916127881442,-0.0009370003208167693,0.1120088047459652,-2.695529873975167,0.04275585293180668,-0.1074715517941946,-3.0710884548379895,-0.0010629996791832325,0.08185867761261056,-2.862732948678177,0.03691619166575207,-0.12178283686155303,-2.9404798714695284,0.3865720349126679,0.11080392416171143,-2.7947957641797343,0.43500476512768593,-0.21540772938223474,-2.703564775053481,0.7514211225480617,0.20215939830846202,-2.8646472580852484,0.7148154366219358,-0.202530249204902,-2.822503105486785,0.8915903355093568,0.15733903046663336,-2.938831168749932,0.8774421448502753,-0.10944588859081845,-2.865348292296304,1.0670386856628455,0.08509014856243083,-2.913341372509613,1.0620809240360107,-0.11339875797091808,-2.9113709288231333,0.6964884694634549,0.00792787082165343,-2.957638732144643,0.6964531604668889
0.5666666666666667,0,0-ACCAD_Female1Walking_c3d_B2 - walk to stand t2_poses,16,-0.01447753031970933,-2.8766538533382118,0.7679407422920801,0.7828233682195652,-0.03800356705386717,0.02174743992816654,0.6207014998508769,0.129741370677948,-0.035238757729530334,0.1501043438911438,0.06244967505335808,-0.28221657331594896,0.06407908243860361,-0.6431177258491516,0.11985059827566147,-0.02360238879919052,0.4013385474681854,0.1363389854454311,-0.07281702930377687,-0.046401239931583405,0.05792105570435524,0.07341784983873367,-0.18180817365646362,0.29496145248413086,0.8447054624557495,-0.005904083605855703,-0.1676585078239441,0.938382089138031,-0.01546220035400414,-2.8701665409961925,0.8426531589542431,0.01854454677339632,-2.8000677559890774,1.35561350594483,-0.09074066124646946,-2.899764567460756,-0.00109527167442431,0.12041175528338398,-2.562329015653932,0.04506894490103487,-0.10384786556354615,-3.0692584165769485,-0.0009047283255756641,0.09209865524614237,-2.7299056475586827,0.04101421855505327,-0.1141523815442338,-2.9201181215907863,0.38197600588251934,0.11691311185648376,-2.741152054231153,0.4343252622436703,-0.19232554511691033,-2.6333843073775913,0.7497240034083685,0.20857368604313054,-2.8296566250428428,0.7037993556107401,-0.18666979071455514,-2.7595052206070347,0.8839666638873668,0.16427584756619112,-2.897392935450627,0.8693561674995277,-0.09558796427680957,-2.8112009141873076,1.0585504624345377,0.0970156612185752,-2.8664953318288138,1.0542428269206792,-0.09979278979589865,-2.859987794022701,0.6871592038359159,0.021586846227973848,-2.907290123435058,0.6880636548272752
0.6,0,0-ACCAD_Female1Walking_c3d_B2 - walk to stand t2_poses,17,-0.00795176048995927,-2.8489109906367958,0.7614285946139123,0.7775412042333418,-0.0386614412468964,0.02070810883505137,0.6273006798247178,0.1769031137228012,-0.030298739671707153,0.15007781982421875,0.054567236453294754,-0.3197259602245621,0.053970170795128336,-0.6546714901924133,0.1226191371679306,-0.03464315086603165,0.3429115414619446,0.2092700744956273,-0.08104813090628682,-0.0716872438788414,0.060908760875463486,0.07087332010269165,-0.18677197396755219,0.2899545729160309,0.8367159366607666,0.010628581047058105,-0.16368301212787628,0.9511125087738037,-0.009174401564386352,-2.842453329486603,0.8361400646922906,0.02462137978114411,-2.7746696231152046,1.3494396478207518,-0.09186782075351282,-2.8985836057930925,-0.00111682510277928,0.12327508798812022,-2.5084091196551093,0.04481285494663145,-0.10197706197221021,-3.068282600043393,-0.000883174897220694,0.09698612579872716,-2.6763270411299254,0.04128268291368649,-0.11032620445800781,-2.9069689902866935,0.3782626322711329,0.1204331310581981,-2.7111546589831934,0.42952050290141247,-0.18091755158705256,-2.6019307525130064,0.7448596239680968,0.21260552741104782,-2.8110810870160297,0.6957302708750372,-0.17824330903845,-2.729950129028774,0.8773867980399584,0.1688304151873197,-2.8743505353467906,0.8631825944238292,-0.08907768404704697,-2.783710533360403,1.0521394393845296,0.10305753437908886,-2.8406204153701884,1.0479551748167224,-0.09314950564877492,-2.8325652217687862,0.6802297632641701,0.028718778626856914,-2.87915623237493,0.6814541065779525
0.6333333333333333,0,0-ACCAD_Female1Walking_c3d_B2 - walk to stand t2_poses,18,-0.0014777342439629138,-2.8191413315944374,0.7530508887818564,0.7719358444792903,-0.038938327743116535,0.01949871804530295,0.6342071102054946,0.2228587567806244,-0.022788630798459053,0.1492718756198883,0.058066077530384064,-0.36686410334094033,0.041155242116270974,-0.6594070196151733,0.12001446634531021,-0.042219359427690506,0.31646856665611267,0.2425511758990644,-0.08342161095842837,-0.09293346107006073,0.06329365074634552,0.06781639903783798,-0.18495333194732666,0.2789100408554077,0.8330275416374207,0.029151348397135735,-0.16369231045246124,0.9662888646125793,-0.0029242149840076935,-2.8127777141144548,0.8277664297759304,0.03021927907796735,-2.7477268498322815,1.3414764772535186,-0.09373884139869339,-2.8970294521894364,-0.0010829124729868113,0.12687511057170983,-2.4655525703555954,0.03980250882802401,-0.10101925350129809,-3.0668734043976427,-0.0009170875270131246,0.10247708797636118,-2.633760585000826,0.036516127452304155,-0.10670802338123452,-2.8905581873571164,0.3729309580366048,0.12514589173446664,-2.6790069461574677,0.42192909132289513,-0.17031778114563878,-2.572515200127421,0.7363899326496544,0.21731924387908574,-2.7907574700590505,0.6859450014777048,-0.16991452615663435,-2.70092655575177,0.8685637777790862,0.17400810417188495,-2.8490380159575635,0.8553176301731431,-0.08295189571143308,-2.754902951314656,1.0439240988829337,0.10898879226794012,-2.812471107615338,1.0398174484053404,-0.086612246049533,-2.803162495525876,0.6714253252563038,0.03582698791955338,-2.8487478112937508,0.6730378394716875
0.6666666666666666,0,0-ACCAD_Female1Walking_c3d_B2 - walk to stand t2_poses,19,0.0053149035084061325,-2.78726166812703,0.742548654123703,0.7661717638261366,-0.038835197436129995,0.01791733743847227,0.6412110610202848,0.26604345440864563,-0.011184857226908207,0.1473519653081894,0.07683122158050537,-0.42570821943432424,0.024622225575343215,-0.6577402949333191,0.1151638850569725,-0.04796181991696358,0.31885042786598206,0.24027061052343424,-0.08257089551240127,-0.10883210599422455,0.06542874127626419,0.06433381140232086,-0.17523261904716492,0.262705534696579,0.8345038294792175,0.04855275899171829,-0.16591735184192657,0.9831224083900452,0.0036388334897085144,-2.7810751841268666,0.8172742735925849,0.03576764921337125,-2.7192649039800343,1.3314640789772711,-0.09631953156334733,-2.8946890381801547,-0.0009766651856031108,0.13035442234276837,-2.4318583486077556,0.029255501307143834,-0.1011691640650842,-3.064619844352973,-0.00102333481439695,0.10775937580166171,-2.6003179229682174,0.025963742188188966,-0.10318894837296755,-2.87004139318274,0.36527169056493713,0.13075400981526045,-2.6445323696922625,0.4116031158213732,-0.16083751432797525,-2.5454559193605735,0.723972926580352,0.22270355724992882,-2.7677916392057105,0.6741993787459745,-0.16161210887331653,-2.6726366450598444,0.8573296932555575,0.18001142677775442,-2.8209948947706227,0.8453903825902465,-0.07684610159495626,-2.7248221676003896,1.033665675590645,0.11522677708046002,-2.781947113667976,1.0295504946573064,-0.079781319881509,-2.7716688069935524,0.6604809881268423,0.04328058422441912,-2.8159879516000963,0.6625583801514934
0.7,0,0-ACCAD_Female1Walking_c3d_B2 - walk to stand t2_poses,20,0.011817248712759465,-2.752767268102616,0.7305107083653011,0.7619697533464079,-0.03813726355161718,0.014626116081176792,0.6463232324792206,0.30300667881965637,0.004155544564127922,0.14461655914783478,0.11527455598115921,-0.49542715779249047,0.007040008458147118,-0.6484240293502808,0.11018388718366623,-0.052924737334251404,0.33932456374168396,0.2147912201090516,-0.0792368096401197,-0.1174042597413063,0.0672076940536499,0.06158257648348808,-0.15566888451576233,0.2429795116186142,0.8425731062889099,0.06771719455718994,-0.16821357607841492,1.0004462003707886,0.00979159750368902,-2.746990372113726,0.8052604522438772,0.03996239056415386,-2.689478411556885,1.3200799654877866,-0.09882791861405325,-2.8880824844321378,-0.0007842654432344068,0.13550383676379643,-2.4035419776391738,0.014968512917188707,-0.10249079621870398,-3.058042471376293,-0.0012157345567655013,0.11387678924478835,-2.572125304766307,0.011514148958872025,-0.09993212941197878,-2.8425531177653722,0.35481030841266126,0.13736574734995,-2.6078951863611883,0.39937460520096385,-0.15302764808676447,-2.520374982481093,0.7079578665753086,0.2278658383885702,-2.7415961068456087,0.6614307048681264,-0.15410566650606927,-2.644460822225181,0.8441970182735641,0.18568450087021093,-2.7901223302132436,0.8341313262190784,-0.0716287635746475,-2.6930340728612197,1.0218662825348592,0.12072572159168252,-2.749215275889996,1.017915413942316,-0.0730354425933164,-2.7370430522284566,0.6478932039463572,0.05047772573148794,-2.7803736586428935,0.6506406748240239
0.7333333333333333,0,0-ACCAD_Female1Walking_c3d_B2 - walk to stand t2_poses,21,0.019591631542425603,-2.7156216534785926,0.7202802017116332,0.7589093273154137,-0.03600457811661768,0.010026250398190939,0.6501228942063672,0.32908058166503906,0.02118469402194023,0.14193354547023773,0.17639854550361633,-0.574177803147971,-0.011449754047323069,-0.6291464567184448,0.10905318707227707,-0.058255668729543686,0.36836591362953186,0.17417631764620678,-0.07932116335020711,-0.11811947077512741,0.06763485819101334,0.05928561091423035,-0.12593472003936768,0.22202414274215698,0.8577662706375122,0.0853632465004921,-0.16983497142791748,1.016489863395691,0.017221873704725443,-2.7105452777157426,0.7950706734102728,0.04475279744031742,-2.658700020469477,1.310647163764503,-0.09951090734634993,-2.874754468099354,0.0023139995845549294,0.13985898370032712,-2.3783452006414234,0.000851982416176688,-0.10270715261564273,-3.04472143068303,0.0013062068192467614,0.1188506456275787,-2.547001449787258,-0.002851982416176728,-0.09538682401288393,-2.806739209149388,0.3441501690868594,0.1445998134995623,-2.569532776225279,0.3879824681297065,-0.1462409225351042,-2.4976080974821357,0.692228592043426,0.23434334314939928,-2.710828183190106,0.6508574722850355,-0.1461918748556817,-2.61669553426455,0.8328619600578766,0.19274517001612543,-2.75584482852008,0.8246465911601183,-0.06557815980451194,-2.659873965933873,1.0119460910594047,0.127303684056931,-2.714228997348384,1.008163265589273,-0.06499583521612318,-2.699400428233571,0.6372360726826161,0.05888382338177038,-2.7417110360560777,0.6405781556348804
0.7666666666666666,0,0-ACCAD_Female1Walking_c3d_B2 - walk to stand t2_poses,22,0.026552029128652066,-2.6762611302547157,0.7255048780807566,0.757242370170654,-0.03389145630328891,0.0035878252009398934,0.6522441946988106,0.3385186791419983,0.03857538476586342,0.140151709318161,0.26089993119239807,-0.658607732639028,-0.026138819657372414,-0.5980727076530457,0.11526685953140259,-0.06476448476314545,0.4012617766857147,0.12029480773034007,-0.08318647524333678,-0.11075399816036224,0.0657154843211174,0.05784609541296959,-0.0879906415939331,0.20257508754730225,0.8795055747032166,0.09949058294296265,-0.1704217493534088,1.0293434858322144,0.023643731273933436,-2.672060502525934,0.8003306525857521,0.04600192640016457,-2.626150000196325,1.316717983909324,-0.09776069923887572,-2.852757674269676,0.02064392147522057,0.14126346316106056,-2.357514511596191,0.0009951160617560142,-0.1009809769797653,-3.0227178017045104,0.018859294453563397,0.12058773884706768,-2.5262053307645504,-0.002995116061756037,-0.09021541317058702,-2.762082119944581,0.34591536951723967,0.15040871292097674,-2.531117743020276,0.3908701058378027,-0.1423620625357847,-2.4768740110238388,0.690088645493133,0.24052396947929716,-2.6751418230760686,0.6569502373375264,-0.14040326311089624,-2.5889702705585425,0.8363423835900087,0.19879391873852592,-2.7181158435743944,0.8312241614671857,-0.06175108254370859,-2.6251391487489237,1.0170767044557365,0.13186083926539527,-2.676898033301254,1.0143150920129802,-0.05752552870515314,-2.6593566616980566,0.6419849587607228,0.06661494141113675,-2.7005511686934374,0.6461951761439058
0.7999999999999999,0,0-ACCAD_Female1Walking_c3d_B2 - walk to stand t2_poses,23,0.03523913229582831,-2.6376437577418983,0.7325022094922726,0.7559152933570397,-0.03110054983563072,-0.0008518298614660747,0.6539297358698021,0.3229712247848511,0.05602438375353813,0.1402702033519745,0.36759233474731445,-0.7431665228905371,-0.04463844133957984,-0.5549486875534058,0.12692177295684814,-0.07080621272325516,0.43289634585380554,0.053576133557153405,-0.09489055332101382,-0.09398912638425827,0.061156775802373886,0.05797503516077995,-0.04644685238599777,0.18853682279586792,0.9058277606964111,0.10646883398294449,-0.16918492317199707,1.036595344543457,0.03209190946197231,-2.6342009060854608,0.8073570140201439,0.04997618798321807,-2.5919501406153977,1.3242180003944868,-0.09424987572327222,-2.822925067572863,0.03989470858278411,0.13834509571321296,-2.3453627146242857,0.0011269748561261207,-0.0970658184753484,-2.9928796768587347,0.037155867787159784,0.11802265284329676,-2.5140900159944093,-0.00312697485612614,-0.08379860404872935,-2.711189201398254,0.34687035881636197,0.15515671148966004,-2.4970557391314743,0.39294058503282414,-0.13983369765926554,-2.4602945938040293,0.6893419343729965,0.24857766553549301,-2.635141075576251,0.6647295869650867,-0.13396337641044934,-2.563449213250883,0.8419336380117544,0.20726463578810733,-2.6779714130596877,0.8391381875796051,-0.05585372793366315,-2.590829358559228,1.0238925072136742,0.13883994066337757,-2.63839983348416,1.0219924483614282,-0.04872784084677743,-2.6206497432272253,0.6490444462225134,0.07575174843668668,-2.6600406382789212,0.6536258481372208
0.8333333333333333,0,0-ACCAD_Female1Walking_c3d_B2 - walk to stand t2_poses,24,0.041021721612196416,-2.6017231377772987,0.7391801026975099,0.7580464417714216,-0.030127448254450493,-0.004026856606867588,0.6514919135378657,0.2760518193244934,0.07242289185523987,0.1441185623407364,0.4949910640716553,-0.8226438832490164,-0.05857031323267259,-0.5081905126571655,0.13495294749736786,-0.0724005252122879,0.45266488194465637,-0.007920572142488425,-0.10025543742568055,-0.06634818017482758,0.05456867069005966,0.06056540086865425,-0.00582504365593195,0.18178944289684296,0.9340960383415222,0.10323332250118256,-0.16707099974155426,1.0366885662078857,0.037619671626846714,-2.5986909567124106,0.8140415208906414,0.05005304952062623,-2.5562799305472796,1.331025428649026,-0.09081443977496709,-2.783766719382465,0.05625070617647708,0.13949010686588428,-2.3390632551315216,0.0011934404146613162,-0.09382863994317624,-2.9536955280067794,0.05236295658741597,0.11764076057572347,-2.5075962232513582,-0.0031934404146614567,-0.07898327986647438,-2.6539812970377015,0.3447589905920302,0.15969819236840252,-2.470149146939965,0.39373739449765566,-0.1411847115039066,-2.446917061293769,0.6878693722486302,0.2545048562855361,-2.593448039024658,0.6731342489359218,-0.13124131575442066,-2.539527571415493,0.8468787634811337,0.2129484312262783,-2.6378913080377906,0.8470808602276877,-0.053279698277745174,-2.557250329934157,1.02983108828527,0.14240260582358863,-2.6006153970806887,1.0295282467922118,-0.0427133623754231,-2.584815479163246,0.6558978531632138,0.08180967282226163,-2.622900963787386,0.6608824570557199
0.8666666666666666,0,0-ACCAD_Female1Walking_c3d_B2 - walk to stand t2_poses,24,0.041021721612196416,-2.6017231377772987,0.7391801026975099,0.7580464417714216,-0.030127448254450493,-0.004026856606867588,0.6514919135378657,0.2760518193244934,0.07242289185523987,0.1441185623407364,0.4949910640716553,-0.8226438832490164,-0.05857031323267259,-0.5081905126571655,0.13495294749736786,-0.0724005252122879,0.45266488194465637,-0.007920572142488425,-0.10025543742568055,-0.06634818017482758,0.05456867069005966,0.06056540086865425,-0.00582504365593195,0.18178944289684296,0.9340960383415222,0.10323332250118256,-0.16707099974155426,1.0366885662078857,0.037619671626846714,-2.5986909567124106,0.8140415208906414,0.05005304952062623,-2.5562799305472796,1.331025428649026,-0.09081443977496709,-2.783766719382465,0.05625070617647708,0.13949010686588428,-2.3390632551315216,0.0011934404146613162,-0.09382863994317624,-2.9536955280067794,0.05236295658741597,0.11764076057572347,-2.5075962232513582,-0.0031934404146614567,-0.07898327986647438,-2.6539812970377015,0.3447589905920302,0.15969819236840252,-2.470149146939965,0.39373739449765566,-0.1411847115039066,-2.446917061293769,0.6878693722486302,0.2545048562855361,-2.593448039024658,0.6731342489359218,-0.13124131575442066,-2.539527571415493,0.8468787634811337,0.2129484312262783,-2.6378913080377906,0.8470808602276877,-0.053279698277745174,-2.557250329934157,1.02983108828527,0.14240260582358863,-2.6006153970806887,1.0295282467922118,-0.0427133623754231,-2.584815479163246,0.6558978531632138,0.08180967282226163,-2.622900963787386,0.6608824570557199
0.8999999999999999,0,0-ACCAD_Female1Walking_c3d_B2 - walk to stand t2_poses,25,0.046989726077299565,-2.5684744748286903,0.7454870429390373,0.7642980825611011,-0.028000878642385738,-0.006292237270497927,0.644224184223792,0.19858305156230927,0.08968273550271988,0.1519181728363037,0.6375996470451355,-0.8867064222351053,-0.07248038847690252,-0.45735809206962585,0.13673819601535797,-0.06856266409158707,0.4586678743362427,-0.05795804499796664,-0.10063047353121435,-0.028801197186112404,0.04720701649785042,0.06607562303543091,0.029528465121984482,0.1823166459798813,0.9610565900802612,0.08974141627550125,-0.16529831290245056,1.0299676656723022,0.04356252786502935,-2.5658723638636096,0.8203634967208453,0.05198149317586078,-2.52205258631987,1.3372795716898895,-0.08717002272036614,-2.730804250211967,0.0685317177845422,0.14654906894119568,-2.334978502902605,0.0011970645190587277,-0.09114835744459944,-2.900678895904792,0.06335700971944166,0.12101956063741733,-2.502993192247804,-0.0031970645190586428,-0.0737873839692632,-2.5880655908114307,0.3415078068251355,0.16652728032134514,-2.4491807820728857,0.39360664996437417,-0.14266741315591497,-2.434071875451403,0.6880469977729762,0.26117411686893865,-2.5504332449485285,0.6812801161178543,-0.12843162892188756,-2.5164446198362875,0.8522774384163379,0.21935966010962435,-2.598900809050562,0.8540863967910602,-0.04959167821346955,-2.525542484913878,1.0355059138411513,0.14686414892101096,-2.565247476049926,1.03640400280859,-0.036656545536640855,-2.551266596445372,0.6627400905965543,0.0876192215004768,-2.588777541659385,0.6676503954964401
0.9333333333333332,0,0-ACCAD_Female1Walking_c3d_B2 - walk to stand t2_poses,26,0.051613697956781834,-2.537479582708329,0.7518835524979428,0.7684849897605789,-0.026165269225131946,-0.007047309450486856,0.6392937780305455,0.10045144706964493,0.11146499961614609,0.15892399847507477,0.7807918190956116,-0.9326582896302398,-0.08919817133952723,-0.4034568965435028,0.1320931762456894,-0.059906255453825,0.4522612988948822,-0.10041802582026116,-0.0950120229659982,0.01371874287724495,0.04054611921310425,0.07143426686525345,0.05328153818845749,0.18736355006694794,0.9814924597740173,0.0680299699306488,-0.16598689556121826,1.0177226066589355,0.04829224115472914,-2.535139235372978,0.8267734096153256,0.05348888347586437,-2.488721475200534,1.3434784332285004,-0.08385634146954601,-2.670490364745388,0.07916520255748018,0.15330538475307587,-2.3332010437037556,0.001150767678076054,-0.08721621828450363,-2.840334979084354,0.07272174014692188,0.12517545205561204,-2.5008023673262616,-0.003150767678076146,-0.07003730407306359,-2.519412370427215,0.3408145445531376,0.17174696724010974,-2.432481100861014,0.39303758179992854,-0.14621263835518455,-2.4208391227673025,0.6907401863606888,0.2669237920037131,-2.503574855610996,0.6897978226211151,-0.1271760085808693,-2.495000877684093,0.8583623956250509,0.22548479720557607,-2.558437088460837,0.8607729942719075,-0.04695814207046183,-2.4965200361939006,1.0414085628093894,0.15058641229831982,-2.53036531130621,1.043091207100847,-0.03234247401989332,-2.5212317366469765,0.6697117534837266,0.09210232203426255,-2.5567646050635187,0.6744574444477659
0.9666666666666666,0,0-ACCAD_Female1Walking_c3d_B2 - walk to stand t2_poses,27,0.05507730896351859,-2.509856406133622,0.757560541547691,0.7707691220126194,-0.02802029686621073,-0.0031589270339423864,0.6364902549885737,-0.011084656231105328,0.14140842854976654,0.15779270231723785,0.902648389339447,-0.9530825075413207,-0.11584326704562453,-0.3566747009754181,0.13234557211399078,-0.052755795419216156,0.43084368109703064,-0.13213837653536786,-0.09498740112354775,0.05791577696800232,0.03627563267946243,0.07417049258947372,0.06562346965074539,0.1947944313287735,0.9937220811843872,0.041915781795978546,-0.1697034388780594,1.0021979808807373,0.052036891566466036,-2.5069184231325052,0.8324412741692195,0.05587849591245441,-2.453597403896325,1.3484774327537203,-0.08535622667761754,-2.6096621029093163,0.08742253022693985,0.15340845023443525,-2.333829567465972,0.0010337509558496286,-0.0877950410139212,-2.7794834257568235,0.0800218214125262,0.12386670465218114,-2.501193663663907,-0.003033750955849672,-0.06993924447080821,-2.4555670526480085,0.3441330586219309,0.17276295781819404,-2.4217971242371785,0.3920457925240735,-0.15064954460615662,-2.4076873777301944,0.6943970462797243,0.27112109544394336,-2.4568398795418953,0.6970384515611531,-0.12657526703060243,-2.474978295801948,0.8642555924540156,0.2311514061011309,-2.5181412786368553,0.8661659969433516,-0.044515848075336824,-2.4689801277294245,1.0466811825907572,0.15414110656624982,-2.4955180723508423,1.0485078647747048,-0.02957748282834561,-2.496338184458855,0.6757675731585592,0.09533701725981102,-2.5289524832544377,0.6805447821517319
0.9999999999999999,0,0-ACCAD_Female1Walking_c3d_B2 - walk to stand t2_poses,28,0.05763977224705741,-2.484442892950028,0.7617132615716072,0.7700697939439681,-0.03191246878679524,-0.0004399511445042605,0.6371608221116681,-0.13360010087490082,0.1690584272146225,0.1529652625322342,0.9833278059959412,-0.9227490338932665,-0.11846472509531791,-0.31494084000587463,0.1367625743150711,-0.04753471165895462,0.3968583643436432,-0.14688037891536765,-0.0950948556742951,0.10117015242576599,0.03467593342065811,0.07561096549034119,0.06961539387702942,0.20166125893592834,0.9988182783126831,0.015123134478926659,-0.17532116174697876,0.9858720302581787,0.05453894705680723,-2.4807987166555328,0.8365604716884456,0.055633990012905435,-2.4206858057408556,1.35185670397061,-0.08308971748555842,-2.5405992842243252,0.08582005178133718,0.15198442399031056,-2.3302356014033845,0.0008635998183324396,-0.08276266054648569,-2.71040370646121,0.07767442580437953,0.12274194140452023,-2.497660167089213,-0.002863599818332379,-0.06853072993438397,-2.394076191647676,0.35136843165727916,0.17240751541930074,-2.4123307609181124,0.3914426445902092,-0.15505229284120017,-2.394616064008151,0.6972940788248031,0.2731748848957474,-2.410069610157898,0.7033072804464634,-0.1267034879321579,-2.4571223752445857,0.8683170904928565,0.2352951214110373,-2.4782809105239436,0.8702560936344692,-0.04380082539676542,-2.444449739731278,1.050286443441768,0.15584724121216226,-2.462004111491937,1.0524494116351948,-0.027543010012075694,-2.474857589943573,0.6796357066176945,0.0981605863342434,-2.503216222971515,0.6852152714388381
1.0333333333333332,0,0-ACCAD_Female1Walking_c3d_B2 - walk to stand t2_poses,29,0.06019169668434188,-2.457887593191117,0.7655191148352687,0.7673433340525047,-0.03563322525117495,0.003920383434318681,0.6402336382424101,-0.25969019532203674,0.18479934334754944,0.15026429295539856,1.0180168151855469,-0.8456759513569474,-0.09693968370002626,-0.26956650614738464,0.14010025560855865,-0.04242207109928131,0.35825401544570923,-0.16278480926910732,-0.09724819126913897,0.14122547209262848,0.033679425716400146,0.075990691781044,0.06746713817119598,0.2043270468711853,0.99788498878479,-0.011200357228517532,-0.1838182806968689,0.9696077108383179,0.05722090028189936,-2.4534096613086063,0.8403263504130577,0.05696084391921223,-2.3863010131344033,1.3547569502074543,-0.0776069850659708,-2.462552010662004,0.07832782329233393,0.1480870609185263,-2.3275227152312694,0.0006684614568580813,-0.0730992333691481,-2.6322712132244406,0.06966338700308958,0.11992778563837199,-2.4951410917929233,-0.0026684614568581767,-0.06602199769322308,-2.334657886789276,0.3643673814052468,0.17068863183338226,-2.403256685802889,0.39061242308419775,-0.1575160543241106,-2.3782398089353367,0.7009987566009913,0.27400931750975044,-2.361713946139909,0.7085697936004338,-0.1253479760223669,-2.4375469567995793,0.8724847360708882,0.23933090080061406,-2.4365873191248886,0.8733452457666098,-0.04213726610318695,-2.4188994702119713,1.0539022771577566,0.15812845938398495,-2.4268406273002823,1.0555642396108498,-0.02577074034361752,-2.452990295338178,0.6830715258920325,0.10088055565801918,-2.476129623868916,0.6894215554355908
1.0666666666666667,0,0-ACCAD_Female1Walking_c3d_B2 - walk to stand t2_poses,30,0.06152152473805472,-2.434435788076371,0.7683848791572594,0.7643041890871222,-0.038912307959476304,0.009579393860757273,0.6436094887790298,-0.3809168338775635,0.18901380896568298,0.14968107640743256,1.0079509019851685,-0.7294487623070509,-0.06394049463540719,-0.22212271392345428,0.1420740932226181,-0.03754008188843727,0.3194052577018738,-0.18188500512941141,-0.10103111474960447,0.17794226109981537,0.03283555060625076,0.07546521723270416,0.062227893620729446,0.20278716087341309,0.9929444193840027,-0.03696438670158386,-0.19606727361679077,0.9533986449241638,0.058863110771606955,-2.4290498537614695,0.8431439892826385,0.0586146654169586,-2.3551087599998204,1.3566371479976491,-0.07154914196160754,-2.3810700443875,0.0674103800015474,0.14183342427752146,-2.33014524492322,0.00046841230842450607,-0.06320374547050844,-2.5506369998198775,0.05861254033487636,0.11466770082362399,-2.4979349899328485,-0.0024684123084246223,-0.06363658791219835,-2.2833969403450927,0.38104783551984517,0.16717392360927505,-2.3984915785427123,0.38943095604999206,-0.1592333962251947,-2.3627818298280956,0.7045541249212666,0.27325421695316066,-2.3171798135686594,0.7125037649137681,-0.12380065149641808,-2.4200327681931837,0.8760954169225522,0.24220130527173542,-2.398380125897753,0.874990041743325,-0.04070762756531932,-2.3962135211350266,1.0569004137816869,0.1597185097105972,-2.395050341083759,1.0573424644844718,-0.025325389660976284,-2.4342082055487433,0.6855321945784425,0.10219704763920667,-2.452121932201714,0.6925389230010036
1.1,0,0-ACCAD_Female1Walking_c3d_B2 - walk to stand t2_poses,32,0.06336543540237471,-2.384650412481278,0.7704842855669474,0.7591066715966756,-0.04434035919689731,0.017250069767435407,0.6492252527256821,-0.5819854736328125,0.17035338282585144,0.15498191118240356,0.8642352819442749,-0.4036229494489989,0.009790050018671947,-0.1290622502565384,0.13769106566905975,-0.02703210897743702,0.24703051149845123,-0.2168738169885578,-0.09761618129496541,0.2423563450574875,0.031294211745262146,0.07405611872673035,0.051852140575647354,0.18923430144786835,0.9798200130462646,-0.08539974689483643,-0.22887516021728516,0.9217145442962646,0.06101159972343699,-2.3779216759725297,0.8451447407128436,0.05908881131892189,-2.294282120524154,1.3571454488826447,-0.05017219835691891,-2.1972996533857208,0.04519158111063983,0.1375564933711672,-2.329630772358026,0.00011566506420692194,-0.037679703725151864,-2.3666710176631924,0.03762332235031897,0.11189988830979558,-2.497668743610308,-0.0021156650642070035,-0.05336774657068269,-2.1965291850546405,0.4150309275448705,0.16388467393231704,-2.383998350153198,0.3872239328379941,-0.15836861957850196,-2.3254159189600676,0.7073970736825437,0.27100261613990373,-2.2283473699141823,0.7190018977007183,-0.11931574852985685,-2.3805942937742257,0.8788315638526792,0.24617772801691315,-2.3220310911447357,0.8757394155777255,-0.03913826491580931,-2.34892281013741,1.05921514555206,0.16056516235330986,-2.331941278980699,1.0576809889299141,-0.02452264877043825,-2.3918212660871485,0.686171926417874,0.1042539494750765,-2.400845941139655,0.6949707619178749
1.1333333333333335,0,0-ACCAD_Female1Walking_c3d_B2 - walk to stand t2_poses,33,0.0618320761132054,-2.359531584661454,0.7701224546127864,0.760472144606564,-0.04615306921375089,0.021343866527407485,0.6473765912058485,-0.6539344787597656,0.15278911590576172,0.16045235097408295,0.7463117837905884,-0.21898686515442112,0.03844623977433903,-0.08434979617595673,0.129653200507164,-0.02092934213578701,0.21496471762657166,-0.23583668145366476,-0.09127899437585785,0.2722034454345703,0.029881013557314873,0.07349678874015808,0.050037041306495667,0.17693547904491425,0.975435197353363,-0.10933922976255417,-0.2462107092142105,0.9057859182357788,0.05978502601285663,-2.352194238199331,0.8447346046473581,0.05827990360061437,-2.2644233243130607,1.3560442218308844,-0.03800901137652065,-2.103163534238016,0.040816227895614635,0.1365180584864053,-2.3298200837271072,-3.082765834377943e-05,-0.027095216574377416,-2.2726926869868462,0.034432228265248624,0.1096813671351281,-2.4976772695047944,-0.001969172341656184,-0.04777446597446314,-2.162452224059388,0.42784316591504407,0.1611300389560525,-2.3769181205499805,0.38597071248326487,-0.15752698700731835,-2.3045721999900066,0.7070891921181497,0.26823745331443055,-2.186767368658214,0.7212252766923363,-0.11814394873961505,-2.3585837317160436,0.878819489216769,0.24589029866761097,-2.286297959132172,0.8746978489756744,-0.04004080635095989,-2.323952867310169,1.059083112230883,0.15916614146551927,-2.3020114870671273,1.0563715306494394,-0.02660608772868344,-2.3684888099714647,0.6852886299243642,0.10253946213261386,-2.3754270203026433,0.6946092054433399
1.166666666666667,0,0-ACCAD_Female1Walking_c3d_B2 - walk to stand t2_poses,34,0.059179490606766194,-2.330788794439286,0.7682882158392372,0.7604126797784507,-0.04745523812241526,0.02595344570357865,0.6471838807193916,-0.696123480796814,0.1372714340686798,0.1636156141757965,0.6266466975212097,-0.061058043679563134,0.05425853181773865,-0.03606822341680527,0.117716483771801,-0.014149519614875317,0.1871202439069748,-0.2630387305424451,-0.08282138295093677,0.29900920391082764,0.027506966143846512,0.07289339601993561,0.052309632301330566,0.16255992650985718,0.9743703603744507,-0.12952759861946106,-0.262192964553833,0.8916647434234619,0.05753295021102848,-2.322856461964485,0.8428493786938657,0.05652267229893532,-2.2311927656168624,1.3534752763410722,-0.03254613845262452,-2.021204664393259,0.040185321018877326,0.13466274838672618,-2.3298084915908928,-0.00015396619076020815,-0.023048726297389247,-2.1908588483548885,0.034964494775158374,0.10748307749119775,-2.4976131470602367,-0.001846033809239915,-0.04628655542545345,-2.132916005139076,0.4333411706690023,0.1574604627453009,-2.3667450599314153,0.383923681190797,-0.15700409950407226,-2.282215085820447,0.7051012431118127,0.26329660095721097,-2.142963444315839,0.7214540143981049,-0.11743986583082494,-2.3338567112839184,0.8775175362441827,0.2439423993817295,-2.247424724035394,0.872028979531412,-0.041877864412945005,-2.2956018925781825,1.0575607146030859,0.156663786431582,-2.2684540468041554,1.0535119802626292,-0.02983116044422877,-2.341245453835348,0.6834268362944688,0.09966851297144746,-2.3461191110068493,0.6926396169920829
1.2000000000000004,0,0-ACCAD_Female1Walking_c3d_B2 - walk to stand t2_poses,35,0.05863461474655196,-2.300271216314286,0.7647128175479616,0.7616013308992158,-0.04730288870528845,0.02853210696003276,0.6456870514150795,-0.714789867401123,0.12204989790916443,0.16721111536026,0.5183742642402649,0.0665738834133669,0.06733154191285873,0.01593482680618763,0.10525184124708176,-0.00759392324835062,0.1656074970960617,-0.2956860293312358,-0.07348839881229863,0.32352298498153687,0.02462664246559143,0.07272437959909439,0.05692765489220619,0.1480298936367035,0.9764348864555359,-0.1474015712738037,-0.2738359272480011,0.8787087202072144,0.057312698931939916,-2.292103903063235,0.839255070886845,0.05619339953052867,-2.1989691051693105,1.3496116247663732,-0.024320064679697512,-1.9505887701418538,0.0404548238029997,0.13530358061582945,-2.3288383466658273,-0.00024471522569321016,-0.016909684693500068,-2.1203751849994554,0.03625249132417287,0.10737476074324954,-2.4965216767859193,-0.0017552847743068055,-0.042345215498973576,-2.1045496325365876,0.4327502604471483,0.15620084290821665,-2.354011319236798,0.38108154726815274,-0.15363674563680435,-2.2577690571731144,0.7010010962061611,0.2599353642299721,-2.0996696050248826,0.7206898079504684,-0.11465151919133844,-2.307186124198783,0.8741994501525668,0.24337914382404574,-2.208893129322978,0.8681878672934371,-0.04195512957263016,-2.2662802905335107,1.0542598012246136,0.155968323202273,-2.235059919777312,1.0493833074528351,-0.03080298577366065,-2.3110064733123945,0.679969032909134,0.09897774149535676,-2.3147216290396457,0.6888311997299564
1.2333333333333338,0,0-ACCAD_Female1Walking_c3d_B2 - walk to stand t2_poses,36,0.057533310900907964,-2.268739405553788,0.7593003893570067,0.762327432804397,-0.04647379516907025,0.029868626948578524,0.6448293857142736,-0.7205785512924194,0.10840228199958801,0.1720433533191681,0.4320354759693146,0.1610264082827899,0.07929115248510998,0.06772977858781815,0.0905943438410759,-0.0005229676607996225,0.15356312692165375,-0.3354636604288397,-0.06169629820583933,0.34388184547424316,0.021263711154460907,0.07305297255516052,0.06171998754143715,0.13342271745204926,0.980302631855011,-0.16226987540721893,-0.2816903293132782,0.8674708008766174,0.05645361163777089,-2.2605361429540936,0.8338425970800252,0.054451120282808324,-2.1671735180038962,1.3441506058602297,-0.01776516368284017,-1.8914184978117032,0.03963435911923553,0.13670481139400148,-2.32744315204224,-0.000285928095664887,-0.011852377144900799,-2.0612812948466357,0.036218346995991316,0.10865116165062261,-2.4951063654831658,-0.0017140719043352223,-0.03980163713193128,-2.0762543578577177,0.42793717211738436,0.15537170513603818,-2.3386220516212743,0.37712220009543196,-0.15036228586505768,-2.2318431664268292,0.6947315483297519,0.2553919110127533,-2.057409509722245,0.7182931222376827,-0.11251269588501851,-2.2792726509897268,0.868735619364337,0.2415525661525203,-2.1707805444288435,0.8629134708320725,-0.04300305279367907,-2.236421773346692,1.0490167508187471,0.15431019767951945,-2.201608149929014,1.0437557896676908,-0.032199282807830146,-2.2794128786842505,0.6747455191920108,0.09783104908775428,-2.2820584338777365,0.6831149607282664
1.2666666666666673,0,0-ACCAD_Female1Walking_c3d_B2 - walk to stand t2_poses,37,0.05449250916717574,-2.237932864110917,0.7521463663184675,0.7637083645643967,-0.04509757888265556,0.030433073674448106,0.6432647746457307,-0.7232711315155029,0.09669438004493713,0.17708787322044373,0.3766595423221588,0.22172690715311605,0.0903393092086684,0.1157274842262268,0.0749933123588562,0.006976079195737839,0.1533612608909607,-0.3821360215383036,-0.04903785341040667,0.3595100939273834,0.018197868019342422,0.0731537863612175,0.06693872064352036,0.11995844542980194,0.9855470657348633,-0.17175474762916565,-0.2852255702018738,0.8592000007629395,0.0536273555183099,-2.2298301757369283,0.8267023717793147,0.050986048493267384,-2.1373614750473293,1.337167311758182,-0.012908485481627648,-1.8426499324371464,0.0370032683510951,0.1365667227419127,-2.326444765071443,-0.0002700982555886161,-0.008568843867848426,-2.012569244757093,0.03407157747714809,0.10846615952473485,-2.494099849457964,-0.001729901744411462,-0.03932678718760017,-2.0470182644840613,0.4211464459797819,0.15312204434137464,-2.321791999914469,0.37176961270077846,-0.14895504996659154,-2.20540537331619,0.6866975359861424,0.24949039872155584,-2.019711786131681,0.7135777164517588,-0.11260619916459069,-2.251197947362418,0.8614584166538783,0.23772377416847484,-2.136043558865531,0.8560137701860393,-0.04598544073921485,-2.207244895587695,1.0420241822103251,0.1509059070415938,-2.1701417497873545,1.0366076666536854,-0.03549633536521204,-2.2481554850351015,0.667754244312752,0.09475432242578699,-2.2501588007866267,0.6756113354292463
1.3000000000000007,0,0-ACCAD_Female1Walking_c3d_B2 - walk to stand t2_poses,38,0.05308171937940642,-2.202523413579911,0.7427475319031034,0.7663769070259159,-0.0435246706551325,0.029753632430596606,0.6402239926611138,-0.7192715406417847,0.08608660101890564,0.18141868710517883,0.35540738701820374,0.24192403598610168,0.1002257106609884,0.16068625450134277,0.060992877930402756,0.014286849647760391,0.1669086515903473,-0.4382074316906204,-0.036870104642426904,0.3718593418598175,0.015766318887472153,0.07087281346321106,0.07533512264490128,0.10880565643310547,0.9926730394363403,-0.1735697090625763,-0.2825815677642822,0.8546082377433777,0.05232226313473507,-2.1946626198058774,0.8173305805633355,0.049155342407283246,-2.105283155368766,1.3283465778744743,-0.004529609773280183,-1.8015197499904392,0.029097180925448277,0.13735932379731872,-2.3212134588115245,-0.00019146736259528785,-0.002313493480956474,-1.9714829430122938,0.02634003631648897,0.10879454525379925,-2.488788631574845,-0.0018085326374048007,-0.03651573501276768,-2.0120352009145597,0.41141555419044773,0.15256525441937907,-2.2983956060780026,0.36437041117066366,-0.14615283790635575,-2.1740268630454462,0.6763566447473784,0.24588554080621042,-1.982075578079914,0.7059585074602186,-0.11160482211290017,-2.218274736317356,0.8518790778430265,0.23537501196972196,-2.1000766916234217,0.8471138480968294,-0.04748950255874615,-2.1738471284244807,1.0327871343609953,0.14923838587474467,-2.1358536619679183,1.0276083971486951,-0.0370195551332545,-2.21165391819263,0.6584305312081143,0.09340223866890868,-2.213747013751487,0.6658827978239539
1.3333333333333341,0,0-ACCAD_Female1Walking_c3d_B2 - walk to stand t2_poses,39,0.05169452558038756,-2.16197771159932,0.7320845143017717,0.7707069506359528,-0.039567677720221656,0.027672413913454482,0.6353577202092237,-0.7070416212081909,0.07642235606908798,0.18540112674236298,0.3614110052585602,0.2310353086976904,0.10621916690871813,0.20147773623466492,0.04843118041753769,0.021413924172520638,0.19605889916419983,-0.501366767991926,-0.02828927600902975,0.38088300824165344,0.013537698425352573,0.06673382222652435,0.08970750868320465,0.09968434274196625,1.0026756525039673,-0.16614654660224915,-0.27464139461517334,0.8543573021888733,0.05112267941543973,-2.1547661666908846,0.8067348097599764,0.048584573937709416,-2.0722406980199435,1.3189153821814743,0.004202721070460519,-1.763875089932212,0.01739851002447585,0.13539763128700594,-2.308498181445141,-4.4783005243069496e-05,0.003551459039313328,-1.9338506555292538,0.014590849480078154,0.10571400306572422,-2.475875696236084,-0.001955216994756745,-0.03357684686166807,-1.9702324856615514,0.4003850198319944,0.15103821683891006,-2.266343897491246,0.3548634279432017,-0.14344645125467426,-2.1380534768028694,0.6650331259929914,0.24374002197764608,-1.9445594192124847,0.696451936981505,-0.11078520478882717,-2.1807297169162525,0.8413043536884102,0.2335032944260953,-2.0631507433023266,0.8371319691958228,-0.04853120074008322,-2.136507314245043,1.0225457523990047,0.14834220252798308,-2.0992269951200364,1.0177264379677788,-0.038571543202250966,-2.168941823648007,0.6479809180054967,0.09197060303284729,-2.172085378623259,0.654797425397643
1.3666666666666676,0,0-ACCAD_Female1Walking_c3d_B2 - walk to stand t2_poses,40,0.051515480678062886,-2.1215543183498085,0.721482680239328,0.7741757583162304,-0.033689167727765965,0.02466744384309389,0.631591998387842,-0.683898389339447,0.06585630774497986,0.19015327095985413,0.382503867149353,0.19752252313568164,0.1095201799278227,0.2315295934677124,0.03797350451350212,0.027920197695493698,0.24153384566307068,-0.567214128116599,-0.02422399409649101,0.38372376561164856,0.01130472682416439,0.06192414462566376,0.10689517855644226,0.09206672757863998,1.0139551162719727,-0.14976690709590912,-0.26291775703430176,0.8585378527641296,0.051188349919124985,-2.1153051537811085,0.7962211638181368,0.04982021894603671,-2.0421457345974163,1.3098396581670657,0.011540017757359128,-1.734509920262557,0.003204642149447757,0.13297430771498164,-2.2900388397728317,0.00017433812726614512,0.008584654823005992,-1.9044582637882257,0.00023372262723163686,0.10268635449409831,-2.4573024748210424,-0.0021743381272662406,-0.030553705521317677,-1.9292572954293163,0.3885213311479422,0.15052417627903075,-2.228873151217036,0.3437712379637557,-0.13983313909957296,-2.1025335136810166,0.6539768809013122,0.24352233853104624,-1.9114078911303183,0.6859444702648227,-0.10894744994778699,-2.1438368096006073,0.8308940257911338,0.23296766406003705,-2.0293085495064873,0.8271804352505341,-0.04813209223592985,-2.100328733784326,1.012490179523808,0.14900548512861203,-2.0644193617505366,1.0080768484713953,-0.03892159643720919,-2.126034838422563,0.6378478068468927,0.09165689772434762,-2.1303705095791603,0.6437542345810567
1.400000000000001,0,0-ACCAD_Female1Walking_c3d_B2 - walk to stand t2_poses,41,0.0504357015597634,-2.080556574743241,0.7258606427306289,0.776149473313174,-0.028273305625348077,0.020986082139000255,0.6295650876765272,-0.6461090445518494,0.05098383128643036,0.1963237226009369,0.41029390692710876,0.14197388827288115,0.11538739238045459,0.24814341962337494,0.030030259862542152,0.03304959461092949,0.3059806823730469,-0.6393309634130677,-0.021081785315131052,0.37710851430892944,0.01004066877067089,0.057003144174814224,0.12267138063907623,0.08744170516729355,1.024321436882019,-0.12467000633478165,-0.24945804476737976,0.8672530651092529,0.05020896912938808,-2.0752831123564768,0.8006746734124495,0.04965336010946123,-2.011559461338654,1.3155638954321034,0.01783208848375731,-1.7156708311621507,0.0005895902466683464,0.13052894241807914,-2.266698945142823,0.016249899572035636,0.013340954712488536,-1.8855817564401898,-0.0025895902466683066,0.10026354530785267,-2.4339568399964384,0.013283024634119456,-0.02838375322585405,-1.8913313703557484,0.38901340136181684,0.15026294645370109,-2.185828678637634,0.3461450187705369,-0.13812271102675128,-2.065041299676748,0.6578290523075904,0.24384691506670791,-1.8822291236359119,0.688872941626516,-0.10892211708718161,-2.105446595931553,0.8352390338540241,0.23177070773867378,-1.9975213110855448,0.8321260076803256,-0.0489745315215747,-2.06312941399507,1.017218947284625,0.14858857188826058,-2.0295633402270234,1.0134342725465826,-0.03994634326113787,-2.0826663669816634,0.6427905875627832,0.09054252261142554,-2.088195590209432,0.6478598523059405
1.4333333333333345,0,0-ACCAD_Female1Walking_c3d_B2 - walk to stand t2_poses,42,0.049887275497894734,-2.038397971075028,0.7344528927397,0.7760234258841106,-0.023278461062687026,0.0175079870852676,0.6300311310704126,-0.5961742401123047,0.03240315243601799,0.2025788426399231,0.43595167994499207,0.07521796729429031,0.1222759914239605,0.24823719263076782,0.02267526462674141,0.03673775866627693,0.3911215364933014,-0.7177732582480103,-0.017479914964046328,0.36032530665397644,0.010266374796628952,0.05365748703479767,0.13469628989696503,0.08603378385305405,1.0329840183258057,-0.09368321299552917,-0.2359129786491394,0.8794480562210083,0.049725343442695864,-2.0340336898736373,0.8093256302855163,0.05045191759953772,-1.9783432554768092,1.3251552308708137,0.02252972040277506,-1.7037003880547175,0.0006722005322313922,0.13062948627490942,-2.2371388513020363,0.0372573564758298,0.01757586403942295,-1.873595279939822,-0.002672200532231498,0.10131939049025769,-2.404550272551154,0.03347128721537473,-0.026618771835499485,-1.8563547464829906,0.3915620622520676,0.15204860261617695,-2.1360714500391924,0.350819414770661,-0.13728538800494142,-2.0245216848781715,0.6662027332729513,0.2456736429087167,-1.8553264492682913,0.6942743806221594,-0.10918709925641187,-2.064507354122102,0.8438855873379605,0.23141150826894177,-1.9661836336278633,0.8407900466635522,-0.049128566584779175,-2.023715757279019,1.026120630264938,0.14894317083675906,-1.9932501494172947,1.0227120422245841,-0.040362841893846535,-2.0385437762038245,0.6521140473650764,0.08992882104425338,-2.045051855560754,0.6563276490788102
1.466666666666668,0,0-ACCAD_Female1Walking_c3d_B2 - walk to stand t2_poses,43,0.04973495955346152,-1.9981762799434364,0.743167219225991,0.7741185034056858,-0.01996769209757373,0.01573289084665645,0.6325300863222593,-0.5401371717453003,0.013759743422269821,0.20666271448135376,0.451272189617157,0.008584873565832263,0.12720409576293135,0.22305402159690857,0.015355527400970459,0.038786083459854126,0.4942466616630554,-0.7948478321499008,-0.011498006637248093,0.33313825726509094,0.011566379107534885,0.05255800113081932,0.13846544921398163,0.08809462934732437,1.0380134582519531,-0.06315665692090988,-0.22476375102996826,0.8921145796775818,0.049667302940010136,-1.9943649469341804,0.8180702843386766,0.052376440518567366,-1.9430187243875647,1.3343476954837643,0.024008230904757684,-1.6980385119038526,0.0006980835623199462,0.13403162723537945,-2.2014904192262037,0.05747109585111558,0.01961597871570639,-1.8679478235073348,-0.002698083562319851,0.10637326506710622,-2.3691571261027633,0.05268670379584581,-0.026088333179420862,-1.8276499646340714,0.3927344901210029,0.1558919253215341,-2.081920753747216,0.3537020293744667,-0.1377226501689613,-1.9821365393377628,0.6751707852495975,0.24883442330651726,-1.8316947345629644,0.6986487066289488,-0.11000661592301825,-2.0225743221299064,0.8528113531745545,0.2319261792534069,-1.9368934918006413,0.8490046076200868,-0.04857450818311545,-1.9837980514995788,1.0351110307078524,0.15008796919040746,-1.9574677664080706,1.0316294978824445,-0.04041134288612924,-1.9970857073161623,0.6616660951848561,0.08956826193047006,-2.0045954823421988,0.6651091351276796
1.5000000000000013,0,0-ACCAD_Female1Walking_c3d_B2 - walk to stand t2_poses,44,0.048664221714716405,-1.9607864054851234,0.7503692883287114,0.7698200282264172,-0.017942604233287886,0.013434534129275387,0.6378673062538439,-0.48426467180252075,-0.002614349126815796,0.20786887407302856,0.4507791996002197,-0.0421232715477724,0.13200879322770998,0.1660037487745285,0.01027138065546751,0.03766738995909691,0.609363317489624,-0.8536690172119763,-0.0016510615778592141,0.2963749170303345,0.013297266326844692,0.054703280329704285,0.13208706676959991,0.09322119504213333,1.038457989692688,-0.037148814648389816,-0.21801455318927765,0.9034174084663391,0.04849879763668761,-1.9574291015561522,0.8252939247656199,0.051942996824829155,-1.9080416683202572,1.341752594008281,0.02252530520147288,-1.6916373358973007,0.0006559226381628522,0.14086201405390308,-2.153116619531232,0.07149446499295027,0.02000514199025841,-1.8615863884343906,-0.002655922638162795,0.11556543171542555,-2.3211203082869076,0.06559162783792746,-0.027541307563672342,-1.8038248779987542,0.39258475112145685,0.16116747437161222,-2.0205866879943812,0.35391233559592505,-0.1402637479009052,-1.9382331372967372,0.6825589430302028,0.2517800783505393,-1.8099125981160415,0.7024347338257135,-0.11283511411418426,-1.9809126446195435,0.8597190229224984,0.23161278549392586,-1.9094999140933362,0.8561722081104246,-0.04962441121657753,-1.9453630246225797,1.0422733675213751,0.1495952153305594,-1.9236037391392178,1.0390704323561204,-0.04121430408173003,-1.959215188771252,0.6694448347537693,0.08836855902900313,-1.9675474492163945,0.6726377304871596
1.5333333333333348,0,0-ACCAD_Female1Walking_c3d_B2 - walk to stand t2_poses,45,0.049881966959219426,-1.9277949961833656,0.7566776701208539,0.7654713037237728,-0.017140358471018937,0.012362398836581417,0.6431228983498549,-0.4313417375087738,-0.01474169921129942,0.20640943944454193,0.4334326684474945,-0.07500112944753767,0.13283531069991494,0.08474842458963394,0.011022238992154598,0.031779564917087555,0.7299948930740356,-0.8973666900948358,0.0014316711761698242,0.253176212310791,0.014461390674114227,0.059053801000118256,0.11806701868772507,0.10228484869003296,1.0350736379623413,-0.01604808121919632,-0.21578235924243927,0.913099467754364,0.049647922639612534,-1.9246343470360492,0.8316106770018273,0.053850346510517684,-1.8743676213358456,1.3479670180477377,0.02121263748454501,-1.6850883312768221,0.0005494734161733683,0.14774278514244804,-2.098094442599715,0.0821111853039652,0.020693049774300306,-1.855059289258301,-0.0025494734161733354,0.12391484481779683,-2.266267482083795,0.07503601388760964,-0.02760245338115125,-1.7858680402955078,0.39213392203463526,0.16762044619834918,-1.9570875701428754,0.3541223193681459,-0.1415597949757506,-1.894516200830326,0.6893566917527324,0.2583411638047052,-1.7923191924986588,0.7058218840927097,-0.11421465507750209,-1.940623787404349,0.8656686255190894,0.23414709517175025,-1.8861758355559555,0.8625545922335669,-0.048346765180106485,-1.909205333521341,1.0484028124398839,0.15143212919336665,-1.8933340789298558,1.0454563670212629,-0.03978216293645395,-1.9260491380005238,0.676262601042504,0.08935025239623681,-1.9357841208131792,0.6792786510995873
1.5666666666666682,0,0-ACCAD_Female1Walking_c3d_B2 - walk to stand t2_poses,46,0.050492687325458974,-1.8960078391246498,0.7629425801369693,0.7624486133811716,-0.01914639787312701,0.013864835628889675,0.646616805948157,-0.38146519660949707,-0.022588932886719704,0.2027754783630371,0.4016631543636322,-0.09667411395269765,0.1296870331252482,0.0006974940188229084,0.012822896242141724,0.026116255670785904,0.847596287727356,-0.9425925000339408,0.003215008863072799,0.20732206106185913,0.01458030380308628,0.06294084340333939,0.09804250299930573,0.11564692854881287,1.028359293937683,-0.0003115650324616581,-0.21659672260284424,0.9205830097198486,0.0502213136347396,-1.8924733320888059,0.8378587574041895,0.05517879578776799,-1.8377748554496258,1.353746940318041,0.018151618833326756,-1.6787405794471164,0.0003902819597663386,0.15232638545225619,-2.0466634036257623,0.09590317745920028,0.01907105688761718,-1.8487153513927015,-0.0023902819597662814,0.1292795883004115,-2.214893312701763,0.08768473275705681,-0.028531820893912426,-1.7716246886310383,0.39180406487333497,0.17250235801234845,-1.8972658705476573,0.3567521560672967,-0.14402159290133332,-1.848150737790528,0.6962611326322196,0.26510799328250795,-1.775706173195685,0.7095783933155754,-0.11681191419235742,-1.8982948464472509,0.8714888871568528,0.23629315972369355,-1.8635249824425213,0.8690058887911478,-0.04759626342597953,-1.8714909116324283,1.0542521258908482,0.1526347523034519,-1.8629499008919472,1.0516489786627525,-0.03898965797735405,-1.8943420032409921,0.6829539052281959,0.08969825126717697,-1.906084667994277,0.6857730730177227
1.6000000000000016,0,0-ACCAD_Female1Walking_c3d_B2 - walk to stand t2_poses,47,0.05270013416884467,-1.8664197358302772,0.7688092945359128,0.7612114277089549,-0.02127460338450713,0.015656803542109188,0.6479655994564605,-0.3283994793891907,-0.02690066024661064,0.19746150076389313,0.362050861120224,-0.1132400154731803,0.12232680263425222,-0.09090720862150192,0.017286015674471855,0.02210296131670475,0.9369838833808899,-0.9509495087455755,-0.00015273714594032928,0.16238029301166534,0.014300920069217682,0.06688083708286285,0.07505287975072861,0.13349036872386932,1.0196294784545898,0.011291076429188251,-0.21796293556690216,0.9262807965278625,0.052420073165205715,-1.8624688046339277,0.8437046328989642,0.05840233090117819,-1.803097700091664,1.359054210322801,0.015413778612776909,-1.6743692690826666,0.00020643140039337468,0.15768535355846156,-1.9887761528282286,0.10317044138746248,0.01688220362221898,-1.844345802230911,-0.00220643140039347,0.1348712153684738,-2.156993095745441,0.09408335086103897,-0.028208788358009863,-1.7607633142572674,0.3916443380322934,0.1781234864388023,-1.838912889889714,0.3625085375560921,-0.1450963485955648,-1.8013535542896595,0.703151888123062,0.27316283589702434,-1.7608899984715003,0.7137445705472403,-0.11805309082205483,-1.8564974896111937,0.8768970256389592,0.2397365434063896,-1.8431183456528701,0.8752399144253804,-0.044970087071606435,-1.8353661099396918,1.059605513484712,0.15544836150722652,-1.8350973595904307,1.0574705328048308,-0.03659515075847302,-1.8642755890504044,0.6892158236111572,0.09157280732292711,-1.879043388058761,0.6917086297433794
1.633333333333335,0,0-ACCAD_Female1Walking_c3d_B2 - walk to stand t2_poses,48,0.05433563719270751,-1.837104621808976,0.7738652443265067,0.7617150287322835,-0.023941848476655637,0.0174382789409212,0.6472348177612789,-0.27122199535369873,-0.030056897550821304,0.192296102643013,0.31880149245262146,-0.13072829896052696,0.11455245223578336,-0.19182288646697998,0.024424418807029724,0.02000429295003414,0.9846733212471008,-0.9065388519332811,-0.0053191801619878465,0.1193733811378479,0.015205158852040768,0.07066620886325836,0.048914674669504166,0.1545901745557785,1.008509874343872,0.020499212667346,-0.21787573397159576,0.9309887290000916,0.05400368737403786,-1.8326760927450714,0.8487336484743716,0.06164920477735858,-1.7684010023348584,1.363463179032532,0.012756246527026407,-1.672294447266061,8.700982155419867e-06,0.16335128432046123,-1.919510119062574,0.1007285862258191,0.013972949113399451,-1.8422781221414168,-0.0020087009821554216,0.14043208404156785,-2.0876872257113046,0.09118023255424412,-0.02806145155774311,-1.7516119248320352,0.3913201544156578,0.18312285128753972,-1.7803523013219773,0.3723804957962545,-0.1462043139860401,-1.7521322389834768,0.7097932652615203,0.2795351235916915,-1.7464339340632087,0.7173540203843412,-0.1196185435835608,-1.813333950095989,0.8815696069770645,0.24191304695963134,-1.8231439763755384,0.8806320438979179,-0.04246702098360948,-1.79901278364747,1.0640982520824132,0.15776690248769443,-1.807721321072856,1.0624483529343864,-0.03467442609333217,-1.8339407626677346,0.6945313751383153,0.0928447926991065,-1.8527681111288357,0.69666657337877
1.6666666666666685,0,0-ACCAD_Female1Walking_c3d_B2 - walk to stand t2_poses,49,0.05684628541348502,-1.8087493809871376,0.7775557779780815,0.761959758406745,-0.027328476225420024,0.019132056343453132,0.6467645981158852,-0.21248865127563477,-0.0331418402493,0.1885230839252472,0.2742179334163666,-0.1494619040767402,0.10831665470477025,-0.2937558591365814,0.03525850549340248,0.018009603023529053,0.9895882606506348,-0.8166350865092462,-0.012323018566670951,0.07854846864938736,0.016827397048473358,0.07251358032226562,0.0201078150421381,0.17901408672332764,0.9945359826087952,0.028532549738883972,-0.21678277850151062,0.9349420070648193,0.056381700326419294,-1.80376981060597,0.8523888457991716,0.06550360764950001,-1.735243085593931,1.3665419136866448,0.011569676328466807,-1.6727632488369018,-0.00019534789916415482,0.17026456292838382,-1.8419397491041014,0.09114164899198814,0.012853601494738617,-1.8427507827214604,-0.0018046521008357672,0.1478090053267018,-2.010177139549243,0.08155371965314692,-0.02682375420383915,-1.744640439138014,0.3907161851235308,0.18810046371838737,-1.7245769200704055,0.385496089605955,-0.1460102570357767,-1.7023130489786,0.715784643913443,0.2853692634016192,-1.7317665046110675,0.7200713060123985,-0.12010891246093099,-1.770732222281055,0.8849221657055983,0.24420886278927376,-1.8033571624031266,0.8848140246451187,-0.03906108846368048,-1.7641482098762338,1.0671636458937523,0.16063680529216706,-1.7812341515049261,1.0661602874636986,-0.03178548287621641,-1.8046544862892564,0.6982961883413693,0.09508260886340542,-1.8274935438377287,0.70009380282107
1.700000000000002,0,0-ACCAD_Female1Walking_c3d_B2 - walk to stand t2_poses,50,0.060043187986593693,-1.7814283999614418,0.7796895384923538,0.7618983148100645,-0.030528734123253198,0.020613241227006557,0.6466483190796468,-0.15583211183547974,-0.034993939101696014,0.18605312705039978,0.23044872283935547,-0.16638341792378597,0.10181198997211538,-0.3896903097629547,0.04813617840409279,0.015890615060925484,0.9533190727233887,-0.6885686184971971,-0.019423661012681115,0.040000103414058685,0.018570734187960625,0.07217811048030853,-0.010327119380235672,0.20583593845367432,0.9779000282287598,0.036333102732896805,-0.21491312980651855,0.9383081197738647,0.059437763858973466,-1.775940003630639,0.8544860020941961,0.06984679964887391,-1.7047154469206898,1.3682500254526344,0.010630521985166841,-1.6729154826499308,-0.0003922505741519554,0.17745348630041077,-1.7574648050607886,0.07736089095944558,0.012294946593193273,-1.8429029888180775,-0.0016077494258480395,0.15602254210261585,-1.9258563483500206,0.06814119576590844,-0.025143495967046663,-1.738094665987362,0.39005234202284245,0.19243846047217567,-1.6736637400462269,0.40023340061772567,-0.14438505303120527,-1.6524304870896895,0.7213032164079868,0.2907257614014189,-1.7170301935321948,0.7216633538872281,-0.11954506172849012,-1.729232140247004,0.8869656596730574,0.24661682715572103,-1.784098686633685,0.8875421751905281,-0.03492832453431245,-1.7313764645292886,1.0687370998514814,0.1639625094931798,-1.756166162737892,1.0684339454767766,-0.028214037106290266,-1.7764790869641107,0.7003967959527665,0.0980630344180691,-1.8029825300633822,0.7017880066455231
1.7333333333333354,0,0-ACCAD_Female1Walking_c3d_B2 - walk to stand t2_poses,51,0.06270341406343505,-1.7543249758891761,0.7804362318063605,0.7612843400877927,-0.035104308468491253,0.02211820200541089,0.6470893494750868,-0.10309688746929169,-0.03520447760820389,0.1846948117017746,0.1896640956401825,-0.18453386166449404,0.09632969051994655,-0.47743910551071167,0.060119159519672394,0.01305500790476799,0.8784195184707642,-0.5298551794118098,-0.021567607588274806,0.0038403014186769724,0.02028191275894642,0.07034371048212051,-0.04225721210241318,0.2333487719297409,0.9586960673332214,0.04458290711045265,-0.21211861073970795,0.9415275454521179,0.06182180656648039,-1.748169453901089,0.85517800270641,0.07226851947853077,-1.6740031774091169,1.3685310399537467,0.00981880325761264,-1.6733130389105024,-0.0005756674916813365,0.1855007788295402,-1.6671387177674684,0.06318586805830917,0.012285930966439134,-1.8432930172860682,-0.001424332508318759,0.165480217061517,-1.8357425484995598,0.05470498550063619,-0.023576036685368486,-1.7315272937407333,0.3891375395027755,0.1960646448151603,-1.6287257961507986,0.41510652455307706,-0.14203436781417372,-1.6023798300483691,0.7258005829063752,0.2945297456339013,-1.7016854239301142,0.7223618740674488,-0.11915608866078561,-1.687958288418251,0.8873941347894322,0.247772045339365,-1.7641736023864363,0.8893005131554242,-0.031917823561180746,-1.6990021636952515,1.0686695957526502,0.16599465256872273,-1.7306580082184972,1.0695322658231323,-0.02506779940706914,-1.748923850405645,0.7008544628770254,0.10072440778773509,-1.7785474963461672,0.7021058585719351
1.7666666666666688,0,0-ACCAD_Female1Walking_c3d_B2 - walk to stand t2_poses,52,0.06669493595836684,-1.7269298466853797,0.7797697311539444,0.7593794497453069,-0.039217433158101535,0.024249700830430574,0.6490121695705247,-0.055060237646102905,-0.0339210070669651,0.18433555960655212,0.15380704402923584,-0.20319232815604438,0.08846142141259072,-0.5537785887718201,0.07242980599403381,0.005230860784649849,0.7730265259742737,-0.35075901461915393,-0.028594420683765942,-0.02901381626725197,0.022285211831331253,0.06833954900503159,-0.07437121123075485,0.25950127840042114,0.9381417036056519,0.053514689207077026,-0.20708651840686798,0.9448983073234558,0.06563925592249296,-1.7201019571214673,0.8544508228958632,0.07665394922766697,-1.6430377119578208,1.3673720667643174,0.008601207506344136,-1.6721509978558697,-0.0007313987128104264,0.19112994863729374,-1.5715615582350182,0.05198983794102198,0.012584905675082313,-1.8421034663942657,-0.001268601287189662,0.17267811362953514,-1.740393398542002,0.04455078669751322,-0.021426124161296977,-1.72346679167192,0.38811818420115074,0.1986641697387625,-1.588673547902223,0.4277702392214703,-0.13757260922935502,-1.5533040400567562,0.729870417212765,0.29795769292823876,-1.6845273618292624,0.7211369171913229,-0.11673761410310013,-1.647532925090903,0.8868620870792856,0.24984991038543292,-1.7426356464912782,0.8892697001832792,-0.027282038843360126,-1.6670772195250934,1.067345332006709,0.16968296671376515,-1.7041463698281978,1.0690334024102943,-0.020768360356870217,-1.7215410246785192,0.6999708311474913,0.104747651890061,-1.7533731637186059,0.7009411092349194
1.8000000000000023,0,0-ACCAD_Female1Walking_c3d_B2 - walk to stand t2_poses,53,0.07063315639970824,-1.6993706854991615,0.7776861803467439,0.7577963880213551,-0.04338155379358238,0.02670608718873525,0.6504993927739748,-0.010123726911842823,-0.03215860202908516,0.18477968871593475,0.12412417680025101,-0.22571824437353127,0.08016952471635852,-0.6122204065322876,0.08648261427879333,-0.010064038448035717,0.6532890200614929,-0.17520174893562324,-0.0427642598150042,-0.05762248858809471,0.0258683692663908,0.06656771898269653,-0.10628213733434677,0.28304174542427063,0.9169310927391052,0.0622335784137249,-0.1996961236000061,0.9482129216194153,0.06943587170113176,-1.6918336837584858,0.8522969042013722,0.08195708732260512,-1.6116899905225952,1.3647199137165196,0.00743476576901685,-1.6709628286136755,-0.0008578100315283707,0.19190535342552778,-1.480300147060464,0.046382231295426665,0.012763427166196762,-1.8408790564901372,-0.0011421899684717247,0.1741250084448115,-1.649251947091231,0.04012534718826723,-0.01925471518363602,-1.714134440748112,0.3866597570021496,0.19947546689545778,-1.554876309982266,0.43582987165901643,-0.13177790651799168,-1.5050188531803779,0.7332300019114222,0.29991581992777366,-1.6662461644180457,0.717966253902667,-0.11340936916094016,-1.607498737290331,0.8852827374749143,0.25149082493545966,-1.720143082490594,0.8874056421405957,-0.022238815878786136,-1.6351915675854694,1.064740716535625,0.17375873850305673,-1.6770540328419261,1.066903487672036,-0.016562272055863688,-1.6940159009527063,0.6976393379146782,0.10874510928691143,-1.7276818159912415,0.6984879559171608
1.8333333333333357,0,0-ACCAD_Female1Walking_c3d_B2 - walk to stand t2_poses,54,0.07404902408597991,-1.670218292158097,0.7740874912783107,0.7562064691584239,-0.046980504790307194,0.02841833034172883,0.652025311374632,0.035021159797906876,-0.03056182898581028,0.1857098937034607,0.10150608420372009,-0.25407264955519926,0.07230057141831914,-0.651833176612854,0.09912391006946564,-0.02988421730697155,0.5338929295539856,-0.017568068720079655,-0.06015129447590439,-0.0822390615940094,0.03107454814016819,0.06529036909341812,-0.1366669088602066,0.3030799627304077,0.8960879445075989,0.07127837836742401,-0.19246326386928558,0.9521276950836182,0.07267767113337877,-1.6621098273076114,0.8486352758788461,0.08723843723114588,-1.5797890845654976,1.360669039625048,0.006394021671409467,-1.6689779375961729,-0.0009522895334641325,0.19032507455525924,-1.396573133267331,0.045451782921463485,0.01303861040553465,-1.8388480065765553,-0.0010477104665358797,0.1725733765078059,-1.5655666439963067,0.04034585030072093,-0.017265366463642913,-1.7021701057237109,0.38448249900236764,0.19926438107752717,-1.523922950061423,0.43869648352055457,-0.12548134007345338,-1.4569894783743158,0.7357055170238023,0.30080507335722934,-1.6455083607145709,0.71310546759982,-0.10985844644254858,-1.5672024114212926,0.8825680336437628,0.2526538120753709,-1.6955271067359834,0.8838073870019748,-0.017534745793357814,-1.6026222639552947,1.0608393293767853,0.17756207296567753,-1.6484923600728996,1.0631524424881158,-0.012850617715458361,-1.6647610283637015,0.6937085792402696,0.11232740738212317,-1.6998209391746877,0.6946833832957051
1.8666666666666691,0,0-ACCAD_Female1Walking_c3d_B2 - walk to stand t2_poses,55,0.07791610638378188,-1.640090289991349,0.76883271468207,0.7534783515147998,-0.04971927497877039,0.02902880364457522,0.6549470940870644,0.08169098943471909,-0.028605926781892776,0.18673011660575867,0.08683718740940094,-0.28950086220046534,0.06407466698874675,-0.6752578616142273,0.1088770255446434,-0.05104212835431099,0.42608463764190674,0.11368070699907773,-0.07837955099272753,-0.10434815287590027,0.036987610161304474,0.06485086679458618,-0.1639743149280548,0.3178199827671051,0.8768844604492188,0.08170022815465927,-0.18664804100990295,0.9574524164199829,0.07631246845114688,-1.631619080800146,0.8433355130202526,0.09278788645887195,-1.5481696457132472,1.355138460321121,0.00609954230337165,-1.6673564570958457,-0.00100941433711264,0.1883782689113346,-1.3228525202012482,0.04655997426970856,0.014568942731942093,-1.8371453522034513,-0.0009905856628874693,0.1707632555783505,-1.4918873685884015,0.04244520380090466,-0.014551846712666475,-1.6884504400454763,0.38132445896176087,0.19919442890155134,-1.4940941196072206,0.43677263840055847,-0.11823620922397657,-1.411169641729238,0.7365440158974483,0.30203377302145656,-1.623077753755001,0.7066098136870924,-0.10538575985953516,-1.528158126129883,0.8783471353022773,0.2545334260302952,-1.669365933644154,0.8785420260338099,-0.012595498314726838,-1.570309371447392,1.0554706377779481,0.1818180721611724,-1.6189965754346929,1.0577299922679444,-0.008679588280787763,-1.6346004729096972,0.6880421066162367,0.11655273113474623,-1.670275609596781,0.6893550109530859
1.9000000000000026,0,0-ACCAD_Female1Walking_c3d_B2 - walk to stand t2_poses,56,0.08212679455755278,-1.607882800977677,0.7617598880004276,0.747875967462232,-0.05047498607032412,0.02890236503912038,0.6612854651122893,0.1294034719467163,-0.025980744510889053,0.18766279518604279,0.08181437104940414,-0.332026011241185,0.052898002715579096,-0.6888663172721863,0.11463817209005356,-0.07076163589954376,0.3418501317501068,0.2133638678473404,-0.0969075272239609,-0.12466806173324585,0.04230370745062828,0.0654970332980156,-0.1860491931438446,0.3251742422580719,0.8609570860862732,0.09335143119096756,-0.1829381287097931,0.9641634821891785,0.080362345993882,-1.599353539535518,0.8362524273618795,0.09877399726316947,-1.5159917567390866,1.3480110863592327,0.005271670350367396,-1.6646795309389795,-0.0010172673898728307,0.18379263613641666,-1.256915946016035,0.04719335218994922,0.01690614566137964,-1.8342809395168165,-0.0009827326101272509,0.1675080011937929,-1.4261000962187926,0.04379718008650266,-0.011713340687699489,-1.6716926757599633,0.376995307594404,0.19834143651574898,-1.4610759944925693,0.431248068474039,-0.11149690411242537,-1.3684060798720852,0.7351664150851472,0.303738998529941,-1.5968544873507713,0.6981014395883886,-0.1004892544657692,-1.4907332234153208,0.8725507875806289,0.25752756399563786,-1.639870015186357,0.8712306742296699,-0.007517945219047584,-1.5377393462716855,1.0486355789733266,0.18671476055012814,-1.5871646756730224,1.0503611870267777,-0.004380817989902076,-1.6027995794450083,0.6806890694262092,0.12126041232182004,-1.6377860873568677,0.6821417216630827
1.933333333333336,0,0-ACCAD_Female1Walking_c3d_B2 - walk to stand t2_poses,57,0.08498686383245513,-1.573989454191178,0.752391483456304,0.7417681302964221,-0.04984034953471412,0.028407351424597264,0.6681983259630685,0.17746679484844208,-0.022911710664629936,0.18853867053985596,0.08870255202054977,-0.38468943249041865,0.03973230795706828,-0.6946559548377991,0.11588985472917557,-0.08737172186374664,0.29030343890190125,0.27308470942698193,-0.11229752086636424,-0.14232951402664185,0.04735821858048439,0.0663030743598938,-0.20136015117168427,0.324985146522522,0.8490573167800903,0.10536075383424759,-0.1817636936903,0.971905529499054,0.08315212830671315,-1.5655966950579812,0.8268978277477985,0.10389773183282482,-1.48342348096276,1.3387670992978724,0.003205089572782767,-1.6619180930540327,-0.0009677325880193925,0.17802468460627607,-1.2020782020738134,0.043686828404860614,0.01810335099247379,-1.8312640042592552,-0.0010322674119805468,0.16309707845775182,-1.3713949755389276,0.040687362112724085,-0.010327424199028282,-1.6518577540750197,0.3707885908323859,0.19669729839845396,-1.4256966296474876,0.42236063403428714,-0.10599580563480314,-1.328222095129016,0.7304365150282763,0.3046716547077071,-1.5683765543505,0.6872134286505422,-0.09639362087271564,-1.4543102531303684,0.8644855309283896,0.2598835701668923,-1.608374896734865,0.8614366311633994,-0.0036512700532948528,-1.5045298708831476,1.0397949239913433,0.19060451984375537,-1.5538882071991789,1.0405871534951003,-0.0015642827357142466,-1.569236859952506,0.6711147204096963,0.12456286280915416,-1.6031772861042166,0.6726075615109423
1.9666666666666694,0,0-ACCAD_Female1Walking_c3d_B2 - walk to stand t2_poses,58,0.08912071416852996,-1.5370891722850502,0.7398461218039518,0.735098637128266,-0.04876365383188385,0.028043481773225576,0.6756224262760709,0.22520433366298676,-0.01625843532383442,0.18856249749660492,0.11090438812971115,-0.451911796785184,0.02171944985261065,-0.6859295964241028,0.11421143263578415,-0.10095898061990738,0.2756493091583252,0.2800715904276445,-0.12325698726438195,-0.1554790437221527,0.052465733140707016,0.06676115840673447,-0.20794887840747833,0.3179364800453186,0.8419796228408813,0.11730299890041351,-0.18256951868534088,0.9805616736412048,0.08727105023590681,-1.52887023718454,0.8143714721832016,0.11057003675760398,-1.4481104385529426,1.3263656950331582,0.0015209024530917093,-1.659371216155701,-0.0008447144104981458,0.172953362732987,-1.1628084551557667,0.03054709067329971,0.019569129430241805,-1.8284101615160055,-0.0011552855895019115,0.15930272160871678,-1.3322345853139603,0.027640818746025482,-0.008382854291089793,-1.628063238171792,0.3615811721319413,0.19666419588694306,-1.3886828578921528,0.4082244728144833,-0.10020436643460776,-1.2901381216027525,0.7205920810263522,0.30737458391469974,-1.5358111629445101,0.6730287335382796,-0.09098499790201797,-1.417987623543597,0.8529894839521887,0.26422706846640653,-1.5729452073706944,0.8482968677194865,0.001480540136616304,-1.4690184424180244,1.0279382059993105,0.19604531211744308,-1.5171488905804387,1.0274973389740116,0.0024326603726378543,-1.532780160367335,0.6583891975484308,0.12911810551737263,-1.565156407555513,0.660049071388621
2.0000000000000027,0,0-ACCAD_Female1Walking_c3d_B2 - walk to stand t2_poses,59,0.09186030755518004,-1.4965761336497962,0.7247298047629316,0.7316114081693609,-0.046598006096672154,0.027473553604501974,0.6795723486992388,0.26671332120895386,-0.006745761726051569,0.18818256258964539,0.15252676606178284,-0.5308174458266799,0.0005293938971956402,-0.6646832227706909,0.11023403704166412,-0.11172971874475479,0.2927921414375305,0.2434674821980436,-0.12950896681361812,-0.16174353659152985,0.05689175799489021,0.06699561327695847,-0.2044551968574524,0.30422502756118774,0.8403060436248779,0.12716251611709595,-0.18544872105121613,0.9890390038490295,0.09012529487400842,-1.4886618486185368,0.7992908792149548,0.1165371743775197,-1.4103048654817651,1.3115172108121027,-0.0027061544159709475,-1.6517024935942277,-0.0006383925179608771,0.17027242407283402,-1.1356566682851812,0.009395864439924809,0.01658922495179919,-1.8206023612530555,-0.0013616074820391143,0.1560580150980254,-1.3050340412228367,0.006353478166747726,-0.009265009469723657,-1.5963879095986735,0.34900602252586577,0.197214370084754,-1.3498837536048351,0.39009198176104737,-0.09494392950698902,-1.2523003953601448,0.7060636842236742,0.3095122305410463,-1.499422815927027,0.6563361618225255,-0.0860689685960295,-1.3799957898016917,0.838633233937833,0.2676678596644318,-1.5342211478299452,0.8323977673101581,0.005638020736895219,-1.4301974379161826,1.0136879100483522,0.20037641609791984,-1.4775843905196087,1.0117855443700658,0.004994400229945219,-1.491891203221908,0.6431646319946098,0.13195737825246895,-1.5234721699731983,0.6450068016407917
2.033333333333336,0,0-ACCAD_Female1Walking_c3d_B2 - walk to stand t2_poses,60,0.09474437515018508,-1.455091420095414,0.7218848245651072,0.7290846820661385,-0.042751248823684744,0.024801324649202258,0.6826366173859837,0.2952757477760315,0.0038440809585154057,0.18825338780879974,0.21661652624607086,-0.6151655178419162,-0.019151125381329237,-0.6422750353813171,0.10311412066221237,-0.11929518729448318,0.3278979957103729,0.19284604140136374,-0.12994237314254042,-0.15942053496837616,0.060155730694532394,0.06731825321912766,-0.19033107161521912,0.2850043773651123,0.8444582223892212,0.1338796317577362,-0.18879088759422302,0.9964079856872559,0.09307917985178349,-1.4478764841421485,0.7965184083180562,0.121534226525818,-1.3741769501616694,1.3093337146327169,-0.004976920216079882,-1.6365078836023037,0.012303780072447961,0.1711883613473652,-1.1101332577553666,0.0006498130938464748,0.015123301014327233,-1.8053102762164284,0.010987210957058898,0.1561148926762117,-1.2794315241648053,-0.002649813093846466,-0.009852165824070678,-1.5571231163116495,0.3462963735617587,0.1997019681715112,-1.3080204116990186,0.3850802543526975,-0.09109998188922426,-1.2190602009297746,0.7020685370838327,0.31235871119374864,-1.4590913920940138,0.6522406256929514,-0.08148141710071215,-1.3449242463498547,0.8363268310029396,0.2716474321593502,-1.4933811681353952,0.8286672881410727,0.009272780175913847,-1.39233159861188,1.011904049816366,0.2044599424832897,-1.4377501508242017,1.008540764914556,0.007749208628960752,-1.4496869234671896,0.6402526275745197,0.13493417055056206,-1.4804592397878387,0.6421463148588173
2.066666666666669,0,0-ACCAD_Female1Walking_c3d_B2 - walk to stand t2_poses,61,0.0973889214801602,-1.4105722340755165,0.7277949588665333,0.7281957326101384,-0.03863482998417457,0.021222211504813633,0.6839502486726083,0.3052370846271515,0.014788756147027016,0.18961870670318604,0.30408918857574463,-0.7041739517382126,-0.036082506504460765,-0.6177166104316711,0.09451141953468323,-0.12365294247865677,0.37228816747665405,0.13260999912654303,-0.12584406881355914,-0.1475202888250351,0.061666540801525116,0.06748126447200775,-0.16691537201404572,0.26179033517837524,0.8538708090782166,0.13606028258800507,-0.19125038385391235,1.001302719116211,0.09574336482204844,-1.4041749358014124,0.8025035040141741,0.12480676278544016,-1.3355889247426942,1.3159972070747965,-0.005568846156092407,-1.6107796308686066,0.03385019856378811,0.17538381892397728,-1.0849530922011572,0.0008104113552783003,0.014834971413057296,-1.7795375941207296,0.03174447597998816,0.1589037642951709,-1.2541136592442192,-0.0028104113552782674,-0.01048404217382169,-1.507928142048426,0.3493574052820778,0.20366005835894438,-1.2631173025510178,0.38883010253108047,-0.08864223372324247,-1.1876243902547035,0.7045589658961495,0.31530010545246717,-1.4123867694507422,0.6573920078435936,-0.07754171883423808,-1.30973981597392,0.842124098014654,0.27547501245578637,-1.4478487518402607,0.8337892129716209,0.011870988562968199,-1.352220969454906,1.0187338304217821,0.20770298043910365,-1.394673293554928,1.014282309745436,0.010346561534658405,-1.4043312235608112,0.6461800748754445,0.13763810845632063,-1.4344169439644072,0.6480822539100786
2.1000000000000023,0,0-ACCAD_Female1Walking_c3d_B2 - walk to stand t2_poses,62,0.0996261743712239,-1.3677323493175209,0.7333137743395236,0.7289202031205472,-0.03417212321864836,0.01833278206769653,0.683499460555082,0.2877419590950012,0.02683187648653984,0.1932334154844284,0.41341128945350647,-0.7890591469791066,-0.05275575494156881,-0.5899004936218262,0.08917844295501709,-0.1260339468717575,0.4156821668148041,0.06964563291362613,-0.12431984185247003,-0.12398436665534973,0.06089932098984718,0.06839628517627716,-0.13738220930099487,0.23894348740577698,0.867598831653595,0.1307469606399536,-0.19287444651126862,1.0017592906951904,0.09812715048761121,-1.3621164696698196,0.8080882006039818,0.12732198788007243,-1.2974637791871402,1.3220800250165134,-0.0066112616831893595,-1.5751315434589042,0.052559616671069787,0.17792247575537315,-1.0639675403681457,0.0009719825435457255,0.013897248478332137,-1.7438618512247483,0.04947996535991774,0.15975209810893054,-1.2329476649851476,-0.0029719825435456683,-0.012273675662801378,-1.4518616786545724,0.3487995790548427,0.2067161583630642,-1.221404619131305,0.39140668852512,-0.0886049249788742,-1.1618566890768582,0.7052480534858229,0.3181354211714656,-1.3624075544919059,0.6623442460733078,-0.07467306985928948,-1.2783977684196348,0.8473172072198958,0.27934122551962937,-1.4011266977604586,0.8382857208097794,0.013812837091899996,-1.31391926758065,1.025025284776993,0.21051226892840064,-1.3520248067100975,1.0195951556024727,0.01241573891080289,-1.3609026283239416,0.6520871790587113,0.13972058018283523,-1.3902048588839444,0.6536330954192482
2.1333333333333355,0,0-ACCAD_Female1Walking_c3d_B2 - walk to stand t2_poses,63,0.10352676192997023,-1.329515281599015,0.7393614365995441,0.7338923404607378,-0.03056604634372664,0.01698094596759249,0.678365238568442,0.23516343533992767,0.04057912155985832,0.20066669583320618,0.5408406257629395,-0.8611778996944901,-0.06641520824510272,-0.5535189509391785,0.08918564021587372,-0.1269712746143341,0.4497738480567932,0.004417920179724533,-0.12626225330152852,-0.08725383132696152,0.0584549605846405,0.0706990510225296,-0.10432702302932739,0.22110874950885773,0.8848524689674377,0.1164456307888031,-0.1940709352493286,0.9968358278274536,0.10228584835887088,-1.324422560986177,0.814178041242288,0.1315225788882598,-1.2610466596211158,1.3283141054768046,-0.006990286429304863,-1.5284920177819088,0.06720962717962733,0.18208956025001058,-1.0533719770764602,0.0010900761470924586,0.012536076568069276,-1.6973139887019564,0.06298312948468288,0.16057202357856248,-1.221952883297747,-0.00309007614709254,-0.013148845120085163,-1.3896500451018952,0.3461136506705672,0.2114977150881692,-1.1894031853932863,0.39260701166749185,-0.08828772943884693,-1.142575517460091,0.7055001672173937,0.32285520406672724,-1.3130267618037794,0.6682063667138047,-0.0707151775961837,-1.2517332758243893,0.8529293143179127,0.2850365296421287,-1.356676806050215,0.8432034687075765,0.01749176141616003,-1.2789118756620486,1.0315407309430613,0.2149820392995504,-1.3125522218619274,1.0253680371151173,0.016124600267890404,-1.3220872263001906,0.6588259117022556,0.14315811748474,-1.3511849765327189,0.6598611925291971
2.1666666666666687,0,0-ACCAD_Female1Walking_c3d_B2 - walk to stand t2_poses,64,0.10584372858284041,-1.292837921064347,0.7453286217661922,0.7417168081013287,-0.027562009328826385,0.015036761267677968,0.66997791607807,0.15354818105697632,0.057752493768930435,0.21169662475585938,0.6783789992332458,-0.9150948000848222,-0.07240024321090255,-0.5072616338729858,0.09132738411426544,-0.1259780079126358,0.4685305058956146,-0.05432986965864228,-0.12679110927178783,-0.04056454449892044,0.0545639842748642,0.07346879690885544,-0.07052727788686752,0.20774511992931366,0.9037249088287354,0.09505847096443176,-0.19645154476165771,0.987453818321228,0.10474679073262927,-1.2882602955299092,0.8201807564840427,0.13235233695456697,-1.225757083074839,1.3344971457050283,-0.007852813316645203,-1.4676907335876894,0.07707240650661759,0.18657274865021078,-1.0465569386909908,0.0011393834693720004,0.010325833094577576,-1.6366259844902644,0.0715571715034862,0.16053418306928927,-1.214496467259973,-0.003139383469371985,-0.014584790577981425,-1.3186722491733551,0.3427741328767404,0.21548530137525856,-1.1632451535452746,0.39257268679245283,-0.09026210474408682,-1.1257171628720795,0.7056670622622552,0.32649792499261776,-1.2615526950096194,0.6752655285269102,-0.06904281782546473,-1.2267881099894564,0.8582906833555501,0.2891128768611593,-1.3120453504043645,0.84850644208824,0.018757467628654337,-1.245410262945885,1.0376696077415248,0.21699765379150002,-1.2742816096586995,1.0313879814307072,0.018396126493383437,-1.284789890825553,0.665406712246818,0.14503256238893744,-1.3138069688843494,0.6661775390336213
2.200000000000002,0,0-ACCAD_Female1Walking_c3d_B2 - walk to stand t2_poses,65,0.10772606561658904,-1.2600259217433631,0.7511887992303418,0.7477980053610257,-0.02743278778188777,0.014402794735503646,0.6632029439292262,0.05733848363161087,0.08210039883852005,0.22059667110443115,0.8103523254394531,-0.953696842733537,-0.07872868963350366,-0.4593406319618225,0.09160710126161575,-0.12271906435489655,0.4675576686859131,-0.09953232787075694,-0.1220326214047408,0.01079524215310812,0.05037599802017212,0.07443766295909882,-0.04057088494300842,0.19803020358085632,0.921058177947998,0.06897571682929993,-0.19979262351989746,0.9747223854064941,0.10661259695024407,-1.2555159977652357,0.8260447994790899,0.1307941811697993,-1.191557135413874,1.340342638987692,-0.008681453874331672,-1.4050660385677256,0.08577172016824025,0.19182588494721214,-1.0430063292893346,0.0011122253137599465,0.009017135278603879,-1.5740071462662895,0.07901434852107836,0.1621107259832398,-1.2103358345914226,-0.0031122253137602293,-0.015984909395898434,-1.2495889435675531,0.3420093248366175,0.21894079582584025,-1.1442702968497482,0.3920020587702623,-0.09365684545290398,-1.1132659161313512,0.7059437398637346,0.32922794908012715,-1.2097430802008837,0.6832871802124052,-0.06855337990418481,-1.2059184855479341,0.8632487989118074,0.29259107114672006,-1.268030749440918,0.8542253298280632,0.018587385016914648,-1.2152956659349743,1.043285832677024,0.21769398072591367,-1.2375441130022777,1.0374759231883477,0.02025535446238791,-1.2526521960338763,0.6715528021872385,0.14675200082574225,-1.2805268696152527,0.6725586135311635
2.233333333333335,0,0-ACCAD_Female1Walking_c3d_B2 - walk to stand t2_poses,66,0.10857584158657119,-1.229930821340531,0.7564614512642056,0.7506247529189745,-0.028811445206748172,0.014838434295108782,0.6599334828587627,-0.04684297740459442,0.11438730359077454,0.2219608873128891,0.9160494804382324,-0.9589045687840221,-0.08988061268324621,-0.41633886098861694,0.08973106741905212,-0.1183602511882782,0.44557973742485046,-0.12127495815991063,-0.11415932805901852,0.0631098821759224,0.045624084770679474,0.07301467657089233,-0.01604399085044861,0.19068105518817902,0.9355809092521667,0.040055789053440094,-0.20504917204380035,0.9594950079917908,0.1073945103908192,-1.2252179768059168,0.8313039094881208,0.12695193514839856,-1.1590903757498172,1.3455178079692693,-0.013098029931056437,-1.3389772671672497,0.08967459791916263,0.1960795596048791,-1.035292658647786,0.0010088478077804885,0.0051527827402566805,-1.5078187357698358,0.08196315726526245,0.16438899215829647,-1.202264410920002,-0.003008847807780376,-0.01977973224912656,-1.183725716446412,0.34527318481015645,0.22050067060452277,-1.1283936717446903,0.39170820389193994,-0.0983386558749768,-1.1035066545389514,0.7066377239842053,0.3297541892563523,-1.156835597466227,0.6916044719290948,-0.06924990961483123,-1.1882390595712078,0.8676775593748026,0.2947339550741751,-1.223873231981001,0.8596494152051635,0.01682177340449814,-1.1884091585880243,1.0481823315174368,0.21672914524486664,-1.201924455914436,1.043028272723113,0.02095086275472822,-1.2245852218560234,0.6768507063928882,0.14765360826601281,-1.2499783218210128,0.6783369990333472
2.2666666666666684,0,0-ACCAD_Female1Walking_c3d_B2 - walk to stand t2_poses,67,0.10902809182880446,-1.2001201543025672,0.761043988830693,0.7511185172243685,-0.030211643366186633,0.014524523932429487,0.6593157573517537,-0.1565447747707367,0.14625781774520874,0.21985968947410583,0.9805300235748291,-0.9152753782672889,-0.08807147829496165,-0.3730078637599945,0.09223368763923645,-0.11663223057985306,0.40850162506103516,-0.1268919224339442,-0.11037040473970872,0.11350370198488235,0.039678119122982025,0.07044708728790283,0.004535639192909002,0.18355916440486908,0.9477539658546448,0.011419331654906273,-0.21343041956424713,0.9436110854148865,0.10767668578170914,-1.1952798384628465,0.8358754330521406,0.12105241189562892,-1.128279541622254,1.3501699234465983,-0.017412205520846318,-1.2632197137993464,0.08551976436587254,0.19659718601398135,-1.0223785918912487,0.0008389091519976737,0.002791351750455485,-1.4318082686119422,0.07717018594623855,0.16414817571743556,-1.1892124475180292,-0.0028389091519977136,-0.023412396858190167,-1.118429353222162,0.3535079469062279,0.2197213963686931,-1.1126343534769836,0.3916680235006314,-0.10214484862790577,-1.0934503364279173,0.7072918894413335,0.3288362010476625,-1.1029093803064776,0.7005594840519852,-0.06989151598198606,-1.1711857024286663,0.8712324262530975,0.2958483582770179,-1.1791165521472862,0.8650703754650853,0.014041635836742158,-1.1629904288457469,1.0522765243503398,0.21439544964652774,-1.1666823377560556,1.0481650768592794,0.021250138112870656,-1.1974918296396015,0.6811073607751462,0.14838289375590216,-1.2193417356566754,0.6834000148458791
2.3000000000000016,0,0-ACCAD_Female1Walking_c3d_B2 - walk to stand t2_poses,68,0.10872050205944106,-1.171756926458329,0.765266091757185,0.7498504531493817,-0.032183035418205476,0.01495471479209436,0.6606549073823825,-0.26835396885871887,0.17217428982257843,0.21783477067947388,0.9993208050727844,-0.8254346432665756,-0.07112005264127041,-0.32145655155181885,0.10081407427787781,-0.1178378164768219,0.3667500913143158,-0.13836821872463845,-0.1130414337810981,0.16098397970199585,0.033672213554382324,0.06692162156105042,0.022047603502869606,0.17827647924423218,0.9576012492179871,-0.015554307028651237,-0.22556233406066895,0.9280087351799011,0.10721328996645205,-1.1666550710471342,0.8400771830676986,0.11448550923656478,-1.0987388507573268,1.3543738132693703,-0.02134771249015299,-1.1808133566592496,0.07565312334032225,0.19071854709095765,-1.0153758461315578,0.00063526507898682,0.0020427894746516406,-1.3489742418061337,0.06700435900945477,0.15811632780032497,-1.1821883124816819,-0.0026352650789869016,-0.026816573789736776,-1.0578511422637513,0.36691233395638856,0.21552169671483531,-1.1009738388494057,0.39111394402424726,-0.10590756628927003,-1.0839840401709078,0.7083506820332304,0.326130436467984,-1.0506186590485798,0.7095865472453573,-0.07075976505425957,-1.155225535859741,0.8746301021805541,0.29579126163336855,-1.1354234420670535,0.8703573389076251,0.010794259808339271,-1.1391345613998056,1.0560234479882253,0.21109008256200207,-1.1325272713987216,1.0528435098952975,0.02074683778852676,-1.1724830853476986,0.6847499689504412,0.14843396591129948,-1.1898793383350652,0.6881220489204303
2.333333333333335,0,0-ACCAD_Female1Walking_c3d_B2 - walk to stand t2_poses,69,0.10892778466222808,-1.1450024279765785,0.7688278715031609,0.74758400409617,-0.0345870461278493,0.015869306375451666,0.6630762084216639,-0.37764912843704224,0.19018420577049255,0.21737273037433624,0.9732254147529602,-0.6942893412700375,-0.04414250375795081,-0.26282447576522827,0.10645845532417297,-0.11709348857402802,0.3264465630054474,-0.15945466745717707,-0.11179153478275827,0.20486503839492798,0.028029829263687134,0.06290854513645172,0.03682389855384827,0.17537923157215118,0.9653233885765076,-0.041138842701911926,-0.24139930307865143,0.9127322435379028,0.10726725349154251,-1.1395455356862036,0.8436106567064577,0.10885537048570967,-1.0707431999407913,1.3578418443142481,-0.02346781157105538,-1.0919649865225403,0.06267791703624115,0.18656191996662436,-1.0159710497947194,0.00043992528843556436,0.00362116196571803,-1.259575273827134,0.05413513631825903,0.15412530496104054,-1.1828229975437177,-0.002439925288435639,-0.028284847825565312,-1.0036823933403287,0.3838819773849916,0.2123231055193722,-1.0933473524436859,0.3901997700294323,-0.10850157085389933,-1.074773512801118,0.7095066993414332,0.32320851998326205,-1.0006611645740136,0.7182971089911125,-0.07068359140672627,-1.1400892001045118,0.877623401744218,0.2959016802191755,-1.0934691949903408,0.8751427981142398,0.008514657704698655,-1.1167570110381484,1.0591595722313787,0.20822839553444839,-1.100001610959586,1.056737921910358,0.02079761706427052,-1.1493337962557224,0.6874945711910418,0.14904308937044078,-1.161816420104987,0.6921588545063715
2.366666666666668,0,0-ACCAD_Female1Walking_c3d_B2 - walk to stand t2_poses,70,0.10804122517583892,-1.1194455060176551,0.7711795220001716,0.7472132468233916,-0.03751008337375901,0.01736495956222581,0.6632976824898011,-0.47895681858062744,0.19702821969985962,0.2212156504392624,0.9057773947715759,-0.531251165548535,-0.009813431163588127,-0.204497292637825,0.10690483450889587,-0.11337335407733917,0.2879413366317749,-0.1829664864617102,-0.10421778638167256,0.24519474804401398,0.023943493142724037,0.05888880789279938,0.04913531243801117,0.17437198758125305,0.9712309837341309,-0.06548557430505753,-0.25974079966545105,0.8980028629302979,0.10625547164238403,-1.1135135807245837,0.845923239773876,0.10369778610582853,-1.043353933885341,1.3599737919433403,-0.022621257316445025,-0.9968519895227467,0.04990186106746164,0.1857009589593231,-1.0201782123481902,0.0002643000985708792,0.006824559929692133,-1.164092278648836,0.04192504843777393,0.15261980129749883,-1.186909262812093,-0.0022643000985708046,-0.02717634665033349,-0.9561599133568104,0.4015234690380464,0.20995317175274192,-1.0883093863223592,0.38920162470795955,-0.11124980989688113,-1.0637052888190737,0.7102319486854778,0.3195694275902467,-0.954534918540548,0.7256699168755071,-0.07128935300684684,-1.1237975154199373,0.8797950649326683,0.29503047173286556,-1.054404180412569,0.8785866732586299,0.006011777005580407,-1.0943146524899916,1.0612145612992414,0.20486870670123858,-1.069336283187934,1.0591682282310226,0.019796006452505278,-1.1267299960845956,0.6888601573172967,0.14845531387508948,-1.135284093620158,0.6949129639789494
2.4000000000000012,0,0-ACCAD_Female1Walking_c3d_B2 - walk to stand t2_poses,71,0.1061135811614804,-1.0922533902339637,0.7720830951517184,0.7457142026230339,-0.04008559500171484,0.018542586456124728,0.664800455450482,-0.5652254223823547,0.19415602087974548,0.22822749614715576,0.8043379783630371,-0.3477831565337075,0.025052124194325676,-0.14839303493499756,0.1054782047867775,-0.10819505900144577,0.251384437084198,-0.20516312252899538,-0.09482917737592622,0.2832944691181183,0.021692857146263123,0.05671310797333717,0.06292229145765305,0.17506490647792816,0.9779177308082581,-0.08810005336999893,-0.2790302038192749,0.8842676877975464,0.10419036340041352,-1.0859204626187684,0.8467904927858497,0.09839674072621268,-1.01397445867716,1.3605718181156599,-0.020288747196443885,-0.8968134842365555,0.040981776717416346,0.1846766158523841,-1.0212701853020356,0.00010401790385622042,0.011162073430066432,-1.063733025530727,0.03400233432833704,0.15181462314389968,-1.1880491228604078,-0.0021040179038561216,-0.02537233335774031,-0.9142247556589596,0.4171496593102699,0.2070880966860822,-1.080456996950231,0.3881060561905303,-0.11489399289466376,-1.052226486436259,0.7100449243863136,0.3135773348987803,-0.9075235513004453,0.7311677596347237,-0.07254017195380091,-1.1063300983489135,0.8810376646821586,0.29258657307469604,-1.0137072741004325,0.8803118816595227,0.0030645669377238893,-1.0701987208851789,1.0619964706912361,0.20068596701061725,-1.0368290884022564,1.059890583423575,0.017835771395709354,-1.1023029124831794,0.6887545698805768,0.14686195811356326,-1.1069496531068568,0.6960977420899115
2.4333333333333345,0,0-ACCAD_Female1Walking_c3d_B2 - walk to stand t2_poses,72,0.10287473927019164,-1.0646827849559486,0.7715458810022232,0.747056144416171,-0.042258987126128654,0.01961440131332424,0.6631263607776715,-0.6295219659805298,0.19088424742221832,0.2324775606393814,0.6827722191810608,-0.16335112794938667,0.04892460544390187,-0.09430752694606781,0.10397779941558838,-0.10228203982114792,0.21745049953460693,-0.2271931840966408,-0.08564902376713412,0.31836578249931335,0.019753223285079002,0.055394552648067474,0.07736106961965561,0.17373546957969666,0.9853278994560242,-0.10986942052841187,-0.2967754602432251,0.8711966872215271,0.10086924087175114,-1.0579962855732812,0.8462202989924522,0.09271463598417623,-0.9843077972965545,1.359724650337691,-0.02053315998545781,-0.7997622383742424,0.03793660279924152,0.18285193069066036,-1.021598347880418,-4.224973220648409e-05,0.010571399515142632,-0.9667924649199875,0.03215648183591248,0.14905530130947764,-1.1881940221945164,-0.001957750267793431,-0.023848745786470955,-0.8780804360342658,0.42804573230757914,0.20311949100404872,-1.0721612615320506,0.38678725740384395,-0.11789014800900632,-1.0381569968150803,0.7084491263937363,0.3068311301703964,-0.8632203773937885,0.7351645292561614,-0.07443680904909158,-1.0864810432579406,0.8808908790895121,0.28884002419736937,-0.9749993642646125,0.8805651565043529,-0.0007958245238345596,-1.0446016730515686,1.0613673621215176,0.19570450619501434,-1.0051702911049383,1.0591377780432745,0.014541863806184122,-1.07613429592914,0.6873470131045751,0.14382733570816864,-1.0785626184876982,0.6957382061685992
2.4666666666666677,0,0-ACCAD_Female1Walking_c3d_B2 - walk to stand t2_poses,73,0.10050710866926238,-1.0369862946681678,0.769440116145517,0.748558213016863,-0.04411170100710951,0.020659902554012982,0.6612774969600271,-0.6709733605384827,0.1899389773607254,0.2339288294315338,0.5598335862159729,0.0015437155291397886,0.06252249785492614,-0.0405457466840744,0.10385031998157501,-0.09614071995019913,0.18686723709106445,-0.25205440413438973,-0.07857442260931768,0.34892088174819946,0.018131215125322342,0.054806649684906006,0.09123919904232025,0.17050939798355103,0.993218719959259,-0.12982764840126038,-0.31158706545829773,0.8594300150871277,0.09845136834550798,-1.0299839789590621,0.8440842150846247,0.08842625064912639,-0.9544953596164277,1.3572942908612482,-0.023415987257643624,-0.7143405773297967,0.03938598267349826,0.18027241359265692,-1.0220998681921845,-0.00017539988432502956,0.006916761799439953,-0.8815487197076134,0.03476413702486564,0.14562373605248158,-1.1885232718447774,-0.0018246001156750104,-0.022681654663797263,-0.8476349335856013,0.4328050844112186,0.19939447118200207,-1.063310129384369,0.38495874174903205,-0.11871276087935613,-1.02262054054503,0.7053987100230044,0.3005064482543595,-0.8210323967162731,0.7371031592261114,-0.07493895132639448,-1.065395365180491,0.8792196874071931,0.2855690978470611,-0.9375723265672083,0.8790710588278059,-0.0035490764954979187,-1.0183782718263972,1.0592068174010194,0.1918685407343444,-0.973901554073321,1.0567652289582155,0.012127753347785264,-1.049235460355797,0.6846392950120502,0.14164094294600785,-1.0500387054437794,0.693706287261073
2.500000000000001,0,0-ACCAD_Female1Walking_c3d_B2 - walk to stand t2_poses,74,0.0985093621420674,-1.0063620242290199,0.7655023434534073,0.7501859880594598,-0.04550553291332679,0.020286326708622005,0.6593471731509866,-0.69219970703125,0.18755201995372772,0.23674729466438293,0.4495096504688263,0.13550924634075634,0.0754389091815354,0.016242926940321922,0.10343141853809357,-0.0893188863992691,0.16133423149585724,-0.2823830580267994,-0.0702672063111881,0.37496528029441833,0.01671997457742691,0.055422209203243256,0.10609333962202072,0.16537512838840485,1.0027626752853394,-0.14599283039569855,-0.32207590341567993,0.8498644232749939,0.09629154817559842,-0.9992350224280644,0.840130000166849,0.08373357262317112,-0.922681471526746,1.3531236720764859,-0.024262094267840654,-0.6398194437669887,0.041882981743117165,0.1784891041381082,-1.0210260920970557,-0.000282302933653434,0.005227402533887814,-0.8072030140751842,0.038262212589717695,0.14310439096471875,-1.1872965396135065,-0.001717697066346554,-0.020665322702911597,-0.8175146572428116,0.43156528107357284,0.19647761397725097,-1.0511335003435827,0.3824083208475919,-0.11775516820407518,-1.0035222287058279,0.7000847574169439,0.2943625951363368,-0.7789304750103403,0.7369511952699787,-0.07480945383785098,-1.0408120540322994,0.8753693795287083,0.2820861252572062,-0.8992387768253604,0.8760007008637094,-0.0063593210837617625,-0.9892440289548854,1.0550476321775586,0.18807986544143676,-0.9406578411025829,1.052818283976892,0.01025072716207576,-1.0187424055665255,0.6801914935864115,0.13996114263189816,-1.0183309517343668,0.6897862794504747
2.533333333333334,0,0-ACCAD_Female1Walking_c3d_B2 - walk to stand t2_poses,75,0.09622553567169234,-0.9741603168658912,0.7597673616441785,0.7520327623277283,-0.0457201743261181,0.018693102228117847,0.6572723620953531,-0.7011600732803345,0.18505994975566864,0.24105823040008545,0.3629496395587921,0.23571148309039547,0.08779845147559173,0.07501302659511566,0.0998431146144867,-0.08106479793787003,0.1439332515001297,-0.31960571730332177,-0.05938589361112112,0.3961794972419739,0.01518286019563675,0.05727098882198334,0.12209400534629822,0.15850162506103516,1.014201283454895,-0.15696655213832855,-0.32745495438575745,0.843003511428833,0.09382661842124441,-0.9671598875985501,0.8344013966824803,0.07850576695055375,-0.8907059990243494,1.3473283851587978,-0.024192256805764714,-0.5757974854147788,0.043432144104300234,0.17750381853767044,-1.0194870705667316,-0.00034647540524785844,0.004526619217057064,-0.7433295483311808,0.04056263979858567,0.1416016560715478,-1.1856476144773493,-0.0016535245947521086,-0.01910976780551001,-0.7861996886574587,0.42654977758831014,0.1940417561776014,-1.036304531013221,0.3788472012670899,-0.11585107559834217,-0.9821219442959171,0.692721825384783,0.2881804153023722,-0.7388761959628943,0.7343970827283811,-0.07472666660327214,-1.0141220897639291,0.869482505059309,0.27803390060840455,-0.8618655985582744,0.8712554741151162,-0.009658551277170746,-0.9587428858140031,1.049008650415851,0.1839899676052168,-0.9070745784337984,1.047328755442271,0.008134171954986565,-0.9860888640053,0.6740471930411565,0.1380354536184159,-0.9847703408317342,0.68395477107819
2.5666666666666673,0,0-ACCAD_Female1Walking_c3d_B2 - walk to stand t2_poses,76,0.09390287677524611,-0.9398401412181556,0.7524542840799845,0.7551676161308387,-0.044654497733651134,0.016449445295454557,0.6538021590121077,-0.7034550905227661,0.18181940913200378,0.24555709958076477,0.30860549211502075,0.2982646286364077,0.09898532002041516,0.13137049973011017,0.09300950169563293,-0.07146583497524261,0.1376432627439499,-0.363267104023169,-0.04709334495288897,0.4124571681022644,0.014081397093832493,0.0579938106238842,0.13850100338459015,0.15321440994739532,1.026244044303894,-0.1623162031173706,-0.32903537154197693,0.8387138843536377,0.09138690897963321,-0.9331686942003915,0.8271145928172285,0.07436715902703489,-0.858759254139661,1.3402858312792207,-0.0210664228333667,-0.520681950498931,0.04216705018912324,0.17680795465200272,-1.0156790121214179,-0.000356371538570429,0.0061740162583970295,-0.6884677374789747,0.03974049592942354,0.14016798296936078,-1.1816785767133462,-0.00164362846142967,-0.01728387273752215,-0.7513201323071925,0.4194776389999064,0.19195384568737026,-1.0174511109923472,0.37405441373974413,-0.11432509631428485,-0.9567118334451842,0.6841603512708145,0.2836640565581109,-0.7007620418566688,0.7297107677890782,-0.0751380334641796,-0.9842751749904057,0.8621047260406046,0.2746256644158433,-0.8256206148498414,0.864944670423585,-0.012665039514099821,-0.9262972753730251,1.0415206371640624,0.1806127309679255,-0.8732429715778114,1.0404580053827324,0.005909297740124664,-0.9506030923344544,0.6664355206444712,0.13600525039176897,-0.949108549870844,0.6764313677946834
2.6000000000000005,0,0-ACCAD_Female1Walking_c3d_B2 - walk to stand t2_poses,77,0.0912275297450833,-0.9042647513560951,0.7436601765484866,0.7592900420020451,-0.04325599087179765,0.014047765086994256,0.6491611600105879,-0.698676347732544,0.17726923525333405,0.24945023655891418,0.2881830632686615,0.31896433853202955,0.10765905623221572,0.1813197135925293,0.0835331454873085,-0.06073851138353348,0.14420883357524872,-0.41333202697033644,-0.033426759631824954,0.42327186465263367,0.012327265925705433,0.056688595563173294,0.15447452664375305,0.14706742763519287,1.0378401279449463,-0.160528302192688,-0.3259408473968506,0.8374876976013184,0.08861546258476258,-0.8979702853652975,0.8183499134809505,0.07021623310965316,-0.8270831405754907,1.3319747622210723,-0.014808282793814114,-0.47714771168130826,0.035280748187450105,0.17606042553083598,-1.009866483781431,-0.0003053589612655831,0.01026382000207476,-0.6452732440044444,0.033001484610231474,0.13862510360660896,-1.175687672318176,-0.0016946410387343736,-0.015421716518971439,-0.7146414357670149,0.4102434988518196,0.19003521864898273,-0.9950004573996913,0.36778198308363425,-0.11291490739326376,-0.9276185476796308,0.6740352966295612,0.2806439479566671,-0.6658963308878345,0.7226282638988855,-0.07618881897017224,-0.9518211020761226,0.852990584324539,0.2714351214328259,-0.7914624447072575,0.857193908766027,-0.016079052667703056,-0.8924683200735436,1.0325177017527944,0.17726952042444977,-0.8396622077003278,1.0323483522451586,0.0033257394086236153,-0.9133844345471654,0.6574498695658528,0.1335945760430404,-0.9124349124815426,0.667396079945093
2.6333333333333337,0,0-ACCAD_Female1Walking_c3d_B2 - walk to stand t2_poses,78,0.08826140145538375,-0.8674575123004615,0.7338665920948071,0.7639006229651853,-0.04095459974467935,0.012322627875710984,0.6439151433499539,-0.6897556185722351,0.17296510934829712,0.25267213582992554,0.29390496015548706,0.3093042631842673,0.11112960884741285,0.22228118777275085,0.0708448588848114,-0.048698790371418,0.16530463099479675,-0.46974080444795874,-0.019984190053578765,0.42783406376838684,0.0109445471316576,0.053434859961271286,0.1691204309463501,0.14087259769439697,1.0479151010513306,-0.15047034621238708,-0.31750214099884033,0.8396305441856384,0.08571769787719204,-0.8615745166574685,0.8085922231351056,0.06774212211088747,-0.7953936848329494,1.3228685185238418,-0.008819974150743167,-0.4415791654675947,0.024190303640102023,0.17439957558166888,-1.0010698584904014,-0.00018914344441532324,0.013786326778168165,-0.6100532516185686,0.021858468760505168,0.1364212778735196,-1.166765419534674,-0.001810856555584623,-0.014688280634247559,-0.6761620582140361,0.40003121779496476,0.18797388720301728,-0.9682718595597372,0.35976393094675185,-0.11235044629797587,-0.8946685283992878,0.6634644600744213,0.2789070963813157,-0.6346497659132171,0.7126295570582407,-0.07775849223622716,-0.9167431786883887,0.8431187690485504,0.2686947569346766,-0.759503047219696,0.8477847658894211,-0.019038598798091916,-0.8571860785455885,1.0227894694926407,0.17478762319315538,-0.806162195105741,1.0231687943093526,0.0002881085915929574,-0.8746615569656654,0.6477178554309253,0.13070860127197192,-0.8747880990231726,0.6572860202499943
2.666666666666667,0,0-ACCAD_Female1Walking_c3d_B2 - walk to stand t2_poses,79,0.0847796035814099,-0.8280304106883705,0.7238958910489872,0.7675611593368886,-0.037045123067923576,0.009335932680631043,0.6398362023950165,-0.6746222972869873,0.1692403107881546,0.25551754236221313,0.31347864866256714,0.2834162629360859,0.11160891597394262,0.25288572907447815,0.05749618634581566,-0.036193497478961945,0.2035498470067978,-0.530285677261038,-0.00805962790020398,0.4246968626976013,0.010283942334353924,0.04963017627596855,0.1821015626192093,0.13588491082191467,1.056411862373352,-0.1319745033979416,-0.30473965406417847,0.8452159762382507,0.0822990668490299,-0.8228692308900729,0.7986769659316669,0.06524817925175984,-0.763720596668081,1.3138520286859459,-0.005296637487552908,-0.40844415265985357,0.011221539935290122,0.1722880703449844,-0.9846865465838677,3.223122885646218e-06,0.015378503898596397,-0.577163913103992,0.00873538540764619,0.13460254006187156,-1.150444728827591,-0.00200322312288561,-0.015616262755519408,-0.6348127816920783,0.3895606676727991,0.1862415081517929,-0.9336098482322347,0.35014210369085874,-0.11315829091582083,-0.8570840764835664,0.6528077466174723,0.27762428104664705,-0.6050480754376196,0.7014682422632433,-0.0803894405088138,-0.8785226826957424,0.8328803786603527,0.26564133294121,-0.7280673955103714,0.8381511601707434,-0.022387902587656563,-0.8201056409638043,1.0129579060293301,0.17212682358467474,-0.7717827271704482,1.0140077653641155,-0.00322049060854487,-0.8331160785448782,0.6379079395066826,0.12728627138033938,-0.8343338140367047,0.6470159709509454
2.7,0,0-ACCAD_Female1Walking_c3d_B2 - walk to stand t2_poses,80,0.08130401204107329,-0.7867541345767677,0.7187774290834757,0.7716734510956587,-0.03235672452434858,0.005985759465667392,0.6351671417318363,-0.6492064595222473,0.16188251972198486,0.2592352330684662,0.3419772684574127,0.23933935392097716,0.11140848694685235,0.27204811573028564,0.047397539019584656,-0.024801062420010567,0.26210877299308777,-0.5996530301868446,-0.0010813365606026082,0.4120536148548126,0.00978710688650608,0.04592699185013771,0.19088785350322723,0.1331414431333542,1.0625193119049072,-0.1073649674654007,-0.2907200753688812,0.8533564209938049,0.07891408055592807,-0.782438517125154,0.7936150110427269,0.06323248415090338,-0.7311257457392507,1.3096841207932013,8.355855239423025e-05,-0.38089275021622093,0.0003526902203486691,0.16756189091490278,-0.9631257139290255,0.006063541447931468,0.018355165149849372,-0.5498863279315263,-0.0023526902203486848,0.12982061537622963,-1.128863340903165,0.003487667674839632,-0.015844159722151852,-0.5929160176638862,0.3825618231577646,0.18399548327365736,-0.8925912923813957,0.34370173066744464,-0.11551216128357625,-0.8136491247226963,0.6470657006921376,0.2789064832375274,-0.578155254635082,0.6943515273917457,-0.0842163275138349,-0.8361848584282388,0.8272663546842298,0.26350243423734393,-0.6982076311548245,0.8333108968870411,-0.025716960518678292,-0.7805490047002265,1.0079525068109416,0.16993686363693533,-0.7370908534126582,1.009728761283431,-0.00669868694111515,-0.7892396278533109,0.6331448269457269,0.12379555771967178,-0.7922320263858319,0.6416602221151146
2.7333333333333334,0,0-ACCAD_Female1Walking_c3d_B2 - walk to stand t2_poses,81,0.07744557241676375,-0.7457378539256752,0.7258555650538838,0.7723943337664374,-0.02638890302819617,0.0025862113530073535,0.6345895763982476,-0.6151757836341858,0.14792773127555847,0.2649453580379486,0.37591663002967834,0.1818851109880073,0.11297521218193574,0.27671417593955994,0.037958547472953796,-0.014217046089470387,0.34264278411865234,-0.6765007845822586,0.0024030139986939147,0.3893958330154419,0.01026214100420475,0.04363643005490303,0.1905239373445511,0.13183283805847168,1.0640922784805298,-0.07979799062013626,-0.2756844460964203,0.8630319237709045,0.07523329024686994,-0.7424342806346343,0.8007501056500548,0.06179652525463831,-0.6992857465541036,1.3176365330283994,0.002885045969192635,-0.3604476655078266,0.000484425053472258,0.16323784701363614,-0.936061320986663,0.024786718705252432,0.020154816007131284,-0.529542139018581,-0.0024844250534723535,0.12716291437516164,-1.102155716183643,0.02143244989090651,-0.017752372180025316,-0.5536304773117988,0.386776178211916,0.18250746088100117,-0.8452958549810721,0.3471646078628251,-0.11966754952763044,-0.7666053649807585,0.6540413614401767,0.27904269806409665,-0.5528697002679075,0.6984510521846768,-0.0888465187866285,-0.7926801593889554,0.8338460704018738,0.2606702208555915,-0.6692748165259353,0.840126262416905,-0.0288919328854593,-0.7415720133319833,1.0153384941464845,0.1677629294896916,-0.7029084260372713,1.0173822704832267,-0.010637219774513235,-0.7462216211744214,0.6408759957503798,0.11977495300622583,-0.7501298768843464,0.6485378563259553
2.7666666666666666,0,0-ACCAD_Female1Walking_c3d_B2 - walk to stand t2_poses,82,0.07277830521343276,-0.7075091036967933,0.7341495240050128,0.7717945665272528,-0.022610354610460716,0.0002315946426897932,0.6354697988947394,-0.5755587816238403,0.1275780349969864,0.27261242270469666,0.4081729054450989,0.11438379813976507,0.11987190531931124,0.2580671012401581,0.02970287948846817,-0.00533099053427577,0.4422127604484558,-0.7546945554009041,0.007817108534387884,0.35669708251953125,0.01124568097293377,0.04457329213619232,0.17947007715702057,0.13074171543121338,1.0602861642837524,-0.050042904913425446,-0.26141786575317383,0.8748978972434998,0.07064988711187525,-0.7048694456612998,0.8090728317392594,0.05887054045733456,-0.6657821187413333,1.3263201151425281,0.007405802275518203,-0.3500223410792066,0.0006064372157540757,0.16097943941818385,-0.905134632842339,0.044608109081705975,0.024164612866178634,-0.5191637603279338,-0.0026064372157541815,0.12703030127635395,-1.0716543746916831,0.0402916760804004,-0.019357942527885724,-0.5208345924020994,0.390195029425775,0.18199882845960919,-0.7950548481442083,0.35008150554759493,-0.1252659628322883,-0.7169626891449815,0.6623570270128407,0.27929511016908964,-0.5331847181870977,0.70220447947556,-0.09504105778848107,-0.7482137059632068,0.8414363202521428,0.2570321050899674,-0.6439483302531149,0.8477906912234583,-0.03324036979677919,-0.7026660235843848,1.0237448569250438,0.16450291041555162,-0.6700333857278857,1.0259564123492155,-0.015264639320516325,-0.7066179585798564,0.649805557233156,0.11493317985572846,-0.7115630282324205,0.6568816287230498
2.8,0,0-ACCAD_Female1Walking_c3d_B2 - walk to stand t2_poses,83,0.06825074384687468,-0.6713900598697364,0.7424460920141133,0.7677896525468322,-0.020862101052605712,-0.0004994751774501085,0.6403620637625504,-0.5320851802825928,0.10620962828397751,0.2794877588748932,0.4291054606437683,0.0494513441550426,0.12618032789312827,0.21010644733905792,0.02591945230960846,0.00016306746692862362,0.5562156438827515,-0.8241685058873411,0.010012282408646933,0.31392791867256165,0.011071293614804745,0.04872983321547508,0.15693387389183044,0.1307668834924698,1.0511078834533691,-0.02116529271006584,-0.2510087788105011,0.8878190517425537,0.06618932535326173,-0.6690353808152644,0.8173807705037459,0.05510616722962843,-0.6298081558895792,1.3346198337314081,0.00789167109770268,-0.34558050047458416,0.0006679836866454354,0.16112656923683197,-0.8646762309223539,0.06203742284562723,0.026034455282131448,-0.5145766859455041,-0.002667983686645139,0.1304940417053056,-1.031805628559823,0.056614074952768,-0.02261046505283778,-0.49469914516269314,0.3921132173275906,0.18263366503219708,-0.7387592337298935,0.3515276574973267,-0.1309899265260985,-0.6650651379985655,0.6709044379520752,0.2798361437569951,-0.5158907348970672,0.705552576520138,-0.10146221572594787,-0.7029818399942479,0.8488089129065897,0.25340664194607304,-0.619619512487562,0.8555571975748785,-0.03779961711500386,-0.6637387093472804,1.0319420151072929,0.16083400057226566,-0.6370725416090697,1.0343474927366372,-0.019758681124987812,-0.6703979715752296,0.6587668505627072,0.11013274104487403,-0.6757814980963363,0.6654182456726003
2.833333333333333,0,0-ACCAD_Female1Walking_c3d_B2 - walk to stand t2_poses,84,0.06411442736862227,-0.6388651761226356,0.7493414387259649,0.7615283170317848,-0.01966439315540478,-0.001803600889047779,0.6478307502923893,-0.487335205078125,0.08675286173820496,0.28444159030914307,0.4324841797351837,0.001708247762611137,0.13194453005677909,0.13517144322395325,0.027086950838565826,0.002321131294593215,0.6785287261009216,-0.875416731009953,0.008192623464852944,0.2631748616695404,0.010228624567389488,0.05526432767510414,0.12261445820331573,0.13382680714130402,1.0359408855438232,0.00410420959815383,-0.24574682116508484,0.9005306959152222,0.061997523610390674,-0.6367941915064496,0.8242829475258143,0.050423064762852826,-0.596183902625883,1.3413845466665912,0.005955147927759521,-0.3410321485995307,0.0006519478875313504,0.16333855257530505,-0.8131736235047253,0.07422649563361841,0.026781357710406527,-0.5097192946978528,-0.0026519478875312932,0.13666997785709795,-0.9809382352359601,0.0676066638255248,-0.026427837658256254,-0.47424318518162767,0.39259262348096935,0.18393660893407304,-0.6766700099491301,0.3516107328112713,-0.1366484708545827,-0.6114628073137915,0.6784843151939901,0.2813536072561771,-0.5014668461182605,0.708915295879125,-0.10811121639197802,-0.6587090686766816,0.8543051902320076,0.25021062901488833,-0.5981348504675562,0.8626845257190228,-0.04251644193644408,-0.627738048439905,1.0384601120527277,0.156844163549836,-0.6072820704606279,1.04147455147908,-0.023745127212010036,-0.6383432841127485,0.6661718916951019,0.10577893593538881,-0.6439993233781529,0.6726713677142161
2.8666666666666663,0,0-ACCAD_Female1Walking_c3d_B2 - walk to stand t2_poses,84,0.06411442736862227,-0.6388651761226356,0.7493414387259649,0.7615283170317848,-0.01966439315540478,-0.001803600889047779,0.6478307502923893,-0.487335205078125,0.08675286173820496,0.28444159030914307,0.4324841797351837,0.001708247762611137,0.13194453005677909,0.13517144322395325,0.027086950838565826,0.002321131294593215,0.6785287261009216,-0.875416731009953,0.008192623464852944,0.2631748616695404,0.010228624567389488,0.05526432767510414,0.12261445820331573,0.13382680714130402,1.0359408855438232,0.00410420959815383,-0.24574682116508484,0.9005306959152222,0.061997523610390674,-0.6367941915064496,0.8242829475258143,0.050423064762852826,-0.596183902625883,1.3413845466665912,0.005955147927759521,-0.3410321485995307,0.0006519478875313504,0.16333855257530505,-0.8131736235047253,0.07422649563361841,0.026781357710406527,-0.5097192946978528,-0.0026519478875312932,0.13666997785709795,-0.9809382352359601,0.0676066638255248,-0.026427837658256254,-0.47424318518162767,0.39259262348096935,0.18393660893407304,-0.6766700099491301,0.3516107328112713,-0.1366484708545827,-0.6114628073137915,0.6784843151939901,0.2813536072561771,-0.5014668461182605,0.708915295879125,-0.10811121639197802,-0.6587090686766816,0.8543051902320076,0.25021062901488833,-0.5981348504675562,0.8626845257190228,-0.04251644193644408,-0.627738048439905,1.0384601120527277,0.156844163549836,-0.6072820704606279,1.04147455147908,-0.023745127212010036,-0.6383432841127485,0.6661718916951019,0.10577893593538881,-0.6439993233781529,0.6726713677142161
2.8999999999999995,0,0-ACCAD_Female1Walking_c3d_B2 - walk to stand t2_poses,85,0.06291704456089064,-0.6086908015422523,0.7552929558174071,0.7547112335830702,-0.01937484582294182,-0.001953793819536945,0.6557680626125127,-0.4452088475227356,0.07064363360404968,0.2875341475009918,0.4180099368095398,-0.02692268536416842,0.13444318334514427,0.04823834449052811,0.03221603110432625,0.002456544665619731,0.8008730411529541,-0.9176666243412521,4.3698592616436827e-05,0.2098470777273178,0.009554469026625156,0.06308640539646149,0.08012104034423828,0.13988849520683289,1.0157508850097656,0.02397637441754341,-0.24401381611824036,0.9116223454475403,0.060790051273025184,-0.6066896248116925,0.8302360755232643,0.049332980772108126,-0.5625013965310255,1.3470243613145396,0.004162799914196914,-0.33409080553191717,0.0005643029974614806,0.16660411236430892,-0.7582429539043907,0.08557246041349195,0.028111437077391464,-0.5023663967581975,-0.0025643029974615553,0.14393042430666014,-0.9265424526221151,0.0777505296270978,-0.02808007843519141,-0.45767897861207685,0.3925765705679309,0.18616296081778794,-0.6137292801702433,0.35281569462268964,-0.13917789293981722,-0.5564557035027934,0.6864269146367109,0.28567283506831814,-0.48796199878893287,0.7119005053609988,-0.11175721213141332,-0.6145011742430907,0.8591648484981214,0.25007545091758737,-0.5777232336063921,0.8688569043061782,-0.0438965984897241,-0.5928171575872708,1.0440625992191683,0.1560156770350852,-0.5788236765157854,1.0474463075391498,-0.024852368756529287,-0.6090360974022412,0.672613350522198,0.1043379449194941,-0.6150626282276307,0.6788506089358423
2.9333333333333327,0,0-ACCAD_Female1Walking_c3d_B2 - walk to stand t2_poses,86,0.06263508478878066,-0.582335892599076,0.7610682932771922,0.7508472329823185,-0.0199610904443351,4.181653397801179e-05,0.6601742087074036,-0.4043150842189789,0.058534760028123856,0.28856122493743896,0.39109382033348083,-0.04412155653429717,0.13077492541460056,-0.03923385962843895,0.03970935940742493,0.0019878738094121218,0.9058866500854492,-0.9451878080564491,-0.014885927158538093,0.15980391204357147,0.01001774426549673,0.0702412948012352,0.03352075442671776,0.14999942481517792,0.9915417432785034,0.03694924712181091,-0.24312473833560944,0.9191926717758179,0.06066312489975133,-0.5800835922403758,0.8360085262451398,0.051581121794337235,-0.5304575560200805,1.352331314917131,0.0017792060491128824,-0.32882446657099124,0.0004315966674934141,0.16691571415575593,-0.7065097723622544,0.09603405457293829,0.02748007843514851,-0.4968460939959248,-0.002431596667493513,0.1467536912068518,-0.8750781495982534,0.08719125939099294,-0.02879611052869347,-0.4459789946206411,0.39269922910155364,0.18661200200261266,-0.5574296825171001,0.35671908611672404,-0.14019998529824337,-0.5021140130865104,0.6960853944092106,0.29030887733253447,-0.47700461210944306,0.7147402911631003,-0.11405688149805691,-0.5716942460253011,0.8647112925151792,0.25094381207895305,-0.5604863237185945,0.87424188886217,-0.04312804536969801,-0.560023105351823,1.0497545791004175,0.15717874091893036,-0.5537031037855753,1.0528260359085806,-0.02521222490767764,-0.5830707565612776,0.6789995113014837,0.10366467938051196,-0.5906738258714666,0.6846173078338007
2.966666666666666,0,0-ACCAD_Female1Walking_c3d_B2 - walk to stand t2_poses,87,0.06260417605517432,-0.5580391916446388,0.7666544308222003,0.7499879847508012,-0.02075843379955103,0.002823440452779512,0.6611196097073745,-0.3614341914653778,0.04877186566591263,0.2880735695362091,0.3570730984210968,-0.056328482597715945,0.12315757588269771,-0.1374649703502655,0.04574815556406975,0.0036219661124050617,0.9702794551849365,-0.9202088380168849,-0.025674326215155197,0.1157228872179985,0.012495771050453186,0.0759977325797081,-0.013503802940249443,0.16556590795516968,0.9645670652389526,0.044542353600263596,-0.2433924525976181,0.9234940409660339,0.060863236869706586,-0.5554239104773265,0.8415885981637302,0.056204055863225084,-0.5004377562565699,1.3574136352790136,-0.0005199273903846273,-0.32518436850051413,0.0002746446126828256,0.1682538037473543,-0.6455253130850152,0.09704901747179337,0.025449453318676048,-0.49316976188349027,-0.0022746446126828655,0.1496084057440399,-0.8142347108224832,0.08758919462150636,-0.02887408362648043,-0.43702462654078056,0.39295594846591947,0.18739849741251602,-0.5029390697624437,0.3649796442674381,-0.14038226971220436,-0.44853766607249573,0.707538055506928,0.2945611853896746,-0.466541919827297,0.7176361891383116,-0.1156627675020547,-0.5299893573874571,0.8709826406010289,0.2521081202750271,-0.5448098432618595,0.8789787862036281,-0.04097014534940013,-0.5288964962791407,1.0555131486204028,0.15943735586835728,-0.5309188911317505,1.0577331204028184,-0.02538383937112356,-0.5583909140606206,0.6852375723827825,0.10310994212054996,-0.5690844038726519,0.6899766816337993
2.999999999999999,0,0-ACCAD_Female1Walking_c3d_B2 - walk to stand t2_poses,88,0.062256025325041264,-0.5346723827533424,0.7717178972408935,0.7505070632456836,-0.0217188315937212,0.006005851581549771,0.660478137502918,-0.3159940838813782,0.038428571075201035,0.2874280512332916,0.3195176124572754,-0.06816693057702206,0.11512169703044284,-0.24027246236801147,0.050800591707229614,0.007321502082049847,0.989707350730896,-0.8438248595930902,-0.029881991071716185,0.07839130610227585,0.016546867787837982,0.07983945310115814,-0.05872248485684395,0.1848381906747818,0.9361695647239685,0.04766777157783508,-0.24425102770328522,0.9246028661727905,0.06078041841399094,-0.5316323522258576,0.8466417305560411,0.061744716824880315,-0.47209053349731095,1.3619741522541184,-0.0024464078890069976,-0.3235845247363873,0.00010427806385394922,0.17059606598505464,-0.5750157487801205,0.08989417986961146,0.023095149446132862,-0.49164032240111094,-0.0021042780638541557,0.15321704121213847,-0.7438496969401378,0.0802470327968776,-0.028871088663732444,-0.43003775033548486,0.39314930318108626,0.18818169039413796,-0.4507637322084347,0.3775991846638988,-0.14008715886952822,-0.3967304521560257,0.7201349718471408,0.2974809571389015,-0.45430565450980787,0.7203182609551847,-0.1169876279256186,-0.48978408222314274,0.8775103123731318,0.25282219314130205,-0.5287689832014328,0.8828617064783367,-0.03839880429450999,-0.49925350621413234,1.060925855131073,0.16178532495025708,-0.5091252799911942,1.0619492714729928,-0.025886061204188175,-0.5342480503854697,0.6909466936452833,0.10216306350123962,-0.5487417344018767,0.6945768303255242
3.0333333333333323,0,0-ACCAD_Female1Walking_c3d_B2 - walk to stand t2_poses,89,0.06201925332425162,-0.5131080183200538,0.7759838717091869,0.7550656180791084,-0.022789996986001024,0.008667620561708453,0.6551956965563727,-0.26952826976776123,0.028802411630749702,0.2864842414855957,0.28012606501579285,-0.07850280352502015,0.10761621467106375,-0.3383578360080719,0.056761424988508224,0.012029672972857952,0.9663124084472656,-0.7261109801622623,-0.02954123366701822,0.04613570123910904,0.02175961807370186,0.0813094973564148,-0.1030648797750473,0.2033398449420929,0.9063336253166199,0.04767536371946335,-0.2431306093931198,0.9231483936309814,0.060761160473292775,-0.5096749786923032,0.8508946949678634,0.06796349359807419,-0.44747918097908623,1.3658649203036515,-0.0017595817958848802,-0.3228139968725496,-7.218238555898107e-05,0.1742797636575867,-0.4994237351154265,0.07831931928592871,0.021328176656532236,-0.49122869940038766,-0.00192781761444109,0.15637464023599632,-0.6682150681394464,0.06889103995022722,-0.02757044092418491,-0.4241089196921145,0.3932666800060802,0.19032470260646092,-0.40551936833685287,0.3932878893365553,-0.13580240023736748,-0.34543685686022657,0.7333279066588916,0.2998317059918623,-0.4438364542677354,0.7227047143145838,-0.11652198839662609,-0.4503138618499048,0.8836230953637019,0.25296647698921526,-0.515528978501312,0.8858714893753039,-0.03523766488311607,-0.4715647762470316,1.0655883243151878,0.1642741138257971,-0.4907276629907497,1.0654511089621483,-0.026144722973165925,-0.5107309772470675,0.695698106170271,0.10122458802800709,-0.5304760107771737,0.698226595136247
3.0666666666666655,0,0-ACCAD_Female1Walking_c3d_B2 - walk to stand t2_poses,90,0.06282178516266868,-0.49149859277531505,0.7793037421404195,0.7571871381589761,-0.0240137243720732,0.011342930472432825,0.6526578864739928,-0.22329597175121307,0.01941283419728279,0.2854723036289215,0.2405277043581009,-0.08872975650632031,0.10019603501863716,-0.4264383316040039,0.06409098953008652,0.0164846982806921,0.9023069143295288,-0.5757184775763213,-0.029001045574813977,0.01857597753405571,0.02856990322470665,0.08120651543140411,-0.1443815380334854,0.2218460887670517,0.8766613006591797,0.04746801778674126,-0.24013161659240723,0.9207920432090759,0.061759181332825375,-0.4876607023359568,0.8541979439859315,0.0753726927150831,-0.4237947048796226,1.368841722969764,-0.001972585963748663,-0.3226638606379587,-0.00024808198267596906,0.17934659381101933,-0.41682013659719763,0.06553531013830005,0.01992709478522054,-0.49124067535538696,-0.0017519180173239356,0.1622172509191791,-0.5857250896008852,0.05672041008691919,-0.026324415397827667,-0.4190738905903296,0.393308715882759,0.1921666558209786,-0.3650702154203379,0.40978708330433,-0.13037202350470226,-0.2979765889374029,0.7467476624497403,0.30126009817597543,-0.4300897020443775,0.7238477996323803,-0.11456946272430629,-0.4135418243603069,0.8894169290722291,0.2536585767427809,-0.49996552113007214,0.8875885375949183,-0.03092682291509237,-0.44546155337612187,1.0694630501109414,0.16779717384811516,-0.47150889197533913,1.0678837583853809,-0.025347155904852404,-0.48783265113091206,0.6994336206089989,0.1014404102876951,-0.5116004380314015,0.7008299618603804
3.0999999999999988,0,0-ACCAD_Female1Walking_c3d_B2 - walk to stand t2_poses,91,0.06347429583547637,-0.47072264878079295,0.7815876018474298,0.7596589468925108,-0.025147269898199542,0.01290517584277959,0.6497071306821985,-0.1782301664352417,0.00957802776247263,0.28474190831184387,0.2019316703081131,-0.09768074738439547,0.09560947318574964,-0.5010574460029602,0.0703260526061058,0.020999157801270485,0.8032165765762329,-0.3999860800110391,-0.025381638311194332,-0.005142285488545895,0.03572641685605049,0.07901879400014877,-0.18217268586158752,0.2392759621143341,0.8482791781425476,0.04687162861227989,-0.23684097826480865,0.9177654385566711,0.06249407159349715,-0.46659945878041553,0.8564677625353999,0.0815899137945834,-0.4032479620867466,1.3710160811076209,-0.0007675044952516821,-0.321848272087863,-0.000420014067010175,0.1864993487457145,-0.32988821698765497,0.05508686282020461,0.019790541293422975,-0.49059666828356285,-0.0015799859329897296,0.1698641585831391,-0.4988893695185326,0.04722042198015475,-0.024647672882971667,-0.41396534948606173,0.39322020678171044,0.19436898351705575,-0.33150242072124236,0.4252898523591542,-0.12373656148166669,-0.2537582193917625,0.75983246793941,0.30214224025552,-0.41591012990611304,0.7246212292075119,-0.11220954634802834,-0.37912723561721723,0.8944032741974488,0.2538204218424155,-0.4849000098469544,0.8885265754753119,-0.027194413432478734,-0.42154679966478953,1.0723059343051764,0.1705869958119093,-0.453902009227333,1.0695060286875222,-0.024551077779089908,-0.4655682237948402,0.7019304658211981,0.10163259798614997,-0.49310468124819207,0.7024171639245052
3.133333333333332,0,0-ACCAD_Female1Walking_c3d_B2 - walk to stand t2_poses,92,0.06494917551754043,-0.44965485064312816,0.7829589952473994,0.7587971030851278,-0.026394720042672414,0.014392224128576867,0.6506328757357099,-0.13354584574699402,0.00028333195950835943,0.2841028571128845,0.16532135009765625,-0.10840421274024603,0.09079904140843542,-0.5537213087081909,0.07741982489824295,0.022212296724319458,0.6842949390411377,-0.22533797845151993,-0.026050451486370085,-0.025432776659727097,0.04302656650543213,0.07620731741189957,-0.21555013954639435,0.25461840629577637,0.8226446509361267,0.04698745533823967,-0.23210643231868744,0.9152800440788269,0.06401130132305738,-0.4452460069514084,0.8578234226431747,0.08775254648866483,-0.3826064316454904,1.372284838571055,-0.0006025399055768592,-0.32188982097613605,-0.0005823548902668847,0.19059611941832214,-0.24615311303656126,0.049775151210841834,0.020416309352563805,-0.49058336046746587,-0.0014176451097332142,0.17566967293463823,-0.4153633369140195,0.043059398780160255,-0.022981562820209793,-0.40939494804156057,0.3930261940634879,0.19473177098872743,-0.3038537815962347,0.43642176355172674,-0.11789692410928444,-0.2143516609641686,0.7718233747242959,0.30248100848127385,-0.39837264581668713,0.7243206450741428,-0.10949848187231204,-0.3478120301253454,0.8986199055740111,0.25460734714661193,-0.46705296324770096,0.8884873004952649,-0.02321298944744843,-0.3987791861584869,1.0742551069073105,0.1739249189990075,-0.43472953986383345,1.0702051659426446,-0.022978067387960727,-0.44392658913930627,0.7034564209076674,0.10294167185930246,-0.4734078784804311,0.7032506578505799
3.166666666666665,0,0-ACCAD_Female1Walking_c3d_B2 - walk to stand t2_poses,93,0.06737670133588836,-0.4278245302848518,0.7834750713582168,0.7584732429452853,-0.027215269278727784,0.015500840226290474,0.650951144715506,-0.08852750808000565,-0.006810363382101059,0.283183217048645,0.13218943774700165,-0.1214141338962067,0.08409349729624793,-0.5824727416038513,0.08539950847625732,0.01883772388100624,0.5631003379821777,-0.07105665042901022,-0.03225585164622402,-0.04275700822472572,0.049566783010959625,0.07483313232660294,-0.24315421283245087,0.26599442958831787,0.8014651536941528,0.048594970256090164,-0.22644245624542236,0.9146612882614136,0.06648287561550076,-0.4232146787993285,0.8583279293187716,0.09448652884665,-0.36112915846505506,1.3726586718500857,-0.000446203473814381,-0.32128723919162566,-0.0007268369405818154,0.19216439583453682,-0.1730218204870414,0.04890886094357905,0.020807119429496652,-0.4899525817885547,-0.0012731630594182627,0.17801772777387248,-0.34234149844105105,0.04336643906034001,-0.020853346762414193,-0.4033554729378954,0.39273433476056174,0.1950233991613799,-0.2816634977464565,0.44208768914576246,-0.11036063342634704,-0.17767281606719948,0.781536236104883,0.3032940743434076,-0.3805974992437252,0.7230049025589104,-0.10527888269346358,-0.31731755545412704,0.9016740185682449,0.25605191164269575,-0.44845561845927256,0.8876955760169303,-0.01844891200219985,-0.3753937580444916,1.0752721615494263,0.17802966717480734,-0.4146551644216469,1.0700861424719097,-0.02043776246834634,-0.42127588900887997,0.704072337053749,0.10525135682702412,-0.45238088194358467,0.7034564339348722
3.1999999999999984,0,0-ACCAD_Female1Walking_c3d_B2 - walk to stand t2_poses,94,0.06950710545061156,-0.4062875839881599,0.7829663181039771,0.7557898609504595,-0.02807126452679523,0.01634779035937661,0.654007981558878,-0.041936613619327545,-0.012246579863131046,0.2819865047931671,0.10445927828550339,-0.14096531357904207,0.0757034758329348,-0.5938963890075684,0.09017405658960342,0.01303942035883665,0.4497562050819397,0.05762679996927189,-0.039070740537205606,-0.057009320706129074,0.05465235561132431,0.07528514415025711,-0.26474717259407043,0.2733524441719055,0.785538911819458,0.05112411081790924,-0.22196067869663239,0.9160463809967041,0.06860660492304943,-0.40150144961476586,0.857808031182712,0.09957316849937033,-0.33874981998534504,1.3718983782210434,-0.00199661624112755,-0.3237375894675853,-0.000845552160264839,0.19129005685597833,-0.11155904539596495,0.0501161807546186,0.020723282870452206,-0.4922122485941697,-0.0011544478397349789,0.17838846050942422,-0.28101018962218527,0.04565988945632129,-0.019526105342379245,-0.39828720131647655,0.3920920092546625,0.1942308692133735,-0.26272819051944657,0.4430097884873515,-0.1051447281193926,-0.1463017820407833,0.7878216718028771,0.3036715207216394,-0.3615653374907689,0.7207768364094362,-0.10206485274269463,-0.2901404497794827,0.902975986680732,0.2574579044584478,-0.42829121781945456,0.8862202490024086,-0.014817775426872154,-0.3527986321595524,1.0750584012404367,0.18137973998108675,-0.3933262555647262,1.0690391331061775,-0.01822367605792727,-0.39949355066344944,0.7035898975552124,0.10751457870990014,-0.430977028284997,0.7028482973928702
3.2333333333333316,0,0-ACCAD_Female1Walking_c3d_B2 - walk to stand t2_poses,95,0.07235690037487075,-0.38326415745541453,0.7814636318207804,0.7523322614156936,-0.027454953222979816,0.015489197797026967,0.658029238505613,0.005801897030323744,-0.015659505501389503,0.28033801913261414,0.08427897095680237,-0.164677531555937,0.06626481388491656,-0.5932389497756958,0.0915147215127945,0.005946054123342037,0.35341721773147583,0.16049823540528818,-0.045258395295909026,-0.06918548047542572,0.05857694149017334,0.07651197165250778,-0.28126510977745056,0.2747253477573395,0.7745168209075928,0.053363241255283356,-0.21896307170391083,0.9188401103019714,0.0713949295614149,-0.3786370186439025,0.8563145783650497,0.10425648271195015,-0.31683657833320333,1.3704090971151248,-0.0031919787506554595,-0.32437556046253196,-0.0009278613952809801,0.19109641696083207,-0.05781346878765367,0.05213487584400482,0.021313732780270874,-0.49259996204104817,-0.001072138604719098,0.17925232297852134,-0.22736333015110738,0.04859059180180242,-0.017636569658829163,-0.390098283953533,0.3910705894952325,0.19452458292311467,-0.2425857895599298,0.44108443019193166,-0.09947199443077394,-0.1169741147280592,0.7918056538325706,0.3051255780647514,-0.33998596930288,0.7180825654793662,-0.09803544270135328,-0.26395735994350056,0.9029516215922434,0.2598327112282226,-0.4061468783531942,0.8840068088301575,-0.011098277205124116,-0.33017484725432067,1.0739095202918987,0.18500929396116172,-0.37102777827721606,1.0671980779656431,-0.015270816846517467,-0.37606313873485603,0.7020371549070922,0.1106377534622296,-0.40737448001881954,0.7013111875949066
3.266666666666665,0,0-ACCAD_Female1Walking_c3d_B2 - walk to stand t2_poses,96,0.07504553179023787,-0.35962078301236033,0.7790310253984488,0.7474086743134631,-0.025960813141469904,0.014081207001804699,0.6637077891296724,0.05056731402873993,-0.016581248492002487,0.2783506512641907,0.07362481206655502,-0.19283895833532583,0.05517052505031872,-0.5829923748970032,0.09134374558925629,-0.0021873489022254944,0.28090065717697144,0.23043588868904474,-0.0524044759076453,-0.07926643639802933,0.060575682669878006,0.07857342809438705,-0.2908744513988495,0.2695468068122864,0.7694922089576721,0.055739015340805054,-0.2171553522348404,0.9230867028236389,0.07403963514481068,-0.3553084114571187,0.8539001887670097,0.10775477449861048,-0.2946124309894483,1.368071129234847,-0.005359593740112453,-0.32398047169336885,-0.000963870376966134,0.1884491262507794,-0.014538116261360437,0.0523628035948725,0.021563779584894145,-0.4918349525611839,-0.0010361296230339545,0.17801380913403242,-0.18419329181646396,0.04949477918076237,-0.016309885351889222,-0.37950341581117497,0.38955953412042843,0.19406771231372388,-0.22173161803520683,0.4367793850563909,-0.09505685516004861,-0.09140679838476512,0.7922655638000425,0.30660406637782633,-0.3166057530945287,0.7147276805711495,-0.09433206923097177,-0.23999775275850593,0.9012599084598735,0.26234696543248076,-0.38233294455650485,0.8811031881514493,-0.008151427745691886,-0.30777669149329745,1.071778902478255,0.18814154176207415,-0.3476402528796566,1.0645573032496043,-0.012574768283367177,-0.35231469549688677,0.6995651947566552,0.11368093229421793,-0.3826114393745731,0.6989018159090987
3.299999999999998,0,0-ACCAD_Female1Walking_c3d_B2 - walk to stand t2_poses,97,0.07777821848867461,-0.33564845053479075,0.7759510908169687,0.7413831251467382,-0.023746801790060387,0.01181719142642381,0.6705576076215904,0.09079175442457199,-0.01397504098713398,0.2758623957633972,0.0739528089761734,-0.22514397877451953,0.04260260171622521,-0.5624918341636658,0.09044304490089417,-0.010809056460857391,0.234125554561615,0.26503812168671925,-0.05944607906460031,-0.08638360351324081,0.06098814308643341,0.08085372298955917,-0.2913561165332794,0.2583712935447693,0.7712366580963135,0.059357333928346634,-0.21527256071567535,0.9289819598197937,0.07670383864565046,-0.3318190126745311,0.8508455573256989,0.11004772158704293,-0.2728301735877486,1.3652349640459345,-0.007868810296434277,-0.32204983631767137,-0.0009471748158881438,0.18417068486223473,0.01724854354013637,0.049101442199882966,0.02184929388617759,-0.48943210276723015,-0.001052825184111903,0.17542276165518023,-0.15250870277796816,0.0466619418293467,-0.015233331388144512,-0.3661186323594894,0.3874479653404692,0.19337517808045465,-0.20069715866118895,0.4307805148252808,-0.09212150979708632,-0.07033332295787932,0.7890902568502111,0.30790303595508456,-0.2921002423461217,0.7109809109442751,-0.09098194443751811,-0.21890424256408497,0.8981083628800158,0.26488226668986126,-0.3574405301117886,0.8778324150150996,-0.005869564794103652,-0.28607269152330345,1.0689505609018477,0.1908553035602582,-0.3236950877229496,1.0614628125650083,-0.009870172004679954,-0.32846118910647437,0.6964136596568662,0.11685602211451693,-0.35698958792844676,0.6959361749768559
3.3333333333333313,0,0-ACCAD_Female1Walking_c3d_B2 - walk to stand t2_poses,98,0.0808203054475598,-0.31008103815838695,0.7718406024012316,0.7339329916561712,-0.02132601235438476,0.009428988052637045,0.6788215223016918,0.12835592031478882,-0.006447924301028252,0.2723657786846161,0.0862378403544426,-0.2657555046325035,0.025946102817090866,-0.5331217646598816,0.08806722611188889,-0.01909932866692543,0.20921723544597626,0.2680733751265001,-0.06489645369547703,-0.08946938812732697,0.060249846428632736,0.08210872113704681,-0.28196537494659424,0.24298015236854553,0.7796416282653809,0.06458088010549545,-0.2131199687719345,0.9362781047821045,0.07968685883336991,-0.3067731685477361,0.8467590467084363,0.11169448090961734,-0.2498578239850204,1.3614619469903588,-0.011466236671190247,-0.32012595239525843,-0.0008727853287203539,0.17912400919930033,0.03968337204355084,0.04127379623283303,0.02145413090881556,-0.4869077999210217,-0.0011272146712796444,0.17248571738315158,-0.13017255513880777,0.039060860900531395,-0.014709124354726967,-0.34996923133718416,0.38425173081340724,0.19283628401747985,-0.17871267623440834,0.42283799424104757,-0.09124138061374377,-0.05278415788170304,0.7819412962493495,0.30910406199696766,-0.26487221733112154,0.7062919950930939,-0.08805921596830205,-0.19962710592137967,0.8932363394604207,0.2677433703841921,-0.329833258670885,0.8737103946241326,-0.0038496470574889557,-0.2637588255407492,1.0650619710157336,0.1935670843809631,-0.29753759313370615,1.0574584252600314,-0.006919657687296452,-0.3033978026445219,0.6922276280998303,0.1203796824577148,-0.32937326566371483,0.6920331650758295
3.3666666666666645,0,0-ACCAD_Female1Walking_c3d_B2 - walk to stand t2_poses,99,0.08520658890483901,-0.28235099045559764,0.7665309708592265,0.7263304056659783,-0.018242018651930866,0.006582208532007071,0.6870720814379225,0.16286174952983856,0.004721204284578562,0.2680758237838745,0.11118274927139282,-0.31428434370656433,0.0066189529750897425,-0.5001578330993652,0.08258458226919174,-0.026282088831067085,0.1981329470872879,0.25455192108429214,-0.0666174213152847,-0.08756033331155777,0.05762277916073799,0.08249868452548981,-0.2628319561481476,0.2248554676771164,0.7947176694869995,0.06987941265106201,-0.21105846762657166,0.9437325596809387,0.08404368037510189,-0.2796851627769725,0.841474556352178,0.11358475002282507,-0.22580293113310107,1.3566435712659424,-0.014038973617243027,-0.3165216453312777,-0.0007420413487611577,0.17754031958720387,0.05905983758559021,0.030767711423194125,0.021845943430286223,-0.48269025415324784,-0.0012579586512389343,0.17282036785267876,-0.11086158335117678,0.028662298766776596,-0.013543506508467862,-0.32966702629831124,0.37963661977285695,0.19460500752212467,-0.15439183736978218,0.41370337600578017,-0.09059461808652981,-0.037754098722744205,0.7710184287358829,0.31162150540372674,-0.23423936513567675,0.7008775922821502,-0.08425899003389994,-0.18116340618975266,0.8865744521755108,0.27194464274185,-0.299297464205461,0.8686654181781455,-0.0010316590852994523,-0.24032998371843026,1.0599136054451104,0.19716778147592967,-0.26920346254828625,1.052464519495971,-0.0026593854800728567,-0.27614211897987656,0.6868571319050121,0.12517595810948998,-0.2993625575533017,0.6869331783237437
3.3999999999999977,0,0-ACCAD_Female1Walking_c3d_B2 - walk to stand t2_poses,100,0.08752784709213302,-0.25488800136372447,0.7600066705141689,0.7183862843957629,-0.01559010290932822,0.0034309003470754354,0.6954612311309201,0.1903136670589447,0.016919881105422974,0.2636606693267822,0.15005932748317719,-0.3709750259084539,-0.011000302347687452,-0.46790677309036255,0.07405073940753937,-0.03236636891961098,0.19473358988761902,0.23358483282917297,-0.06322310462027825,-0.07944349199533463,0.053048402070999146,0.08272939175367355,-0.2345253974199295,0.20601406693458557,0.816257894039154,0.07353406399488449,-0.20937292277812958,0.95033860206604,0.08627120703058629,-0.2528501352214778,0.8349684471562817,0.11151966861190862,-0.20171829094595045,1.350634330166083,-0.016190022572199977,-0.312880836845719,-0.0005538050883944559,0.17705938425379827,0.07611791819315122,0.01887616405126484,0.022645044469642904,-0.4783832271857349,-0.0014461949116055112,0.17424104664668286,-0.0938462633970003,0.016818507733431843,-0.013997941903821509,-0.30730755540292776,0.37321842407583916,0.19569891638285797,-0.12990908702523402,0.4037944944983686,-0.09388758262882163,-0.027989129744963107,0.7559730857307347,0.31212834027922043,-0.20167108616514606,0.6950580770373702,-0.08329649939602267,-0.1658267010627189,0.8778262641601323,0.27400693630785405,-0.26740803946263536,0.8629418932156537,-0.0011984924002891306,-0.21772128763518825,1.053253851007342,0.19784349822317268,-0.2403003980680161,1.0465714382161497,-0.0004000953300820585,-0.249407841922713,0.680192462568854,0.1279321081567746,-0.2696073297684141,0.6806560165233353
3.433333333333331,0,0-ACCAD_Female1Walking_c3d_B2 - walk to stand t2_poses,101,0.09020680020330474,-0.22531189350411296,0.7526042231368052,0.7107054214012121,-0.013343428571188306,0.00017658958496651438,0.7033631535138939,0.20708739757537842,0.03301173448562622,0.25830012559890747,0.2048550397157669,-0.4338493093929414,-0.02959577534398894,-0.4370867609977722,0.06614096462726593,-0.038385480642318726,0.19606944918632507,0.2087099646123629,-0.058848475520109966,-0.06360810250043869,0.04714922234416008,0.08294324576854706,-0.19680465757846832,0.18991628289222717,0.8437359929084778,0.07571545988321304,-0.2082349807024002,0.9559491276741028,0.08881783427983678,-0.2238707754591655,0.8275775113963177,0.10845548382671315,-0.17522602293499523,1.3437147264170477,-0.017487874006461644,-0.3049125524787647,-0.0003017997720937589,0.1780251811539466,0.09427060076363439,0.006447283859245048,0.023899014957941535,-0.46979182797333724,-0.0016982002279063088,0.17703704767366168,-0.07571410277964839,0.004392009296710839,-0.014806661906569528,-0.2793575988836526,0.36493144153739737,0.19764815956146287,-0.10306154544283429,0.3934618023326137,-0.09879256829175527,-0.02140095179597279,0.7378851773353935,0.3128727948425394,-0.16492422013264263,0.688975977694402,-0.08279482146233594,-0.15119376956811523,0.8677214617682026,0.27631352278252713,-0.2318566789843354,0.8567348218209535,-0.0016027736130933695,-0.19352741805524082,1.0454717583261706,0.19819474499233658,-0.20847101395028506,1.0400104946593534,0.0022782749581396616,-0.2207633032102894,0.6726257893729178,0.13102057178764187,-0.23783268110094657,0.6735222129809626
3.466666666666664,0,0-ACCAD_Female1Walking_c3d_B2 - walk to stand t2_poses,102,0.09364238212583587,-0.19705425528809428,0.750786185093253,0.7038331360998173,-0.010978421959597274,-0.003174226167255684,0.7102734086726127,0.20745159685611725,0.05382564291357994,0.25196051597595215,0.2769063711166382,-0.4976459200962493,-0.04966181831071803,-0.4061245024204254,0.06375963240861893,-0.04558293893933296,0.19982659816741943,0.1813414344159925,-0.05926477954472853,-0.03932883217930794,0.039936840534210205,0.08315422385931015,-0.15094377100467682,0.17883379757404327,0.8755435347557068,0.0750776156783104,-0.2078418731689453,0.9595761895179749,0.09213761111407401,-0.19623339398046388,0.8257665948741805,0.1052402009936296,-0.15038089271838295,1.342352451609445,-0.01891802846350089,-0.2921719821446302,0.005535717315936078,0.17742790690462595,0.11009351511698168,4.333301479492874e-05,0.024504474550423788,-0.45652029712372383,0.0035065313859801855,0.17818823934271763,-0.05989197755655368,-0.0020433330147948715,-0.016415572018822697,-0.2471990129313253,0.36088133272454526,0.19941475878063036,-0.0777221300666175,0.38897469636911175,-0.1042269018973818,-0.02116693042720038,0.7244712242086419,0.3140860755214062,-0.12690374077785818,0.6891538520231171,-0.08205807798801364,-0.14048474950674705,0.863148423130253,0.2792110505555728,-0.19604247936574104,0.8563756558175895,-0.0015410288399174688,-0.17140578687743185,1.0430994618323568,0.1987573081211963,-0.17752232844210694,1.0391816780328413,0.005735380761688277,-0.193586431332761,0.6707275612026385,0.13477344131714897,-0.20743855819413562,0.6719709588270973
3.4999999999999973,0,0-ACCAD_Female1Walking_c3d_B2 - walk to stand t2_poses,103,0.09755081514595076,-0.17070187954232097,0.7555413873439301,0.6994607154794443,-0.00839043640949003,-0.005489178279749661,0.7146007115863062,0.18783758580684662,0.07635608315467834,0.2458171546459198,0.36624059081077576,-0.5604907327910933,-0.0699772113567777,-0.3727773427963257,0.06821225583553314,-0.053995564579963684,0.20397433638572693,0.14981684757461733,-0.06744155548894426,-0.007632702123373747,0.03257189691066742,0.08178041130304337,-0.10140751302242279,0.17410922050476074,0.9080789685249329,0.07002715766429901,-0.20889367163181305,0.9600620865821838,0.09607552368659739,-0.17040994804990595,0.8305263077687308,0.1034967075599813,-0.1280026494672654,1.3475108555278774,-0.021160175530606257,-0.2734815155107261,0.017879802231406415,0.17427418263608116,0.12067582344923006,6.603302563024799e-05,0.023421585756360774,-0.4375080408174877,0.015093127449132597,0.17590338427914906,-0.04930299875035837,-0.0020660330256303296,-0.019462180945345537,-0.2104008848865172,0.3623836879577898,0.20027641488266523,-0.05623773357595241,0.39070761965786116,-0.10879594156913265,-0.025057468209038668,0.7187826938264209,0.3155529082801592,-0.08858339419451366,0.6962520688067754,-0.08053071749601211,-0.13244958157726214,0.8658458615421037,0.2826333069986221,-0.16124157642454268,0.8623744713016244,-0.00030925559453150175,-0.1514257000708622,1.0473903600203642,0.20008515769101498,-0.1486830913931832,1.0447938004537973,0.009573846877357996,-0.1682574373461737,0.6756455112550701,0.1387429114558999,-0.17926771389319654,0.6769521847759193
3.5333333333333306,0,0-ACCAD_Female1Walking_c3d_B2 - walk to stand t2_poses,104,0.10129432211397216,-0.14550184039399028,0.7604648059424113,0.6993591706254567,-0.007793977576234699,-0.0059761173501184876,0.7147029385675087,0.14722353219985962,0.09842516481876373,0.24106156826019287,0.4711558222770691,-0.6246126768654774,-0.087199558954556,-0.33887621760368347,0.07499007135629654,-0.06190190464258194,0.20610450208187103,0.1144667669425321,-0.07668408363719281,0.0303964726626873,0.025918029248714447,0.07909717410802841,-0.051322873681783676,0.17608612775802612,0.9392150640487671,0.059144049882888794,-0.21164853870868683,0.9562629461288452,0.09983184744141163,-0.14532489423465503,0.8354503369326551,0.10215436361746298,-0.10470064713657598,1.3526240419168414,-0.0230683438706591,-0.2490653078008245,0.030980395185767676,0.17356593036232207,0.12539273662479913,7.671292906454713e-05,0.021322913701924243,-0.4131259998549188,0.027305402144118793,0.17413000970935502,-0.04459268796085114,-0.0020767129290644483,-0.023317155107444646,-0.16883484193970305,0.36346516879034596,0.2019950653616274,-0.03947162530908147,0.3922292863767525,-0.11223356003115471,-0.029984098939749997,0.7144160134206398,0.316915274904219,-0.050047418432105466,0.7039727705826373,-0.0788496442813222,-0.12425613321561163,0.8691992874746117,0.28580615973655904,-0.1270260409407807,0.8684904864503221,0.0011849695927556303,-0.13094111838201536,1.0517698442582566,0.20133929079180957,-0.12051516320567565,1.0504537652306494,0.013321262848977354,-0.14396244633733393,0.6807599068623515,0.1424525103976618,-0.1531402334790627,0.6821485099760368
3.5666666666666638,0,0-ACCAD_Female1Walking_c3d_B2 - walk to stand t2_poses,105,0.10485254804370925,-0.1236715498380363,0.7643509206013489,0.701660408007412,-0.007861640500865207,-0.005516416211362667,0.7124467949227438,0.08638686686754227,0.11775290220975876,0.2392996996641159,0.5877366662025452,-0.6841228693527048,-0.09737240998387142,-0.3090910017490387,0.08175268769264221,-0.06842461228370667,0.20453834533691406,0.0849198177985433,-0.08545602126435459,0.07225009053945541,0.02006618306040764,0.07666002213954926,-0.003707566298544407,0.18339903652668,0.9675272107124329,0.041947659105062485,-0.21640203893184662,0.9477546811103821,0.1034318003296173,-0.12343364251320638,0.8393370851654716,0.1015059062139841,-0.0835659104494592,1.3565713874167333,-0.02335635946545621,-0.21888426289921695,0.04306235036431741,0.17423372870871284,0.1281663576751957,6.77083634848738e-05,0.02071211414760938,-0.38300548436978005,0.038351268065639973,0.17273131976033176,-0.04181359044443985,-0.002067708363484938,-0.027009297619883636,-0.1242406966208156,0.36372977339689916,0.20410563668389436,-0.026740322091655458,0.39312770159618904,-0.11490907398261523,-0.03742429793107559,0.7111078236745745,0.31770613708655077,-0.012639490598832459,0.7111839261758829,-0.07704584894028799,-0.11831517431687923,0.872299034697691,0.2887631651208861,-0.09520442404530988,0.8733717812789751,0.0030309466740797153,-0.11293225258949714,1.0551797329161179,0.2026947659603738,-0.0954263333288698,1.0548848450552335,0.016867792438835644,-0.12312882133608312,0.6848745903091321,0.1459029931760955,-0.13092267095467258,0.6862524077081463
3.599999999999997,0,0-ACCAD_Female1Walking_c3d_B2 - walk to stand t2_poses,106,0.10755400190828368,-0.10383229283615945,0.7670619097244159,0.7043634646381562,-0.00916450988788523,-0.004386469842914052,0.7097667788251045,0.01194484531879425,0.13486965000629425,0.23962639272212982,0.7093660235404968,-0.7393771172933259,-0.09989446505199273,-0.2860488295555115,0.0887640193104744,-0.07365579903125763,0.1994069516658783,0.06322583527807946,-0.09301748794611597,0.11447318643331528,0.015012729912996292,0.07492957264184952,0.0386853888630867,0.19294606149196625,0.9916041493415833,0.01966250129044056,-0.2233409881591797,0.9353983998298645,0.10611485184447556,-0.10333102653133101,0.8420464253205407,0.1000532875362214,-0.06266484060824337,1.3591870733796372,-0.021843489794221686,-0.18494331019673615,0.0547474933507247,0.17461316692450127,0.1321038274338846,4.0844931789216915e-05,0.02240494088343905,-0.34897893589781775,0.048883204526075225,0.17106002498167747,-0.03784628804017443,-0.0020408449317891424,-0.030439022011042226,-0.07825848025481816,0.3639832950598019,0.2056333528788238,-0.01552139705388872,0.3935510029110023,-0.11703418732142709,-0.04506627681075458,0.708472927123183,0.31698364639484794,0.02477185204316844,0.7178549665601685,-0.07561697213493604,-0.1129830154110761,0.8747001664922455,0.2906161002520352,-0.06415373951817283,0.8770923864087714,0.004146949463462751,-0.09597457710138388,1.0573774232987936,0.20308465076693222,-0.07157049455525032,1.0580229116201618,0.019609770833383302,-0.10474231174936649,0.6876622830562413,0.14856150124204015,-0.11110811588850592,0.689165490898342
3.63333333333333,0,0-ACCAD_Female1Walking_c3d_B2 - walk to stand t2_poses,107,0.10993765125749633,-0.08792986301705241,0.7692332290991291,0.7084285192971379,-0.011639276038307314,-0.00123993267073921,0.7056854985521106,-0.06764332950115204,0.15554645657539368,0.2365998774766922,0.8230935335159302,-0.7845333635096439,-0.10791468342232036,-0.2698498070240021,0.09452509135007858,-0.0771787092089653,0.190719336271286,0.04774910573503055,-0.09983483941953064,0.15402628481388092,0.01060633733868599,0.07317847013473511,0.07444270700216293,0.20226535201072693,1.0107531547546387,-0.005889560095965862,-0.2325267344713211,0.9202666282653809,0.10857384046052056,-0.08682427412936436,0.8442126775721704,0.09970198768444269,-0.04319663486248089,1.3610732683656963,-0.02416033119572339,-0.15258565421163175,0.06655934586237336,0.17545769748705242,0.13393909602454712,-2.7976948764989185e-06,0.019410620570859086,-0.31676228192243433,0.05965955777412555,0.1693523991132902,-0.03593953030030268,-0.0019972023051234473,-0.03516260274805557,-0.036293724810529525,0.36596824456750443,0.20700483616428839,-0.00862082666976033,0.39370150748320737,-0.11765680403660042,-0.052603031889177525,0.7073287842172461,0.3160058985758389,0.05816684363659341,0.7238720019395471,-0.07372686330358219,-0.10863556474961884,0.87729960457358,0.2923806897298493,-0.03706526399530097,0.8798600123350221,0.0056447735065283805,-0.08105323243312744,1.0592177605624526,0.2038185219481778,-0.05108197281336564,1.0602540642779275,0.02190832876813578,-0.09043069583176541,0.6898904414817194,0.15078542550693422,-0.09590023407535544,0.6914674678874025
3.6666666666666634,0,0-ACCAD_Female1Walking_c3d_B2 - walk to stand t2_poses,108,0.11101393977878615,-0.07354850647971034,0.77130164542538,0.7086807493086126,-0.01577297679009368,0.0031516626516210904,0.7053459263262906,-0.14958177506923676,0.1783331334590912,0.23039181530475616,0.9093795418739319,-0.8023657765123087,-0.116712144067044,-0.2571837604045868,0.09709054976701736,-0.07847185432910919,0.17844338715076447,0.03569668642293378,-0.10217435207587888,0.18699157238006592,0.006899677217006683,0.07176527380943298,0.10262972116470337,0.20906993746757507,1.0248515605926514,-0.030505822971463203,-0.2430879920721054,0.9049072265625,0.10968015743747422,-0.07153835386627436,0.8462628374592365,0.09796740431756641,-0.022800737459161093,1.362612208286489,-0.029915206935469788,-0.11912723388444392,0.07487522324746118,0.17518206336713799,0.13522447824067152,-6.434696155909955e-05,0.014582326385835185,-0.283021432815174,0.06721617074903657,0.16843209817439353,-0.03463115511737566,-0.0019356530384408883,-0.04168385132433506,0.0004271850592125273,0.37046137113020344,0.20725750216795513,-0.0029943805810291875,0.39387508077793476,-0.11797603468139412,-0.059354181410573095,0.7073887934857059,0.3125693090413078,0.09024580198301946,0.7292457129814011,-0.07223680531799413,-0.10454778004179022,0.8800880284121261,0.29237726609442327,-0.010420110097548582,0.8822758399198136,0.005935733761672168,-0.06685324344721925,1.0609730572457905,0.20304277366757892,-0.030525861361047776,1.0621224180666733,0.02294548901433627,-0.07896229823514561,0.6918602886234244,0.151824132900715,-0.08218627687128041,0.6936965117811069
3.6999999999999966,0,0-ACCAD_Female1Walking_c3d_B2 - walk to stand t2_poses,109,0.11198463867185637,-0.06063439277932048,0.7732224133261971,0.7055854062906995,-0.02080146825259393,0.007370026592473807,0.7082811701973667,-0.233676940202713,0.19734206795692444,0.2251974493265152,0.9566781520843506,-0.7800880732728781,-0.11235216523015124,-0.24449768662452698,0.09782443195581436,-0.07814694195985794,0.16377876698970795,0.025304685287563577,-0.10077844256695712,0.21167002618312836,0.002952786860987544,0.07070855796337128,0.12299425154924393,0.2109697014093399,1.0342940092086792,-0.05269444361329079,-0.2535095810890198,0.8903867602348328,0.11055467291163437,-0.05764980325615758,0.8481493605701815,0.09499755134922952,-0.00333038911711165,1.363841645296285,-0.03542180025019543,-0.08031004555644806,0.07638431605569844,0.17528369309607292,0.13552323981863432,-0.00013733249086361754,0.011848809250563405,-0.24340125358482123,0.06821441144960505,0.16959528000398907,-0.03437280244123863,-0.0018626675091364259,-0.04716642660285752,0.03271791444448669,0.3776123400445576,0.20786911889102935,0.0014936770877806446,0.3941175648139117,-0.11605898892087348,-0.06402138999066143,0.7076933636905897,0.3081106210549065,0.11982401994548984,0.7342930221095922,-0.06989851261621721,-0.10030438948548949,0.8823711200854829,0.2915209535060833,0.014588285985161362,0.8846585348863544,0.005697049171510232,-0.05395402612334285,1.0624128862225055,0.20148282799033712,-0.011081534491284593,1.0638492613700503,0.024063699160770103,-0.06991252126808534,0.6934581585184854,0.15294563137018427,-0.06963759607108196,0.6958427678650416
3.73333333333333,0,0-ACCAD_Female1Walking_c3d_B2 - walk to stand t2_poses,110,0.1122759340214543,-0.04996030731126666,0.7749751859011876,0.7005885859870662,-0.025742120946749842,0.01143025854998638,0.7130093446675763,-0.3163082003593445,0.2104942500591278,0.2221277356147766,0.962588369846344,-0.7172958895268473,-0.09585994303974055,-0.23149967193603516,0.09712695330381393,-0.07656406611204147,0.14819417893886566,0.0160294442079012,-0.09772265809936476,0.22837179899215698,-0.00011249872477492318,0.06991928815841675,0.13634657859802246,0.21036449074745178,1.0396417379379272,-0.0718526616692543,-0.2632293701171875,0.8771659731864929,0.1107239644047152,-0.046032629720391925,0.8498561897609841,0.09175014883684314,0.013759300117401826,1.3648299688148184,-0.042284705247293754,-0.03644939322548374,0.07156483299215076,0.17486254211887492,0.13419433311728549,-0.00021392124342497348,0.008758277141049133,-0.19838834666405228,0.06317499937494217,0.1712461061982188,-0.03575992458750288,-0.0017860787565750595,-0.05211662890277461,0.05965715281248295,0.3872035752038131,0.20805327855949782,0.004193967190908368,0.394368160530341,-0.1138525525754756,-0.06679521024116239,0.7085228039879025,0.3026985201075942,0.14510786222683908,0.7385112924362892,-0.06779743267496391,-0.09631129297089915,0.8844980607583046,0.28974282343563085,0.036189897735025525,0.8865943473037259,0.005000809856576416,-0.04308128649606003,1.063764645322367,0.19938376553860976,0.005757555312517641,1.065254266453187,0.024621963779631707,-0.06347707094036126,0.6948017806898616,0.15343306734580917,-0.05907774711111685,0.6978149806907504
3.766666666666663,0,0-ACCAD_Female1Walking_c3d_B2 - walk to stand t2_poses,111,0.11235119978664443,-0.04019972262904048,0.7764540785369539,0.6945508072130353,-0.03017054336855483,0.015344904166375508,0.7186469567379326,-0.39090725779533386,0.217709019780159,0.21997685730457306,0.9304479360580444,-0.6225760182433637,-0.07530998754538487,-0.21914055943489075,0.09606292843818665,-0.07426124066114426,0.1329130083322525,0.008020339483801875,-0.09491831672068607,0.23798878490924835,-0.0024556140415370464,0.06997964531183243,0.14346326887607574,0.2071848213672638,1.0418041944503784,-0.08765960484743118,-0.27110689878463745,0.8656387329101562,0.11069757674670759,-0.03540234103934749,0.8512822193712996,0.08890781379693449,0.029821043139455054,1.365484671937666,-0.0511213047389543,0.011230696569026075,0.0628542851943374,0.17372560480792593,0.13306069514646385,-0.0002879418860037841,0.0037925448731636006,-0.14944423225896725,0.05460586917082257,0.17278747343670867,-0.03693075111628052,-0.00171205811399594,-0.056095801121859745,0.08131387989309224,0.39788042159500164,0.20795870325178512,0.006750533699264691,0.3945626678310176,-0.11127732008521288,-0.06640751984961624,0.7094663911750183,0.29715806155581465,0.1668844708605488,0.741561482711187,-0.0656731908768127,-0.09114209991851263,0.8862940704340275,0.28767074036033924,0.0552755488890653,0.8878933093145112,0.004357431640917078,-0.03275957351283524,1.064932632506255,0.19739364832046064,0.021161741559929934,1.0662348348222903,0.025043480500305377,-0.05789729925948162,0.6958906043045566,0.15367935809393884,-0.0492583433520547,0.6994704414629442
3.7999999999999963,0,0-ACCAD_Female1Walking_c3d_B2 - walk to stand t2_poses,112,0.1115575862932019,-0.031039181631058455,0.777613052640351,0.6882462551326683,-0.033783741752988594,0.018688223752862086,0.7244491019954323,-0.4513411819934845,0.21985764801502228,0.21644960343837738,0.8681323528289795,-0.5086086531169212,-0.057700948916549644,-0.2081027626991272,0.09466628730297089,-0.07141906768083572,0.11873128265142441,0.002170095789445714,-0.09231012537817462,0.2426920086145401,-0.004529434721916914,0.07132674008607864,0.14614829421043396,0.20136287808418274,1.0420479774475098,-0.10030782222747803,-0.2761891186237335,0.8559375405311584,0.10981571108890047,-0.025520651531831324,0.8523894640032705,0.08540633488607619,0.044775919583356645,1.3658019182952028,-0.06289495145760152,0.05970827209716587,0.05305954329804576,0.17167497047733274,0.13327461885823647,-0.00035542424066258363,-0.004819937854308287,-0.09987584344267864,0.04530049294746522,0.17366346430137367,-0.03670886263532994,-0.001644575759337439,-0.05959559833695172,0.09739282666712981,0.4078515862438367,0.20709731515794202,0.009921529909020406,0.39471088995049397,-0.1090355224574802,-0.06339764799783318,0.7100597762518461,0.2909029495416378,0.18550030107285642,0.7435887615844985,-0.06429290632273371,-0.08494305049818476,0.8875237391758287,0.2845961305551046,0.07205687553529815,0.8886762436108392,0.0028938834704220068,-0.022889095573744384,1.0657856350790103,0.1947025491168257,0.035252434112157935,1.066873389062886,0.02465498376199885,-0.052446338380996244,0.6967253187206696,0.1530260689756054,-0.039891208735310234,0.7007589943527441
3.8333333333333295,0,0-ACCAD_Female1Walking_c3d_B2 - walk to stand t2_poses,113,0.1095012782025151,-0.022645173128694296,0.7785946543862675,0.6840905820329145,-0.036979888838612834,0.021790175591491934,0.7281330590235854,-0.49211573600769043,0.2194766253232956,0.20858460664749146,0.7881972789764404,-0.3942232682021294,-0.049541153611770694,-0.19749851524829865,0.09266022592782974,-0.06808517128229141,0.10615299642086029,-0.0038794330836575686,-0.08922044513961469,0.24438801407814026,-0.00615120492875576,0.07327410578727722,0.14542116224765778,0.19381067156791687,1.0407465696334839,-0.10976909846067429,-0.27754491567611694,0.8483336567878723,0.10769830435060086,-0.016470611995312315,0.8533183057966439,0.08128373692870866,0.05888496264570167,1.365908633837087,-0.07737473714346155,0.1032000302503365,0.04461514160945995,0.16983788319614782,0.1329019077472898,-0.0004148990178961913,-0.018184079487037423,-0.056007442259237726,0.03758330377620588,0.17381864733175525,-0.037047449839785626,-0.0015851009821038625,-0.06264206642822567,0.10772103275621571,0.4152629933426165,0.20551637543752432,0.012338436801641713,0.39485394915022415,-0.10810478135894276,-0.057417818005373045,0.7104375497364083,0.2846000360577152,0.1998890706085354,0.7445266067734527,-0.06452271833085879,-0.07722953752726137,0.888391655493961,0.2806329770831012,0.0855710615384068,0.8890091989757731,0.00024839624852494857,-0.012962925518191719,1.0664628396824098,0.19129429521783392,0.04764190203732384,1.067302044052532,0.022906782236061754,-0.04667840570848047,0.6975262188835433,0.15104794066469257,-0.03147195018231512,0.7018513479159233
3.8666666666666627,0,0-ACCAD_Female1Walking_c3d_B2 - walk to stand t2_poses,114,0.10705905238864943,-0.014275059569627047,0.7793904719157395,0.6813827942462755,-0.039117793157957666,0.024072951566769002,0.7304846192538574,-0.512118399143219,0.2169826328754425,0.19672979414463043,0.7045546770095825,-0.29358023177579473,-0.04950470332218326,-0.18600954115390778,0.09074811637401581,-0.06459204107522964,0.09551949054002762,-0.010161593712831651,-0.0864748887343284,0.24414806067943573,-0.006956030614674091,0.07537472993135452,0.14190903306007385,0.1852661371231079,1.0380271673202515,-0.11571607738733292,-0.27434295415878296,0.8432908058166504,0.1052332447031412,-0.007639192759684321,0.8540740156049368,0.0776644864118301,0.0717087736931995,1.365995597432548,-0.09168513703076309,0.1389289908985511,0.03821269120519469,0.16809051468182384,0.13309958451186796,-0.0004647864533473961,-0.03294053414866663,-0.02047668943199951,0.03197564778870929,0.17346938626033773,-0.03681192753596167,-0.0015352135466526785,-0.06483537742864359,0.11394890652252462,0.41946936289402287,0.20367506242652963,0.015230880008427924,0.39496262341400357,-0.10786581440222814,-0.04863808036043723,0.7106870930352048,0.27847256635644635,0.21126600596995845,0.7445411506313294,-0.0653971047960197,-0.06820040793413866,0.8889377262695664,0.2764269645515798,0.09681270130550475,0.8889565956807068,-0.002527740220304539,-0.0031186512920486076,1.0670529735604288,0.1880940123595879,0.058810512639401624,1.0676106456162215,0.020650213963581576,-0.039892088775372835,0.6983040479730184,0.14862516702080733,-0.023009306368666733,0.7027204004806502
3.899999999999996,0,0-ACCAD_Female1Walking_c3d_B2 - walk to stand t2_poses,115,0.10424478183267638,-0.005759555613622069,0.7800436217856337,0.6815071339538272,-0.03992541919584219,0.025085071579871346,0.7302908505903036,-0.5159774422645569,0.2120543122291565,0.1837453693151474,0.6268486380577087,-0.21175388069551215,-0.05217916550002255,-0.17260465025901794,0.08827706426382065,-0.060877688229084015,0.08699411898851395,-0.01678541996562255,-0.08290738261687347,0.24211616814136505,-0.0067724245600402355,0.07734153419733047,0.13588657975196838,0.17629402875900269,1.0338428020477295,-0.11772662401199341,-0.266693651676178,0.8413482904434204,0.10243555486658419,0.0010697728267648936,0.854710126798514,0.07484230867707947,0.08280912673802421,1.3662490645775895,-0.10244755658427658,0.16868445708727417,0.03350953320273875,0.16765178453340454,0.13393487607667404,-0.0005041910985723423,-0.04587534859410214,0.008467786369044522,0.028013743261085702,0.1731920053287411,-0.03597192969540797,-0.0014958089014276872,-0.06561921286512702,0.11912131513385292,0.421091271978567,0.20195534424448192,0.018556936565707043,0.39507218543587397,-0.10858980510764203,-0.036225800581688276,0.71081074972051,0.27356694750829996,0.21912672347726325,0.743953720180275,-0.0671933239058787,-0.05731342680836448,0.8891396805433134,0.2724750258597451,0.10517963205832334,0.8887792437196197,-0.005410563538565255,0.006852942950956273,1.0676075340508815,0.18536710361550487,0.06830156232007793,1.0679733111409948,0.017815857699318316,-0.03163136142563372,0.6989994229755543,0.14576910154132514,-0.014378692450894877,0.7034179483003263
3.933333333333329,0,0-ACCAD_Female1Walking_c3d_B2 - walk to stand t2_poses,116,0.10086801479337737,0.002282411325722933,0.7806207541543857,0.6836899474183102,-0.03959063882441853,0.025078933363389448,0.7282662179574014,-0.5091848969459534,0.20614594221115112,0.17139475047588348,0.5598457455635071,-0.14875482674358875,-0.055849881062921325,-0.15706342458724976,0.08483773469924927,-0.05692140758037567,0.08049960434436798,-0.024530067169396652,-0.07826532765427541,0.23754197359085083,-0.005363482516258955,0.07953184843063354,0.12695764005184174,0.16812697052955627,1.0277796983718872,-0.11534541100263596,-0.2553822100162506,0.8429586887359619,0.09911506826777931,0.009082190584785734,0.8552912984172101,0.07268059563152471,0.0921228322882405,1.366676113106798,-0.10997794960965267,0.19267230379196015,0.030077480260347636,0.16805443298999462,0.1343050102508761,-0.0005335409861025667,-0.05658048544859101,0.031349355092064976,0.025217743236688163,0.17285149674536054,-0.03562473359427998,-0.00146645901389739,-0.06608543379919346,0.1236302559464019,0.4211220677746712,0.20006375524261602,0.02157499055514418,0.3951801699315929,-0.11078725482677845,-0.021125473329607576,0.7110834772092415,0.2696791663267318,0.22296224507475854,0.7425887105952712,-0.07018780873753319,-0.045331047925447794,0.8891995610980913,0.2686050957037185,0.11036902741291119,0.8884694081293067,-0.008520431310446566,0.016469982574958512,1.0682139401878183,0.18290114434639504,0.07588326954672334,1.068377048320052,0.014258362500432269,-0.022875189314234746,0.6996502118958817,0.14229901235987236,-0.00615627379011198,0.7040099279608459
3.9666666666666623,0,0-ACCAD_Female1Walking_c3d_B2 - walk to stand t2_poses,117,0.09780477563617751,0.010785084683448076,0.781057099486762,0.6855523369079441,-0.03818789811225681,0.024033983149827787,0.7266237303114854,-0.492431104183197,0.19971786439418793,0.16088537871837616,0.5040390491485596,-0.10441042721685223,-0.05980135049859614,-0.13958919048309326,0.08207801729440689,-0.05324074625968933,0.07572541385889053,-0.033116160514157444,-0.07445606592111864,0.2288362830877304,-0.003350818995386362,0.08126815408468246,0.11438439041376114,0.16217666864395142,1.0194079875946045,-0.10903733223676682,-0.24270731210708618,0.8477481603622437,0.09611402368635065,0.017331604475902783,0.8557517073005203,0.07141739056273885,0.10003455349366817,1.3672735739421398,-0.11477999322298452,0.2103723536025493,0.027052170911010746,0.1680392227443068,0.1355670925799329,-0.0005545229426112651,-0.06431955703359735,0.0480918309422782,0.022719002937574707,0.1722731781618826,-0.03437783915469496,-0.0014454770573887298,-0.06633618912425891,0.12745360608461284,0.41981548828031,0.1981889946203655,0.025797063091242627,0.395224179641763,-0.11379943890151353,-0.0031563284372228446,0.7115401945233353,0.26703658676126135,0.22507107125932682,0.7409236782636164,-0.07350065448264323,-0.03213178524544118,0.8890113050773761,0.26538951667071614,0.11435937147500061,0.8882320992555954,-0.011124691843859613,0.025948112562666208,1.0687863329889467,0.18109868541280533,0.08271390869305294,1.0688365895829726,0.01101527670332474,-0.01327692280523813,0.7002012877556056,0.13913810739136143,0.0028455535844985396,0.704426708927236
3.9999999999999956,0,0-ACCAD_Female1Walking_c3d_B2 - walk to stand t2_poses,118,0.09389170090435073,0.01899381959810853,0.7813270561394923,0.6890917097120187,-0.036302376836941194,0.022011891040543203,0.7234294918614909,-0.46621987223625183,0.19280020892620087,0.15269328653812408,0.4564407765865326,-0.07614862536342382,-0.06265308000953107,-0.12091159075498581,0.07912927120923996,-0.04966258630156517,0.0724501684308052,-0.042394029441192194,-0.06965443910866431,0.2153763324022293,-0.0013500400818884373,0.08254476636648178,0.09855818003416061,0.15890935063362122,1.0092040300369263,-0.0997510626912117,-0.23063214123249054,0.8549493551254272,0.09222760114474221,0.025134777308840797,0.8560566982528135,0.06948159006342922,0.10629719976078426,1.3679124538646874,-0.11667164152726345,0.22252805542625637,0.023560547097932982,0.16838892510328538,0.13653363700564827,-0.0005677202226195902,-0.06974124942062813,0.05918048686235996,0.01967337061870917,0.17129274526682023,-0.033439361924282124,-0.0014322797773804394,-0.06649081466060809,0.13040293930813276,0.4171662012468364,0.19584587601739423,0.029806586083926008,0.3952502971227283,-0.11859068270516976,0.017955118320676533,0.7119981129369645,0.26606790931064245,0.22421864755275328,0.7394014063195894,-0.07866275513587007,-0.017401669406425006,0.8883931876012237,0.26229484288552296,0.11573969347282154,0.888323012192088,-0.014727006263352854,0.03537774712770256,1.0691216028458064,0.17875331742567352,0.08769858946417619,1.0694021423108044,0.006882349636772724,-0.0031862550780461293,0.7005532608938128,0.1351609281151397,0.011561633470785631,0.7046925081411569
4.033333333333329,0,0-ACCAD_Female1Walking_c3d_B2 - walk to stand t2_poses,119,0.08983563462970778,0.027185798157006502,0.7814474318458899,0.6915358682987844,-0.03464593101127467,0.019647214873951074,0.7212432247642296,-0.43228551745414734,0.18491919338703156,0.14675337076187134,0.41334447264671326,-0.060293167876538156,-0.06413422011762138,-0.10251567512750626,0.07558794319629669,-0.04611954092979431,0.07051664590835571,-0.052677774286667534,-0.06371172600503971,0.19713987410068512,0.0004608117451425642,0.08394738286733627,0.0800737738609314,0.15838314592838287,0.9976057410240173,-0.08742290735244751,-0.21975934505462646,0.8642322421073914,0.08812542624820476,0.03290519684674038,0.8562094788076988,0.06683295026704973,0.11241250390979134,1.3683841355270712,-0.11691962128117932,0.22834146893146345,0.019349646664392973,0.1689609396258111,0.1375526569385168,-0.0005737807890629498,-0.07292454718467817,0.06416995101660569,0.015864512409461268,0.17104120328140096,-0.03243247726991964,-0.0014262192109370832,-0.06663523234041722,0.13103003097562405,0.41342475672127454,0.19365754615860178,0.03429028250235384,0.3952456757617896,-0.12402678113364057,0.040455289238330916,0.7125905991123547,0.26587216495643906,0.22181797919924892,0.7376120106065308,-0.08450852254036666,-0.001965291852201588,0.8875144846793772,0.2592465774747666,0.1162852498846569,0.8885375181859452,-0.018740238038801052,0.04490857788625048,1.0691900872502553,0.17597634361387213,0.09241762047792011,1.069917137125277,0.002737968518111745,0.0068244266849537445,0.7007583562140706,0.13112400352584788,0.020389810782328648,0.7048328452566319
4.066666666666662,0,0-ACCAD_Female1Walking_c3d_B2 - walk to stand t2_poses,120,0.08445872197626159,0.03460896061733365,0.7815039731107196,0.6955858093474422,-0.03300499396554471,0.01761060235250521,0.7174684096826704,-0.39394864439964294,0.17432399094104767,0.14321191608905792,0.37172406911849976,-0.051022160122127014,-0.06284836980708286,-0.08669281005859375,0.0714455172419548,-0.04263473302125931,0.06974910944700241,-0.06206797260775532,-0.05762819808051867,0.1750744730234146,0.0018378980457782745,0.08570776879787445,0.059871673583984375,0.1594589650630951,0.9850802421569824,-0.0724303349852562,-0.21018287539482117,0.8750054240226746,0.08274416866002425,0.03994788906284915,0.8562940536694371,0.06331639895897684,0.11821795253601042,1.3687293805193745,-0.11532490378996528,0.23103444238509047,0.014844610165557628,0.16864291042741,0.13834393397555594,-0.0005735119992009499,-0.07495581378585252,0.06592621314444663,0.011744737707077759,0.1691461847730532,-0.03165318113782989,-0.0014264880007989547,-0.06707283334384806,0.13025014925172224,0.4093113481134929,0.19012197647962226,0.03813043885795554,0.39521019263673385,-0.13051568709481653,0.06464553844149822,0.7135367576201315,0.2662457912806317,0.21599802896988604,0.7354981540235646,-0.09193701043391891,0.01456969985782427,0.8866369029158645,0.25560842149591073,0.11424231792366546,0.8887697620849054,-0.02396195278853404,0.05471974492327669,1.0691511836226413,0.17221869938019257,0.09575509275007868,1.070349867645426,-0.0028199481579382867,0.016539078096581304,0.7009546020212263,0.12572615018147132,0.028163771000328644,0.7048978797763409
4.099999999999995,0,0-ACCAD_Female1Walking_c3d_B2 - walk to stand t2_poses,121,0.07958377728937194,0.04085788922384381,0.7814197373581256,0.6983665280247714,-0.03197862980450238,0.015761646795184346,0.7148518239892493,-0.35411691665649414,0.16356411576271057,0.14008696377277374,0.32948657870292664,-0.04380821903870036,-0.0607066585525079,-0.07427120953798294,0.06794751435518265,-0.039537906646728516,0.06998856365680695,-0.07035009886883836,-0.051930064861585135,0.15077774226665497,0.0024745920673012733,0.08783150464296341,0.039347097277641296,0.16207638382911682,0.9722842574119568,-0.055475108325481415,-0.20147620141506195,0.8861871957778931,0.07780589099495396,0.045897896218069556,0.8562290780170452,0.059426719024599915,0.12351973515978745,1.3687969662991655,-0.11330297792293424,0.23007009528652422,0.010266592122965497,0.1681822947995487,0.13915466011546265,-0.0005679818540381271,-0.07594798166810876,0.06424712372471487,0.007556175694935944,0.16769526051804742,-0.030842446444898818,-0.001432018145961892,-0.06728991203658277,0.12667343114546895,0.40510991199193536,0.1869811008445194,0.041690826823597225,0.3951474755047347,-0.13603648450438677,0.08741259185614371,0.7144834500787149,0.26675972127483116,0.20827757573224848,0.7332210504429557,-0.09879003398128554,0.029964862989415475,0.8855741411628681,0.25206733388808467,0.11100333872148617,0.8890460188242133,-0.02896866663089541,0.06357765006604857,1.0688139145460351,0.1684144724951725,0.09834334249464907,1.0706653784801312,-0.0077464725982946195,0.024732015488922416,0.7009775536631637,0.12089998614289357,0.034731138790194044,0.7048472848337095
4.133333333333328,0,0-ACCAD_Female1Walking_c3d_B2 - walk to stand t2_poses,122,0.0744210762786679,0.04695436405017972,0.7813088006475769,0.702350166849086,-0.030908507942076426,0.014035247831976532,0.7110217430445784,-0.3138697147369385,0.1521655172109604,0.13704010844230652,0.2869897186756134,-0.036846825680476814,-0.05754294313887387,-0.06472193449735641,0.0649104118347168,-0.0367688424885273,0.07106786221265793,-0.07676404803903991,-0.046996561763551714,0.12619471549987793,0.003306808415800333,0.08932212740182877,0.018330488353967667,0.16656102240085602,0.958673357963562,-0.03794923424720764,-0.19371873140335083,0.8966565132141113,0.07260323189836909,0.05170755836333896,0.8561359520408404,0.055833376618872235,0.12840859811944907,1.3688944219481585,-0.11056471088259495,0.2291554473304216,0.00605494682294664,0.1671952436540184,0.140951562848475,-0.0005581684029191195,-0.0767910663866989,0.06256025056814699,0.003735172436536406,0.165137353933138,-0.02903368424448887,-0.0014418315970808199,-0.06761156730034937,0.1230647068993177,0.401285049503307,0.1833007281318999,0.04553357726424724,0.395082732584167,-0.14139367047955703,0.11116447700051697,0.7160748719810021,0.2670808659411969,0.1995069975892355,0.7311385461042882,-0.10579931902895667,0.04602136458408007,0.884743129971884,0.24825650314441494,0.10684763021356378,0.8893139209481732,-0.0339400693053495,0.07256112838390744,1.068530613141707,0.1645494852154599,0.10028000283940525,1.0709276206617124,-0.01299709352700791,0.03308610788434355,0.7009623576851473,0.11576202388597871,0.04092665459538039,0.7047640791147645
4.166666666666662,0,0-ACCAD_Female1Walking_c3d_B2 - walk to stand t2_poses,123,0.06934883276699111,0.05254399077966809,0.7811219145499653,0.705794681690933,-0.030395726005997926,0.012448178114477208,0.7076545838182589,-0.2744932174682617,0.14088894426822662,0.1338769942522049,0.24497103691101074,-0.03055710373539955,-0.05340284819208363,-0.05717381089925766,0.06158536672592163,-0.034113846719264984,0.07267351448535919,-0.0827360423419563,-0.04133355607034983,0.10243798047304153,0.004944893065840006,0.08971264958381653,-0.0033687823452055454,0.17150750756263733,0.9436707496643066,-0.020504003390669823,-0.1868889182806015,0.9061550498008728,0.06744026022798778,0.0570833135892777,0.855960085955295,0.05240329972817569,0.1327407796840692,1.3689267432926024,-0.10765116172340866,0.2268632629019983,0.002154209811343833,0.16662296573595448,0.14268617114041127,-0.000545317294284281,-0.07717823785235192,0.059627917491919875,0.0002202614354738959,0.16323044978986878,-0.027277542310737028,-0.0014546827057157034,-0.0680560655625369,0.11838973404617414,0.3977713347917132,0.17993784380278804,0.0492099727591812,0.39501788778734004,-0.14601290505731684,0.1344580574537924,0.7182511053403794,0.26650342905472246,0.19073073635085616,0.7291603189861794,-0.11228793407211511,0.06147276558136442,0.8840682869185015,0.24409612971272054,0.10265492070941223,0.8894729131248196,-0.03865610497632262,0.08084158694124263,1.0682420451165973,0.1606429556092694,0.10191685999608761,1.0710531330490944,-0.018060341782951295,0.04071664714791734,0.7008041640730337,0.11076896594478518,0.04654689130991752,0.7046330386126105
4.199999999999995,0,0-ACCAD_Female1Walking_c3d_B2 - walk to stand t2_poses,124,0.06378639320610091,0.05765722366049886,0.7817871952240905,0.7102926343762698,-0.029963757889898714,0.011233492307299945,0.7031787506847147,-0.23777610063552856,0.13033121824264526,0.13070333003997803,0.2045520395040512,-0.023695966889708986,-0.04928927397965066,-0.05060117691755295,0.05698659271001816,-0.031296487897634506,0.07450725883245468,-0.0885554603880021,-0.03475470205041009,0.0804634764790535,0.007773777469992638,0.08882007002830505,-0.02485719695687294,0.1766485720872879,0.9273740649223328,-0.0034134667366743088,-0.18161775171756744,0.9148200154304504,0.06182277155690482,0.06203455210258422,0.856633592503645,0.04955177967567476,0.13625811345804154,1.3698860079243114,-0.10535116530330978,0.225102888302106,-0.00021847822827299537,0.16629526799680552,0.14367586150666134,0.00029745655746832647,-0.07856896517810928,0.05723308562355704,-0.0017815217717270515,0.16104922644434913,-0.026240585362705543,-0.0006406965854283686,-0.06939635900934174,0.11402767716538385,0.3957659877364154,0.17623903981565495,0.05209634166550036,0.3957738361372398,-0.1501754838070878,0.15773694957462672,0.7222270449265445,0.26511895418965137,0.18146078596662968,0.7280733629749407,-0.11864209646496973,0.07674810433972298,0.88472632687701,0.23945170282515035,0.0978535888156701,0.8902787666954093,-0.043263969803918556,0.08866386433796541,1.069026151497889,0.15664652686413277,0.10279953976123186,1.07188288079222,-0.02364072475772477,0.04803344301458612,0.7014920550723837,0.10524401528960607,0.05149190624790991,0.7053439001362674
4.233333333333328,0,0-ACCAD_Female1Walking_c3d_B2 - walk to stand t2_poses,125,0.0595636164653115,0.06236996175721288,0.7840278681760648,0.7150962268951633,-0.02984065196156477,0.010606024176533719,0.6983082657551584,-0.20411446690559387,0.12083683907985687,0.12753640115261078,0.16703185439109802,-0.017841588162403443,-0.04570625151822438,-0.04399207979440689,0.05189880356192589,-0.0285081397742033,0.0763595923781395,-0.09569719312140301,-0.02806682929601645,0.06081801652908325,0.012314178980886936,0.08655324578285217,-0.04503243416547775,0.18386852741241455,0.910142183303833,0.013944382779300213,-0.17929789423942566,0.9233993887901306,0.057575569557918684,0.06668174355347477,0.8588774253373161,0.0491748481139235,0.13927534374989464,1.3724478190317735,-0.10243686686369463,0.22298358674572277,-0.0003906256434757262,0.1672996270155674,0.14309667653184635,0.002759661238636378,-0.07938020406542612,0.05455881139428767,-0.0016093743565242617,0.16000952959582285,-0.026744187265286906,0.0017924672279724316,-0.07008161480656665,0.10972562829547089,0.39591654185715025,0.17379570053627302,0.05392937359203961,0.39808187780360704,-0.15294174999899074,0.17996966361153496,0.7288124247032328,0.2649073340230167,0.17195436723629798,0.7283906771513462,-0.12336670754355858,0.09126638743185397,0.8876098108999798,0.23634534859018766,0.09291738383734896,0.8923935199544429,-0.04588274363023778,0.09596299849642287,1.0716410303614803,0.15439507297360944,0.10338800885620797,1.0740597691966711,-0.02788088983144046,0.05486827715163346,0.7037612405947159,0.10102321590444338,0.05589879506557274,0.7076214285956334
4.266666666666661,0,0-ACCAD_Female1Walking_c3d_B2 - walk to stand t2_poses,126,0.054151257674675435,0.06784493150189519,0.7857941353415732,0.7183179743672959,-0.02991014662095494,0.009735144498065706,0.6950035235821325,-0.17434129118919373,0.11179566383361816,0.12458523362874985,0.13402335345745087,-0.01283693135426267,-0.04095229092124175,-0.03768442943692207,0.04661480709910393,-0.025812294334173203,0.0782514438033104,-0.10256748373193525,-0.020736866319000735,0.04403555020689964,0.018063150346279144,0.08282973617315292,-0.06318792700767517,0.19212307035923004,0.8924861550331116,0.030523279681801796,-0.18027040362358093,0.931603729724884,0.052082048472215675,0.0720825748512747,0.8606457268551804,0.04745787570927617,0.14206170535237955,1.3746390356010028,-0.10119158194534068,0.22182626487964585,-0.0005417104456324102,0.1671248893877937,0.1438409402164786,0.004840122863290511,-0.08095892905886147,0.053037048281212994,-0.0014582895543675048,0.1585426058552698,-0.025939361072014597,0.0038432759563559182,-0.07234391488616661,0.10679487597822812,0.3960646580330705,0.17038408912496772,0.0570839425198556,0.39998859049960656,-0.1573119739384302,0.20079900925647,0.7356398362644126,0.2629775486995261,0.16511977800506772,0.7285799617586696,-0.12921911434519742,0.104800369195643,0.890412626348829,0.232074663147378,0.09011070857139797,0.894043599369517,-0.04966258609294334,0.10285691704592181,1.0739278293201935,0.15074775760802755,0.10501873985726462,1.0757182370366343,-0.0332079125893333,0.06198197555474544,0.7054773075492597,0.09567815592381251,0.06124541464442498,0.7094438955254602
4.2999999999999945,0,0-ACCAD_Female1Walking_c3d_B2 - walk to stand t2_poses,127,0.04982700030086562,0.07128677936270833,0.7870556617756124,0.7239212343101621,-0.030200687663092786,0.009120097166781785,0.6891609309930418,-0.1510199010372162,0.10403463244438171,0.12169880419969559,0.10721759498119354,-0.008340862795684023,-0.036032966683096634,-0.03407015651464462,0.04211103543639183,-0.023454828187823296,0.08022171258926392,-0.10742719028226899,-0.014128559023785625,0.030646512284874916,0.023438606411218643,0.07796039432287216,-0.0790051817893982,0.19852480292320251,0.8752843141555786,0.04382681846618652,-0.18282149732112885,0.938194751739502,0.04769536499658735,0.07550899942435155,0.861906373119464,0.046786701073574855,0.14242055339365042,1.3763444011929549,-0.09825656226578053,0.22134683860523063,-0.0006639062569163967,0.16810378394319286,0.1429296120018694,0.0064203616669779515,-0.08184460898515827,0.05214224069637327,-0.0013360937430835149,0.15703881957690718,-0.026706800703092105,0.0053936931884496706,-0.07371673862432608,0.10451949027389973,0.3961906991216249,0.1677961571859371,0.057910570449595855,0.4014279695703837,-0.1587818325636624,0.2193589035803398,0.7419620597250128,0.2623435041044162,0.15694104128216013,0.7288230830355527,-0.13321259980915146,0.11651242574324842,0.892721406158388,0.22888689684452934,0.08525104179208223,0.8952585468283948,-0.05228666796503767,0.10791864569288404,1.0756939147106663,0.14810337235414894,0.10410550725930351,1.0769090756716713,-0.03744856638402259,0.06746539794169758,0.7066456586701859,0.09138005045775327,0.06415735178532576,0.7107716818580391
4.333333333333328,0,0-ACCAD_Female1Walking_c3d_B2 - walk to stand t2_poses,128,0.04672447795746848,0.07466657878831029,0.7878584282455191,0.7288311765815279,-0.0306826546592879,0.008804582623932671,0.6839489528251819,-0.13507775962352753,0.09859202802181244,0.11862532794475555,0.08788783103227615,-0.004760594695398357,-0.032388841061504414,-0.03222094848752022,0.03805212303996086,-0.021333714947104454,0.08262533694505692,-0.11171922768540421,-0.0082091036741202,0.021325986832380295,0.029003547504544258,0.07321123778820038,-0.09106516093015671,0.2039393037557602,0.8601417541503906,0.05470643192529678,-0.18494278192520142,0.9437463283538818,0.0445392306758175,0.07892423284256155,0.8627055863497006,0.047140790566457993,0.1430718978039665,1.3775079027246444,-0.09571419520531922,0.22230712897452792,-0.0007513083918012191,0.1696555682490642,0.14253178209855077,0.007537941229872589,-0.08263792492589304,0.05281151320374923,-0.0012486916081988868,0.15641135053282076,-0.026948208599539586,0.006478011958674066,-0.07474920359652522,0.10407358133066438,0.39627508951468815,0.16621910007050136,0.0591039609723066,0.40239843714087475,-0.15918340799629385,0.23475346248076198,0.7474497846850403,0.26172916527307283,0.15084089194740438,0.7285736022349832,-0.1357728943972624,0.1264200198043799,0.8946753845482459,0.22654521440694617,0.08191095225186093,0.8958168897510652,-0.05371774169351734,0.1124981015899563,1.0770259089793988,0.14652698622442495,0.10389738493075043,1.0775372933918757,-0.04045034665518556,0.0724828269169858,0.7073506217514073,0.08829065170230369,0.06698488855621859,0.7116372995449789
4.366666666666661,0,0-ACCAD_Female1Walking_c3d_B2 - walk to stand t2_poses,129,0.043322267185430974,0.07756761880591512,0.788428587590625,0.7340741396662338,-0.03080143171289298,0.007932361292369402,0.6783240427126566,-0.12437386810779572,0.09404093027114868,0.11571324616670609,0.07576160877943039,-0.002139388379958307,-0.028267865015126903,-0.03142289072275162,0.03401189669966698,-0.01932440511882305,0.08565889298915863,-0.11429132638471762,-0.002103162256665625,0.01587807945907116,0.03399179130792618,0.06865780800580978,-0.09830564260482788,0.2081371247768402,0.8484036922454834,0.06293769925832748,-0.1870100051164627,0.9479270577430725,0.041061705626989534,0.08176630568569926,0.8632768400079395,0.04648453134536908,0.14252287443229142,1.3784869779315927,-0.09331896366913804,0.22497064584866316,-0.0008051667735807337,0.17116800742592678,0.14285622245179613,0.008402565324136333,-0.08361728580624887,0.0552481499717163,-0.00119483322641923,0.1555644724377725,-0.02642260919449041,0.007303997009649961,-0.07618369153282017,0.1055921429784401,0.39634346863319064,0.16443667481617982,0.060489732525984316,0.4031602846206248,-0.15986430046579705,0.24677161736112221,0.7519316472736522,0.260301553963292,0.14606555570732777,0.7285313877175386,-0.13852481793860202,0.1342303522260833,0.8962876458724099,0.22364189693046346,0.07898179232500724,0.8962078691956168,-0.05574138525474679,0.11595168184657778,1.0780864739214813,0.14427888102237527,0.10314255888447346,1.0780205393260547,-0.043704114795259305,0.07708425675567822,0.7077763053576975,0.0849107854786082,0.06936370855660491,0.7122749518092059
4.399999999999994,0,0-ACCAD_Female1Walking_c3d_B2 - walk to stand t2_poses,130,0.040585028182249516,0.08044365467503667,0.7888362945662483,0.7386892823792522,-0.03089425563774596,0.007197545345773639,0.6732992532355955,-0.11700739711523056,0.08989419788122177,0.11308345943689346,0.06914582848548889,-0.0020680534254735594,-0.024257901883462774,-0.03180859610438347,0.030374089255928993,-0.017519991844892502,0.08916766196489334,-0.11638241192112031,0.0032735517654794988,0.01358373649418354,0.03744687885046005,0.06436299532651901,-0.10063135623931885,0.21076373755931854,0.8409114480018616,0.06801721453666687,-0.1890401542186737,0.950093150138855,0.03826237873567918,0.08459375829000564,0.863685355612686,0.045498383751344865,0.14222936851646276,1.3792485567820894,-0.09076378958370923,0.22761194946701824,-0.000833537141644386,0.17275274841988014,0.14377101179169283,0.009073012661894076,-0.08404362796139177,0.05774515286380602,-0.0011664628583555985,0.15506550073120393,-0.025302520746369534,0.007932019979987024,-0.07720376821670666,0.10800017503774542,0.3963935128290308,0.16313386926636775,0.062322188028665126,0.40373012166489414,-0.16037504467633223,0.25528979448643246,0.7548869250495719,0.2591082389743699,0.1437482903441263,0.7287762540879915,-0.14068769194813432,0.14015751496021886,0.8974229926178245,0.22123795469223764,0.07757141572428324,0.8965440312029912,-0.05755335905177942,0.1190101043557185,1.0788524296653066,0.14223489038020568,0.10298966154178524,1.0784214993363272,-0.046294799821357355,0.08141124422815509,0.7080586960188225,0.08217871246834518,0.07174592936951797,0.7127398895948746
4.433333333333327,0,0-ACCAD_Female1Walking_c3d_B2 - walk to stand t2_poses,131,0.037910895596724004,0.08229849906638265,0.7891159722255923,0.7431810544113302,-0.030901267779382943,0.006618420520681011,0.6683436455323726,-0.11207376420497894,0.0861382707953453,0.11075718700885773,0.06638076156377792,-0.0036210672202718897,-0.020561908979971677,-0.03322351723909378,0.027495626360177994,-0.016012821346521378,0.09280315786600113,-0.11770942052025868,0.00748394317544443,0.013867761008441448,0.03919221833348274,0.060419149696826935,-0.09828482568264008,0.211015522480011,0.8382844924926758,0.06934836506843567,-0.18959081172943115,0.9496846199035645,0.03555079841400187,0.08640679147679067,0.863966168449508,0.043679278611597316,0.14125143259394368,1.3798342671773702,-0.08854448702640227,0.22944045854054423,-0.0008441850820305324,0.1736592305954071,0.14420701564009128,0.009554796117377699,-0.08466971218969567,0.05948490844932133,-0.0011558149179695387,0.15390675860058092,-0.024637402820853804,0.008370648880393183,-0.07836071534810606,0.11018055396407608,0.3964274450691309,0.16157232458044685,0.06341818257453102,0.40413228915431576,-0.16092972363189093,0.2597523023121403,0.7561207985936046,0.25736819995647614,0.1428115793317338,0.7293388490783528,-0.14269692312072763,0.14360632920861086,0.8980265494338101,0.21855985704985875,0.07645702104513169,0.89682183125744,-0.05971156102558455,0.12090588158130025,1.0793462941355185,0.1398486550365716,0.10226187862319899,1.0787929236232263,-0.0488352745512458,0.08462507999598348,0.7082404214969054,0.07947569143281968,0.0730853752359861,0.7130628976552461
4.466666666666661,0,0-ACCAD_Female1Walking_c3d_B2 - walk to stand t2_poses,132,0.03573245758889243,0.08452217699959874,0.7893185093421109,0.7481822765674625,-0.031030804661159896,0.00636882684837045,0.6627366054753469,-0.10874465852975845,0.08281160145998001,0.10873660445213318,0.06645508110523224,-0.007077041369124792,-0.01728191205667451,-0.034650903195142746,0.023989057168364525,-0.014422829262912273,0.09628605842590332,-0.11947350416137836,0.012118760534062134,0.01625761389732361,0.03929145634174347,0.05709981545805931,-0.09119610488414764,0.20950552821159363,0.8410739302635193,0.0674821063876152,-0.18877993524074554,0.9471608400344849,0.03336242657251824,0.08863780991381716,0.8641679884231094,0.041622587425322835,0.1414456214311049,1.3802561110861606,-0.08597311986771404,0.23149551685720826,-0.0008418569380836648,0.1753286540767252,0.14427603941254644,0.009969818613472483,-0.08514447032751642,0.06149783068757993,-0.0011581430619164237,0.1532289901356897,-0.024276930532738564,0.008744593606729311,-0.07913951502969904,0.11326507758407424,0.3964447853371062,0.1605227206422279,0.06439530193415076,0.40444303119854164,-0.16101871530816209,0.2619339514376218,0.7554896365039584,0.2557806907738688,0.1437921738055893,0.7301975391926432,-0.14413709133167238,0.14646993313341655,0.8981172476216192,0.2160849766646536,0.07656795606295361,0.8971248258608758,-0.06169245273997994,0.12349156998260852,1.079589711862841,0.13761689730269883,0.10233037754122318,1.0791752000733708,-0.05088163718542428,0.08826217165504983,0.7083660965387426,0.07722303805122423,0.07467917061471356,0.7133021971930685
4.499999999999994,0,0-ACCAD_Female1Walking_c3d_B2 - walk to stand t2_poses,133,0.03354216943262145,0.08634691359475255,0.7894107901575986,0.7520545779736545,-0.031296779050172044,0.006653225489770015,0.6583237485922375,-0.10702817887067795,0.0796738713979721,0.10710271447896957,0.06872962415218353,-0.012164013470744584,-0.014588978891031834,-0.035832032561302185,0.020277464762330055,-0.01285342313349247,0.09950387477874756,-0.12224933912725144,0.016383939318692753,0.020480485633015633,0.03730137646198273,0.054836615920066833,-0.07933998107910156,0.20776893198490143,0.8493778109550476,0.06315886229276657,-0.18831197917461395,0.9431853294372559,0.03120219580032649,0.09053444294052755,0.8642572270893487,0.038612162195548125,0.14257018831444057,1.3804399682312343,-0.08445371696630415,0.23232697240754702,-0.0008295387925729217,0.1763464135885143,0.14352136069579163,0.010259357790910795,-0.08603299038657196,0.062334650029825855,-0.0011704612074269899,0.15244140591098673,-0.024784773950401635,0.008996168021002362,-0.08026955879155843,0.11574355988759592,0.39644192523297905,0.15928289258298203,0.06488926954659775,0.404583044559885,-0.16251432095830093,0.26012336304043215,0.7529640205530036,0.2541685360869536,0.1464463236116406,0.7313266736490774,-0.14608668006823905,0.14724204640825916,0.8976965503254856,0.2136803609898222,0.07788033226730534,0.8975162542864948,-0.0641585037173833,0.1257760905535642,1.07952008251761,0.13498845666682677,0.10313380575126257,1.079523025531083,-0.05299649232238143,0.09109888854977051,0.7084366474480399,0.0749290856292826,0.07594278884738348,0.7134112914141504
4.533333333333327,0,0-ACCAD_Female1Walking_c3d_B2 - walk to stand t2_poses,134,0.032358633528929204,0.08809594484046102,0.7894318458355299,0.7560837868223018,-0.03124529149836545,0.006764441424658676,0.6536935684216594,-0.10632240772247314,0.0765082836151123,0.10590571165084839,0.07280344516038895,-0.01741667887926912,-0.011782610020754092,-0.037340197712183,0.017259348183870316,-0.011536962352693081,0.10247069597244263,-0.12375878487001546,0.01967735575582663,0.025770146399736404,0.033677633851766586,0.052976567298173904,-0.06330402195453644,0.20468541979789734,0.8623644709587097,0.05701562017202377,-0.18791818618774414,0.9380943775177002,0.030062079287752022,0.0923028343659183,0.8642785419492391,0.03580485970625461,0.14355755292801953,1.3805605978832496,-0.08188718410015078,0.2337037791340322,-0.0008090786781382135,0.1778618082290551,0.14341206391653655,0.010395246735995026,-0.08588020144174383,0.06375110922648067,-0.001190921321861757,0.1520392990622925,-0.02461029145893608,0.009096742053359738,-0.08034969813826708,0.11883915025195252,0.39642459910054634,0.15879450650266888,0.06559823410069772,0.40462043603016784,-0.16315357300477223,0.25587834530487785,0.7491422421702009,0.25373398712250395,0.14998031134896606,0.732901906005325,-0.14707118417341467,0.1469339857345416,0.8968989594166747,0.2122480189980685,0.07955051179891036,0.8980628032791211,-0.06598538428860007,0.12787641695688606,1.079247675306383,0.13300158924138436,0.10387869701892127,1.0799395590800585,-0.054103841117654775,0.09393720918311302,0.708449951143465,0.07361756196069355,0.07715639092860396,0.7134360781016666
4.56666666666666,0,0-ACCAD_Female1Walking_c3d_B2 - walk to stand t2_poses,135,0.030996149580460042,0.08976826490834355,0.7894190759586122,0.7607792682504321,-0.031372421917204414,0.007161669284872249,0.6482124548606267,-0.10631086677312851,0.07337941229343414,0.10511436313390732,0.0784020721912384,-0.024185981747856022,-0.008951756005561862,-0.0392444021999836,0.014212011359632015,-0.01027897372841835,0.10525558888912201,-0.1253085127707978,0.02295141014887736,0.031708184629678726,0.02842767909169197,0.051432203501462936,-0.04365554824471474,0.1998007446527481,0.879300594329834,0.049690041691064835,-0.18817685544490814,0.9322410225868225,0.028763017814278386,0.09404473062096279,0.8642637482040276,0.032118656399142936,0.14514738873345706,1.3805794859722818,-0.0792818507025083,0.2347026217029068,-0.0007817613488262133,0.17924813902338796,0.14269638111802918,0.010504314887216731,-0.0859830363673387,0.06483530996150672,-0.0012182386511738266,0.1511384032631915,-0.02495823365615633,0.009172811822495505,-0.08052719831868982,0.12210861596740182,0.39638232407920293,0.1580336565718775,0.06580097985714685,0.40462613329485475,-0.1635369803063853,0.24975391421633042,0.7440987645947924,0.2535994782412566,0.15354846070175943,0.7348928633864503,-0.14806260017635867,0.1461478440755324,0.8957097470259461,0.21067430415216568,0.08121005928665948,0.8988567292663971,-0.06828046039695378,0.13036264309935847,1.0787549380097465,0.1304960289253954,0.10472582195936114,1.0804418270155154,-0.05537543719580751,0.09681872799005145,0.7084364800606312,0.07208272959711622,0.07814926972759961,0.713428313650844
4.599999999999993,0,0-ACCAD_Female1Walking_c3d_B2 - walk to stand t2_poses,136,0.02946838753996417,0.09138749213889241,0.7892476969476704,0.7643591445426055,-0.030963915961117066,0.007646650933757745,0.6440014462654151,-0.10717536509037018,0.07027509808540344,0.10471367090940475,0.08529646694660187,-0.030832183815489023,-0.006896059214186456,-0.04080219939351082,0.01085773017257452,-0.00901453010737896,0.10800956934690475,-0.12668920946980267,0.025514603178173556,0.038587749004364014,0.022624967619776726,0.05072209984064102,-0.02103152871131897,0.19349199533462524,0.899550199508667,0.0418594591319561,-0.18752039968967438,0.9261381030082703,0.027353984675765594,0.09567629312531571,0.8640951116433478,0.028357774793232537,0.14683412747910987,1.3804110521837527,-0.07799957896062831,0.2358563204341031,-0.0007486481785371375,0.1797307600867676,0.14260839922886948,0.010318104167668055,-0.08676263657923472,0.06608307133336763,-0.0012513518214627636,0.14988970838139534,-0.02474646673757508,0.008954113525954297,-0.08125502309123053,0.12549262219839752,0.3963202437495569,0.15688434879822363,0.06649699011373426,0.4043458660741786,-0.16470343519401387,0.2409104932533771,0.7385595710840257,0.2527288974940847,0.15820301892573085,0.7366127544078711,-0.14924759765061557,0.1438884649223127,0.8944679009080807,0.20889841269189938,0.08369826715667829,0.8993625463278774,-0.07074143576398814,0.13241052844191847,1.078139757867802,0.1279238410891758,0.10599792615992037,1.0807218333021578,-0.056900326122397434,0.09938677060324327,0.7083473219843144,0.07034476833193376,0.07928775178592537,0.713216506560011
4.633333333333327,0,0-ACCAD_Female1Walking_c3d_B2 - walk to stand t2_poses,137,0.028579456906300038,0.09336770744994283,0.7889721862995387,0.7670745497776743,-0.03050589593322619,0.008508772425868286,0.6407758002519244,-0.10896474123001099,0.06744654476642609,0.1045987457036972,0.09307572990655899,-0.037955659986717016,-0.005623953901309875,-0.04209650307893753,0.0070760673843324184,-0.007700920570641756,0.11059059202671051,-0.12872769869139566,0.027890632342590704,0.046227432787418365,0.017116883769631386,0.05031421408057213,0.003341980976983905,0.18631979823112488,0.9218035936355591,0.03414665162563324,-0.18573352694511414,0.9201791882514954,0.02662637034110784,0.09769558422727653,0.8638217349653061,0.0256844023532129,0.14929978890833073,1.3800898720296426,-0.07709984206426479,0.23705928432774387,-0.0007116417588581038,0.18041190511491903,0.14274439096983535,0.009982155568090591,-0.08742004656261727,0.06737380829278311,-0.0012883582411419396,0.14927313633312667,-0.024373630205586458,0.0085878538915167,-0.08169414173804068,0.1290734523722947,0.3962346780172331,0.15625338828181676,0.06759643785778342,0.40388832950007436,-0.16564491502066564,0.23056389550508566,0.7330533191909364,0.2518257143752628,0.16387194981085149,0.7378718414260155,-0.14975244350221512,0.1410858311623214,0.8933676028798064,0.20769173905452787,0.08721285554553265,0.8995355036787859,-0.07239477080992703,0.1346823768585496,1.0774953642039193,0.12624559278915384,0.10815999032714038,1.0807746723479434,-0.05786086862759333,0.10203291409621058,0.708210876229486,0.06921905109862783,0.08086793950326053,0.7128769911554426
4.66666666666666,0,0-ACCAD_Female1Walking_c3d_B2 - walk to stand t2_poses,138,0.027235061104875058,0.0943092149682343,0.7887345782274718,0.7704085707338377,-0.03014685490839996,0.009101832135162616,0.6367722967676598,-0.11132149398326874,0.06456200033426285,0.10479531437158585,0.10127002000808716,-0.04471482961000728,-0.003574115511465137,-0.043253928422927856,0.0030325972475111485,-0.006375438999384642,0.11288990080356598,-0.13029008924872532,0.03108678151361821,0.054134633392095566,0.011775250546634197,0.04967043176293373,0.028632622212171555,0.17899072170257568,0.9447945952415466,0.027284957468509674,-0.18475796282291412,0.9148467779159546,0.025407378221770065,0.0986623934615746,0.8635858267961092,0.022384189784614858,0.15046815045694284,1.379824406084288,-0.07583466327731803,0.23777769982907138,-0.0006728796140462977,0.18132233958207783,0.14162400128506902,0.009751602178501365,-0.08799244884886899,0.0682142597277082,-0.0013271203859537561,0.14855250187872923,-0.02518163229339454,0.008330918053330139,-0.08219354266107681,0.13207933366488492,0.3961387197433231,0.15539530951847694,0.06741028254644507,0.4035461310906978,-0.16671470580333048,0.21889413131741914,0.7279183173597537,0.250843086234613,0.16770605294154156,0.7392898509189715,-0.15065845227186442,0.1373292279959887,0.8923838987829412,0.20608886252026484,0.0891633813471349,0.899875256241832,-0.0745638668691403,0.13596493375437352,1.0768601175517472,0.12400180975570557,0.10899391661359192,1.080912425648227,-0.05920714350706501,0.1038145231244313,0.7080615993711196,0.06765490029061103,0.08135154670663948,0.7125972777087891
4.699999999999993,0,0-ACCAD_Female1Walking_c3d_B2 - walk to stand t2_poses,139,0.026677079673390836,0.09734486462548375,0.7884542259741577,0.7717428788744222,-0.02985959283321057,0.0098670747530724,0.6351566534787075,-0.11309806257486343,0.06184530630707741,0.10515952855348587,0.10949244350194931,-0.052499215881074424,-0.0020383291406385062,-0.04306744411587715,-0.00024206236412283033,-0.005321306176483631,0.11511509865522385,-0.13359835723003455,0.03322160669693153,0.06192450970411301,0.007416503503918648,0.04870880767703056,0.05426200106739998,0.17269717156887054,0.9673775434494019,0.02293454483151436,-0.18465332686901093,0.9111937880516052,0.024974478516064796,0.10174152457271961,0.8633058828069056,0.020255927006644987,0.15368766159745403,1.3795187766814256,-0.0751237266277354,0.23926423067912,-0.0006341668903634863,0.1817981717747052,0.14250264222549297,0.009501467359785822,-0.08803557408850955,0.06975685957186323,-0.0013658331096362518,0.14841254563202846,-0.024180616197558125,0.008055324719591798,-0.082321976742436,0.13617189654684844,0.39600993374090465,0.15506601725556785,0.06960358607146103,0.40311762119384736,-0.16803668009124065,0.20797688288456503,0.7235852665531795,0.2503261921361766,0.17378733023731963,0.7401608563500919,-0.15108514813656196,0.13457385625751184,0.8917643539884066,0.20550348161939855,0.09379763135483568,0.9000112141813673,-0.07585944000067074,0.13872914304291767,1.0763114086024281,0.12279606857213521,0.11251280221452901,1.0808805756216557,-0.059847262459935824,0.10713455024585164,0.70789706043523,0.06693403296544632,0.08418410733221525,0.7122657494291429
4.733333333333326,0,0-ACCAD_Female1Walking_c3d_B2 - walk to stand t2_poses,140,0.02613732049940154,0.09894781233742833,0.7881414981012275,0.7733880737202526,-0.029348108211038452,0.010535373700177203,0.6331655248611597,-0.1152656152844429,0.059478145092725754,0.1056094840168953,0.1172356903553009,-0.0588881639699359,-0.000916279643515705,-0.043046701699495316,-0.002988195512443781,-0.0044554006308317184,0.11703649908304214,-0.13597846980683603,0.03459681449749685,0.06918296217918396,0.004917887970805168,0.047026943415403366,0.07732623815536499,0.16757793724536896,0.987366795539856,0.02053949609398842,-0.1845761090517044,0.9090602993965149,0.02457217880431836,0.10335302918170079,0.8629956522680421,0.019256074009337133,0.15465640732879768,1.379271545302151,-0.07450624675212399,0.24018444602423855,-0.0005978300602098689,0.18194790091804952,0.14239277373575226,0.009142579925461917,-0.08830783320123202,0.07074752782502822,-0.0014021699397901224,0.14776546922645192,-0.024128709964859343,0.007673965001050071,-0.08248826543151055,0.13922165408481812,0.39588864534265267,0.15454518609220988,0.07047924849157038,0.40262741542613467,-0.16925347274472674,0.19734532872149466,0.7205720863626495,0.24976019061192317,0.17723875395378483,0.7404506788767735,-0.15138056347317616,0.13110535031648618,0.8916053830602314,0.20502764446697724,0.09621451633548107,0.8998044878614697,-0.07660333882107083,0.13984428254079864,1.075975974874945,0.12210617659076908,0.11406118974652155,1.0806605784604646,-0.06046848140979182,0.10913565629624622,0.7077134701222272,0.0662086134607899,0.08557813960038407,0.7118915766208944
4.7666666666666595,0,0-ACCAD_Female1Walking_c3d_B2 - walk to stand t2_poses,141,0.02561467344639823,0.10028525860980153,0.7878996465036953,0.7748799990886964,-0.02942204236840594,0.01143064139292319,0.6313197849525388,-0.11824793368577957,0.057630401104688644,0.10605320334434509,0.12396068871021271,-0.0645094833267239,0.00027576937106565946,-0.04405391961336136,-0.005160005297511816,-0.003784117754548788,0.11847925186157227,-0.13792685795147874,0.035983667959585186,0.0755978375673294,0.0033832406625151634,0.045051515102386475,0.09680505841970444,0.16183531284332275,1.0040661096572876,0.019533412531018257,-0.18429026007652283,0.908172607421875,0.024157072136084982,0.10478749994425171,0.862750199082728,0.01856195953446258,0.15582547842926067,1.3790553562479875,-0.07384785565464025,0.24076269468917766,-0.0005663503751151718,0.1821660005207911,0.14204098623603292,0.008918555483781569,-0.08844527648870856,0.07139279447959368,-0.0014336496248849341,0.1472467583675745,-0.02432739679601397,0.007432737612325616,-0.08258297762892558,0.1416868207338585,0.3957713204570916,0.1540936282296335,0.07097382866978323,0.40229131771047577,-0.16977109765639695,0.188246965113762,0.718307506538425,0.249099601490429,0.17960388261123011,0.7404250853470861,-0.15137662908820387,0.12824603750428315,0.8915734767006698,0.20452099944574065,0.0981172735896806,0.8995861515475816,-0.07719901246254005,0.14097774596456186,1.0757304311387312,0.12155393500256018,0.115538372688634,1.0804515603747396,-0.061048898369982826,0.11071916562730304,0.7075543438740229,0.06552829096638114,0.0866076677289411,0.7116201668751351
4.799999999999993,0,0-ACCAD_Female1Walking_c3d_B2 - walk to stand t2_poses,142,0.025369063194375485,0.1012015831656754,0.787700677699446,0.775936626195538,-0.02972890297731247,0.012428868671100152,0.6299873551743782,-0.1217205598950386,0.05655175447463989,0.10634636878967285,0.12913361191749573,-0.0684237555608056,0.0008891020001943195,-0.04598746821284294,-0.006760639604181051,-0.0033019587863236666,0.11948379129171371,-0.13896234211209202,0.03696677973046825,0.08081874251365662,0.0029124892316758633,0.04242607578635216,0.11168022453784943,0.15669701993465424,1.0164830684661865,0.01971590891480446,-0.18461371958255768,0.9083783626556396,0.0240063404141507,0.10583624938246936,0.8625449350321442,0.018589944941798005,0.15642959274932625,1.3789040445578737,-0.07341551333191182,0.24125877717858252,-0.0005421978091457308,0.1824594988853858,0.1418750612414956,0.008717486794393759,-0.0885737525155988,0.0719384019915828,-0.00145780219085416,0.1470134774531638,-0.02438177001944279,0.00721894627164632,-0.08259024125474562,0.14348224272883733,0.3956833765499278,0.1538883915834207,0.07129302544882138,0.402025143661403,-0.16978183714729034,0.18116425478483722,0.7169191874307423,0.24881634148825754,0.18099650938833342,0.7401527503633838,-0.15101165481144407,0.12587592288889934,0.8917060428158423,0.20443126316675478,0.09937856749769905,0.8993006079930083,-0.0773189575334227,0.14162968358656353,1.0756235238769989,0.121483350160246,0.11655415347552747,1.0802110226859796,-0.06136066905612529,0.11171292407479692,0.7074236048409303,0.06514447866792344,0.08720915423095812,0.711403184465361
4.833333333333326,0,0-ACCAD_Female1Walking_c3d_B2 - walk to stand t2_poses,143,0.024988051678519696,0.10153878899291158,0.7876047529058781,0.7763726801063765,-0.030433737588380288,0.013382425518554411,0.6293966633912861,-0.12497130781412125,0.0561482198536396,0.1064499244093895,0.13250499963760376,-0.0711192490592758,0.0013449560255862636,-0.048530373722314835,-0.008192146196961403,-0.002890384290367365,0.12021834403276443,-0.13955804623699675,0.038397156949520506,0.08456997573375702,0.0034569604322314262,0.03939201682806015,0.12131372094154358,0.1523452252149582,1.0242761373519897,0.021063735708594322,-0.18519701063632965,0.9096308350563049,0.023673280179546428,0.1063464054509024,0.8624389576514243,0.018643791747593744,0.15648740835977348,1.3788560155613303,-0.07341213684035938,0.24102664380308486,-0.000526512485728891,0.18291113271970563,0.14148233545677644,0.008690420119362316,-0.08880739470368164,0.07172782728738357,-0.0014734875142710345,0.14725755722588282,-0.024730028512693777,0.007182899576670353,-0.08281099105773836,0.1441429576069847,0.3956201752955234,0.1537895428881537,0.07122557052223095,0.40194795373423786,-0.16975727438315094,0.1761865095723837,0.7162272575700714,0.2483837573126274,0.18132967436906844,0.7397468958223452,-0.150785340174875,0.12392559846623785,0.8919213869168441,0.20423562452509775,0.09993161745482763,0.899073173962923,-0.07751800626037907,0.14168967310316188,1.0756554800327152,0.1213450260248508,0.11706283245224941,1.080037033396325,-0.061786252596755006,0.11191797927345734,0.7073458627898106,0.0646874757335637,0.08725008029774238,0.7113185508799423
4.866666666666659,0,0-ACCAD_Female1Walking_c3d_B2 - walk to stand t2_poses,144,0.02465581538854167,0.10229941876605153,0.7875639525107306,0.7766477151138904,-0.031158775285655794,0.014200875089912126,0.6290038095892202,-0.12723156809806824,0.05611024424433708,0.10642988979816437,0.13437461853027344,-0.07302144920021125,0.0015107690364605242,-0.05105900019407272,-0.008832033723592758,-0.0027150867972522974,0.12085428833961487,-0.13988396171734374,0.039189018287886235,0.08691828697919846,0.004619934130460024,0.036533042788505554,0.1266380101442337,0.14915744960308075,1.0281791687011719,0.023741716518998146,-0.18591460585594177,0.9118380546569824,0.02337032871369958,0.1072691881904126,0.8623880723911375,0.018974646005681838,0.15693158148743885,1.378866819781398,-0.07358746516368865,0.24113863329484625,-0.0005178635230670275,0.18306557502143886,0.14181435730886954,0.008713593828770815,-0.08914274177939295,0.07185454205447193,-0.0014821364769329326,0.147271338860668,-0.02436770059396875,0.0071982427655937625,-0.08308102587473375,0.14489080470153726,0.39557464131808456,0.15362708921597854,0.0717349789033161,0.40194194511468395,-0.16965223268963808,0.17412151752647978,0.7160385505913381,0.24806407273032868,0.1812329220658568,0.7391606961876475,-0.15057903835912154,0.12341771885169986,0.8921774226842009,0.20409770452032158,0.10046448210377172,0.8988572264463892,-0.07755607948617049,0.14224375910535453,1.0757781924471164,0.12134531977366139,0.11788088882783197,1.0798853598799771,-0.062146082176419336,0.11253650273748589,0.7073075551389107,0.06430300885387849,0.08774573800355732,0.7112964443291047
4.899999999999992,0,0-ACCAD_Female1Walking_c3d_B2 - walk to stand t2_poses,145,0.025160841818433255,0.10199809493497014,0.787560864270318,0.776641279905146,-0.03161825824408243,0.01462502292532488,0.6289791068050996,-0.1280970573425293,0.056962817907333374,0.10614021867513657,0.13514062762260437,-0.07412935209340987,0.0007522590939722518,-0.052927806973457336,-0.008311718702316284,-0.002872913610190153,0.12135716527700424,-0.13979468547749452,0.0388236887504787,0.08800361305475235,0.006257787346839905,0.033929243683815,0.12829458713531494,0.14748021960258484,1.0288358926773071,0.027385063469409943,-0.1863611936569214,0.9146574139595032,0.023881517722573825,0.10706132669611472,0.8623788234378247,0.020249138470557666,0.1558747238818645,1.3789535874743766,-0.07358857915550826,0.2403334134858716,-0.0005143610062434897,0.1834034545576357,0.1416756136883383,0.008728304630507954,-0.08916065181802932,0.07105090649810239,-0.001485638993756526,0.14759549039848063,-0.024503423768434073,0.00720606525468882,-0.08278156849734848,0.14443012494441163,0.3955482476360937,0.15407751067022127,0.07152513350057846,0.40196274947499316,-0.16890917946552045,0.1730882235188067,0.7162787333913093,0.24848357079197994,0.1795755893414642,0.7384925911115955,-0.14971575953831176,0.12257161624193039,0.8924583270589637,0.2047294886086106,0.09959385165745792,0.8986427273385306,-0.07670940249939663,0.1415513586538104,1.0759840978368695,0.12222165369110403,0.117378433308042,1.0797642384638524,-0.06165141079069775,0.11211763978197703,0.7072972356820606,0.06479166068230292,0.08730177688382049,0.7113089296705384
4.933333333333326,0,0-ACCAD_Female1Walking_c3d_B2 - walk to stand t2_poses,146,0.02553072589216754,0.10377297224476933,0.7876209908017132,0.7769501851790179,-0.03233002791182837,0.015010284617872776,0.6285522018107969,-0.1271599680185318,0.05776034668087959,0.10585695505142212,0.1354164332151413,-0.07681131266011976,0.00028192612738853207,-0.0534263513982296,-0.007809874136000872,-0.003028551349416375,0.12173506617546082,-0.14117523549948618,0.038970264866469706,0.0881284698843956,0.007627647835761309,0.031986478716135025,0.12814930081367493,0.14657720923423767,1.028049111366272,0.030959831550717354,-0.1863374263048172,0.9172115325927734,0.024231895869896804,0.10895600753766561,0.8624304098993498,0.021108438391295226,0.15746276667955592,1.3790444360029015,-0.07345863674035934,0.24047385605892094,-0.0005131233887716614,0.18379075850560733,0.1423905529114522,0.008939825492411794,-0.08922909651139034,0.07120972990316385,-0.0014868766112283473,0.14780483581146694,-0.023750000432244504,0.007413423677158366,-0.08250646292126526,0.14549210476596275,0.3954828004487073,0.15444293832280223,0.07274029794936354,0.4021072118744151,-0.16822347458313175,0.17535390741304038,0.7165214177117706,0.2488019097314237,0.17955077938950906,0.7379535651812905,-0.1491111137406615,0.12458273618373097,0.8926366357912979,0.2050696873600005,0.10054323340978318,0.8985924913756785,-0.07610549773001732,0.14338952349191758,1.07614507390441,0.12280459752892708,0.11901879737470261,1.0797543137963193,-0.0612393186668704,0.11387987689570948,0.7073139560276195,0.0651687411358378,0.08890194801586915,0.7114057852666691
