timestamp,motion_id,motion_key,frame,qpos_0,qpos_1,qpos_2,qpos_3,qpos_4,qpos_5,qpos_6,qpos_7,qpos_8,qpos_9,qpos_10,qpos_11,qpos_12,qpos_13,qpos_14,qpos_15,qpos_16,qpos_17,qpos_18,qpos_19,qpos_20,qpos_21,qpos_22,qpos_23,qpos_24,qpos_25,qpos_26,qpos_27,pelvis_x,pelvis_y,pelvis_z,head_x,head_y,head_z,ltoe_x,ltoe_y,ltoe_z,rtoe_x,rtoe_y,rtoe_z,lheel_x,lheel_y,lheel_z,rheel_x,rheel_y,rheel_z,lknee_x,lknee_y,lknee_z,rknee_x,rknee_y,rknee_z,lhand_x,lhand_y,lhand_z,rhand_x,rhand_y,rhand_z,lelbow_x,lelbow_y,lelbow_z,relbow_x,relbow_y,relbow_z,lshoulder_x,lshoulder_y,lshoulder_z,rshoulder_x,rshoulder_y,rshoulder_z,lhip_x,lhip_y,lhip_z,rhip_x,rhip_y,rhip_z
0.03333333333333333,0,0-ACCAD_Female1Walking_c3d_B9 - walk turn left (90)_poses,0,-0.4719605518039316,-2.563815409084782,0.7825032863795971,0.7450155071809307,-0.030573834399143934,0.03139814137302247,0.6656059580775957,-0.0754556953907013,0.05456949397921562,0.005273259244859219,0.11537203937768936,-0.13032828277806874,-0.049654581941141474,0.003976268693804741,0.11084568500518799,-0.001745034591294825,0.03930113837122917,-0.13225989498229174,-0.10779222082850559,0.037829816341400146,0.03724298253655434,0.07040277868509293,0.0030946298502385616,0.1557082235813141,0.9192253947257996,0.0028029989916831255,-0.1963614970445633,0.8950495719909668,-0.4715042554215996,-2.5572638934780136,0.8572151959848651,-0.44512276084155256,-2.4798285201186405,1.369533938261965,-0.6128304399899696,-2.478747217296767,-0.0007216612540643028,-0.4152165017042473,-2.529103066914803,0.003949150238367748,-0.6295325417309112,-2.6479238407043915,-0.001278338745935758,-0.4330290670389744,-2.698167055520459,0.0036658254377417293,-0.602527990219023,-2.555935996052622,0.3931947452109399,-0.3842980335218317,-2.6072694482410395,0.3962478906319371,-0.6672408970072179,-2.441844836654509,0.7298507432448241,-0.2537594785750617,-2.469559085792862,0.7192433330992776,-0.6418206759891264,-2.5222318265559567,0.8937144317854647,-0.2852945628723781,-2.5497515349035984,0.8821367760862535,-0.5592970218547054,-2.514737782535196,1.07433534302594,-0.359608796309374,-2.5303215211142636,1.066990646268678,-0.5615325845323477,-2.5624497764697445,0.704859564223105,-0.43321895218817746,-2.5749257014092732,0.7052411303028451
0.06666666666666667,0,0-ACCAD_Female1Walking_c3d_B9 - walk turn left (90)_poses,1,-0.46962631470523775,-2.5635231079068035,0.7819614408213957,0.7468296880321612,-0.031108257884976048,0.03417798355330663,0.6634075359877792,-0.08041224628686905,0.05413531884551048,0.005368496291339397,0.1184520497918129,-0.13341485975788991,-0.051890283233690826,0.007017345633357763,0.11009521037340164,-0.0017067566514015198,0.03722221776843071,-0.13793140050174024,-0.10984026204043584,0.04047034680843353,0.037262845784425735,0.06927413493394852,0.005024618934839964,0.15510094165802002,0.9201803803443909,0.0009270771406590939,-0.19670957326889038,0.8936090469360352,-0.4688931626928868,-2.556637132548965,0.8566410620811346,-0.44054364891332565,-2.4775839898444447,1.3686104833172754,-0.6118386856677462,-2.4787720143302026,-0.0007098522746017202,-0.4146650885950451,-2.533790815474217,0.003732893320324549,-0.6295216057136112,-2.6478488536543434,-0.0012901477253979866,-0.4336088514040687,-2.7027318401175524,0.00347982594725961,-0.601091546221247,-2.5550901976543834,0.3930177428421062,-0.3833746814895278,-2.6102127480210933,0.39570552890610333,-0.6646386016218636,-2.441907945686672,0.7293281617482996,-0.2512262930541268,-2.469214548986711,0.7179045449958681,-0.638902141830143,-2.521342430835628,0.8936064664956936,-0.28249485486563214,-2.5493019229404017,0.8809010289444797,-0.555819860823808,-2.513117412804022,1.073915047434676,-0.3562088795393074,-2.5293743124354484,1.0659555081884318,-0.5594511328991572,-2.562108491394185,0.7045983744148875,-0.4311881909509087,-2.575132809412294,0.7046206223072196
0.1,0,0-ACCAD_Female1Walking_c3d_B9 - walk turn left (90)_poses,2,-0.46689236885868013,-2.5626290382351726,0.7810890916844097,0.7468630560266046,-0.030981499886619225,0.03724406909345688,0.6632108273578908,-0.08785255253314972,0.05580555647611618,0.0049024587497115135,0.12468559294939041,-0.13683994443400294,-0.05789241839403303,0.00895853154361248,0.10750877112150192,-0.0013041453203186393,0.03466980904340744,-0.14153452374855746,-0.11158569450714884,0.04339437559247017,0.037118732929229736,0.06734050065279007,0.006254744715988636,0.15378335118293762,0.9205209016799927,-0.0011947364546358585,-0.19742251932621002,0.8918118476867676,-0.4658020258952683,-2.5554530971006844,0.8557370455817302,-0.4352338375019063,-2.4753782898008594,1.3674248635213715,-0.6133066677649875,-2.4776900827596475,-0.0006868413798578644,-0.41384267655104384,-2.5364118856827234,0.0028694852389972263,-0.6310908554432558,-2.6467561361096283,-0.001313158620142165,-0.4329551945717976,-2.705333947435473,0.0026487861079396366,-0.6003602994677223,-2.553162552301928,0.3927468617358438,-0.3818995657357887,-2.6116152968756756,0.39461614621053437,-0.662076542520027,-2.442006373905007,0.728950709969932,-0.24878166400759982,-2.4667815576053966,0.7161364516586556,-0.6355132961154322,-2.520783748184684,0.8934137254056724,-0.2791665013902257,-2.547268023465784,0.8791034872048183,-0.5518136371931445,-2.511750084738993,1.0733451601302346,-0.3522053095476334,-2.527563033677656,1.0644766156935461,-0.5571036973661802,-2.5616508640752214,0.70414941990477,-0.4288212773991216,-2.574512508299438,0.70360792305369
0.13333333333333333,0,0-ACCAD_Female1Walking_c3d_B9 - walk turn left (90)_poses,3,-0.463548876112327,-2.5619271339382976,0.7803311449715469,0.7473214769812426,-0.03059745842569364,0.03913291885229967,0.6626032147843545,-0.09598187357187271,0.058173008263111115,0.004286135081201792,0.1346738338470459,-0.14143593714856117,-0.06334260536164538,0.008256560191512108,0.10640358924865723,-0.001307785278186202,0.03236260265111923,-0.1406927412654959,-0.11350245679552773,0.0456588938832283,0.03657277673482895,0.06582590192556381,0.007119582965970039,0.15237849950790405,0.9204009771347046,-0.0014410446165129542,-0.1994883269071579,0.8910804986953735,-0.46220324165259813,-2.554607773589599,0.8549610065015449,-0.43026384752999125,-2.4743171874717116,1.3665344594722164,-0.6134688581111,-2.4758244905080704,-0.000647537754329755,-0.4120742182503738,-2.536180587414219,0.0019251891814531727,-0.6315243636017915,-2.644861474044032,-0.0013524622456702086,-0.43150914607433644,-2.705065891022916,0.0017307528792217114,-0.5985725794875414,-2.550118253710793,0.3924193722370035,-0.3796098946762308,-2.6117540076287087,0.3936461471587009,-0.6585158691579147,-2.441699976700676,0.7285470408640847,-0.24497845268201573,-2.4657204200729685,0.7149125160592967,-0.6316176741336258,-2.5202454650177533,0.8930665156190066,-0.2751554960421466,-2.546300488887561,0.8778719059944716,-0.5476505411100404,-2.510886868841172,1.072800478318231,-0.3480588940530722,-2.526588814442438,1.0633766664874726,-0.5540332388500357,-2.5611502833371325,0.703685454295861,-0.4257524649307479,-2.5740420271096385,0.7027515987190761
0.16666666666666666,0,0-ACCAD_Female1Walking_c3d_B9 - walk turn left (90)_poses,4,-0.460929669206962,-2.5617361606564373,0.779627246886312,0.7475643145013978,-0.030794516924564676,0.04073605248979665,0.662223427129384,-0.10561305284500122,0.06000426784157753,0.003872144967317581,0.14861325919628143,-0.14904798066191827,-0.0670128429455914,0.006672500632703304,0.10707221180200577,-0.0018231808207929134,0.03059431165456772,-0.1399244523927543,-0.11600684330971012,0.04809778928756714,0.035920433700084686,0.06443312764167786,0.0079300282523036,0.1512889713048935,0.9199941754341125,-0.0006076142308302224,-0.20218688249588013,0.8908517360687256,-0.4594206739138947,-2.5542365731230428,0.8542360876495517,-0.42681892960635165,-2.473389641753577,1.3656828999263768,-0.6131913166413993,-2.4751787801270715,-0.0005902485593653785,-0.4112256105999011,-2.5362631827034683,0.0012123634511013275,-0.6313711020556882,-2.6442019259305916,-0.0014097514406345782,-0.4309249139679271,-2.7051178778137186,0.0010409398850364654,-0.5968386338595939,-2.5472587688384443,0.3919726135986207,-0.37800508902407143,-2.6122039812478888,0.39287696744089157,-0.6558066387609018,-2.442034681316791,0.7279305424624692,-0.24168772622236795,-2.4655066201117344,0.7138827255055942,-0.6286733273269476,-2.520286529929115,0.8925513060482031,-0.2718979538941738,-2.5458428645225113,0.8769563106816052,-0.54461552693066,-2.5104378568458774,1.0721730695510052,-0.3450163758173963,-2.5258598120735987,1.062450566178996,-0.5516026651835652,-2.5612965960225487,0.7031695692260912,-0.4233122794288922,-2.5741156715777036,0.702002867274456
0.19999999999999998,0,0-ACCAD_Female1Walking_c3d_B9 - walk turn left (90)_poses,5,-0.45806062943302095,-2.562075430294499,0.7788109325387756,0.7478123153664776,-0.030954049812205644,0.042231742405247207,0.6618421773503622,-0.1174338161945343,0.06182769313454628,0.0035187513567507267,0.16661231219768524,-0.15851730979121048,-0.07056879366208846,0.005340045318007469,0.1085650846362114,-0.0026519109960645437,0.029501482844352722,-0.13992919064305953,-0.11928407652328654,0.05111640319228172,0.035610247403383255,0.06248439475893974,0.007936797104775906,0.1515631526708603,0.9190118908882141,0.0007092658197507262,-0.20492474734783173,0.8906472325325012,-0.45639642123134494,-2.5544106450934754,0.8533996815488217,-0.4230319408899135,-2.4734087686404855,1.3647777019538945,-0.6125254986510463,-2.47472826967431,-0.0005155016401217488,-0.41059038930313563,-2.537026172176042,0.0004909361890349136,-0.6307954475167056,-2.6437409023790974,-0.0014844983598782148,-0.4306008773348282,-2.705844291485606,0.0003394056130737108,-0.5947037508371702,-2.5440294962495122,0.391413928799647,-0.3763399487228932,-2.6131188164740435,0.39202605319718925,-0.6533063874875802,-2.442495021669391,0.727530211760402,-0.23820816273001427,-2.465805771009083,0.7127315277727156,-0.6257085496525814,-2.520817719989789,0.8920400244732402,-0.26838211327890527,-2.5459595809398614,0.8759015730200645,-0.5412927073176581,-2.510762472362297,1.071493333035475,-0.3416818341710559,-2.5257956372297197,1.0614092775159931,-0.5489206201486477,-2.562011152672346,0.7025300357676462,-0.4206132906896231,-2.5746980643232087,0.7011437615455809
0.2333333333333333,0,0-ACCAD_Female1Walking_c3d_B9 - walk turn left (90)_poses,6,-0.4551790130790323,-2.5616972984280437,0.7776446549170613,0.7461831898551137,-0.031133823843359814,0.04398490532429193,0.6635560717031767,-0.1317112296819687,0.06434270739555359,0.0030163307674229145,0.18935228884220123,-0.17085650841445998,-0.07547618421070357,0.004450714215636253,0.11057797074317932,-0.0037200103979557753,0.0291608776897192,-0.14155609941540637,-0.1237457303332874,0.05486372485756874,0.035381946712732315,0.06042538210749626,0.007519483100622892,0.15338005125522614,0.917937159538269,0.0029162138234823942,-0.20761597156524658,0.8907357454299927,-0.4533547492119688,-2.5538346003811863,0.8522090568845369,-0.41932197162066454,-2.472379539291047,1.3634764881079897,-0.6132054408989519,-2.4744591660279727,-0.00042195835957345787,-0.4109298786997728,-2.5375022056120624,-0.00045372807650479255,-0.6305987805874244,-2.6435630843915905,-0.0015780416404266688,-0.43035814441951603,-2.706388335389283,-0.0005866189897887272,-0.5929998751949069,-2.5400204677387035,0.39063419285260925,-0.3747835161377693,-2.6130532915582356,0.3908181587463501,-0.6520612977798524,-2.4432612859328424,0.727065602256219,-0.23539260573516238,-2.4643713597480015,0.7109552243302384,-0.6231639190395537,-2.5215541565917245,0.8913663390473224,-0.2649006142483657,-2.5443087974576035,0.8743530446650777,-0.5380440221068784,-2.510836975529472,1.0705213218521163,-0.3383429734009892,-2.5242232864919973,1.0599155345365663,-0.5462800084135216,-2.562602117306235,0.7015971927464402,-0.41787996695203683,-2.5743667600341307,0.6999139205593786
0.26666666666666666,0,0-ACCAD_Female1Walking_c3d_B9 - walk turn left (90)_poses,6,-0.4551790130790323,-2.5616972984280437,0.7776446549170613,0.7461831898551137,-0.031133823843359814,0.04398490532429193,0.6635560717031767,-0.1317112296819687,0.06434270739555359,0.0030163307674229145,0.18935228884220123,-0.17085650841445998,-0.07547618421070357,0.004450714215636253,0.11057797074317932,-0.0037200103979557753,0.0291608776897192,-0.14155609941540637,-0.1237457303332874,0.05486372485756874,0.035381946712732315,0.06042538210749626,0.007519483100622892,0.15338005125522614,0.917937159538269,0.0029162138234823942,-0.20761597156524658,0.8907357454299927,-0.4533547492119688,-2.5538346003811863,0.8522090568845369,-0.41932197162066454,-2.472379539291047,1.3634764881079897,-0.6132054408989519,-2.4744591660279727,-0.00042195835957345787,-0.4109298786997728,-2.5375022056120624,-0.00045372807650479255,-0.6305987805874244,-2.6435630843915905,-0.0015780416404266688,-0.43035814441951603,-2.706388335389283,-0.0005866189897887272,-0.5929998751949069,-2.5400204677387035,0.39063419285260925,-0.3747835161377693,-2.6130532915582356,0.3908181587463501,-0.6520612977798524,-2.4432612859328424,0.727065602256219,-0.23539260573516238,-2.4643713597480015,0.7109552243302384,-0.6231639190395537,-2.5215541565917245,0.8913663390473224,-0.2649006142483657,-2.5443087974576035,0.8743530446650777,-0.5380440221068784,-2.510836975529472,1.0705213218521163,-0.3383429734009892,-2.5242232864919973,1.0599155345365663,-0.5462800084135216,-2.562602117306235,0.7015971927464402,-0.41787996695203683,-2.5743667600341307,0.6999139205593786
0.3,0,0-ACCAD_Female1Walking_c3d_B9 - walk turn left (90)_poses,8,-0.44894773489795625,-2.5606632770504802,0.7764081801004538,0.7457218482226354,-0.03250735684641202,0.04668495267964809,0.6638243081023589,-0.1706835776567459,0.07170690596103668,0.0012777039082720876,0.2545922100543976,-0.20608111784702277,-0.08477287106372122,0.0012381982523947954,0.11637715250253677,-0.006566183641552925,0.030411599203944206,-0.14571068172556934,-0.13146017390041853,0.06661554425954819,0.03272385522723198,0.056752558797597885,0.006101793609559536,0.15555402636528015,0.916282057762146,0.007843551225960255,-0.21128731966018677,0.8914009928703308,-0.4469625125685091,-2.5523784691545255,0.8509227481420776,-0.413743380599629,-2.469631783764361,1.3620428912580167,-0.6123876476012586,-2.4718475349328966,0.0016004307825945897,-0.40975731213464844,-2.538520029217521,-0.0009430215041578843,-0.6293336004503131,-2.6409922693394288,-0.00010059966427837866,-0.4295074236834321,-2.707368837645696,-0.0010569784958421764,-0.5880423850209322,-2.526816513444861,0.39002731959258036,-0.37090327981744586,-2.6129802024164768,0.3897840996949575,-0.6478360265853998,-2.4437972427337877,0.7260986829793351,-0.22909605220619744,-2.462391897532768,0.7092565084976263,-0.6176198545033401,-2.521950316815875,0.8902286441698358,-0.2581039389092627,-2.5414621863737357,0.8731650077763281,-0.5321582722758331,-2.51013375306296,1.0692389756046596,-0.33230990533107296,-2.5209945169373245,1.0585217493973904,-0.5403335176293298,-2.5630511303023225,0.7005365487830868,-0.41182142985709846,-2.57381435623644,0.6986750415392121
0.3333333333333333,0,0-ACCAD_Female1Walking_c3d_B9 - walk turn left (90)_poses,9,-0.445426203077659,-2.5604343952145427,0.7761782086246463,0.7454224612009253,-0.03294163266510331,0.047656751971435034,0.6640700544114646,-0.19637860357761383,0.07570289075374603,0.0001275583781534806,0.29980576038360596,-0.22979564695666355,-0.08974171488285598,-0.0016703804722055793,0.11909454315900803,-0.008077073842287064,0.031791094690561295,-0.14639844253297696,-0.13500167055216594,0.07614769041538239,0.031906384974718094,0.05554358661174774,0.005171299446374178,0.15701857209205627,0.9154756665229797,0.011156769469380379,-0.2116059958934784,0.8925225138664246,-0.4433788738449983,-2.5520039669987513,0.8506747610489799,-0.41047693424377585,-2.468682681039429,1.3617244664915633,-0.6115053771327299,-2.4699922535797527,0.0038642675826438856,-0.40846038819880753,-2.5380819145852107,-0.0009431904021128951,-0.6281090633592271,-2.6391666744588247,0.0017826999227517314,-0.4283015970877009,-2.7069200427450126,-0.0010568095978870928,-0.5849400549966354,-2.5178267197085344,0.39035019487355116,-0.3683747056405593,-2.612471784110188,0.3895823015580115,-0.6459319892054205,-2.445066212501241,0.7262482589813767,-0.22647174456272062,-2.4612792393295293,0.7084721502889579,-0.6145782857365258,-2.5231249704163914,0.8902096562543218,-0.25460560667437204,-2.5398201686938835,0.872787007868649,-0.5287945919878224,-2.5105449404463798,1.069072604694995,-0.3288574808107824,-2.519364804820127,1.058138874013812,-0.5369545211605239,-2.5636731708922422,0.700351271939827,-0.40836962047569725,-2.573780112855907,0.6984449533585562
0.36666666666666664,0,0-ACCAD_Female1Walking_c3d_B9 - walk turn left (90)_poses,10,-0.44282067543827,-2.5597322524990886,0.775976585269568,0.7461390404747689,-0.03375805942208054,0.0486742723931179,0.6631498630855978,-0.22663241624832153,0.07979971915483475,-0.001297350856475532,0.3538447916507721,-0.2588399185879333,-0.09429217834895198,-0.005113829392939806,0.12079205363988876,-0.009450552985072136,0.033456843346357346,-0.14746989435352864,-0.13681883092150704,0.08884672075510025,0.031722698360681534,0.054822154343128204,0.004439533222466707,0.1583101600408554,0.9145877957344055,0.014856118708848953,-0.21111933887004852,0.8941824436187744,-0.4407310070759569,-2.5511122710282734,0.8504502665642264,-0.40791379448952997,-2.466678194155184,1.3613246287463046,-0.610724468909322,-2.467352436076811,0.006925456767094027,-0.4068929722429979,-2.5375943974636805,-0.0009395551430803339,-0.6274695754152176,-2.63650666870569,0.004386364046987223,-0.4273311883293264,-2.7063612920517057,-0.001060444856919647,-0.5822336102312724,-2.5064997525904698,0.3908675580790167,-0.3664010433289701,-2.6118496976157375,0.38944207544736464,-0.644933070002597,-2.446029904687122,0.7263812256417104,-0.22506835174886972,-2.4600216068954834,0.7074183172982488,-0.6123879561032304,-2.5237885280877985,0.8902530543746476,-0.25216163174953965,-2.5376986164879183,0.8723176822568505,-0.5262420631561802,-2.510208803255555,1.0689205658207122,-0.32624178916746704,-2.5169900476655522,1.0576915841798178,-0.5344694910852945,-2.563704690357575,0.7001150420458333,-0.40582886776451754,-2.5734513334896936,0.698277097311203
0.39999999999999997,0,0-ACCAD_Female1Walking_c3d_B9 - walk turn left (90)_poses,11,-0.4396375191863626,-2.559209877392277,0.7756712458679456,0.7478925495640163,-0.03477936150295658,0.05036277129826635,0.660992225058087,-0.26354166865348816,0.08378437906503677,-0.003070475533604622,0.41453418135643005,-0.28950357978705954,-0.09926114021010757,-0.009126848541200161,0.12293051928281784,-0.011055908165872097,0.03502277284860611,-0.14919035125902913,-0.13949348190855693,0.1052120253443718,0.03201104328036308,0.05435435473918915,0.003730579512193799,0.15931086242198944,0.913472056388855,0.017487742006778717,-0.21007341146469116,0.895706295967102,-0.43743596110384797,-2.5503147835511992,0.8501093439600363,-0.4039654670878431,-2.4640502021075292,1.360637184672158,-0.6090227321639518,-2.463032068605841,0.010815886375346466,-0.4052911598535683,-2.5378897540579453,-0.0009384651799100689,-0.6264215747057255,-2.632111826988649,0.007763742306369732,-0.42692621453669616,-2.706507396262792,-0.001061534820089926,-0.578640111512153,-2.4932256967881563,0.39180900313920364,-0.36433328680872684,-2.6119624159743147,0.38922503112187823,-0.6433722725420143,-2.447319628969987,0.7265591557982077,-0.22344314242417862,-2.4585864657023806,0.7058459945171651,-0.6094139224193629,-2.5245595248194737,0.8903895350026644,-0.24913175467685042,-2.5353666309085825,0.8713889364857321,-0.5227059813476607,-2.5096916749583333,1.0687225133399116,-0.32267971157443465,-2.5143811728026986,1.056903676232298,-0.5314871422228398,-2.5638731937408683,0.6997888072188406,-0.4028015053556893,-2.57353266289927,0.698005744684857
0.4333333333333333,0,0-ACCAD_Female1Walking_c3d_B9 - walk turn left (90)_poses,12,-0.4365403128322214,-2.558467918774113,0.7754722755246605,0.7505878248903843,-0.03563324523519848,0.0515473757506627,0.6577925638174621,-0.3072749972343445,0.08751694858074188,-0.005253621842712164,0.47941774129867554,-0.31684569942686447,-0.10328975445971611,-0.013675689697265625,0.12517857551574707,-0.012837648391723633,0.036360275000333786,-0.14921793341743772,-0.1416460034236986,0.12514325976371765,0.03285352140665054,0.05386779084801674,0.0030638447497040033,0.15974187850952148,0.9121267795562744,0.018526693806052208,-0.208679661154747,0.8968275785446167,-0.4342525804967564,-2.5493699147009186,0.8498832465077447,-0.4000121344007923,-2.461769860123619,1.360135197864862,-0.6059954258976532,-2.454417922068014,0.01544492218636874,-0.40322727940284503,-2.536993973710625,-0.0009362966602004183,-0.6244459556201905,-2.623375191263475,0.011836717789410603,-0.4265222261411572,-2.7053903193479254,-0.001063703339799535,-0.5741921221901068,-2.4769812703687393,0.39359638768914407,-0.362242987784209,-2.611571683465661,0.38911664046779926,-0.6418018887736868,-2.4484807756893017,0.7270061121203151,-0.22217834414721263,-2.4560939857083848,0.7045136821611621,-0.606413835401212,-2.5253582376130823,0.890704327537688,-0.24627481687334926,-2.532476912581155,0.8704792589795964,-0.5192083153102439,-2.5093063625892436,1.068709082872353,-0.3191826137790255,-2.5117580859211173,1.0562233838671764,-0.5285829365255652,-2.5636597937304875,0.6994415791524301,-0.39985239257683775,-2.573440831986437,0.6978575935426943
0.4666666666666666,0,0-ACCAD_Female1Walking_c3d_B9 - walk turn left (90)_poses,12,-0.4365403128322214,-2.558467918774113,0.7754722755246605,0.7505878248903843,-0.03563324523519848,0.0515473757506627,0.6577925638174621,-0.3072749972343445,0.08751694858074188,-0.005253621842712164,0.47941774129867554,-0.31684569942686447,-0.10328975445971611,-0.013675689697265625,0.12517857551574707,-0.012837648391723633,0.036360275000333786,-0.14921793341743772,-0.1416460034236986,0.12514325976371765,0.03285352140665054,0.05386779084801674,0.0030638447497040033,0.15974187850952148,0.9121267795562744,0.018526693806052208,-0.208679661154747,0.8968275785446167,-0.4342525804967564,-2.5493699147009186,0.8498832465077447,-0.4000121344007923,-2.461769860123619,1.360135197864862,-0.6059954258976532,-2.454417922068014,0.01544492218636874,-0.40322727940284503,-2.536993973710625,-0.0009362966602004183,-0.6244459556201905,-2.623375191263475,0.011836717789410603,-0.4265222261411572,-2.7053903193479254,-0.001063703339799535,-0.5741921221901068,-2.4769812703687393,0.39359638768914407,-0.362242987784209,-2.611571683465661,0.38911664046779926,-0.6418018887736868,-2.4484807756893017,0.7270061121203151,-0.22217834414721263,-2.4560939857083848,0.7045136821611621,-0.606413835401212,-2.5253582376130823,0.890704327537688,-0.24627481687334926,-2.532476912581155,0.8704792589795964,-0.5192083153102439,-2.5093063625892436,1.068709082872353,-0.3191826137790255,-2.5117580859211173,1.0562233838671764,-0.5285829365255652,-2.5636597937304875,0.6994415791524301,-0.39985239257683775,-2.573440831986437,0.6978575935426943
0.49999999999999994,0,0-ACCAD_Female1Walking_c3d_B9 - walk turn left (90)_poses,13,-0.43381882435642183,-2.557874018093571,0.7751532704303052,0.7547530057147531,-0.037223082758082386,0.052961812610365186,0.6528073137454539,-0.3561091721057892,0.08999312669038773,-0.007573509123176336,0.5457322001457214,-0.34207725889986684,-0.1048184014898168,-0.018855078145861626,0.1276768147945404,-0.014833270572125912,0.03727467358112335,-0.14956604888547198,-0.14292773889095411,0.1479845643043518,0.03423483297228813,0.0528922900557518,0.0030529024079442024,0.15951532125473022,0.9109269380569458,0.018175892531871796,-0.20753924548625946,0.8974573612213135,-0.4314677863677499,-2.548473804261337,0.8495246937075567,-0.3962661284184045,-2.459142415875406,1.3594158951901794,-0.600874048834163,-2.4437070222035855,0.02049322975656795,-0.40081487657082665,-2.536931738078074,-0.0009348296677435391,-0.6211411915486776,-2.6124425174234953,0.0163009059282784,-0.42658328017528596,-2.704967366404298,-0.00106517033225631,-0.5685651182446436,-2.4595258043465003,0.3959201525636027,-0.36046911483312616,-2.6120597551806806,0.3890347041624683,-0.6402312556005959,-2.4497265137592223,0.7271577761120156,-0.22110887960401304,-2.453603230344978,0.7030819030683465,-0.6036137497184341,-2.5260066809525243,0.8908650104057384,-0.24374258307748534,-2.5296937735198597,0.8693873717414919,-0.5159982229680475,-2.508627511189986,1.068534338562482,-0.31600203270634436,-2.509210290205421,1.0553673666469725,-0.526042135175369,-2.5634006555207756,0.6988287298103679,-0.39728940027706394,-2.5737929646189897,0.6976493906755975
0.5333333333333333,0,0-ACCAD_Female1Walking_c3d_B9 - walk turn left (90)_poses,14,-0.4312249494250864,-2.5565770210232586,0.7747291364187666,0.7579462305796237,-0.03937722615612611,0.054254064369366486,0.6488631921366735,-0.4069121778011322,0.09047786891460419,-0.00987232942134142,0.6090292930603027,-0.362883618990989,-0.10327114305489227,-0.0244255680590868,0.13108910620212555,-0.017181364819407463,0.03759060427546501,-0.1494707504696815,-0.1442565245393136,0.1724090576171875,0.03516128286719322,0.051643818616867065,0.005142319481819868,0.15813130140304565,0.9109447598457336,0.017192242667078972,-0.20736601948738098,0.8977077603340149,-0.4288892647869013,-2.5468196281939366,0.8490550260027148,-0.39361724306731116,-2.4554280560495503,1.3585813263036564,-0.5940152067322365,-2.4315043668373453,0.025642543907679154,-0.39850697206595254,-2.5360355564137844,-0.0009358657420967323,-0.6156761417120944,-2.600051219418325,0.020871550212026448,-0.4263061821918731,-2.7037471763557632,-0.0010641342579032,-0.562133007124713,-2.441884143848711,0.3987912791015655,-0.35861000612372024,-2.611751436697757,0.3889715635438501,-0.6389058516080169,-2.4521900642352428,0.7267120133626893,-0.2202992305814656,-2.4491823559825674,0.7018055362419482,-0.6009456753344645,-2.5270789622319034,0.8907554288913071,-0.24139683569069226,-2.5251812064529595,0.8683547181372739,-0.5133784601102751,-2.5074993616507437,1.0681635941744605,-0.31342768328940956,-2.505320371795768,1.0544842757724218,-0.5235806948130408,-2.5627893443165513,0.6979824079089797,-0.39476397442934885,-2.573393830952414,0.6973788020561115
0.5666666666666667,0,0-ACCAD_Female1Walking_c3d_B9 - walk turn left (90)_poses,16,-0.42715019709430635,-2.5525134147610515,0.7738749630372226,0.7650651856058206,-0.042739450130573016,0.05807739538815597,0.639902818654048,-0.5001851916313171,0.08187591284513474,-0.009794126264750957,0.6977071166038513,-0.3737668983528002,-0.0907580050500375,-0.034054066985845566,0.1372060626745224,-0.02202281728386879,0.036902815103530884,-0.15007876787281482,-0.14894023909287546,0.22156238555908203,0.035584356635808945,0.04785647988319397,0.016327552497386932,0.15369418263435364,0.9153245091438293,0.016175055876374245,-0.21085700392723083,0.8978906273841858,-0.4245876122929267,-2.542034061607681,0.8480950163693421,-0.3880658482941313,-2.4472018346552846,1.3569163886404159,-0.5758067031440187,-2.4012405782349844,0.03387720081950453,-0.39667296732101887,-2.5335712299081403,-0.0009484857308115907,-0.600872190914247,-2.569287808807772,0.028233654092763565,-0.4290607829010277,-2.7004574749587005,-0.001051514269188352,-0.5480841382497341,-2.409988555174958,0.4061151756369648,-0.3571918586652555,-2.610404369454481,0.38869483757013346,-0.6366659833999869,-2.458337666966153,0.7256532070728168,-0.21847463629347075,-2.4395073896122925,0.699107744808725,-0.5959296113139995,-2.5287510178529926,0.8910075907774132,-0.23693969455491312,-2.5153336509666144,0.866047805658707,-0.5084924420629126,-2.5038256456524763,1.067627936311096,-0.30876409133791893,-2.4966057733120377,1.0525069489074346,-0.5200291529508668,-2.5596095875120843,0.6964723549978812,-0.391129215645296,-2.571199856209216,0.6967385041167955
0.6,0,0-ACCAD_Female1Walking_c3d_B9 - walk turn left (90)_poses,17,-0.42444861656986177,-2.549803549190983,0.7733008527327943,0.7672614269154301,-0.04413668800423068,0.059150189840602725,0.6370738658754854,-0.5418103933334351,0.07531341910362244,-0.006620403844863176,0.7125735282897949,-0.35151002353247374,-0.07950010405341523,-0.035861093550920486,0.14085355401039124,-0.024671034887433052,0.03625694662332535,-0.15143965839696838,-0.1514847429363838,0.24499735236167908,0.03586411476135254,0.04457230120897293,0.025363290682435036,0.1519148051738739,0.9194831252098083,0.016700681298971176,-0.21423457562923431,0.8978326916694641,-0.4218588172790182,-2.539071436442013,0.8474838339048699,-0.38525156167512525,-2.4439345313431255,1.356253045037473,-0.5635104732271443,-2.380394498970986,0.035306230513646536,-0.39533765161125767,-2.532044861439455,-0.0009575709284328285,-0.5893924910523917,-2.5483115313116547,0.029476015835221754,-0.4293531773128,-2.6986069724081356,-0.0010424290715673086,-0.5401045986394933,-2.3965022810960153,0.4103113845334811,-0.35564292560997424,-2.608933720901526,0.388488627978851,-0.6352030518011204,-2.462763608934487,0.7249739207257654,-0.21670667054982,-2.4333785822018084,0.6980796624380275,-0.5928430017597909,-2.5303454572299144,0.8911000298887685,-0.23396797591652102,-2.509520788378418,0.8650047234078062,-0.5056616562357971,-2.502345645876744,1.0673132936419256,-0.306120300642714,-2.4919601951823136,1.051578786279179,-0.5175080714769759,-2.557477583871391,0.6954840802306979,-0.38852024476758845,-2.569069967559843,0.6962618429758587
0.6333333333333333,0,0-ACCAD_Female1Walking_c3d_B9 - walk turn left (90)_poses,18,-0.4221742821391672,-2.546767527004704,0.7722792764731649,0.769867951489627,-0.04602073604393668,0.06011421465334325,0.6336968599573075,-0.5799158215522766,0.06913022696971893,-0.0018419679254293442,0.7066595554351807,-0.3112680362122904,-0.06648062348280714,-0.03341634199023247,0.14468614757061005,-0.027375373989343643,0.03553339093923569,-0.15744599746969712,-0.15320535493561405,0.26727062463760376,0.03533843532204628,0.04061198979616165,0.036911047995090485,0.1486467719078064,0.9253317713737488,0.017096128314733505,-0.2173226922750473,0.8969671130180359,-0.41960676043417566,-2.5357389151773817,0.8464195324307527,-0.3835710013437695,-2.4404268838302245,1.355208834598636,-0.5499282349252769,-2.355959379367843,0.034665021559528476,-0.3942751240530988,-2.533252918317573,-0.0009698205256029498,-0.5767017468146866,-2.523737055648498,0.028848630670716073,-0.43025349446967454,-2.6994021079603905,-0.0010301794743971388,-0.532263744320684,-2.3849041116175895,0.4140559926108735,-0.354543968170629,-2.6086267320975196,0.388082045614951,-0.6332278370051684,-2.4675282499029514,0.7232184012842943,-0.2151077727805583,-2.427204532411238,0.6970080280481651,-0.5899222583394618,-2.5316432153823794,0.890471091134617,-0.23155459028261902,-2.503773531142749,0.863820062480564,-0.5035963594434635,-2.500320054972724,1.0664124520499179,-0.3042348702756722,-2.487250676249135,1.0504008038967751,-0.5153474188167441,-2.554854397577083,0.6939731665512957,-0.38628047826305595,-2.5666048520625697,0.6953719789074675
0.6666666666666666,0,0-ACCAD_Female1Walking_c3d_B9 - walk turn left (90)_poses,19,-0.42020014650188386,-2.542347961803898,0.7709145393225685,0.7727962966208173,-0.047922116180930924,0.06087868627703315,0.629907247352397,-0.6123673319816589,0.062342528253793716,0.005140543915331364,0.6828500032424927,-0.2574396920112454,-0.0515675126838524,-0.027148472145199776,0.14854775369167328,-0.030070114880800247,0.03463485836982727,-0.166800238492691,-0.15453106195798383,0.28841105103492737,0.0349801704287529,0.03655194863677025,0.05086403340101242,0.14564582705497742,0.9330465197563171,0.0179245937615633,-0.2197847217321396,0.8955622315406799,-0.4176710962508039,-2.53104066786299,0.8450141277732571,-0.38212719626891684,-2.43576639841179,1.3538581254555844,-0.5347519850585252,-2.3283954068016177,0.03267218447282656,-0.3936587437801513,-2.5352150649939857,-0.0009853595005957644,-0.562469333353697,-2.4960264412133357,0.027052139496007085,-0.4318560148084663,-2.7008682195930227,-0.0010146404994042582,-0.524491091537607,-2.3743003067011674,0.41703539971144055,-0.3539070472699822,-2.6079624996574995,0.3874975205050847,-0.6312882082240748,-2.4716433120291934,0.7209924000285287,-0.21377095011072256,-2.4201628387711525,0.6956672849107631,-0.5872298308819761,-2.531661042275923,0.8895637369935663,-0.229515635502673,-2.497167512829904,0.8623464655518437,-0.5018052114622534,-2.4968028733781567,1.0651569815147375,-0.30262163843089296,-2.4814843485676374,1.048926395200922,-0.5134440113481773,-2.5505987999215587,0.6921139125578905,-0.384315740178455,-2.5626834643322494,0.694139417984157
0.7,0,0-ACCAD_Female1Walking_c3d_B9 - walk turn left (90)_poses,20,-0.41634840494953096,-2.5355475486721843,0.7694300301310175,0.7730673458170525,-0.049784215099641115,0.061657058393349284,0.6293542864782679,-0.6383981704711914,0.05369744077324867,0.014745611697435379,0.645183801651001,-0.1953167651516936,-0.034898126132056895,-0.01901056058704853,0.15150701999664307,-0.032516736537218094,0.03352811560034752,-0.17772874114026993,-0.15559609881026637,0.30805841088294983,0.035267602652311325,0.03251749277114868,0.0656680166721344,0.14270402491092682,0.9418228268623352,0.01907682605087757,-0.22175323963165283,0.8937608003616333,-0.41389843255286324,-2.5239539459188602,0.8434880209925963,-0.37882893719278526,-2.4284960361236423,1.3523448202688808,-0.5181191078136659,-2.2993602077284816,0.030274175131078045,-0.3914321120595002,-2.5356009313488137,-0.001002869112298764,-0.5453473757043206,-2.4670826367016483,0.025000822590620947,-0.4304831360865166,-2.7010549052796753,-0.0009971308877008839,-0.5163141088497302,-2.3646587621224233,0.41917547562697843,-0.35101460075664837,-2.6048440165925597,0.38680281827283797,-0.6277753775352026,-2.475312245734317,0.7189405921909718,-0.2117078584997081,-2.4094263255441017,0.6939457334629638,-0.582473730660059,-2.5305680606359657,0.8888055971629278,-0.22593909780235388,-2.4869683342621967,0.8605118552165842,-0.4980836581063097,-2.4914707080664087,1.0638848900476656,-0.2992474295954221,-2.472560284415554,1.0471895311443276,-0.5096221887135483,-2.5445775990717716,0.6902546478623491,-0.3803502580364016,-2.5560223422206025,0.692751516698926
0.7333333333333333,0,0-ACCAD_Female1Walking_c3d_B9 - walk turn left (90)_poses,21,-0.4165760350879282,-2.5299890579190105,0.7682292779873637,0.7762735989709824,-0.051425835282305786,0.06215863488982034,0.6252127534805969,-0.6618308424949646,0.04229169711470604,0.026745202019810677,0.5972933173179626,-0.12444251254454697,-0.014271480882399601,-0.010673122480511665,0.151358500123024,-0.034165363758802414,0.03231208771467209,-0.1879023877382029,-0.15264889671612492,0.32665762305259705,0.03507661819458008,0.028406066820025444,0.0802055224776268,0.13712123036384583,0.951134204864502,0.0182832982391119,-0.22402215003967285,0.8906939029693604,-0.41416103221750505,-2.518171624492999,0.8422530311234864,-0.3793078905063534,-2.423207440617776,1.351231263204943,-0.5000916726403315,-2.269272989589186,0.02871112585059166,-0.3908687005800656,-2.537518125582405,-0.001010430683802823,-0.5284489610401941,-2.4368220732799846,0.02389773318213681,-0.43217382020373035,-2.7024238157743388,-0.000989569316197203,-0.5097272814336358,-2.3565941057867215,0.42121131627932973,-0.3517468014126879,-2.6035741780563715,0.3863341996587303,-0.6265120970307715,-2.4779519096098146,0.7167869294993258,-0.2124325395176042,-2.4010612123075648,0.6930777060959987,-0.5813151520338921,-2.528965050116827,0.8880015896856805,-0.22608727867101303,-2.4796182805409104,0.859215899577817,-0.49836627232482056,-2.486720102680958,1.0628081840553953,-0.29969997907532325,-2.466244982902284,1.0459363644572102,-0.5098823854202381,-2.5388319284000924,0.688612447088416,-0.38058700238955234,-2.550889901903055,0.6916656637468429
0.7666666666666666,0,0-ACCAD_Female1Walking_c3d_B9 - walk turn left (90)_poses,22,-0.41505143768154085,-2.5213666500058025,0.7667299361068917,0.7778094197630123,-0.05289097448375727,0.06407551287703474,0.6229842534090484,-0.6839421391487122,0.030520064756274223,0.03980467841029167,0.5432326197624207,-0.05039239679698304,0.004384056538478731,-0.001023052609525621,0.15001077950000763,-0.0354575514793396,0.031048698350787163,-0.20126514083032432,-0.15087979746467228,0.3433327376842499,0.034231558442115784,0.02442283369600773,0.09376759082078934,0.12959273159503937,0.9603621959686279,0.01692097820341587,-0.22657735645771027,0.8873913884162903,-0.41251819369538134,-2.5092080799469905,0.8406944671270472,-0.3771985359164844,-2.413847859302801,1.3495796024429734,-0.48253348200243,-2.2368049596400708,0.028277008605548416,-0.39008868841511957,-2.538205574669988,-0.0010231084587466223,-0.5112400201999256,-2.4043089727833706,0.023994457309316673,-0.4328577939308831,-2.7027376429040504,-0.0009768915412533795,-0.5031874682647389,-2.347244302366155,0.4226918907945344,-0.351262582595125,-2.5998820664726883,0.3855482666842302,-0.6229162073493296,-2.4777981379187346,0.7146427233160731,-0.21192319774293683,-2.388868563771779,0.6913790536065655,-0.5777505464941428,-2.524367979178431,0.8871271491890459,-0.2244264797921429,-2.4683575247788627,0.857164267724654,-0.49642224493353193,-2.478708605450283,1.0615250591233094,-0.29804100342658035,-2.4560836258792533,1.0440557083176545,-0.5085675832315969,-2.5305588338168343,0.6869545749464188,-0.37918002484974395,-2.542595431096568,0.6902032506560603
0.7999999999999999,0,0-ACCAD_Female1Walking_c3d_B9 - walk turn left (90)_poses,23,-0.41258896118961275,-2.5144222320523113,0.7651016973432676,0.7791997985549594,-0.05331270639156698,0.06566734661337222,0.6210420507967852,-0.702484667301178,0.01977667026221752,0.053349193185567856,0.4877449572086334,0.02328375834115004,0.0212002073886568,0.010770631022751331,0.14883190393447876,-0.036704208701848984,0.030006159096956253,-0.2151853593574382,-0.15051448043138382,0.3581116199493408,0.03336203470826149,0.020263435319066048,0.10594049096107483,0.12112969905138016,0.9689014554023743,0.01621400937438011,-0.22872211039066315,0.8846720457077026,-0.40988017857833786,-2.502073716998529,0.8390285305821625,-0.373639595801158,-2.4074808434430444,1.348006251676287,-0.4654687013770759,-2.2063712196287013,0.029280481049073784,-0.38946378214801586,-2.540388638302076,-0.0010381411757047834,-0.4943843098367654,-2.3738522369795594,0.025539302821883356,-0.43360114962505425,-2.70455893699584,-0.0009618588242952288,-0.4965227919025208,-2.3398976400077833,0.4237526326041493,-0.350325508117489,-2.597601998124939,0.38458566282692347,-0.6178886973919888,-2.4781919695848122,0.7126593044922486,-0.21045634156060472,-2.3788154156903567,0.6896226060179553,-0.5729707199521183,-2.521144223255827,0.886144299265457,-0.22178442079004945,-2.4593594219742676,0.8549825221913645,-0.4932886284446084,-2.4728961305789237,1.0602536177941502,-0.2951951745886395,-2.448358041689233,1.0421138649552952,-0.5063633061915477,-2.523768582935123,0.6852660213906472,-0.37687694711038877,-2.5357518157953494,0.6885265770002702
0.8333333333333333,0,0-ACCAD_Female1Walking_c3d_B9 - walk turn left (90)_poses,24,-0.41094250208698213,-2.501909309765324,0.7628812161536881,0.7799896681733829,-0.05425641423388789,0.06666964118219619,0.6198608860074122,-0.7131637930870056,0.008985337801277637,0.06765743345022202,0.4356200098991394,0.08544514883776855,0.0397462064291102,0.02690180204808712,0.14598190784454346,-0.03743445500731468,0.02976316027343273,-0.2339148014456205,-0.1469690405664542,0.3715369999408722,0.03287874907255173,0.016216428950428963,0.11874327808618546,0.11204491555690765,0.9774461388587952,0.01821623370051384,-0.23067235946655273,0.8837732076644897,-0.4081869717413316,-2.48936250795719,0.8367729262225558,-0.37166967707166,-2.3953835820376623,1.3458592583451139,-0.4498786513313024,-2.176260168577759,0.02957886241287779,-0.3882189307555552,-2.5400420536023014,-0.001043983537174574,-0.47861699487154885,-2.3437820459221683,0.026334140303439835,-0.43338258738636015,-2.7039329819099067,-0.0009560164628253376,-0.49087653777172874,-2.3289275754612184,0.42264627324777565,-0.3493493427934277,-2.5908681128196926,0.38334698941373246,-0.6132526003945764,-2.473312319409605,0.7098576322331701,-0.20964542819891027,-2.364363396616311,0.6871981803313083,-0.5689598009388581,-2.5124886275555576,0.8843939579668036,-0.22008935036048827,-2.4451809704276464,0.8524828089490366,-0.49135201680669993,-2.4615028422318277,1.0582814252344712,-0.29356215258007534,-2.4349267916965465,1.0397054179358192,-0.5048073267978893,-2.5114387143899823,0.682950268366452,-0.3752135129950871,-2.523166559696993,0.6862837163683922
0.8666666666666666,0,0-ACCAD_Female1Walking_c3d_B9 - walk turn left (90)_poses,24,-0.41094250208698213,-2.501909309765324,0.7628812161536881,0.7799896681733829,-0.05425641423388789,0.06666964118219619,0.6198608860074122,-0.7131637930870056,0.008985337801277637,0.06765743345022202,0.4356200098991394,0.08544514883776855,0.0397462064291102,0.02690180204808712,0.14598190784454346,-0.03743445500731468,0.02976316027343273,-0.2339148014456205,-0.1469690405664542,0.3715369999408722,0.03287874907255173,0.016216428950428963,0.11874327808618546,0.11204491555690765,0.9774461388587952,0.01821623370051384,-0.23067235946655273,0.8837732076644897,-0.4081869717413316,-2.48936250795719,0.8367729262225558,-0.37166967707166,-2.3953835820376623,1.3458592583451139,-0.4498786513313024,-2.176260168577759,0.02957886241287779,-0.3882189307555552,-2.5400420536023014,-0.001043983537174574,-0.47861699487154885,-2.3437820459221683,0.026334140303439835,-0.43338258738636015,-2.7039329819099067,-0.0009560164628253376,-0.49087653777172874,-2.3289275754612184,0.42264627324777565,-0.3493493427934277,-2.5908681128196926,0.38334698941373246,-0.6132526003945764,-2.473312319409605,0.7098576322331701,-0.20964542819891027,-2.364363396616311,0.6871981803313083,-0.5689598009388581,-2.5124886275555576,0.8843939579668036,-0.22008935036048827,-2.4451809704276464,0.8524828089490366,-0.49135201680669993,-2.4615028422318277,1.0582814252344712,-0.29356215258007534,-2.4349267916965465,1.0397054179358192,-0.5048073267978893,-2.5114387143899823,0.682950268366452,-0.3752135129950871,-2.523166559696993,0.6862837163683922
0.8999999999999999,0,0-ACCAD_Female1Walking_c3d_B9 - walk turn left (90)_poses,25,-0.40943060046993196,-2.4887974800076336,0.7602572180498807,0.781472368605784,-0.05457509327317121,0.0668327655376192,0.6179448824535114,-0.7188692092895508,-0.0008638925501145422,0.08231019973754883,0.3898373246192932,0.13771499137281928,0.058195763202451234,0.04698023572564125,0.1415286511182785,-0.03763486072421074,0.030690515413880348,-0.2556167880946667,-0.1415113444729359,0.3841131627559662,0.0327640138566494,0.012031543999910355,0.1314384937286377,0.10269568115472794,0.9857127666473389,0.021467817947268486,-0.23260292410850525,0.8839558959007263,-0.4066550664717951,-2.4762052960799457,0.8341404591466034,-0.3697709658595026,-2.38398746423188,1.3435384213892845,-0.4348785759926687,-2.148873574687424,0.029736439470840835,-0.38642354085074787,-2.540598474425084,-0.001039199670560386,-0.46365737514855154,-2.31639605245768,0.02690798391003904,-0.4328632309198728,-2.7041324129205133,-0.0009608003294395984,-0.4851983007932782,-2.317362002784959,0.4205295210309226,-0.3482680432797597,-2.583998469828416,0.381825546223961,-0.6084155740137389,-2.466953604398309,0.7066930646459882,-0.20842943127672392,-2.3503597621164785,0.684587914068394,-0.565071401137737,-2.5029352312680246,0.8821529444181798,-0.21838777515327434,-2.4313769689899325,0.8498047648489016,-0.48955804585404594,-2.4498736429336483,1.055950702541366,-0.292003148663727,-2.4218000015564853,1.0370796094106276,-0.503324516400398,-2.4980584579076557,0.6802086802516829,-0.37364906596017844,-2.5098092747516665,0.68359169535526
0.9333333333333332,0,0-ACCAD_Female1Walking_c3d_B9 - walk turn left (90)_poses,26,-0.40701854950748384,-2.473220878979191,0.7569934423476539,0.7836285821023922,-0.05476897569129501,0.06636482188790642,0.6152416720522978,-0.7217611074447632,-0.00881259050220251,0.09687657654285431,0.3537275195121765,0.1778120923366473,0.07609544755987252,0.06921488046646118,0.1376754194498062,-0.03779492527246475,0.03320524841547012,-0.2799666613404457,-0.13588276145525724,0.3961467146873474,0.033019810914993286,0.007763816975057125,0.1431184560060501,0.09358232468366623,0.9933559894561768,0.025041555985808372,-0.23419615626335144,0.8846743702888489,-0.40427216724299475,-2.4606585381670003,0.8308828528052807,-0.3671080234471721,-2.3707775890852125,1.340695345130495,-0.4197362085669736,-2.122649110293802,0.029124483995942724,-0.38402118512688715,-2.53965208769721,-0.0010257554423164852,-0.4487047385519671,-2.2901437365889152,0.026599720092330473,-0.43205257541687403,-2.7027256382608735,-0.0009742445576834402,-0.4784776295417157,-2.302972068705074,0.41740692868220586,-0.3464282502003034,-2.574877265780299,0.3798964087038059,-0.6026049983700135,-2.457018798965212,0.7028628721359133,-0.2059727095253437,-2.3345624553527915,0.6815346754831492,-0.5604516992020667,-2.490394260833196,0.8791261471495257,-0.2157620625447388,-2.4157609775800437,0.8466725959004177,-0.4869741732664189,-2.4358462492700927,1.0529544813329723,-0.2895756713279595,-2.4067745498104713,1.0339583600714763,-0.5008632786431527,-2.4818904116239224,0.6767600148357386,-0.3711330887208546,-2.4939392855675124,0.6802534472455952
0.9666666666666666,0,0-ACCAD_Female1Walking_c3d_B9 - walk turn left (90)_poses,27,-0.40442091948352754,-2.457504326244816,0.7533019737916401,0.7870521691119785,-0.054299466824981345,0.06592264547029739,0.610945706108857,-0.7220634818077087,-0.01420240942388773,0.11074800044298172,0.32999110221862793,0.20301895053807106,0.09080839058494761,0.09167201817035675,0.13391342759132385,-0.03779562562704086,0.03817903250455856,-0.3063022515309628,-0.13118225197982114,0.4077301621437073,0.033271174877882004,0.0040650879964232445,0.15378756821155548,0.08450175076723099,1.0004433393478394,0.0284986961632967,-0.2354685664176941,0.8855806589126587,-0.4016143392319863,-2.4450525756950703,0.8272078396991481,-0.3635786659744896,-2.3578501798859772,1.337436489380748,-0.4060236675493486,-2.100387437797554,0.027431125286320187,-0.3826217326255435,-2.53869853336588,-0.0010022513439616049,-0.4356745586877305,-2.2677652143055727,0.02508493988624538,-0.43284953889470146,-2.7011090239664375,-0.0009977486560383796,-0.47175818256109003,-2.2877143192677716,0.41371051774391,-0.34512277423109033,-2.565420556223012,0.37751991525414685,-0.5965446325760868,-2.4455582044350104,0.6987389703572852,-0.2028268363365226,-2.319548664909377,0.6780072324470056,-0.5556969793607857,-2.476877370919425,0.875685694660653,-0.21271406593734143,-2.4009230857540986,0.8430527126249701,-0.483922593471176,-2.4214538022049554,1.0495675131914632,-0.28655783170478366,-2.3922723088137623,1.030390022314007,-0.4982726050909373,-2.4650644820157894,0.6729581620919951,-0.36854909358230953,-2.478005302606162,0.6764369367229095
0.9999999999999999,0,0-ACCAD_Female1Walking_c3d_B9 - walk turn left (90)_poses,28,-0.40161595470272005,-2.4398468078579754,0.7489892216938867,0.791926103910261,-0.05401235144496379,0.06436151638396674,0.6048084879080787,-0.7182757258415222,-0.01667976938188076,0.12322908639907837,0.3199637830257416,0.2111759757099314,0.1040363206573609,0.11442586034536362,0.13066846132278442,-0.0377088226377964,0.04738123342394829,-0.33576177733445967,-0.12506679047567837,0.41893070936203003,0.03381267935037613,0.0005486663430929184,0.16335529088974,0.07658946514129639,1.0068284273147583,0.032121691852808,-0.23590129613876343,0.8866646885871887,-0.3988705892568316,-2.4275917804910003,0.822930260858908,-0.36065956070924154,-2.343639401086865,1.3337059857261881,-0.3921397922356046,-2.0813855447745424,0.023584456067304384,-0.38075480176937365,-2.536322317544785,-0.0009533169708202845,-0.4230393954824707,-2.2485380064204237,0.021289007329366817,-0.4338460815207138,-2.6978193989337194,-0.0010466830291797798,-0.46419134519003336,-2.270016708573014,0.4088610278808116,-0.3434518872167061,-2.5537244918056445,0.3746333399807172,-0.5905358488680574,-2.430702700252652,0.6937123598645872,-0.198894620612183,-2.303686793554431,0.6743341534098876,-0.5513552858196112,-2.4605976228263033,0.8712813360053824,-0.20953742580893725,-2.3852319599160183,0.8392483151570616,-0.48115221842673705,-2.4049653613367035,1.0454053177677185,-0.28363733650397016,-2.3766323562314473,1.026503012597687,-0.49527636129990976,-2.4457096705188275,0.6683607502041095,-0.36565718311769246,-2.460214516063106,0.6720512347246523
1.0333333333333332,0,0-ACCAD_Female1Walking_c3d_B9 - walk turn left (90)_poses,29,-0.3971098435577005,-2.4199052394833416,0.7440604492833205,0.7974662695724372,-0.0531629882788567,0.06260348457390173,0.5977474795352035,-0.7098547220230103,-0.015994740650057793,0.13362808525562286,0.32264018058776855,0.20273663666652686,0.11220473862494285,0.1364673227071762,0.1265963613986969,-0.03717344254255295,0.06295957416296005,-0.3701078291857607,-0.1189634790450067,0.42956414818763733,0.034339699894189835,-0.002851769095286727,0.17249731719493866,0.07116194814443588,1.013049840927124,0.036013346165418625,-0.23560960590839386,0.8878452181816101,-0.3943879247991297,-2.4079327247249065,0.8180486243427906,-0.3557832286550099,-2.327827901176929,1.3294274154531907,-0.37954864746927724,-2.065124018299259,0.017401882089381232,-0.37801070846543816,-2.532207779868192,-0.0008737195199741525,-0.411936243531227,-2.231993953290089,0.015063417318633011,-0.43418204494569645,-2.692659383696209,-0.0011262804800258527,-0.4556858008424378,-2.2497973137733753,0.4029595566463067,-0.34024051701927693,-2.539018420573277,0.3708810654583559,-0.5836599529366759,-2.4129362201951343,0.6882793881384563,-0.19310446492878902,-2.286222779382839,0.6700968388114144,-0.5458364623964035,-2.441722669607661,0.8663251353433197,-0.20464154571360404,-2.3679795259474745,0.8348460250379288,-0.47658445410430883,-2.3862542443529415,1.0406540519607859,-0.27884631937728577,-2.359318496489915,1.022045439391947,-0.49054717728472824,-2.4236739679801604,0.6632239649843281,-0.36111934650277705,-2.4401624405149045,0.667016166747052
1.0666666666666667,0,0-ACCAD_Female1Walking_c3d_B9 - walk turn left (90)_poses,30,-0.3928539527114481,-2.3980289043392986,0.7385627011482029,0.8040520269169965,-0.05229002998301335,0.06062441688684308,0.5891441002438839,-0.6965072154998779,-0.013103659264743328,0.14179393649101257,0.3348124325275421,0.1801545323222904,0.11678249549877628,0.1554395854473114,0.12040448933839798,-0.03586689755320549,0.08719369769096375,-0.4099508907925675,-0.11065204958305608,0.4383227527141571,0.03450390323996544,-0.00541147543117404,0.18168498575687408,0.06872180849313736,1.0196411609649658,0.04079069569706917,-0.23478315770626068,0.8892648220062256,-0.3901631293195792,-2.3863648410190486,0.8126012660744287,-0.35153273190072803,-2.3099898199419457,1.324559634595733,-0.368710656729257,-2.0519210144180664,0.00893756268364945,-0.3751634005834449,-2.5267501431067196,-0.0007444530402465066,-0.40315662228185467,-2.218376730138237,0.0064941713447588464,-0.43472857024306405,-2.6859724070851794,-0.0012555469597535195,-0.44753298614806813,-2.227893947962688,0.39577761072860906,-0.3367720957693518,-2.521468455388649,0.3661271780611718,-0.5779229604075539,-2.392568130584552,0.6822162661924549,-0.18687069586673616,-2.268421973728155,0.6653888233825499,-0.5413906884646069,-2.4201746180540833,0.8607179164942078,-0.19994194385992686,-2.3500150319762128,0.8301045771093798,-0.4725044685436981,-2.3650384426037454,1.0351946104716816,-0.2743931074294664,-2.3405838032865,1.0171379188220486,-0.4859519565200511,-2.3992448616678486,0.6575303714646988,-0.35687012923122385,-2.41836689637368,0.6614446709012911
1.1,0,0-ACCAD_Female1Walking_c3d_B9 - walk turn left (90)_poses,32,-0.3818081689532846,-2.345881992718205,0.7376151633924297,0.817867374301721,-0.048748386130285266,0.05273486898050511,0.570907686492405,-0.6548999547958374,-0.005581018049269915,0.1521737426519394,0.3699985444545746,0.11793804001500252,0.12085919417329005,0.18249651789665222,0.1102173700928688,-0.03363072872161865,0.17460201680660248,-0.5112015874167111,-0.09675663253793454,0.4436134696006775,0.032270774245262146,-0.006427024025470018,0.19651316106319427,0.07434188574552536,1.0324530601501465,0.05350011959671974,-0.2322390377521515,0.8927321434020996,-0.3795132738810819,-2.3353855242262602,0.811841557658925,-0.34499772993398564,-2.268528098454498,1.3254238140474346,-0.3472992589183252,-2.023155020410561,0.00035775124878219614,-0.36906644476157485,-2.504750266571694,0.012115882226679364,-0.38669781296914735,-2.1885042870702294,-0.0023577512487822985,-0.435444623806405,-2.6612494952058356,0.010727075684647019,-0.42870668780639365,-2.17587794780187,0.39023110295589625,-0.32539818591734054,-2.4707425835632137,0.36418624005551997,-0.5670230178712372,-2.34009604088213,0.6791044402564019,-0.16980531952757844,-2.2286449779246005,0.6680464997066656,-0.5333309242383124,-2.3668091811361767,0.8582993485785024,-0.1885488690829946,-2.3094943898778166,0.8325810436208567,-0.4640762887166854,-2.3142528571105876,1.0336599156745077,-0.2649224465918748,-2.2974352577512716,1.0185900643575385,-0.4735551925449492,-2.340906034277639,0.6560121011424432,-0.3455988814523256,-2.3661476199988405,0.6604321625217935
1.1333333333333335,0,0-ACCAD_Female1Walking_c3d_B9 - walk turn left (90)_poses,33,-0.3744682145770639,-2.3194084705319256,0.7430833202972373,0.8224502463296751,-0.04789442344518467,0.048904527502236554,0.5647035184102301,-0.6246592402458191,-0.0037124785594642162,0.15536078810691833,0.3871489465236664,0.07666411141288587,0.12221677883117954,0.18339045345783234,0.10633639991283417,-0.03312971815466881,0.23975983262062073,-0.5731438878776691,-0.09156028194120103,0.43781930208206177,0.03091871738433838,-0.005120617803186178,0.19803714752197266,0.08224321156740189,1.0360783338546753,0.061184316873550415,-0.22880800068378448,0.8945662379264832,-0.3724919058881951,-2.309357369665874,0.8173804910061327,-0.34110846874333056,-2.2453189147088444,1.331515157609372,-0.3389634384549171,-2.014697450347007,0.000416000583881148,-0.363772548604829,-2.4916723025572964,0.02616155823242787,-0.3798735674558638,-2.179677270672136,-0.002416000583881049,-0.43228934928360224,-2.647240090288502,0.02413388834710567,-0.4192030715778955,-2.1527916293735525,0.39172542237759916,-0.3156826284945217,-2.441026128395185,0.36767484348290025,-0.5615815751497121,-2.3110875148415166,0.6834146090590301,-0.16015523903296447,-2.209524954790939,0.6750613667638291,-0.528764979216721,-2.3381823615057344,0.8627146495492136,-0.18177721904240993,-2.2890348330303145,0.8398953239662176,-0.45857396754993107,-2.2873807578482284,1.0385487993845335,-0.2589938341973268,-2.2746028651926395,1.025256668997009,-0.4653752905407834,-2.311975414522185,0.6612952750753016,-0.3380660960801195,-2.339773385997344,0.6660118284172588
1.166666666666667,0,0-ACCAD_Female1Walking_c3d_B9 - walk turn left (90)_poses,34,-0.368401832645759,-2.289772325893864,0.7487978214531411,0.8251670999218002,-0.04765467105443085,0.044000470894824985,0.5611526067785604,-0.587981641292572,-0.004275964573025703,0.15793685615062714,0.40083974599838257,0.033294101523893005,0.12612995592359444,0.17307233810424805,0.10073515772819519,-0.03258487209677696,0.32039445638656616,-0.6392202049624571,-0.08300395639327174,0.4245937764644623,0.0288360845297575,-0.0033038780093193054,0.19489045441150665,0.09151427447795868,1.0370006561279297,0.06941919028759003,-0.22667770087718964,0.896077573299408,-0.36696690293434286,-2.28017021904579,0.8231667700863002,-0.3406632591484559,-2.2186971770620714,1.3378887828583859,-0.33280095501123946,-2.0058473905477356,0.0004565687345016653,-0.355609079015541,-2.4725645273859755,0.04086448202340196,-0.3743675022759686,-2.170661636832988,-0.0024565687345016983,-0.4250086390920581,-2.6277276646119,0.03801809705385981,-0.4115258390575948,-2.128717249873629,0.3925888384693478,-0.3038285827636291,-2.4044668223694226,0.37009592786582923,-0.5576564272829644,-2.2765556011365504,0.6873402192452196,-0.15123621145034163,-2.187588254157926,0.683159727732528,-0.5261743418932822,-2.3053094560835,0.8666211672831377,-0.17653851684826588,-2.2655983532460033,0.8481863376655524,-0.45537088163039946,-2.2571645807387153,1.0433398916559098,-0.2554162557702268,-2.2485739799279973,1.0325447967128702,-0.45826453011772905,-2.280331387242331,0.6667193430597782,-0.3316168446221639,-2.310225497582076,0.6719928871744228
1.2000000000000004,0,0-ACCAD_Female1Walking_c3d_B9 - walk turn left (90)_poses,35,-0.36121577746234834,-2.2600217403378338,0.754380638320736,0.8257489468899165,-0.047266226266781904,0.04097880693883725,0.5605580415501686,-0.5481128692626953,-0.006315918173640966,0.15999706089496613,0.4098285436630249,-0.011026952674024537,0.12736636814946845,0.14893051981925964,0.095058873295784,-0.032804936170578,0.4168400168418884,-0.7113016989046863,-0.07838975056386754,0.40395453572273254,0.02708623930811882,-0.0007180969114415348,0.18553590774536133,0.10097271203994751,1.034345269203186,0.07626200467348099,-0.22605492174625397,0.8962896466255188,-0.360114365945302,-2.250721584888941,0.828793634506191,-0.3372465449671863,-2.1903305568374263,1.3437947794306837,-0.3301221344041419,-1.9987676878733285,0.00047234473997153845,-0.3459382259325631,-2.4500085907762967,0.05644871301477889,-0.3712966868635086,-2.163679740294119,-0.002472344739971582,-0.4151068689034065,-2.6052544645076403,0.052651672198077384,-0.40529870853944044,-2.1067299525457415,0.39295840743907656,-0.2897459419276933,-2.3639329375737423,0.37098002429634813,-0.5527525990921572,-2.238980990004194,0.6917276489580338,-0.14122789597065022,-2.1651343308384527,0.6904479543388734,-0.5221073226440129,-2.2706978474388615,0.8706535335864293,-0.1697967399190205,-2.241577804084832,0.8556744072985973,-0.45007270875900474,-2.22600548667943,1.0481697039474294,-0.24988975608121639,-2.221706076838613,1.039198336592168,-0.4503646638686069,-2.2492840433978207,0.672354072249687,-0.32431916414681733,-2.280753352699828,0.6778337035949453
1.2333333333333338,0,0-ACCAD_Female1Walking_c3d_B9 - walk turn left (90)_poses,36,-0.35479111201129854,-2.2326472343411297,0.7591180564898597,0.8247557906824299,-0.04727378619665513,0.038136090619772064,0.5622176744524076,-0.5084338188171387,-0.009404382668435574,0.16142359375953674,0.41335251927375793,-0.05031851153296185,0.12925050353667722,0.10710018873214722,0.08911819756031036,-0.03355598449707031,0.527410626411438,-0.781559406587335,-0.07363989068483168,0.3768289089202881,0.026906650513410568,0.0031853748951107264,0.16741815209388733,0.10997577756643295,1.0267093181610107,0.0789608433842659,-0.22784452140331268,0.8946577310562134,-0.35405989149610806,-2.22358271737701,0.8335646806494907,-0.33395637538420453,-2.163076900810621,1.3486513440686856,-0.3288526695972464,-1.9931923948080883,0.00046532924544839815,-0.3332747375954124,-2.4232950853411417,0.07081681608014279,-0.36889180112736514,-2.1583840386255755,-0.002465329245448334,-0.40124434113367435,-2.579039052340144,0.06592296909998444,-0.40059242474261236,-2.088138672688777,0.3926989828446065,-0.2738483344835269,-2.3205041346332185,0.369962743804395,-0.5481579494137303,-2.199491279779111,0.69553003453208,-0.13158357200073684,-2.143732350312235,0.6969898341342565,-0.5185461234096622,-2.2362992606488583,0.8736532405136848,-0.16349015238426975,-2.2191563687991724,0.8620739089800135,-0.44519448566677894,-2.1965178333938447,1.0521645552257153,-0.24490019989096035,-2.1967552746716583,1.0447938288575547,-0.44329951730902145,-2.221160236764513,0.6771253876344634,-0.3178454343406351,-2.2539216905054547,0.6829236540587291
1.2666666666666673,0,0-ACCAD_Female1Walking_c3d_B9 - walk turn left (90)_poses,37,-0.34916470176540315,-2.208877378841862,0.762942921117821,0.8225858964098595,-0.047395716741204054,0.03570190273120545,0.5655364384401301,-0.4703119993209839,-0.014304231852293015,0.1623849868774414,0.41059088706970215,-0.08243179011175195,0.1321058841095566,0.04337100312113762,0.08156681060791016,-0.033326175063848495,0.6436193585395813,-0.8368508565178696,-0.06654678314533446,0.3444177508354187,0.028156237676739693,0.008479452691972256,0.14145059883594513,0.11800069361925125,1.0138258934020996,0.07838363945484161,-0.2329963594675064,0.8921329379081726,-0.3487801202426209,-2.200000712583208,0.8374147741442148,-0.3303739601078181,-2.138337078050304,1.3524077471297136,-0.3279497950491586,-1.989481831526922,0.0004324057554873015,-0.3161003770857092,-2.3899054735914818,0.08138366844530484,-0.3664004867993274,-2.1550515665600494,-0.0024324057554872165,-0.38186690313050875,-2.5465514491751966,0.07531717148043071,-0.39700681936951554,-2.0738408486491977,0.3920355790765048,-0.25603696604827386,-2.274398237388573,0.36793086056706215,-0.5433718865235171,-2.1595811091581036,0.6989980207614408,-0.12192772034747457,-2.1251680233108954,0.7025662622970714,-0.5151759712915114,-2.2034976065719336,0.8757348189198852,-0.1573638815729815,-2.199833032205598,0.8672750329455163,-0.4405414222714127,-2.1699931142216125,1.0553258480445558,-0.24026867224961582,-2.1750564814029194,1.0492125174061764,-0.4371597429963142,-2.197066186874528,0.681004887173797,-0.31233559300993213,-2.2311103294791437,0.6871280691330395
1.3000000000000007,0,0-ACCAD_Female1Walking_c3d_B9 - walk turn left (90)_poses,38,-0.34617156512103975,-2.1855578960385174,0.7662540517162332,0.8176006572918887,-0.04919298470918511,0.03330454824463291,0.5727128621896791,-0.43340572714805603,-0.02148573286831379,0.1630999743938446,0.40116190910339355,-0.108999966834189,0.13898200395319238,-0.041107699275016785,0.07281286269426346,-0.030391743406653404,0.7481750249862671,-0.8613957290971062,-0.051095155066295805,0.30855056643486023,0.0304160974919796,0.013938483782112598,0.10938052833080292,0.12559419870376587,0.9962847828865051,0.07553650438785553,-0.2395648956298828,0.8889167308807373,-0.34631311030156414,-2.1766637720712927,0.8407246803144766,-0.3301640239211154,-2.112293829362661,1.3554436809747177,-0.3284082482955157,-1.9861428862755623,0.000365596805191791,-0.2934947408988219,-2.345083397482696,0.08643034052162063,-0.3638127535315767,-2.1523928835400805,-0.0023655968051918275,-0.3549739159841737,-2.5034151962769466,0.07926427316207971,-0.39608459296936305,-2.0619202374572363,0.39099339759188756,-0.2378400899107184,-2.223126327843097,0.3677249938529389,-0.5403889431851163,-2.118372395363892,0.7022728321844562,-0.11510196736175013,-2.1050071481800536,0.7078463965430988,-0.5141092831369857,-2.1705714952532325,0.8770418158247621,-0.1538414959968329,-2.1790966077868608,0.8720705272318345,-0.4388864821994113,-2.143666491698484,1.0577999136393732,-0.23870039554458855,-2.15235143946967,1.0530789717800013,-0.43367394058224157,-2.1745057929137612,0.6841875302421244,-0.30929992895499503,-2.209114052897533,0.6908638780509503
1.3333333333333341,0,0-ACCAD_Female1Walking_c3d_B9 - walk turn left (90)_poses,39,-0.34044996625743806,-2.1637473644223064,0.7692493326970165,0.8171066291949571,-0.04944847898112326,0.03440466884521994,0.5733305531835531,-0.39595136046409607,-0.028372108936309814,0.1628090739250183,0.3849514424800873,-0.131857957911371,0.13908674736597915,-0.13347817957401276,0.06274417042732239,-0.022555092349648476,0.829920768737793,-0.8575193374235823,-0.0375241132533779,0.2718583047389984,0.03159738704562187,0.019265612587332726,0.07379569858312607,0.1350414901971817,0.9757864475250244,0.06953801214694977,-0.24608446657657623,0.8842691779136658,-0.340485672380385,-2.154727875252275,0.843705007700232,-0.3226414149483228,-2.0873016052677604,1.35795791644099,-0.32739168426876025,-1.9840750995173388,0.0002787106591870432,-0.2708239468089198,-2.2951549203612407,0.08709992999008054,-0.3624858919566256,-2.1503936378194815,-0.0022787106591869097,-0.32999294976719107,-2.454323891345703,0.0790832121659649,-0.392960582524964,-2.0518546251192715,0.3901782731910234,-0.2196050031036966,-2.1739184321085196,0.3701109042276663,-0.5330986143058254,-2.073647919130963,0.7069942627062773,-0.10462186321172834,-2.0891211271081533,0.7117604157079458,-0.5091530846332084,-2.135348188244549,0.8789804615833297,-0.14695254343217445,-2.1624351287481742,0.8754452802488357,-0.4320470510630573,-2.1169111494747366,1.060383873910605,-0.232281617858148,-2.132620269432873,1.0560043594859474,-0.42780838784380104,-2.1521181309566035,0.6875822519586279,-0.30444622243126285,-2.1895469404546746,0.6938998907259228
1.3666666666666676,0,0-ACCAD_Female1Walking_c3d_B9 - walk turn left (90)_poses,40,-0.33516538864932954,-2.1424465717282146,0.7720180744461198,0.8173354870794889,-0.05035742684304076,0.0366450145268227,0.572786150349859,-0.3570108115673065,-0.035155583173036575,0.1617162525653839,0.3621405363082886,-0.15176116047691535,0.13825662751170742,-0.22757643461227417,0.05620494857430458,-0.01258241105824709,0.8841899037361145,-0.8254747465597685,-0.02525485559567109,0.2360180914402008,0.03257257118821144,0.02452838607132435,0.03607012331485748,0.14783413708209991,0.9530596733093262,0.06160421296954155,-0.25115424394607544,0.8790175914764404,-0.3349993035291747,-2.1331242714086405,0.8464362653169313,-0.3147274290864758,-2.0615459920787016,1.360019619606741,-0.3271566539862249,-1.983304280969843,0.0001659885612694048,-0.24855345869799972,-2.240713584957079,0.08451707415153192,-0.36240514608743163,-2.1495935039738945,-0.0021659885612693892,-0.3056646254010128,-2.40060317892777,0.07593614310017385,-0.3906759591845545,-2.0438805872790358,0.38935122185169646,-0.20331782805975404,-2.126625206186495,0.3759773672767055,-0.5253370668158327,-2.0280696679140497,0.7123699453876033,-0.09507228599831072,-2.07372017803896,0.7151396904236469,-0.5041938052515539,-2.099464878867381,0.8809381824535523,-0.14077017410358422,-2.1460832295223438,0.8783415776887736,-0.4250943038391922,-2.089851994681185,1.062673773354138,-0.22604334382284844,-2.112957357418558,1.0585455256209797,-0.4224070564099275,-2.130145865337644,0.6907757308405895,-0.3001779120597138,-2.1708097792814085,0.69653591887968
1.400000000000001,0,0-ACCAD_Female1Walking_c3d_B9 - walk turn left (90)_poses,41,-0.33034578687511384,-2.1220374645199627,0.7743620921656853,0.8182322959805357,-0.051462334616474745,0.038594016529470546,0.5712775505989763,-0.31633424758911133,-0.04193340614438057,0.1600775122642517,0.33365097641944885,-0.16721593499294451,0.13792355850861726,-0.3214014172554016,0.0555080845952034,-0.0030731032602488995,0.9092086553573608,-0.7625291389918951,-0.0175186977235835,0.2010575234889984,0.03438202664256096,0.02950442209839821,-0.002833978971466422,0.16311512887477875,0.9282693862915039,0.05398714542388916,-0.25433260202407837,0.8744245767593384,-0.3300188477318816,-2.112414058603889,0.848741411666277,-0.3069748418750742,-2.037025638936782,1.3616471350107462,-0.32660045383924924,-1.9829057906627334,3.034734305992076e-05,-0.22693230130693232,-2.1804785679149785,0.07858444986004375,-0.3624108047839555,-2.149078508948942,-0.0020303473430600023,-0.2823586607133843,-2.3409458311844293,0.0697427248157084,-0.3887052853667473,-2.0375077231454224,0.3885776255227596,-0.1891383034888775,-2.081419558846843,0.3851347322257119,-0.5166424457191161,-1.982400706954399,0.71829707936654,-0.08665190713083523,-2.059910739393296,0.7179454579520729,-0.4991216908222216,-2.0638489208552633,0.8826709696422466,-0.13557002188624195,-2.131030554368011,0.880759935720198,-0.41831935497672634,-2.0637082114623033,1.0645157350623962,-0.22030232778008657,-2.0944770443440492,1.0606789703705737,-0.41734941365412087,-2.1088147861162665,0.6934345467241532,-0.2963697726858596,-2.1530153782150947,0.6985815257312551
1.4333333333333345,0,0-ACCAD_Female1Walking_c3d_B9 - walk turn left (90)_poses,42,-0.32553566223941743,-2.1008484901394695,0.7762178309237421,0.8180373000842315,-0.053173444712963036,0.040918125688128644,0.5712383630660927,-0.27462300658226013,-0.04803847894072533,0.15816569328308105,0.30080312490463257,-0.18049239055638644,0.13701448033815466,-0.41205963492393494,0.060307327657938004,0.004580305889248848,0.904891848564148,-0.6731084213693701,-0.015082267342971356,0.16671262681484222,0.03798610344529152,0.03441961482167244,-0.04176304489374161,0.17943769693374634,0.9019308686256409,0.04871045798063278,-0.25425323843955994,0.8714756965637207,-0.3250709860075166,-2.090817710496421,0.8505425746888713,-0.2983215214229309,-2.011135976404471,1.3626073802351686,-0.3271445260994182,-1.9820353666911237,-0.00012172909014817809,-0.20637287441384178,-2.1137848174492655,0.07079265213277827,-0.3628341572495967,-2.148237547149744,-0.0018782709098517716,-0.25959129041385504,-2.274999746626134,0.06198658553373314,-0.3875593482921089,-2.0316371582114283,0.38785424780278727,-0.17758424934058037,-2.037533314858411,0.3966532748978136,-0.5070549721229858,-1.9367808801951647,0.7247525203892058,-0.07992591986133543,-2.0455175545064206,0.7192698543850462,-0.4933903169605634,-2.0279085248783195,0.884341347623323,-0.130987180342992,-2.1146968648161177,0.8822622925754946,-0.41107834879361127,-2.0369068229261966,1.065928445255716,-0.21424289583517483,-2.074500168336063,1.062090510975188,-0.4123452919462884,-2.0871048926003843,0.695554497834636,-0.29243149397785256,-2.134315665700497,0.7000100698327656
1.466666666666668,0,0-ACCAD_Female1Walking_c3d_B9 - walk turn left (90)_poses,43,-0.3214304519351572,-2.081378990551457,0.777443292591927,0.8171789019716909,-0.0553019345856389,0.04342993134631425,0.5720788225993705,-0.23384632170200348,-0.053519029170274734,0.1566762775182724,0.2648566961288452,-0.1904795253163536,0.13601531011602763,-0.4962206780910492,0.0697374939918518,0.009129395708441734,0.8721387386322021,-0.5608897953045364,-0.01723229791608094,0.13326820731163025,0.043693624436855316,0.03859400004148483,-0.08043641597032547,0.19615763425827026,0.8744013905525208,0.0453680157661438,-0.25037020444869995,0.8697884678840637,-0.3208525082373971,-2.070873452825691,0.851701623156078,-0.2894188798826162,-1.9871809843170085,1.3628557905787817,-0.32852526595146486,-1.9820707318419464,-0.0002846574125398224,-0.18859286585901822,-2.0439213131041485,0.06247082443536932,-0.36359685958991805,-2.1484075481502716,-0.0017153425874599885,-0.23937936264933785,-2.205935829794771,0.05398388592546503,-0.3873667798887209,-2.027913514740058,0.38725786962891834,-0.16956463073013434,-1.9986053476593402,0.4092513491489769,-0.49714395990570726,-1.8936499600736874,0.7316862497553851,-0.0756957375627607,-2.0328463106609913,0.7190658803064234,-0.4876612577922409,-1.9941554875771954,0.8858559014577775,-0.12780270848559863,-2.099774229281371,0.8826662516218898,-0.40405787317491465,-2.012196844805357,1.0668342760724103,-0.2085217174351296,-2.056019850666743,1.0626700407549128,-0.4080794491338176,-2.0673923833643357,0.6969756643506373,-0.28904292388641784,-2.1171441074909487,0.7007295626161062
1.5000000000000013,0,0-ACCAD_Female1Walking_c3d_B9 - walk turn left (90)_poses,44,-0.31554690725170076,-2.0605159343685955,0.7779597154349316,0.8148654024914376,-0.05776017197188592,0.046246520745539185,0.574908164557765,-0.19288837909698486,-0.0575631745159626,0.1556738168001175,0.22801975905895233,-0.2006043167126481,0.1334351439916387,-0.5688450932502747,0.08230862021446228,0.009655047208070755,0.8134071826934814,-0.4336211145412041,-0.023646924640441047,0.10085875540971756,0.05102132260799408,0.04222019761800766,-0.11613674461841583,0.21290528774261475,0.8473156094551086,0.046129968017339706,-0.2436853051185608,0.8704348802566528,-0.31487522295846404,-2.0494677941474686,0.8521384687128382,-0.27809117091230723,-1.9618559669005529,1.3622810886389722,-0.3296056510344342,-1.98103216472042,-0.00044745010063744137,-0.17290183048351127,-1.9700925850840592,0.05505436412398417,-0.3630621601111614,-2.1477038202435885,-0.0015525498993625188,-0.22073013958439228,-2.133034064032973,0.047146944412643374,-0.3860917062227067,-2.0235203907780126,0.3866769197170642,-0.1631354068668091,-1.9624867533581185,0.4210131076062859,-0.48555994945784914,-1.851639763658673,0.7385292278344723,-0.07143613414441237,-2.019001504792081,0.7171932471793402,-0.4799384546315538,-1.9605065251067086,0.8871091432063103,-0.12336440742869713,-2.0829809595925233,0.882025428507256,-0.39501445092960563,-1.9866539673564407,1.067135980475079,-0.20070210882528727,-2.035559572184185,1.0623255311855788,-0.4021403927237618,-2.0467707934210306,0.6976676231481486,-0.28360989882711346,-2.0981966218586448,0.7007419408960085
1.5333333333333348,0,0-ACCAD_Female1Walking_c3d_B9 - walk turn left (90)_poses,45,-0.308804847067222,-2.0381258071865886,0.7774401950186496,0.8114058611713026,-0.0600805827901893,0.04969089886098181,0.579259584813955,-0.15161117911338806,-0.061306145042181015,0.1557392179965973,0.1923954337835312,-0.21319910991744218,0.12927313168693344,-0.6279641389846802,0.09670648723840714,0.005460476037114859,0.732628345489502,-0.2973666981162624,-0.03518786620829861,0.06919533014297485,0.059409093111753464,0.04489191249012947,-0.14841391146183014,0.22830341756343842,0.821696937084198,0.051094502210617065,-0.23472483456134796,0.8733960390090942,-0.30797726209618514,-2.0264957572173197,0.8515283657399464,-0.26500671703679135,-1.9354139563790271,1.3605901655592911,-0.33118965635348113,-1.9794794760654484,-0.0006018394141668257,-0.16190590119578654,-1.8940244146078364,0.0491344846600165,-0.36219408729218633,-2.1466263908881835,-0.001398160585833301,-0.20658845370823276,-2.0578932126935983,0.042029098329890185,-0.38445797278826643,-2.018166612964146,0.38594402576730374,-0.15920465489304947,-1.929377229200772,0.43007517161281866,-0.47308599387988276,-1.8106560188142207,0.7447186579346459,-0.0678889498604478,-2.0041432123051854,0.7134147656277521,-0.4709963239976041,-1.9268031658449276,0.8877747228902377,-0.11847715029282639,-2.064521045754972,0.8800128310699759,-0.3847306042817372,-1.960178573976023,1.0665671500521303,-0.19156085589985106,-2.0133128301965253,1.0607033606653298,-0.39551026524139726,-2.02496933484361,0.6973968850841235,-0.277151673315153,-2.0773246614958647,0.6997555436483064
1.5666666666666682,0,0-ACCAD_Female1Walking_c3d_B9 - walk turn left (90)_poses,46,-0.3028333855327219,-2.0175147594418377,0.7760918315574864,0.8069486655669303,-0.061422857060453986,0.052121675175139694,0.5851020549846142,-0.111223965883255,-0.06550640612840652,0.1571999192237854,0.159068301320076,-0.22470851915055468,0.12530389770599926,-0.6767222881317139,0.11042337864637375,-0.002829978009685874,0.6371142268180847,-0.15328843625427435,-0.049086972772995785,0.038058750331401825,0.06648442149162292,0.04482578486204147,-0.177324116230011,0.2408793717622757,0.7982666492462158,0.05751612037420273,-0.22638024389743805,0.8769556283950806,-0.3019152540816328,-2.0055055206726693,0.8501184160986066,-0.2543657480388281,-1.913571442506721,1.3586393577659484,-0.33274339723058627,-1.978116804848589,-0.0007446164425309217,-0.15513621303062178,-1.8177299347584501,0.04656039210993306,-0.36052498675169603,-2.1458306158500533,-0.0012553835574690905,-0.19656170337899087,-1.9824899430585818,0.040390431466812746,-0.3829199187716579,-2.013563196051528,0.3852115133731096,-0.15765317678941365,-1.9003893951528026,0.43691697471975066,-0.4611113525841048,-1.7739450907356005,0.7504217104891275,-0.06516126192486539,-1.990137431229504,0.7096317846390287,-0.4628102555850824,-1.8968345941048972,0.8877346665217211,-0.11447337637199996,-2.0476617575807574,0.8776164013476883,-0.37607869336975,-1.937229851123205,1.0653428051944982,-0.18389404804737416,-1.993729795132363,1.058634353117113,-0.3896881303388426,-2.0050533415164407,0.6962692414240357,-0.2711965472517301,-2.0576641171843426,0.6979094029063344
1.6000000000000016,0,0-ACCAD_Female1Walking_c3d_B9 - walk turn left (90)_poses,47,-0.2954732847865671,-1.9933871568646282,0.7733892247590779,0.8026527725164179,-0.06244391583365488,0.054709393133108054,0.5906404713953101,-0.06733329594135284,-0.06887821853160858,0.15938150882720947,0.1300847828388214,-0.24394990468466382,0.11922358413837075,-0.7160479426383972,0.12143512815237045,-0.013775266706943512,0.5395746231079102,-0.0166808660991542,-0.06418923663779263,0.00879887118935585,0.07257471978664398,0.04338185489177704,-0.19918397068977356,0.25024428963661194,0.779299795627594,0.06764188408851624,-0.21909941732883453,0.8825916647911072,-0.29441867345698397,-1.981022002276545,0.8473553707108329,-0.24276944896494396,-1.8890077487423411,1.3554850339382354,-0.33423873610223487,-1.9762497238107775,-0.0008659651295173584,-0.149358193532631,-1.7423915972641781,0.047247907827705875,-0.3587198085908456,-2.1444775610685314,-0.0011340348704826538,-0.18818383384169782,-1.9078154765503854,0.042002927704456024,-0.3802188383225589,-2.0060046593245993,0.3838840095019624,-0.15517712861499947,-1.870807726298718,0.4402926709383058,-0.4478436422089419,-1.7372806578372149,0.7537121648341745,-0.06119796899485748,-1.9738206334178146,0.7046269485422783,-0.4530730475416204,-1.8651906341349052,0.8862687772213313,-0.10915945462425493,-2.0278092755931674,0.8741689392597727,-0.3662301106348487,-1.9112505955399344,1.0628088478621245,-0.17501572326795228,-1.9708578175762086,1.0553107117590088,-0.3824909071880358,-1.981447517951277,0.6937904510093473,-0.26383826255514287,-2.0342752687166543,0.694761848386217
1.633333333333335,0,0-ACCAD_Female1Walking_c3d_B9 - walk turn left (90)_poses,48,-0.2877448273357004,-1.9671859086956829,0.7692216190418514,0.7982588597835805,-0.062393494743407316,0.056053390629811864,0.596446026048983,-0.01917070709168911,-0.07059906423091888,0.1617429107427597,0.10846712440252304,-0.2715796964070969,0.11078840099893439,-0.7443909049034119,0.12935180962085724,-0.025399234145879745,0.45503777265548706,0.09812264896306311,-0.07928824472208029,-0.01860787719488144,0.07786459475755692,0.04121354594826698,-0.21342158317565918,0.2550807297229767,0.7655826807022095,0.08132679760456085,-0.21259406208992004,0.8906113505363464,-0.2866152127806788,-1.9547000613867567,0.8431663794237423,-0.2319046138469135,-1.8644286438533892,1.3513128234145912,-0.33639433504131167,-1.9744328720486457,-0.0009500189168108776,-0.14500819651231955,-1.673288692327241,0.04977039764319767,-0.35743894898438117,-2.143125237707417,-0.001049981083189197,-0.1815449956927981,-1.8392554563522727,0.045287592192944405,-0.37711861990328843,-1.9958901850810367,0.38174593057878514,-0.1521487643287695,-1.840303368223631,0.4403023370835657,-0.4347373927653488,-1.7025056968945442,0.7544336301111884,-0.057143942260549224,-1.956196281911188,0.6985182313859237,-0.44305752963467615,-1.8339856668770447,0.8832876444842164,-0.10366755470232945,-2.006388184616415,0.8696202202474334,-0.35659116634348254,-1.8844535024583848,1.0589963890937335,-0.16623226277146308,-1.946647665108613,1.0507769692178817,-0.37485559368429444,-1.9554641869283866,0.68975961870566,-0.2559513810321897,-2.0083075814016027,0.69016379882823
1.6666666666666685,0,0-ACCAD_Female1Walking_c3d_B9 - walk turn left (90)_poses,49,-0.2802128267940134,-1.9390909017529339,0.7635021812569562,0.7922145287056727,-0.061644649653564136,0.05585872311503165,0.6045460120856777,0.030000898987054825,-0.07087833434343338,0.1641634702682495,0.09760027378797531,-0.30803816223398317,0.10131547841370736,-0.7604659199714661,0.13472621142864227,-0.0360543392598629,0.3938491940498352,0.17900211474546435,-0.09308027255720519,-0.044176116585731506,0.08215148001909256,0.03817320242524147,-0.22144897282123566,0.25515514612197876,0.7567995190620422,0.09676368534564972,-0.20736907422542572,0.9002813100814819,-0.2791650670601842,-1.9267001584471466,0.8374641422901133,-0.22321939301253832,-1.8396089396186883,1.3460561034331175,-0.3384202535378622,-1.9723482071234189,-0.000982531306104293,-0.14432832986434985,-1.613882353256379,0.0508616059812952,-0.35511597448756627,-2.1415263726216547,-0.0010174686938956637,-0.17787655905937516,-1.780492021470464,0.04689489758886016,-0.37341713611325844,-1.9829208156753135,0.37846373997236726,-0.14959283939651327,-1.8080429173181192,0.4369499892693836,-0.42370128142640595,-1.6699535626592545,0.7524622740839791,-0.05318096727054609,-1.9355619935498563,0.6914352543101687,-0.4340816113994974,-1.8039232819300328,0.8785730478994097,-0.09818750890976251,-1.9823171408184357,0.863911141371923,-0.3483412668654867,-1.857313953029642,1.0537759667605502,-0.158365278801877,-1.9205945454164637,1.045008100062878,-0.3673999340162858,-1.9278293693103534,0.6840487531344019,-0.2478618866420168,-1.9797668621598916,0.6840839909417847
1.700000000000002,0,0-ACCAD_Female1Walking_c3d_B9 - walk turn left (90)_poses,50,-0.27233505970798433,-1.9085856021847576,0.7561349422617085,0.7868369150020561,-0.05992436888047506,0.05492965119293872,0.6117838446903825,0.07720160484313965,-0.06944037228822708,0.16647884249687195,0.10040471702814102,-0.35411884964396156,0.09023329256622736,-0.7638418674468994,0.1380934864282608,-0.04519876837730408,0.3598598837852478,0.22087607707240853,-0.10555330917135852,-0.06549028307199478,0.08549053966999054,0.034798912703990936,-0.22094497084617615,0.2507745027542114,0.7542344331741333,0.11324391514062881,-0.20314572751522064,0.9112929701805115,-0.27135107223261695,-1.8964722353741061,0.8301437127768233,-0.2146275390217595,-1.8137350768653828,1.3393997782204419,-0.3400629044187399,-1.9684848538749453,-0.0009469810776315535,-0.14498756287496134,-1.5662211681773748,0.04739040185008235,-0.35291500245722907,-2.1379983115471446,-0.0010530189223684518,-0.17614320633530425,-1.7333007115900683,0.04368202571249089,-0.36905043406480736,-1.9651466111337823,0.3736585456090417,-0.14626982266997868,-1.7745973856647104,0.43015973875844243,-0.41349920603659196,-1.6389743895791793,0.7471180447915281,-0.048772843125835005,-1.9124941352146192,0.6828620453781485,-0.4249954904644776,-1.7739145678201265,0.8720922339060114,-0.09220323857524804,-1.9559047946577581,0.8566115190521356,-0.3400108705894137,-1.8286447831534112,1.0470757286913437,-0.15028400470136943,-1.8925784570731814,1.0376743139350098,-0.35959091274471455,-1.8974539993695394,0.6766569656886849,-0.23944722676737745,-1.948427835260182,0.6764397556640304
1.7333333333333354,0,0-ACCAD_Female1Walking_c3d_B9 - walk turn left (90)_poses,51,-0.2646571171935648,-1.8761128725018352,0.7467873534755625,0.7827616635067459,-0.05824840912095275,0.05426832106507822,0.6172084334386622,0.11950566619634628,-0.06585896760225296,0.16861437261104584,0.11846836656332016,-0.41140837425385124,0.07777719642445358,-0.7552382946014404,0.14029677212238312,-0.05307354778051376,0.35276558995246887,0.2220826416491941,-0.11616456685670984,-0.08080777525901794,0.08815567940473557,0.03128943592309952,-0.21060702204704285,0.24215544760227203,0.7585086226463318,0.13004344701766968,-0.19949421286582947,0.9232966899871826,-0.26367795440424757,-1.864249449444326,0.8208366643001108,-0.2061613306668626,-1.7855632479139227,1.3306678026526277,-0.3420423836895394,-1.963633820902442,-0.0008355946087901453,-0.1465481516028292,-1.532054529171461,0.03719891388487544,-0.35197786877602366,-2.1333429191251523,-0.001164405391209905,-0.17631875839958025,-1.699387082729851,0.03352094017890471,-0.3648717090576731,-1.9430059599461316,0.36669850854092906,-0.14255400564282603,-1.7414038192933696,0.4195028769963753,-0.404904329241427,-1.610308618258675,0.7370773212379209,-0.044556304880574986,-1.8874575865365892,0.6722917134684843,-0.41634318056246783,-1.7441868743783993,0.8631936541332472,-0.08623417011572918,-1.9272707197815038,0.8473272360769855,-0.33187905008402196,-1.7979939098741453,1.0383714414411527,-0.14230894293433127,-1.862288362434301,1.0282926148604092,-0.35198061959433957,-1.8648782789853318,0.6672639950151359,-0.23136959844518482,-1.9150546026136863,0.6670039132393273
1.7666666666666688,0,0-ACCAD_Female1Walking_c3d_B9 - walk turn left (90)_poses,52,-0.25702143437229097,-1.841932708164677,0.7356047996085655,0.7808280861559286,-0.05662989748984997,0.05314777016386862,0.6198998863582469,0.15542644262313843,-0.06048908457159996,0.17074914276599884,0.1530822217464447,-0.47892055119828303,0.06589259506142209,-0.7401787638664246,0.1408640593290329,-0.05972358584403992,0.36703139543533325,0.1951623090567316,-0.12296057202598021,-0.0891290232539177,0.09016470611095428,0.028727013617753983,-0.19034402072429657,0.22823746502399445,0.7697440385818481,0.14533023536205292,-0.19576005637645721,0.9352852702140808,-0.2560622736759802,-1.8303580314905297,0.8097000549941001,-0.1980543022548599,-1.7553984832347131,1.320053698000972,-0.3433747379738321,-1.9564637468402686,-0.0006463684357864326,-0.14553692967570744,-1.5066417859239627,0.02235886376031233,-0.35173346512429693,-2.126256654405017,-0.0013536315642137496,-0.17527403712453676,-1.6739773899912718,0.01855097037872614,-0.3604447262081245,-1.9157712920281948,0.35714451097930694,-0.13713075021507015,-1.7077409723246022,0.40634168953999467,-0.39711870952539446,-1.5842990327127076,0.7222920344847165,-0.04029876863634811,-1.8602017499371448,0.6600969281639953,-0.4077320705127621,-1.7149202888362836,0.8518490035038283,-0.08028398302670664,-1.8965949090004017,0.8362681085758936,-0.32394995635303814,-1.7655409715732464,1.027745567222534,-0.13452078761735448,-1.8301620416342135,1.0171204913977006,-0.34427942691204927,-1.830117635864822,0.655934877943282,-0.22347606373545797,-1.8800323000221189,0.6558522918806734
1.8000000000000023,0,0-ACCAD_Female1Walking_c3d_B9 - walk turn left (90)_poses,53,-0.24996779090724885,-1.805184775730595,0.7230525794878607,0.780370132352233,-0.05496257527880227,0.05060856432072773,0.6208384210635447,0.18345801532268524,-0.05382450297474861,0.17318707704544067,0.20501314103603363,-0.554653031191116,0.05657928568907189,-0.7240215539932251,0.13849253952503204,-0.0650363638997078,0.39354220032691956,0.1566742273785049,-0.12416714318076305,-0.0890635997056961,0.09181136637926102,0.02760424092411995,-0.16034500300884247,0.21025577187538147,0.7877170443534851,0.15841852128505707,-0.19248183071613312,0.9467686414718628,-0.24916221086973211,-1.7940381417341082,0.7972152627682783,-0.19151752973836236,-1.7227755527575181,1.3081499111009212,-0.3434841146369539,-1.9443734421406058,-0.0003800192395965636,-0.14064413218755142,-1.4824198350099005,0.005916375800631413,-0.3511373465247337,-2.114196557578696,-0.0016199807604033757,-0.17124900616945646,-1.6495939477746397,0.001896710407361342,-0.3556731480541183,-1.8819452957303338,0.3448057489711467,-0.12996797738874624,-1.6712279871299518,0.3922177874961428,-0.39185260312657727,-1.56060290208574,0.7038551318715756,-0.036136827004730615,-1.8287219569205624,0.6468728302801384,-0.40039758025300776,-1.685868061114668,0.8387446700260756,-0.07460745178387697,-1.86238156235005,0.8239225583104336,-0.317235489039025,-1.731001781991879,1.0157051249077822,-0.12767772221719548,-1.795182178160199,1.0047090035371151,-0.3369589987853285,-1.7924464460246705,0.6430814168042237,-0.21613195147985753,-1.8424196386190517,0.643362073380492
1.8333333333333357,0,0-ACCAD_Female1Walking_c3d_B9 - walk turn left (90)_poses,54,-0.24618662125431,-1.7672176898922771,0.7228210091644964,0.7808083382051997,-0.05506987984706519,0.046333693878357216,0.6206116629055974,0.19884921610355377,-0.045316822826862335,0.17613635957241058,0.2732941210269928,-0.6351009561125527,0.05367935822763015,-0.7027602791786194,0.13467107713222504,-0.06967570632696152,0.4259370267391205,0.10736677070147649,-0.1187315367445152,-0.07882874459028244,0.09319942444562912,0.027469314634799957,-0.12081027776002884,0.1908855438232422,0.8119058012962341,0.16878117620944977,-0.18973752856254578,0.9569543600082397,-0.24588651253248453,-1.7564545520660342,0.7970440837362789,-0.19095930890448756,-1.687638274618726,1.308619130666005,-0.3430058619664325,-1.9272514043480944,0.012631655784637295,-0.1345683340251771,-1.4625095402553725,0.0011315442040788076,-0.35044849275149353,-2.0970777486118557,0.010729015250089066,-0.1666531685482946,-1.629399891896348,-0.0031315442040788267,-0.35202692488067244,-1.842817011896498,0.3426270854455998,-0.12379252072391228,-1.6349580320421881,0.3900540068561514,-0.39290033967511395,-1.541000655033202,0.6953473061966206,-0.03427504668043968,-1.7934550448251174,0.6468810694424445,-0.3979634649333923,-1.6584696786144966,0.8372450069026025,-0.0718632017799119,-1.8250543148077423,0.8244991454846968,-0.315396902326764,-1.6953574387060006,1.0156134499040854,-0.12519362420476798,-1.7576706565217146,1.00503229793003,-0.33253598391335853,-1.7536750002364352,0.6421952013055517,-0.21172656987649938,-1.803617849693183,0.6434612900918877
1.8666666666666691,0,0-ACCAD_Female1Walking_c3d_B9 - walk turn left (90)_poses,55,-0.238834805553779,-1.7268946708645672,0.7289325939750496,0.7820399884492931,-0.05505852927321717,0.04338648085614973,0.6192734679440245,0.19670049846172333,-0.03289690241217613,0.1794835478067398,0.3568026125431061,-0.7153006947531861,0.0472393104297405,-0.671328604221344,0.1337614804506302,-0.07509010285139084,0.45736509561538696,0.047006830097040986,-0.11808795560554086,-0.05830583721399307,0.09246005117893219,0.02816196158528328,-0.07402526587247849,0.17126235365867615,0.8408006429672241,0.17502479255199432,-0.1865960657596588,0.9645166993141174,-0.2388597540600776,-1.7164057606557868,0.803195519720028,-0.1863777655097754,-1.6481040062206949,1.3150906489184937,-0.3406169860422353,-1.9010772366813709,0.031603200444121515,-0.12855155700669982,-1.4469638222359509,0.0012502600866344145,-0.3484270612694065,-2.070875809100934,0.028874184279956475,-0.1626856101889974,-1.613440882912544,-0.003250260086634354,-0.3455964961993801,-1.7962017212852093,0.3449163488392248,-0.11561221489027165,-1.5995177575196649,0.3921166758038094,-0.39264428414939256,-1.523874978432675,0.6923668838417378,-0.02825810705170529,-1.7525854179574234,0.6530327790727083,-0.3925952268255997,-1.6310065792862158,0.8423081453280435,-0.06469156580757124,-1.7830532111496786,0.8310886154422212,-0.3099588081225966,-1.657115686341398,1.0217595311730006,-0.11868931294631904,-1.7161265265305565,1.0114694458875635,-0.32475874983632275,-1.712819485158725,0.6479576921166909,-0.20397050163065555,-1.7624610259989857,0.6500175706950674
1.9000000000000026,0,0-ACCAD_Female1Walking_c3d_B9 - walk turn left (90)_poses,56,-0.23198988265357912,-1.6895232738461345,0.7365600353428519,0.783916458604253,-0.05370679748895212,0.04384860435058347,0.6169828731248164,0.17158852517604828,-0.017073864117264748,0.1841222196817398,0.454499751329422,-0.789896329997775,0.03139199345786392,-0.6275390386581421,0.13417918980121613,-0.08045556396245956,0.4814051687717438,-0.021428445454221956,-0.12504139941263726,-0.028357408940792084,0.08799529820680618,0.02921132929623127,-0.027313297614455223,0.15249578654766083,0.8701079487800598,0.17356182634830475,-0.18374036252498627,0.9673413634300232,-0.23180426239115182,-1.6791499517883468,0.8108389673128499,-0.18004218455325688,-1.6091852197036245,1.3225614891330657,-0.3421543385904153,-1.8684583662155947,0.050631954537969544,-0.1290633927480217,-1.4411651489514121,0.0013262155657199938,-0.3506292418478495,-2.038206189042203,0.04691003831059938,-0.16600117782324358,-1.6070384587945086,-0.00332621556572011,-0.3417053092596846,-1.7461881244655495,0.3472459840337855,-0.11102074054384484,-1.571459704783766,0.39270545949798313,-0.3933525613184444,-1.511782542616062,0.6922311421562004,-0.0218037742906438,-1.7099771088099436,0.6599429355826106,-0.3872674030159231,-1.607222972200033,0.8497546624743687,-0.056600797513080184,-1.7410753494005937,0.8382169684959638,-0.30400879585388296,-1.6213863387280143,1.0295085227824723,-0.11138832889875971,-1.6757517969135125,1.0188343686580885,-0.3181312877107743,-1.6753787381468195,0.6559749908939078,-0.1972920832415584,-1.7242471271215654,0.6580589951795582
1.933333333333336,0,0-ACCAD_Female1Walking_c3d_B9 - walk turn left (90)_poses,57,-0.22690234309993684,-1.6541222871746868,0.7434869578155372,0.7889071818781366,-0.05054519329973821,0.043592294717433595,0.6108767090474618,0.1213293969631195,0.0033326740376651287,0.18966799974441528,0.5641880631446838,-0.8477728268838183,0.012370879534312818,-0.5755950808525085,0.13161467015743256,-0.08403120934963226,0.4920378625392914,-0.08028370673017715,-0.12975966381072812,0.012409145943820477,0.0818171426653862,0.030911490321159363,0.015462330542504787,0.1401137411594391,0.8966686129570007,0.16403861343860626,-0.1828298419713974,0.9652597904205322,-0.22637533414453387,-1.6441465396436274,0.8178186921068713,-0.17536445874731807,-1.5739542246325724,1.329556615136118,-0.34573745887117563,-1.8221578090393156,0.06405493418835317,-0.12804843806238117,-1.4370945979953311,0.0013379805785894289,-0.35630013472434247,-1.9917609820488285,0.05923896243530869,-0.16962776592752726,-1.6018650288424319,-0.0033379805785893127,-0.33938382865646105,-1.6878172772942686,0.34711252217712163,-0.10725649514912243,-1.5482763762958556,0.3920258919988435,-0.3957776232554864,-1.5001973110175537,0.6941869868531458,-0.015754522781234584,-1.665323583401088,0.666265146552443,-0.3838541468339111,-1.5848994806931713,0.857413631021416,-0.049515851539929434,-1.6997838174778432,0.8441196633688305,-0.2997087263284207,-1.5886303680583418,1.0367772732358476,-0.10580084863372602,-1.6380772042359255,1.0255109402047975,-0.31330610166142747,-1.6393452606625007,0.6635324103072052,-0.19267712807305942,-1.687855187052851,0.6653084023545648
1.9666666666666694,0,0-ACCAD_Female1Walking_c3d_B9 - walk turn left (90)_poses,58,-0.22182305878959596,-1.6216885389294475,0.7499715964795342,0.7929391105140711,-0.047325611732697476,0.04303847241419746,0.6059336130167498,0.04609151557087898,0.028173424303531647,0.1949368566274643,0.6748193502426147,-0.8805898526115579,-0.0072662070174212,-0.519878089427948,0.12410835176706314,-0.08501795679330826,0.48756054043769836,-0.12639967225907878,-0.12835620663217195,0.06059000641107559,0.07502281665802002,0.03260837495326996,0.05042072758078575,0.1346699297428131,0.9176870584487915,0.14838311076164246,-0.18507789075374603,0.9593589901924133,-0.22100545242030945,-1.6121478210953701,0.824357792934491,-0.17159579144595039,-1.5416094259741404,1.3361760773585207,-0.3463098839469621,-1.7648120059400043,0.07147916873708725,-0.12468719216492555,-1.4340032697869929,0.0012921558128114116,-0.358106301339729,-1.9342997993979232,0.06558574821404432,-0.17049809681485525,-1.5976502835149378,-0.0032921558128112052,-0.3356221931020497,-1.6247826391290763,0.34691903340185565,-0.1032988336221788,-1.5297274439071649,0.3909121678032507,-0.3991983715063319,-1.4898341539290705,0.6979779594457634,-0.008470065686516499,-1.6186124260846722,0.6725592490576336,-0.3812181327191153,-1.565517121653765,0.8650359242774518,-0.04140473742826241,-1.6585448266716594,0.8494215542127797,-0.296023030334073,-1.5598549198983762,1.043632758713523,-0.10049705616651679,-1.602296678735622,1.0317805254796883,-0.30869073897756166,-1.6071081975303583,0.6706884104292977,-0.18788818649895045,-1.654181761279128,0.6720947530593216
2.0000000000000027,0,0-ACCAD_Female1Walking_c3d_B9 - walk turn left (90)_poses,59,-0.21889562136493623,-1.59203808917664,0.756112381621621,0.7957722038152409,-0.045267635306276394,0.04351307660480575,0.602332178281384,-0.050490207970142365,0.05403873696923256,0.19942690432071686,0.7666500210762024,-0.8753871992515396,-0.020960035047506653,-0.4644092321395874,0.11290545016527176,-0.0840410441160202,0.46900123357772827,-0.16043782542165275,-0.12144817007772468,0.11090251803398132,0.06911806762218475,0.03225666284561157,0.07486278563737869,0.13410700857639313,0.93125981092453,0.12897968292236328,-0.1915946900844574,0.9510775208473206,-0.2177915698421996,-1.5827032813579982,0.8305209996253453,-0.16992025900829774,-1.5114297668871113,1.3423662910528875,-0.344911476456989,-1.6973556601737059,0.07212897270123171,-0.12167999143885477,-1.4321977874608018,0.0011996944269912525,-0.35686271055451996,-1.8667996141394232,0.06535295115390144,-0.17104573019563557,-1.594812882746291,-0.003199694426991216,-0.3322951090727861,-1.5601198478848899,0.3496292559283644,-0.10161601520039697,-1.515799736804048,0.38986453884711103,-0.4041658068364561,-1.4784616378559052,0.7032544253192039,-0.0026524292391143407,-1.5717066372597717,0.6788558534469036,-0.38059488767780947,-1.5475147009363965,0.8724751405209379,-0.034760066149358844,-1.6181571411813165,0.8542725417682904,-0.29443012819112147,-1.5340646668725215,1.0501650198571302,-0.09735907346981981,-1.5683739118953879,1.0375928284413654,-0.3064858316854118,-1.5787391761420084,0.6773939713883795,-0.18513283918667545,-1.6233922480017917,0.678558475870106
2.033333333333336,0,0-ACCAD_Female1Walking_c3d_B9 - walk turn left (90)_poses,60,-0.2152488303836435,-1.563658052822575,0.7614828459178212,0.7934178256159123,-0.04650984428907396,0.04489800558135382,0.6052347953265249,-0.157485231757164,0.0826670378446579,0.1999666690826416,0.8285969495773315,-0.8340567240925929,-0.029621246873902884,-0.40935736894607544,0.10301049053668976,-0.08312393724918365,0.43951401114463806,-0.1881763628873674,-0.11145905390541933,0.1594175100326538,0.0656149759888649,0.028538761660456657,0.0900455042719841,0.13721872866153717,0.9379186630249023,0.10815731436014175,-0.2034333050251007,0.9416892528533936,-0.2141278051025611,-1.5540467166109493,0.8358559964396747,-0.1687441613686989,-1.4803891288467455,1.3475931146449462,-0.3399251075321758,-1.6251586525497395,0.06763683208580053,-0.1195644966230166,-1.4314050377523249,0.0010683096926635861,-0.34918241581940823,-1.7947463623677293,0.060267237662474306,-0.1695398689818132,-1.5938407189854227,-0.0030683096926635914,-0.32836955532006346,-1.4987459751229175,0.3560790825657427,-0.10059164713414026,-1.5041808580451999,0.38884017528115017,-0.4088754424699748,-1.4668679063792938,0.7087217290707701,0.003948591550497559,-1.5221013519125441,0.6848932657835681,-0.3795073301813501,-1.5309203003080598,0.8789990587913322,-0.026872734950072526,-1.5754728475666828,0.858562760769169,-0.2927721146423337,-1.5098638645327622,1.055797062799342,-0.09413813177282498,-1.5331327712660958,1.0425575866453878,-0.3037314168620615,-1.5538734835484407,0.6828851932779075,-0.18100676076510022,-1.593773144503684,0.684420647678039
2.066666666666669,0,0-ACCAD_Female1Walking_c3d_B9 - walk turn left (90)_poses,61,-0.21329673356376588,-1.5357770265545696,0.7655590951793413,0.7887947685501373,-0.04918724325927662,0.04653675264526947,0.6109155087749215,-0.268113374710083,0.10849182307720184,0.19928252696990967,0.859234631061554,-0.7594264027443942,-0.02851208634657887,-0.3525758683681488,0.09673953801393509,-0.08284296840429306,0.40414825081825256,-0.2136973074558548,-0.10254223502662274,0.20435035228729248,0.0633552074432373,0.022790396586060524,0.10005251318216324,0.1415402591228485,0.9403470754623413,0.08671791851520538,-0.22144418954849243,0.9315317273139954,-0.21229792897012736,-1.525692726942369,0.8398713370424091,-0.1696665716838761,-1.449552783620652,1.3514962247465712,-0.3347612885699148,-1.5473057784654576,0.059409129991075796,-0.12098222468336307,-1.4315618568584134,0.0009102071473153332,-0.3397875191979419,-1.7170577391942758,0.05172740919455981,-0.1701355928218466,-1.5942558974230883,-0.002910207147315283,-0.3263015765498416,-1.4402654913420057,0.365907208915564,-0.1022691473158063,-1.4941224631034695,0.3875759021377037,-0.4143228456388578,-1.4542727260139392,0.7134605497115312,0.008862772910717125,-1.4714778287670052,0.690263699687716,-0.379548222399907,-1.5143758531935556,0.884158832907315,-0.02065186507081369,-1.532013617651296,0.8617975698508528,-0.29274709000250787,-1.4863304253635343,1.0601283813116116,-0.09313211202628023,-1.4978179908883953,1.0461970746298184,-0.30261503371929305,-1.5304480234722189,0.6867158678395843,-0.1783001613731865,-1.5645245128048562,0.6890186161592773
2.1000000000000023,0,0-ACCAD_Female1Walking_c3d_B9 - walk turn left (90)_poses,62,-0.21070540673099458,-1.5083376707043499,0.7682273018688964,0.7833810571065212,-0.05101734526061743,0.048770055278576314,0.6175215231531229,-0.37690311670303345,0.1278499811887741,0.19984818994998932,0.8598722815513611,-0.6559054575380849,-0.020037251458356886,-0.2950809895992279,0.09364145994186401,-0.08277704566717148,0.3665345013141632,-0.23756594488575877,-0.09829984324806917,0.24527134001255035,0.06157287582755089,0.016380980610847473,0.10784494131803513,0.14548130333423615,0.9406453371047974,0.06476662307977676,-0.24479669332504272,0.9205541610717773,-0.20970022242498818,-1.497825283602212,0.8424801086974989,-0.16842283774598782,-1.4201109897949475,1.3539984712083868,-0.3288718108811444,-1.463727646723497,0.04992755288224823,-0.12465339913027218,-1.431299866419391,0.0007341346844821003,-0.32902900267684465,-1.6335522992274916,0.04220986588180442,-0.17236231223327486,-1.5944311960839115,-0.002734134684482123,-0.32432973595477765,-1.3851151305238818,0.378739141150651,-0.10465596457761803,-1.4845527405713048,0.3859826499975248,-0.4178040788538196,-1.4409685427549765,0.7176247515865983,0.014063217186538529,-1.4207162866019494,0.69447135989011,-0.37778748637410886,-1.4977882545669439,0.8882991693535439,-0.013785775898663045,-1.4888417575088515,0.863417854384732,-0.29098401026101817,-1.4635283739000158,1.063326286679313,-0.09112816621138345,-1.4635485721187094,1.0481662704774728,-0.3009010343518328,-1.5075664099006003,0.6890847998177351,-0.1750856967975613,-1.5355359352894118,0.6920224273498358
2.1333333333333355,0,0-ACCAD_Female1Walking_c3d_B9 - walk turn left (90)_poses,63,-0.209672145312652,-1.4816567243542522,0.7694678466274806,0.7784724670767212,-0.05314965661997028,0.05056806829682069,0.6233767740888253,-0.4786096215248108,0.1399088352918625,0.2029866725206375,0.8321753740310669,-0.5309736594864911,-0.0025157919045132315,-0.24063323438167572,0.09130831062793732,-0.08198802173137665,0.32828301191329956,-0.25729305301350913,-0.09304095782897459,0.2822765111923218,0.06012260168790817,0.010909873060882092,0.11521900445222855,0.14722506701946259,0.9406588077545166,0.04209737852215767,-0.27129697799682617,0.9087572693824768,-0.20873710720345534,-1.4707219488142516,0.8436605442979667,-0.16888311528179079,-1.3912768362790298,1.3550432670626071,-0.322326676446819,-1.377007796534236,0.041091301291884076,-0.12805329734416707,-1.430135986692396,0.0005596802943369401,-0.31791347165437744,-1.5467860445722972,0.03361666975671603,-0.17429616020252947,-1.5936959672016284,-0.002559680294336883,-0.3228247901421006,-1.3351878094060625,0.3926461184027614,-0.10759710848526098,-1.4753955804212917,0.38452462074050964,-0.4207991246540837,-1.4274975639648677,0.7200119895766781,0.01728553127773387,-1.3711306082371741,0.6981014376789568,-0.3766090852659959,-1.4809315963092478,0.8907504117623921,-0.009056309399336278,-1.446840944867532,0.8640340039859657,-0.2905682036731777,-1.4408609261053018,1.06499019190399,-0.09106056518120029,-1.4305552441140656,1.0487827861260757,-0.30048191817362147,-1.485082761140802,0.6897321188239256,-0.17344406864134793,-1.5074078266456583,0.6935329342198212
2.1666666666666687,0,0-ACCAD_Female1Walking_c3d_B9 - walk turn left (90)_poses,64,-0.20926443464122713,-1.4538931192364544,0.7699471864574021,0.7744943240339032,-0.05408204508416714,0.05256483933028749,0.6280689548966439,-0.5679927468299866,0.14550210535526276,0.20899632573127747,0.7782872319221497,-0.39007768152881406,0.016752299806390814,-0.191804438829422,0.08826172351837158,-0.07998618483543396,0.2906557619571686,-0.2707409349451393,-0.08870220312891397,0.31512776017189026,0.058819908648729324,0.00736358854919672,0.12276088446378708,0.14559535682201385,0.9415246844291687,0.018645379692316055,-0.2984626591205597,0.896219789981842,-0.20825284721567078,-1.4426580321386069,0.8440939969672564,-0.16860155260524692,-1.361606344765246,1.3552510562622855,-0.3165385789504169,-1.286861765495401,0.035423943612516724,-0.131339870999699,-1.4240138166702025,0.0003888816310570059,-0.3083889446635976,-1.4565241271222096,0.02847653343280629,-0.17626779378426385,-1.587946015415671,-0.0023888816310571777,-0.32178118192420035,-1.2892032479402828,0.40688152686053997,-0.11075993657315308,-1.4635126295306988,0.3834210774205575,-0.42225376368969303,-1.4118776678701515,0.7216263713991293,0.01896031857240071,-1.3213940783226565,0.7012410509553026,-0.37475966258432014,-1.4618347642367941,0.8925303300629785,-0.005482698095566275,-1.4046867895039352,0.8637969718084346,-0.28989418855226956,-1.4165507655311023,1.0660005831400836,-0.09115575047491506,-1.397374314283904,1.0484654228004302,-0.30066340458473095,-1.4607715727620767,0.6896717197192082,-0.17269209986601156,-1.478306633742749,0.6940896797023018
2.200000000000002,0,0-ACCAD_Female1Walking_c3d_B9 - walk turn left (90)_poses,65,-0.209341756766662,-1.4259955228772014,0.7693629165349939,0.7719213665024168,-0.05541766589686185,0.05372491440971708,0.6310149917515858,-0.6413060426712036,0.14796626567840576,0.21653534471988678,0.7005458474159241,-0.24000709840789836,0.036888318663070296,-0.14589184522628784,0.08283239603042603,-0.07619030773639679,0.25772711634635925,-0.2850541214776654,-0.07965886216301521,0.3443338871002197,0.05818913131952286,0.005249153356999159,0.13100142776966095,0.14306484162807465,0.9438394904136658,-0.006079478655010462,-0.32507917284965515,0.8824479579925537,-0.20836645206302593,-1.414493626855614,0.8434692939167258,-0.16930204632744822,-1.3315690953536479,1.3543780282175666,-0.31048175368820247,-1.1973207098188248,0.03294752418802786,-0.13146580517662565,-1.4177164815741916,0.00024955736068297055,-0.2996935932135273,-1.3668657555084784,0.026775565368827102,-0.1754109472285275,-1.5819193406103471,-0.00224955736068291,-0.32010731338734444,-1.2488722784651811,0.4186583943542529,-0.11242269369746903,-1.4509631113739525,0.38229530019560304,-0.42286652501989286,-1.395071153268473,0.7216013128578216,0.01951164751766173,-1.2726513720072756,0.7042446047408175,-0.37314091758551726,-1.441262920425363,0.89292921139269,-0.00317131020102707,-1.3634605375414917,0.8629857244555269,-0.289873428316587,-1.3912080735171954,1.0657565403852725,-0.09205465313276415,-1.364794597124444,1.0472566660715987,-0.3010517922637939,-1.4354876114306583,0.6883791721690246,-0.17240616681839882,-1.449262824292058,0.6935823378937161
2.233333333333335,0,0-ACCAD_Female1Walking_c3d_B9 - walk turn left (90)_poses,66,-0.21063313609920442,-1.3961934389080852,0.7666622611401199,0.7711871841646423,-0.05651829008679329,0.05446936546317043,0.6317508196210868,-0.6978417038917542,0.14757271111011505,0.22562137246131897,0.6051408648490906,-0.08756779962644345,0.056824886060632296,-0.09670530259609222,0.0774451419711113,-0.07164257764816284,0.2353009134531021,-0.31261408807249547,-0.07009515472881167,0.3699408769607544,0.05823448672890663,0.0049900938756763935,0.141726553440094,0.14060834050178528,0.9490229487419128,-0.0307257492095232,-0.34907981753349304,0.8679680228233337,-0.20968804602587493,-1.3844938518188703,0.8407380768068756,-0.17089468948412695,-1.2994540795239555,1.3513208321474917,-0.30495476471578165,-1.1087271716805314,0.033107090796717004,-0.13310532541809034,-1.4142532767792029,0.00015761759145012377,-0.2928271406094645,-1.278212972620384,0.027864571048299577,-0.17680329952290869,-1.5785247799231823,-0.002157617591450195,-0.3184722440301915,-1.2115018071325885,0.42579668573873336,-0.11503618337635346,-1.4371964398423527,0.3797720900733758,-0.4238092836554409,-1.3759423338328345,0.719173129011917,0.018278060347534448,-1.2243107728923484,0.7054617652584672,-0.372635671379063,-1.4176277297565116,0.8912287984257475,-0.002669798075961613,-1.3221439177609382,0.8602177900095532,-0.2909236414817,-1.3629805572733114,1.0633033562596301,-0.09397605324859638,-1.3312046733003335,1.0439610299543558,-0.30254447626238007,-1.4073014956144116,0.6850027749632832,-0.1734016832540422,-1.41837828370123,0.6909034714117154
2.2666666666666684,0,0-ACCAD_Female1Walking_c3d_B9 - walk turn left (90)_poses,67,-0.2106220496352762,-1.365389877697453,0.7610147292114258,0.7685299617320895,-0.05705444472871296,0.054997837394682794,0.634887175912917,-0.7389803528785706,0.14125914871692657,0.23699091374874115,0.5075477957725525,0.051930400895704,0.07891473077613198,-0.043312009423971176,0.07397206872701645,-0.06726480275392532,0.22623580694198608,-0.3575993801270221,-0.06397320831487441,0.38915592432022095,0.05704959109425545,0.004914207383990288,0.15192118287086487,0.13486899435520172,0.9557944536209106,-0.05360480397939682,-0.3676619231700897,0.853452742099762,-0.20971539704809755,-1.3535750569141283,0.8350727334442167,-0.17195797478065983,-1.2670280878390512,1.3454771812510895,-0.2992899548365844,-1.0275349612561337,0.03486732491425365,-0.13625482923727827,-1.4143461622593219,0.00012041373455834795,-0.2853214453566891,-1.196904479801445,0.030526019737288572,-0.1786462566906462,-1.578960698588042,-0.002120413734558308,-0.31600915530949636,-1.1776514418510957,0.42715838788687094,-0.11685240376048245,-1.4218496890761219,0.37492131169688014,-0.421829905687913,-1.3555990422344673,0.7132597907805351,0.016012305866391296,-1.175968494471795,0.704021547822516,-0.37016371212126725,-1.3928479978189545,0.8861837161187224,-0.0023035479173976123,-1.2803926654191602,0.854752056434059,-0.2909662460828617,-1.3340880311269563,1.0578374335151857,-0.09501284343614266,-1.2969585561351598,1.0379414294438556,-0.3026561734690681,-1.3782268184485558,0.6788970165476967,-0.17301769254558455,-1.386073653283692,0.6851420743405234
2.3000000000000016,0,0-ACCAD_Female1Walking_c3d_B9 - walk turn left (90)_poses,68,-0.21069837338291109,-1.3328412116970867,0.7526756637409315,0.7673506566180329,-0.056767509799302264,0.05483485789625558,0.6363517564826527,-0.7599595785140991,0.13386131823062897,0.2461330145597458,0.42729637026786804,0.15531814119933118,0.0967137688426567,0.010646933689713478,0.06681400537490845,-0.06138907000422478,0.23035669326782227,-0.41468630686607155,-0.05444513818459018,0.40368252992630005,0.05410092696547508,0.004873049445450306,0.1630394458770752,0.12621548771858215,0.9647611975669861,-0.07419691234827042,-0.3796014189720154,0.8389244079589844,-0.20980535443686368,-1.321072985088413,0.8267412519695341,-0.17384029125935685,-1.234634671997529,1.3372865295757879,-0.2944764650560765,-0.9598811781425567,0.03435032670551026,-0.13775492258835784,-1.4155220806048596,0.00015172361525928393,-0.2798475066024422,-1.1292111909040239,0.03069788194026481,-0.17921721580656025,-1.5803722318694065,-0.0021517236152590047,-0.3133695572165031,-1.1447130827778755,0.42220605387512694,-0.11756281042648167,-1.4040622840069188,0.3678804539208778,-0.4182401368075065,-1.3319371615057964,0.7038140648193401,0.013038753200249166,-1.1291955393496471,0.7005165856457669,-0.3675857605013147,-1.3651803533261682,0.877850235090904,-0.002872113098241799,-1.2396454415433584,0.8471700126197018,-0.2915477906120986,-1.3034549081590485,1.04952734414379,-0.09631305723953286,-1.262672587863141,1.0297186052585108,-0.3027926591422973,-1.3463951833683427,0.6702941926520316,-0.17279972828166584,-1.3520210926739702,0.6765844933526638
2.333333333333335,0,0-ACCAD_Female1Walking_c3d_B9 - walk turn left (90)_poses,69,-0.21241515106521547,-1.2986689151730388,0.7428852877373269,0.7681973948468178,-0.05607424250467868,0.053223425893899515,0.635527897746594,-0.7628323435783386,0.12738965451717377,0.25193530321121216,0.3740271329879761,0.21532440478971338,0.10941202356746682,0.05823930352926254,0.05586598068475723,-0.05413014441728592,0.24526917934417725,-0.47379724378099697,-0.03963452395860445,0.41425949335098267,0.04948672652244568,0.0045701670460402966,0.17649896442890167,0.11648456007242203,0.9760971665382385,-0.09077276289463043,-0.38470932841300964,0.8249835968017578,-0.2116277483162477,-1.2871337563261402,0.8169887296768733,-0.17890706090614208,-1.202762067235275,1.3280884307789493,-0.29026852816895676,-0.906853183974795,0.02908104481306521,-0.13753386677105922,-1.4127849480738695,0.00024261690322239723,-0.27616237269467586,-1.0762363416099379,0.025861994132548017,-0.17855799422213242,-1.5777420472839532,-0.002242616903222399,-0.31173696338488804,-1.1114264611375022,0.4127464371343996,-0.11799629219620496,-1.3821455700550649,0.3595880375356381,-0.41519547040093624,-1.3055377983084815,0.6919459994566435,0.008691639548306228,-1.0849472499335464,0.6963288344790789,-0.36705341564324717,-1.3350414438919485,0.8673639052278644,-0.005674736881357407,-1.2006309709518785,0.8390539132977716,-0.29470309268283956,-1.2713061861320154,1.0394890338649405,-0.09975114756416956,-1.2287053244344077,1.0207516227025528,-0.30440284590356737,-1.3118178482191751,0.6602576797938535,-0.17420261828711456,-1.316548608467175,0.666579486922427
2.366666666666668,0,0-ACCAD_Female1Walking_c3d_B9 - walk turn left (90)_poses,70,-0.21282093948684633,-1.2618843854870647,0.7316552968301782,0.7692554049095753,-0.05412380802057898,0.05083851215443724,0.6346118349863009,-0.7485101819038391,0.12103494256734848,0.25510603189468384,0.3496493995189667,0.23164098518519372,0.1146460651085971,0.10028442740440369,0.04501216858625412,-0.04677703604102135,0.2721686363220215,-0.5373678545810963,-0.02644177664548686,0.4203270971775055,0.04431803151965141,0.0025355229154229164,0.1917993128299713,0.10778790712356567,0.9885348677635193,-0.10088074207305908,-0.38212913274765015,0.8125696778297424,-0.2121069108176499,-1.250799722486002,0.8058282056932693,-0.18246670195802828,-1.1711291180440278,1.3178671604878425,-0.28637209315947365,-0.8673133601276553,0.017212367704022444,-0.13669506992066688,-1.404681688882011,0.00038439615842657954,-0.27298040534402634,-1.0367583947663923,0.014205220595752278,-0.1771255406631506,-1.5697807828366641,-0.002384396158426484,-0.3098198146310703,-1.0769622828873369,0.3995888556080371,-0.11696894312252437,-1.3544482910059434,0.34945455676695164,-0.41084469410687396,-1.2760129721468634,0.678676794977507,0.005094161543795925,-1.0420061834333223,0.6903896152087255,-0.36549001357487326,-1.3023286461739767,0.8553403239202602,-0.007751600571151027,-1.162002725880355,0.8296569135978731,-0.2965479127141489,-1.2374406725459142,1.0280657039669152,-0.10167188599671731,-1.1939183971534104,1.0107068256769451,-0.3046754862119574,-1.2739960208519012,0.649026197930547,-0.1743515483595242,-1.2784003794341001,0.6550597498161922
2.4000000000000012,0,0-ACCAD_Female1Walking_c3d_B9 - walk turn left (90)_poses,71,-0.21310526854358613,-1.221749717136845,0.7199370995513854,0.7706262500933954,-0.049766227634450856,0.04743393772410515,0.6335680916886626,-0.7206488251686096,0.11375902593135834,0.2567489445209503,0.349327951669693,0.2148327068645508,0.11387936487243633,0.13581876456737518,0.032519470900297165,-0.03868958353996277,0.31193843483924866,-0.6035143170344353,-0.014561472664630815,0.4214378595352173,0.0394141748547554,-0.0010189966997131705,0.20941795408725739,0.10066922008991241,1.001463770866394,-0.10253728181123734,-0.37234488129615784,0.8027869462966919,-0.21235173699119791,-1.2114891485185892,0.7942281011722386,-0.1846655209319779,-1.1400104569956577,1.3075896544050432,-0.28352475085249085,-0.8356542765795265,0.0010958214297574,-0.13603448548921912,-1.388852285890317,0.0005818500150353255,-0.27113080297111114,-1.0051759165125291,-0.0018712731658103825,-0.17567021273474367,-1.5541368893107146,-0.0025818500150353793,-0.3086730759295307,-1.0393767256204618,0.38492826507120464,-0.11557350487350804,-1.3193235340599516,0.3377014728584125,-0.40676910729643134,-1.2425518540718377,0.665279384972065,0.0017458081306249622,-1.0004235426525647,0.6832027399956433,-0.36404474113111973,-1.2665431582436966,0.842926816881659,-0.009821651843623255,-1.1237173040894037,0.8196740060726753,-0.2977788983594638,-1.2015548908447047,1.0163607485271453,-0.10275562620154877,-1.158151663267779,1.0004149637322397,-0.304898192844422,-1.2320657368616905,0.6375765242382244,-0.17452531884577954,-1.236705534939828,0.6429374207567489
2.4333333333333345,0,0-ACCAD_Female1Walking_c3d_B9 - walk turn left (90)_poses,72,-0.21448621875606477,-1.1791058124508709,0.7245763132405995,0.7735474907190815,-0.043096421474470466,0.04180394419614722,0.6308877937541293,-0.6854342222213745,0.10349689424037933,0.25837209820747375,0.36260998249053955,0.1823480850829835,0.11430023558215163,0.16014611721038818,0.017057472839951515,-0.029406365007162094,0.3652533292770386,-0.6664287441347572,4.316595610520668e-05,0.41696110367774963,0.03513551503419876,-0.005107061006128788,0.22790329158306122,0.09442604333162308,1.0137832164764404,-0.09552960097789764,-0.3560250699520111,0.7961055040359497,-0.21371396927521025,-1.1701492034286693,0.7990355825464605,-0.18775610890062844,-1.1105946271536367,1.31401704672881,-0.27826908266876127,-0.805386637999842,0.0005227830140607584,-0.13459558659938933,-1.3632264236593234,0.015985135937469523,-0.2679256870790181,-0.9750443483912135,-0.0025227830140608296,-0.17378192574059728,-1.528607467636166,0.012305310148137474,-0.30722581561158135,-0.9979240819321332,0.38664434344141413,-0.1139094050819206,-1.2762907307314502,0.3406734537384162,-0.4042198094199885,-1.2044845611893154,0.6680357878756977,-0.0012674008309145135,-0.961982088229408,0.6919595008936325,-0.36442211707632266,-1.227692660591892,0.846465303400476,-0.012824782990379063,-1.087568541544669,0.8263248009732362,-0.30021831880599936,-1.164248272233739,1.0209809280974909,-0.10461165207128356,-1.1228780901359217,1.0068839474942828,-0.30614817190225024,-1.1865357922241522,0.6424690583314036,-0.17584137761924606,-1.1924464981091234,0.6471937560587484
2.4666666666666677,0,0-ACCAD_Female1Walking_c3d_B9 - walk turn left (90)_poses,73,-0.21520898467861116,-1.1362557949032634,0.7319900803766054,0.7758079179774016,-0.03665400260223866,0.0370250418343887,0.6288145233484721,-0.6413257718086243,0.08869324624538422,0.26015082001686096,0.3832437992095947,0.1312716372421252,0.11453071745694043,0.1727665662765503,0.002456377726048231,-0.02050122432410717,0.4354303181171417,-0.7373091339285178,0.013431892026464443,0.4050881862640381,0.032049134373664856,-0.009221815504133701,0.24255825579166412,0.08961165696382523,1.0231999158859253,-0.08122482895851135,-0.334593802690506,0.7925422787666321,-0.21435762196209773,-1.128498042481649,0.8065829249321649,-0.18915457940770838,-1.0801026942203047,1.322783282226361,-0.2723750798846849,-0.7839951541311435,0.0005872773193758736,-0.1331503373286553,-1.3348432378800872,0.035617837160261734,-0.264030911169979,-0.9537605718442517,-0.002587277319375896,-0.1716285100124347,-1.5003743741460596,0.03127351288445375,-0.3052021260300577,-0.9589270859633602,0.3896202248910478,-0.11131133481779196,-1.2296182378327813,0.3451150306731883,-0.4022110759995656,-1.1634626839948519,0.6739887926264854,-0.0031780908790538355,-0.9276902082016999,0.7008987210529496,-0.36479071178081357,-1.1869144903281343,0.8529002045755567,-0.015223305923402413,-1.0537706961097757,0.8347575555300399,-0.3015836753270994,-1.1257051820183939,1.0283741441089045,-0.10522220813531917,-1.0875741966392705,1.0157097429659954,-0.30675423150040315,-1.140887120144862,0.6503979457888219,-0.17660843674253196,-1.1482965466209778,0.6543034448061873
2.500000000000001,0,0-ACCAD_Female1Walking_c3d_B9 - walk turn left (90)_poses,74,-0.21622329181991518,-1.0941470207180828,0.7397207986044766,0.7774702080430083,-0.03158456099552188,0.031375093152542645,0.6273420874147939,-0.5920396447181702,0.07133409380912781,0.26151591539382935,0.4038441479206085,0.07346355986514785,0.11862850617894227,0.17080144584178925,-0.007847302593290806,-0.013887666165828705,0.5228267312049866,-0.8122966460707817,0.027240081535400362,0.3834553062915802,0.030055584385991096,-0.011225135065615177,0.2493589073419571,0.08615289628505707,1.0284669399261475,-0.06136332079768181,-0.31196480989456177,0.792701244354248,-0.21553646045356534,-1.08751117497219,0.814423501459935,-0.19252897748703393,-1.0486252390925237,1.3315356004172536,-0.2651056044928796,-0.7678704939093384,0.0006507234551504336,-0.1314371658224143,-1.3021824279172298,0.05656372307856056,-0.2585468098186243,-0.9377118394666537,-0.0026507234551504284,-0.169364926903606,-1.4678170765573126,0.05140154241101312,-0.3025231797392717,-0.9227446554085935,0.39179614717882233,-0.10786007052645705,-1.179093368891934,0.34876347288241455,-0.40170620054600603,-1.1185889437239314,0.6798492841924656,-0.0036453808840122845,-0.8982785014101106,0.7087378223067748,-0.36688886469985943,-1.1439956973262724,0.8590190757314824,-0.01790679030703752,-1.023079830133059,0.8435740368577015,-0.3041752464453158,-1.0862914992247927,1.0357096506004173,-0.1068189326479034,-1.0530394756750188,1.02489423409699,-0.3073522536680673,-1.096115433450804,0.6584524558057502,-0.17747912709823851,-1.1052372339393275,0.6619752696069146
2.533333333333334,0,0-ACCAD_Female1Walking_c3d_B9 - walk turn left (90)_poses,75,-0.21780865616165102,-1.0548555196728557,0.7470769651276927,0.7759642832661923,-0.02843392173160941,0.02701453190819977,0.6295563185735856,-0.5411931276321411,0.054068565368652344,0.26207098364830017,0.41730770468711853,0.01708317030347528,0.1225169624632998,0.14581263065338135,-0.011133669875562191,-0.011626879684627056,0.6224609613418579,-0.8818035364260499,0.034291486670133375,0.3502717912197113,0.028423229232430458,-0.009301586076617241,0.24288500845432281,0.08210322260856628,1.0276719331741333,-0.03784484788775444,-0.2911660373210907,0.7974556088447571,-0.21734942264135756,-1.0489948881299012,0.821846224201804,-0.19716955497134894,-1.0150785061111678,1.3394155628049247,-0.2624320396884669,-0.7574111965956282,0.0006779018049324591,-0.13032938858651083,-1.262922536001085,0.07565373600064114,-0.2558704454373574,-0.9272513687075754,-0.0026779018049324886,-0.16698647724031312,-1.428810795869362,0.06954283677857934,-0.30224578495213955,-0.8927959560322956,0.39286443011123195,-0.10469830137161362,-1.1248355534475045,0.3509002247193333,-0.402346284642959,-1.0710325236817515,0.6853923157569692,-0.003797353946972903,-0.8741448074199922,0.7139023100983841,-0.3701064632864589,-1.100308402016919,0.8644539841027477,-0.021136753142029785,-0.995395142269624,0.8515876968995068,-0.30762142953020055,-1.0471743371133742,1.0424864969518097,-0.10935388709852485,-1.0192636331486642,1.0333673345835872,-0.30849192916817836,-1.055369279279392,0.666150768074053,-0.17893202964716357,-1.0655197866250405,0.6694681806850936
2.5666666666666673,0,0-ACCAD_Female1Walking_c3d_B9 - walk turn left (90)_poses,76,-0.2177168799098581,-1.019694978138432,0.7535232741197723,0.7693552037819448,-0.02584918285634404,0.023526276646184258,0.6378643307682824,-0.4884576201438904,0.03728456422686577,0.26220935583114624,0.4195304811000824,-0.031217494042611538,0.12507346755917714,0.09191106259822845,-0.009707056917250156,-0.012487535364925861,0.7239131331443787,-0.9266573564598377,0.03213333937046581,0.3077710270881653,0.027298668399453163,-0.004322381224483252,0.22130371630191803,0.07829055190086365,1.0196318626403809,-0.01445674616843462,-0.2736581265926361,0.8056938648223877,-0.21747511116389012,-1.0144609117305678,0.8283400242276963,-0.19989393157983115,-0.9826500752094596,1.3461151280283636,-0.26388283189234174,-0.7511878450914924,0.0006549865896374601,-0.1247850465982409,-1.2116242797033614,0.08756308355356496,-0.25445212097333786,-0.92089378420122,-0.002654986589637493,-0.15816560278414746,-1.3781631350818604,0.08045336359149897,-0.30324587289847726,-0.8702914809501664,0.3929739347912625,-0.09935307349392893,-1.0648024504186688,0.3517233063764801,-0.4018328359521184,-1.0225158515930721,0.690609507872266,-0.0029549472201252113,-0.853355694792904,0.7171069167390067,-0.3716025340040387,-1.058453423553401,0.8688065448001908,-0.02282510147304652,-0.9699757368984366,0.8584027303834209,-0.3091277678648279,-1.0114204765943682,1.0483956927805052,-0.11026921950357368,-0.9876141040936399,1.0406034355971654,-0.308053804424022,-1.0202800434903456,0.6730350959827773,-0.17877318711801968,-1.030171094514622,0.6761342300530084
2.6000000000000005,0,0-ACCAD_Female1Walking_c3d_B9 - walk turn left (90)_poses,77,-0.216978452866897,-0.9885007084812969,0.7592561847582406,0.7644462385486691,-0.02305211473286883,0.02151599998030702,0.6439158408674083,-0.43279021978378296,0.020705144852399826,0.26232242584228516,0.40936434268951416,-0.0709396682688972,0.12526892094375564,0.015114342793822289,-0.009949054569005966,-0.011801272630691528,0.8125998377799988,-0.9371759915163023,0.027518247235223336,0.26210689544677734,0.026976510882377625,0.0008485408034175634,0.1899615228176117,0.0778539776802063,1.005685567855835,0.005162003915756941,-0.260202020406723,0.8148899078369141,-0.21673782235516123,-0.9837792191386634,0.8341070340209191,-0.19973822825124318,-0.9532317547502125,1.3519556823428658,-0.2645963215797501,-0.7481251250652385,0.0005804917777351079,-0.11777662977794096,-1.1513661912135393,0.09149073223854376,-0.25305576020317794,-0.9177034952251019,-0.0025804917777351964,-0.14858843372249012,-1.3183593969469407,0.08349686105090706,-0.3033233972213824,-0.8534951481864262,0.39255848680668026,-0.09375741506000042,-1.0033568921683251,0.3535867316789931,-0.4017285303494658,-0.9719778819341751,0.6965781318169483,0.00023268421380853374,-0.8373106477148242,0.7194510474524186,-0.3729552732199514,-1.0171280889215009,0.8729105527931506,-0.02289807705321472,-0.9491810296577298,0.8640523950648268,-0.3089188985221671,-0.9782565723209886,1.053878563371229,-0.10941760074503974,-0.9603743660295777,1.0466922024428167,-0.3071679837450618,-0.9886708719492833,0.6793924148888942,-0.1782848252051809,-0.999715040163502,0.6819814879652137
2.6333333333333337,0,0-ACCAD_Female1Walking_c3d_B9 - walk turn left (90)_poses,78,-0.2153379691299051,-0.957739228149876,0.764701807912024,0.7633678860379156,-0.021975945739815487,0.020990314122805165,0.6452487389277646,-0.37516042590141296,0.005611768923699856,0.26211339235305786,0.38716667890548706,-0.10435952903763446,0.12431327536384418,-0.07314378023147583,-0.008210022002458572,-0.011397329159080982,0.8761724233627319,-0.9141418404736736,0.02031777831166337,0.21604138612747192,0.027876440435647964,0.004379177000373602,0.1545674353837967,0.08479178696870804,0.9871431589126587,0.023800259456038475,-0.25035399198532104,0.8254703283309937,-0.2150614620633296,-0.9531912724057973,0.839563277590304,-0.19750872252607904,-0.922571117294553,1.3573758531987696,-0.2622655810916868,-0.7459365268094804,0.00045623995761355507,-0.11108233423901157,-1.084568315642267,0.09005494358384177,-0.2503473983862155,-0.9154932264168459,-0.0024562399576137026,-0.14134792852200875,-1.251629337452628,0.08141730534326815,-0.30099947069057725,-0.839139535408376,0.39182758158678926,-0.08795708651212933,-0.9426714620747659,0.3589171069987129,-0.40177251358373645,-0.9175378708834036,0.7037127870025186,0.006285415082218747,-0.8243969780110882,0.7212257750946538,-0.37436738687678744,-0.9729958695844612,0.8773011898824854,-0.021447016664097412,-0.9305462898243003,0.8692892751045668,-0.3072157523565453,-0.9433647299978827,1.05916682854289,-0.10712444111730882,-0.9339858686280622,1.052261104397758,-0.3053592693297481,-0.9566925269061685,0.6853849409520207,-0.17702721087522647,-0.9708155996627961,0.6874439626899079
2.666666666666667,0,0-ACCAD_Female1Walking_c3d_B9 - walk turn left (90)_poses,79,-0.21421203739009798,-0.9296440423931926,0.7693260498463794,0.7631432590887017,-0.021620013360254743,0.02165973722532404,0.6455042965876424,-0.3166498839855194,-0.008567390963435173,0.2618649899959564,0.3552738130092621,-0.13101556625044997,0.12177163429438154,-0.1673002690076828,-0.0036438684910535812,-0.012234499678015709,0.9097744226455688,-0.8563147704684209,0.00784548822062392,0.17124846577644348,0.03032475709915161,0.005430525168776512,0.11673954129219055,0.10097459703683853,0.964264988899231,0.043034277856349945,-0.24319514632225037,0.8374496102333069,-0.21382598674897618,-0.9250719492583138,0.8441855644672243,-0.19420268146283004,-0.8944029745397055,1.3619197608797151,-0.26127552546933863,-0.7460615708860379,0.00029530014377075753,-0.10581297402839207,-1.0129141102009385,0.0832960946462766,-0.24920968823249673,-0.9156130508616612,-0.0022953001437708252,-0.1360344692740174,-1.1799644253008388,0.07430423999093977,-0.29944175369116427,-0.8292183522724929,0.3910208622204826,-0.08382618109646145,-0.8852273207227115,0.36743747199174237,-0.40354899419900286,-0.8636754691703546,0.7120673646850584,0.011556870025077996,-0.8149924562083563,0.7218244563598876,-0.37680280840048824,-0.9304146549052492,0.8817437827190406,-0.020480462315480064,-0.9147716880194804,0.8734070359653644,-0.3050881720194178,-0.9108093621804367,1.0638730069327935,-0.10478653384621353,-0.9102892206854775,1.0567198189752491,-0.3041224538907162,-0.9272953970916685,0.6905552225998333,-0.1763976109349286,-0.9450373541147621,0.6918756742276847
2.7,0,0-ACCAD_Female1Walking_c3d_B9 - walk turn left (90)_poses,80,-0.21334444708190858,-0.9015232266392559,0.7729786792829951,0.7650947883523918,-0.022103920237232302,0.02332045444719544,0.6431154934772846,-0.25833308696746826,-0.021054094657301903,0.2613122761249542,0.3169229030609131,-0.1530139483412558,0.11750391068600463,-0.2627628445625305,0.0035823979414999485,-0.014814508147537708,0.9131812453269958,-0.7678079418608141,-0.00682905903881903,0.1291767954826355,0.033885154873132706,0.0037750289775431156,0.07849308103322983,0.1256258189678192,0.9383680820465088,0.06247042119503021,-0.23978757858276367,0.8500667214393616,-0.2128003993936473,-0.896736825677418,0.8478238152501735,-0.1902017459162837,-0.8663836161137909,1.3654669030951536,-0.2608247224239635,-0.7457580421840821,0.00011244450745909879,-0.1016621798643518,-0.935642722510963,0.07323007796572237,-0.24956903119526735,-0.9153704216964148,-0.0021124445074591942,-0.1329612211505886,-1.1024919556120192,0.06419108310169848,-0.29815067339505913,-0.8201570026241177,0.39022579931060963,-0.08059308281872751,-0.8307170542739423,0.3787156957424062,-0.4057535505160568,-0.8078684335277795,0.7213911050180086,0.01678765119297943,-0.806788160134156,0.7216229760034787,-0.37976634981461815,-0.8864800007712821,0.8860254000460848,-0.019715209994260716,-0.8996521942322906,0.8765532070764804,-0.3025409506236125,-0.8778057485879581,1.0677320091287972,-0.10246915471191427,-0.887005032550583,1.060061640477763,-0.3031317261826233,-0.897443070188653,0.6946783536750081,-0.17616445465995761,-0.9196993693068907,0.6951501500817139
2.7333333333333334,0,0-ACCAD_Female1Walking_c3d_B9 - walk turn left (90)_poses,81,-0.21167967445217073,-0.8754066766705364,0.7755118149625881,0.7669241158021594,-0.023456543633895585,0.025279043921846114,0.6408105500849876,-0.20240291953086853,-0.03130326047539711,0.2603115737438202,0.27510952949523926,-0.17036070867162012,0.11225864017730058,-0.3551711142063141,0.014252902939915657,-0.020321419462561607,0.887371838092804,-0.6530050421271998,-0.022946162249142033,0.09123731404542923,0.038298431783914566,0.0010306747863069177,0.04219607636332512,0.15623027086257935,0.9115653038024902,0.08202938735485077,-0.23869390785694122,0.8630046248435974,-0.21102628828532724,-0.8702784066164293,0.8503334290374605,-0.18548346856402295,-0.8400762196129852,1.3678665146498126,-0.2606557918040838,-0.7461609267704398,-7.975478862757776e-05,-0.09719984624022303,-0.8548421988131384,0.06193748684783395,-0.2500499440572113,-0.9158197862166059,-0.001920245211372431,-0.12949186328926793,-1.0215159215061127,0.05315706552709475,-0.29659775346318606,-0.8134161855405537,0.38951511899418223,-0.07754780817965144,-0.781519847396341,0.39179498340198715,-0.4070388537598797,-0.7550226900443316,0.730986541442389,0.02171548433744968,-0.7999280763689073,0.7206264846781768,-0.3818973111584383,-0.8450140609788028,0.8898229988352759,-0.01853187807583928,-0.885577287798875,0.8787527842123344,-0.29905383438851035,-0.8470729781144227,1.0704619980622958,-0.09960551384499977,-0.8651103055020091,1.0622640011675637,-0.3012818000114109,-0.8697994318355589,0.6975131468099787,-0.17508844775436622,-0.8963686973380851,0.6971797213456461
2.7666666666666666,0,0-ACCAD_Female1Walking_c3d_B9 - walk turn left (90)_poses,82,-0.2093223703559488,-0.8487572611775249,0.7767602239587922,0.7684802178669778,-0.025195384753807594,0.027681971509247744,0.6387777827911606,-0.14964069426059723,-0.04079314321279526,0.2595822513103485,0.23271247744560242,-0.18505558861662985,0.10689837448776685,-0.4403298497200012,0.027260631322860718,-0.02887250855565071,0.8340993523597717,-0.5176190820321942,-0.04012507024917067,0.05801313370466232,0.04397691413760185,-0.0019413696136325598,0.00849450659006834,0.19224748015403748,0.8850760459899902,0.10183568298816681,-0.23850972950458527,0.8761364221572876,-0.2085455510329278,-0.8432005437052028,0.8515500591148625,-0.17942166193622366,-0.8128308248405657,1.3689065880320028,-0.2603774506547682,-0.7448010241209433,-0.00027114065782281663,-0.09317802190489992,-0.7694592449705435,0.05132701812703429,-0.2502028963969457,-0.9144900146356255,-0.0017288593421772303,-0.12626673892402188,-0.9360045632973522,0.043093322149497626,-0.29474368077487867,-0.805903822351177,0.388825669554499,-0.07519114529613677,-0.7362254923443736,0.4050075349103118,-0.40795379636187373,-0.7032629578515188,0.7407574469859654,0.02585781481952549,-0.7916321396879583,0.7182853503112253,-0.38331171949066845,-0.8038073025416851,0.8932145458776429,-0.016986052010376333,-0.8698545947302045,0.8795466748946278,-0.29444730456452656,-0.8161454559291982,1.071997942370779,-0.09588574149997796,-0.8419291195018456,1.0630149993042897,-0.29875646256423566,-0.8418497016694395,0.6989774225147098,-0.17330736246877523,-0.8723437494435502,0.6978288044144623
2.8,0,0-ACCAD_Female1Walking_c3d_B9 - walk turn left (90)_poses,83,-0.20746766752563417,-0.823794657131657,0.7768046801802004,0.7702668748909965,-0.027066609142053534,0.029611887644340966,0.6364585424246799,-0.09995874762535095,-0.05040761083364487,0.25959306955337524,0.19170667231082916,-0.19796298663890233,0.10350632338719445,-0.5131608843803406,0.041108302772045135,-0.04015035182237625,0.7566672563552856,-0.3686340317491661,-0.0564558176051948,0.028888095170259476,0.04976857826113701,-0.004542227368801832,-0.02208336815237999,0.23135145008563995,0.8603286743164062,0.12179025262594223,-0.23910190165042877,0.8893172144889832,-0.20663032529275918,-0.8178403694387111,0.8515632603971539,-0.17441754861187644,-0.7874552452108676,1.3687584262655739,-0.2595436566073114,-0.7433483496755006,-0.0004572233618306415,-0.08971363125531014,-0.6842566229004812,0.04338800553110014,-0.24981025380439337,-0.9130660047499222,-0.0015427766381693325,-0.1236764528846314,-0.8506627175487828,0.03593559579495451,-0.29298952300936604,-0.7989993980772547,0.3880747087357412,-0.07402224489633731,-0.6979299176556398,0.41686875179694294,-0.40905151698399517,-0.6549131386727843,0.7500668895324887,0.028488587628592195,-0.7844402775218143,0.715289241302145,-0.38514960746197324,-0.765062076154575,0.8958594630642078,-0.01637210886485111,-0.8551882952219428,0.8794288163771207,-0.2905267898160522,-0.7873547336642307,1.0722533451723328,-0.09303626322577037,-0.8201800568099228,1.0626525656480394,-0.2966556012879594,-0.8155647365439251,0.6990720380652908,-0.17193419432013224,-0.8496649048959014,0.6972857775944578
2.833333333333333,0,0-ACCAD_Female1Walking_c3d_B9 - walk turn left (90)_poses,84,-0.2050007504876703,-0.7966508807148784,0.7755746381276838,0.7686027803757884,-0.029356765934722823,0.031338855550909185,0.6382834969080907,-0.05076753720641136,-0.059710897505283356,0.2600986957550049,0.15381038188934326,-0.21398702811137604,0.10036176396296004,-0.5697627663612366,0.054384760558605194,-0.05338690057396889,0.6610543727874756,-0.21725370873137106,-0.07224041188115027,0.001826711930334568,0.05453472211956978,-0.0063719009049236774,-0.049245938658714294,0.2718172073364258,0.8383755087852478,0.1436731368303299,-0.24009600281715393,0.9034188389778137,-0.20419837164394578,-0.7902658657803183,0.8502980465916757,-0.17003649659818845,-0.7589424970669284,1.3673306756589378,-0.2587626597075803,-0.7410639047597554,-0.000629482905694926,-0.08776289324357511,-0.5987396156062065,0.03889904513166579,-0.2474937303927872,-0.9106883785258646,-0.0013705170943051834,-0.12087964703854602,-0.7653552423626473,0.03237880444272554,-0.29077731546342295,-0.7906580860458864,0.38701571726300965,-0.07444406973883222,-0.6619705966056905,0.42534301589372836,-0.4109528748098742,-0.6084908580619768,0.7580640658572556,0.03051852500206641,-0.7730612905816346,0.7115186425928309,-0.3869035695348662,-0.7266868029702346,0.8973871211180477,-0.015247693581622979,-0.8361085603905507,0.878521813851223,-0.28674074775975616,-0.7572303202747173,1.0710642156585863,-0.09005859274731998,-0.794519479243906,1.061173137707493,-0.2939972805129179,-0.7880996367407953,0.697779650624959,-0.16956336378400003,-0.8240471174185313,0.6955835800063377
2.8666666666666663,0,0-ACCAD_Female1Walking_c3d_B9 - walk turn left (90)_poses,84,-0.2050007504876703,-0.7966508807148784,0.7755746381276838,0.7686027803757884,-0.029356765934722823,0.031338855550909185,0.6382834969080907,-0.05076753720641136,-0.059710897505283356,0.2600986957550049,0.15381038188934326,-0.21398702811137604,0.10036176396296004,-0.5697627663612366,0.054384760558605194,-0.05338690057396889,0.6610543727874756,-0.21725370873137106,-0.07224041188115027,0.001826711930334568,0.05453472211956978,-0.0063719009049236774,-0.049245938658714294,0.2718172073364258,0.8383755087852478,0.1436731368303299,-0.24009600281715393,0.9034188389778137,-0.20419837164394578,-0.7902658657803183,0.8502980465916757,-0.17003649659818845,-0.7589424970669284,1.3673306756589378,-0.2587626597075803,-0.7410639047597554,-0.000629482905694926,-0.08776289324357511,-0.5987396156062065,0.03889904513166579,-0.2474937303927872,-0.9106883785258646,-0.0013705170943051834,-0.12087964703854602,-0.7653552423626473,0.03237880444272554,-0.29077731546342295,-0.7906580860458864,0.38701571726300965,-0.07444406973883222,-0.6619705966056905,0.42534301589372836,-0.4109528748098742,-0.6084908580619768,0.7580640658572556,0.03051852500206641,-0.7730612905816346,0.7115186425928309,-0.3869035695348662,-0.7266868029702346,0.8973871211180477,-0.015247693581622979,-0.8361085603905507,0.878521813851223,-0.28674074775975616,-0.7572303202747173,1.0710642156585863,-0.09005859274731998,-0.794519479243906,1.061173137707493,-0.2939972805129179,-0.7880996367407953,0.697779650624959,-0.16956336378400003,-0.8240471174185313,0.6955835800063377
2.8999999999999995,0,0-ACCAD_Female1Walking_c3d_B9 - walk turn left (90)_poses,85,-0.20122348493896425,-0.7701199592556804,0.7730278962558278,0.7654265599660153,-0.03070736287371434,0.034150163048863195,0.641882392286679,-0.0033096454571932554,-0.06704986840486526,0.26077765226364136,0.12091784924268723,-0.23289488183287976,0.09241305273262457,-0.6165457963943481,0.06368520110845566,-0.06634052097797394,0.5562008023262024,-0.0667996059743714,-0.08842916581949078,-0.024397047236561775,0.05747734010219574,-0.007917890325188637,-0.07369551807641983,0.31017473340034485,0.8197048902511597,0.16622225940227509,-0.2400912046432495,0.91773921251297,-0.20025914599657801,-0.7633062663329545,0.8477115198901894,-0.1637509103648109,-0.7306388182907444,1.3645143319651585,-0.259775989800792,-0.7396946632095163,-0.0007697654490607976,-0.08636084993748577,-0.51597253676289,0.038174320771785036,-0.24613543097119514,-0.9091459043469672,-0.0012302345509392978,-0.11807213200501891,-0.682896442924698,0.03262417290733365,-0.28861597420895724,-0.7824130457313451,0.3857860049258711,-0.07493895290876611,-0.6295934284749363,0.43015935008039213,-0.41130473959458985,-0.5653587681102139,0.7647803291464731,0.03275053018349304,-0.7613124538486329,0.7064396250306806,-0.38680071625656415,-0.6903233038886658,0.8979831138099087,-0.012862868948620845,-0.8166045100037649,0.876209382496256,-0.2813893302254494,-0.7280838488476846,1.0686236369213176,-0.08540111439893748,-0.7687406672863573,1.0582396458010688,-0.29032252854054935,-0.7616875584699652,0.6953797573598619,-0.16594243118793953,-0.7986393127720188,0.6925226350137887
2.9333333333333327,0,0-ACCAD_Female1Walking_c3d_B9 - walk turn left (90)_poses,86,-0.197935946052894,-0.7418107928242534,0.7692839700441316,0.7605485719159837,-0.03163389521321827,0.03564686282180478,0.6475295109886192,0.0445328913629055,-0.0714026466012001,0.2611183822154999,0.09635195881128311,-0.257825139984478,0.08262776670511773,-0.6576093435287476,0.06724006682634354,-0.07727495580911636,0.4576703906059265,0.07358818000229927,-0.09998230804933839,-0.0495600700378418,0.05941513553261757,-0.009206769987940788,-0.09415882080793381,0.34341123700141907,0.8050962686538696,0.18934158980846405,-0.23923270404338837,0.9325954914093018,-0.19694185256574478,-0.7347395664022782,0.8439432597208221,-0.15946466739621956,-0.701501539652938,1.3606508001881898,-0.26161644578549165,-0.7374298504207819,-0.0008686658485715718,-0.0838653108510933,-0.4349772319337888,0.04209095452982921,-0.2447575498562505,-0.9065916328463927,-0.0011313341514281872,-0.11346057756248586,-0.6023151558982335,0.0373857030433256,-0.2867902320289162,-0.7714437020033004,0.3839392712537137,-0.07510179408764654,-0.5955619900357989,0.43269503115350616,-0.4119434983158847,-0.5240773366143078,0.7692648122263502,0.033854064738488045,-0.7464135869405668,0.7010027308409245,-0.38697046623492054,-0.6545307100716197,0.8970060711306616,-0.011200865655471374,-0.7943329194160664,0.8731461449655028,-0.27739059929009185,-0.6982901944324615,1.0648809725205814,-0.08184807513466975,-0.7410075135612832,1.0543673245631613,-0.28709730225811037,-0.7337857073064408,0.6916315918757054,-0.1625151327298992,-0.7709334747774373,0.6882786582508603
2.966666666666666,0,0-ACCAD_Female1Walking_c3d_B9 - walk turn left (90)_poses,87,-0.19486588961444795,-0.7117221893277019,0.7640430649193217,0.75451420081637,-0.03167570927183507,0.0362231837355763,0.6545172657528748,0.0924207866191864,-0.072781041264534,0.2609599232673645,0.083475761115551,-0.29171234233282384,0.07007228216166783,-0.6844642758369446,0.06779713928699493,-0.08618932217359543,0.38222402334213257,0.17796283546235214,-0.10984698573474194,-0.07215388864278793,0.061396319419145584,-0.010586571879684925,-0.10865545272827148,0.36987704038619995,0.7950560450553894,0.21254229545593262,-0.23906387388706207,0.9480621814727783,-0.1938760984288647,-0.7045809185814014,0.8386957444796495,-0.1555717835696915,-0.6719486600920903,1.3553924315335153,-0.26421632448473137,-0.7348312201949393,-0.0009090891830240283,-0.08380609898276942,-0.3658075567728889,0.04589800650520384,-0.24370773277899876,-0.9035895225303828,-0.0010909108169760533,-0.11087425870928326,-0.5335887938419638,0.041802738920440126,-0.2853228528189633,-0.757289743791502,0.38105054828949286,-0.07565783829570809,-0.5608963329655169,0.4313165845356294,-0.4128752675990294,-0.48535683851727524,0.7710930263598348,0.034691935946125955,-0.7283303453520457,0.6944165798674096,-0.38691401512823803,-0.6198343610697321,0.8943868765814472,-0.009399601300810894,-0.7694147298650292,0.8685647176598058,-0.2738325780101102,-0.6679973979554714,1.059765299599488,-0.07848996468705931,-0.7115551127967465,1.0489869046388638,-0.28412403249624246,-0.7042258790035514,0.6863407192552234,-0.15913116907977903,-0.7408031640649593,0.6826324066687122
2.999999999999999,0,0-ACCAD_Female1Walking_c3d_B9 - walk turn left (90)_poses,88,-0.191411487525329,-0.6796965540852398,0.7573429050813081,0.7490456952033061,-0.031109283062146935,0.03636754138221845,0.6607875308588743,0.13649189472198486,-0.07175248861312866,0.2605442702770233,0.08444935083389282,-0.3343278805467138,0.05612656748670031,-0.6928716897964478,0.0680771917104721,-0.09364783763885498,0.3361623287200928,0.23444840841939674,-0.1187253986360638,-0.08981229364871979,0.06354282051324844,-0.012504657730460167,-0.11501207202672958,0.38744688034057617,0.7903028130531311,0.23366372287273407,-0.2391800433397293,0.9629794955253601,-0.19040883892892105,-0.6725965302204509,0.8319993472474838,-0.15108449844086883,-0.6415515677946698,1.3487314445765404,-0.26611446764258123,-0.7304390473529637,-0.0008830558955438585,-0.08586561879959834,-0.31337228730387323,0.04445235367631357,-0.24246633876588783,-0.8987860440500746,-0.0011169441044561919,-0.1108526125446842,-0.48148428425157663,0.04070981097937663,-0.28359830681204984,-0.7386200397438706,0.3768034617404195,-0.07590103984318312,-0.5269072802940548,0.42552386257334684,-0.4128819580072318,-0.4492121677078824,0.7693410053372662,0.03603140941442726,-0.7066211413169263,0.6865672343179817,-0.3856175854373886,-0.5859277387324004,0.8898610071294204,-0.006872911095287485,-0.7417781883229234,0.8623021640604375,-0.2698553744235254,-0.636598035316753,1.0533239791258637,-0.07458950734011267,-0.6803814686077072,1.0420795573346142,-0.2807840142561152,-0.6725522766576748,0.679572605632019,-0.15536501137919487,-0.7082925184026446,0.6757296269080474
3.0333333333333323,0,0-ACCAD_Female1Walking_c3d_B9 - walk turn left (90)_poses,89,-0.18871699995361269,-0.6476493419613689,0.7488851893261917,0.743806541978297,-0.0312587454490155,0.03712636205767398,0.6666305964952435,0.17386403679847717,-0.06815481185913086,0.259933739900589,0.10044717788696289,-0.38746879913691723,0.04103105445638899,-0.6834006309509277,0.06842635571956635,-0.09979982674121857,0.3192145824432373,0.24072283774704428,-0.1248755618302102,-0.10047689080238342,0.06688222289085388,-0.01611643098294735,-0.11273534595966339,0.3958510160446167,0.7904767990112305,0.2508848011493683,-0.23842494189739227,0.9762580394744873,-0.1877004807255153,-0.6404493377248863,0.8235318679371891,-0.1467764484967087,-0.6108489665218034,1.3402500238483153,-0.2681988858000372,-0.72708068246367,-0.0007863241235733683,-0.09080158359034143,-0.2808869962287721,0.03444514520662806,-0.24177611965331966,-0.89501416572307,-0.001213675876426519,-0.11408994514909063,-0.4492455559016364,0.030832998921167313,-0.2827775025026306,-0.7179189755495059,0.37061431521041865,-0.07696364694980769,-0.4963908018238231,0.4148736623621496,-0.413891279138353,-0.4181450362089133,0.7631544702048894,0.03665211000273036,-0.6817142439930345,0.6768545009571346,-0.3844483114147167,-0.5550401909700408,0.8829559412255742,-0.004589944309705524,-0.712183389115308,0.8538581403428152,-0.26649600038170457,-0.6055605775844926,1.0452315651909059,-0.07107174474472198,-0.6484314367841117,1.0332467981836706,-0.2782223351843256,-0.6410930713446711,0.6710252030189469,-0.15234252981078186,-0.6755757624478792,0.6673748798280718
3.0666666666666655,0,0-ACCAD_Female1Walking_c3d_B9 - walk turn left (90)_poses,90,-0.18592125899158418,-0.6129446567501873,0.7386015904178187,0.7404809425270709,-0.03145080125656222,0.03743391314071266,0.6702965933088983,0.20595677196979523,-0.06010810285806656,0.2585192024707794,0.13330817222595215,-0.4517588474698,0.023648483457170855,-0.6643460988998413,0.06856680661439896,-0.10497932136058807,0.32523614168167114,0.21409218468775482,-0.12785547970811528,-0.10327841341495514,0.07055328041315079,-0.02051401510834694,-0.10062862932682037,0.3937265872955322,0.7961158752441406,0.26387226581573486,-0.23626922070980072,0.9877087473869324,-0.1849255988397138,-0.6056875752386676,0.8132430228049128,-0.14247990148441603,-0.5781943098096377,1.3299857094804315,-0.27064575429497345,-0.7210878303213124,-0.0006112881879141753,-0.09400574488333843,-0.25811812391960465,0.01877552141539314,-0.24278758016296112,-0.8887879130480035,-0.0013887118120863053,-0.11667806825880817,-0.4265599755003152,0.015127454965883823,-0.2827486604949716,-0.6915327778376814,0.3619127987355454,-0.07661614709664728,-0.46490409537320465,0.4012775386307276,-0.41398555088594674,-0.3892570245466033,0.7519389001480749,0.037373706965695815,-0.6516231030638329,0.6653497895834055,-0.38220030051411197,-0.5242893624417946,0.8732464835282032,-0.0021178248073505865,-0.6788322580602736,0.8432813635290273,-0.2631367136287991,-0.5723945054867056,1.0353589539699029,-0.06747733989904714,-0.613946820200484,1.0225918276836796,-0.2754638344776134,-0.6065570534581695,0.660570825463757,-0.14928691356201518,-0.6401645984144685,0.6573435998137421
3.0999999999999988,0,0-ACCAD_Female1Walking_c3d_B9 - walk turn left (90)_poses,91,-0.18220924562774599,-0.5750675739254802,0.7275015083639759,0.7386269412610179,-0.030410795947388772,0.035316185072089994,0.6725014440171804,0.23180323839187622,-0.04720795154571533,0.25620144605636597,0.1838444471359253,-0.5227521081266544,0.005483095352337597,-0.6434998512268066,0.06771236658096313,-0.10933227837085724,0.3460138738155365,0.17566246280740772,-0.1275640935615059,-0.09697625041007996,0.07391735166311264,-0.0247163288295269,-0.07793059200048447,0.381169855594635,0.8077526688575745,0.27200642228126526,-0.23262934386730194,0.9968297481536865,-0.1813641183924747,-0.5681357111279666,0.8021757009482459,-0.13828151553938128,-0.5450517813893668,1.3191114086347666,-0.27223570609502074,-0.7082879623271907,-0.00036003532757587775,-0.09325900381462172,-0.2345934866400129,0.002569715119950012,-0.24404832755974865,-0.8759299423685319,-0.0016399646724242038,-0.11595566148445206,-0.4030287818002141,-0.00122674045260655,-0.28245004079291114,-0.6571685697929395,0.3508617574983976,-0.07360064460967161,-0.4287749619049294,0.3877425454196073,-0.41300477983141826,-0.3632101279304254,0.7370637793240024,0.03929090728075531,-0.6146364453845403,0.6531325550986676,-0.3784538004571596,-0.49441504836668876,0.8617676801521701,0.001430931157129882,-0.6409611278796237,0.83155115699774,-0.25947480154963676,-0.5379114569302337,1.0247343845613095,-0.06337239765486977,-0.5770926582276208,1.0112857581783918,-0.2716169768089487,-0.568241639194662,0.6491691606351394,-0.1452574303619035,-0.6012747399130698,0.6464552608944051
3.133333333333332,0,0-ACCAD_Female1Walking_c3d_B9 - walk turn left (90)_poses,92,-0.17979458696208894,-0.5365285219158977,0.7315054420846226,0.7382967846678389,-0.031078920154121975,0.0318534501375027,0.673006178415564,0.24694059789180756,-0.030495528131723404,0.2535056471824646,0.251463919878006,-0.6019314474210637,-0.009898000560848108,-0.6196092367172241,0.06637279689311981,-0.11307442933320999,0.3769749402999878,0.12354524587875004,-0.12156625286026324,-0.08013331145048141,0.07679031789302826,-0.0281782615929842,-0.04560588672757149,0.36017918586730957,0.8250306248664856,0.273709237575531,-0.228470578789711,1.0027036666870117,-0.17940443778185583,-0.5298710665808285,0.8062083608500813,-0.13777198880296762,-0.510126744618175,1.3234268381128131,-0.27320437208753967,-0.6921602592534515,0.016137186690532043,-0.08925217439639306,-0.21621247823210105,0.0010067925163864504,-0.24568003635436048,-0.859906232193066,0.01421377696055728,-0.11274616582343627,-0.384533372662979,-0.0030067925163863723,-0.28292865308385046,-0.618380159856869,0.3530423171464934,-0.06950736670470592,-0.39298627390883806,0.3892814276842135,-0.4133009206042728,-0.3424782922126211,0.733204676060895,0.04082052746609692,-0.572827976070883,0.6569099460873862,-0.3758314083687797,-0.4670700201547242,0.8637133010073074,0.0038810794362415107,-0.5999565562778297,0.8354010705708543,-0.25842580105814505,-0.5028522267812038,1.0288315766298388,-0.06163021808000492,-0.5384469814137037,1.0155388394043428,-0.2687105555506534,-0.5291853546596291,0.6525450088908429,-0.14227620341423072,-0.5618739356842561,0.6508934097469752
3.166666666666665,0,0-ACCAD_Female1Walking_c3d_B9 - walk turn left (90)_poses,93,-0.1771428210195154,-0.49758707894943655,0.7361244808520203,0.7391238707110594,-0.030812129629275268,0.026944389694247162,0.6723247104463842,0.2464110553264618,-0.011157765053212643,0.25122547149658203,0.3354000151157379,-0.6793871382614451,-0.0233282954810754,-0.5931115746498108,0.06663740426301956,-0.11704761534929276,0.4110065698623657,0.06892984711252792,-0.1164793115548125,-0.05379463732242584,0.07809340208768845,-0.029544949531555176,-0.007353981491178274,0.33348605036735535,0.8464410305023193,0.2678452432155609,-0.22412626445293427,1.004734992980957,-0.17726289819848737,-0.49145367502206955,0.8108731727317773,-0.13792416978619848,-0.47521977395593673,1.3284040615266601,-0.27365617067962567,-0.6671349783409799,0.0321641445133387,-0.08456487128873047,-0.19799561336414823,0.0011362008100312508,-0.2473340421809757,-0.8350630066137131,0.029458064002220744,-0.10926803338310365,-0.3661369240731349,-0.0031362008100312908,-0.28338829136759147,-0.5726891002252451,0.3535187440315623,-0.06477883909806098,-0.35652516949832735,0.39164111297472737,-0.4127603129370756,-0.32613369415431603,0.7283224522453953,0.04333954995706683,-0.5257932453761199,0.6616320618501629,-0.37234706006336865,-0.44212630753287263,0.8656980208081736,0.0070498645318130895,-0.5561471604188339,0.8397367018163466,-0.2576639352910646,-0.4683174481572217,1.0334271546930944,-0.060017512352163946,-0.49902424104863724,1.020575334986107,-0.2654924123426745,-0.48953859587675314,0.6566032306135192,-0.1390568171576474,-0.5218659631994002,0.6559323855536774
3.1999999999999984,0,0-ACCAD_Female1Walking_c3d_B9 - walk turn left (90)_poses,94,-0.17448744899593294,-0.4615418256726116,0.7418075444554766,0.7414528483329507,-0.031053367224535416,0.02512463433067655,0.6698149855241539,0.2238372266292572,0.009292952716350555,0.2506125867366791,0.43426743149757385,-0.7551035161758937,-0.0392166039331181,-0.5598558783531189,0.06959910690784454,-0.1214686781167984,0.4422775208950043,0.004883315910234165,-0.11658522788771442,-0.019251007586717606,0.07676253467798233,-0.028765831142663956,0.03130343183875084,0.305295467376709,0.8694667816162109,0.25224074721336365,-0.2201632410287857,1.0018330812454224,-0.1748131408504591,-0.4555638060486922,0.8165682106255417,-0.13687120255723878,-0.4387720194956773,1.3341774199730454,-0.27603474381899523,-0.6378701134463861,0.048835402639965636,-0.08302723707526805,-0.18979288124955013,0.0012521087266617187,-0.2513270993197797,-0.8060263327714262,0.045227327584013974,-0.1098307938734828,-0.35760611484004523,-0.0032521087266616303,-0.28523830747644474,-0.5245636859487137,0.35363710311498303,-0.06153932133584824,-0.3270334609904079,0.39294466597513183,-0.41093266959607383,-0.314567248089383,0.7240463052524538,0.0462594759684744,-0.4770899640059418,0.6673958496865627,-0.3677615242141067,-0.4199817092923075,0.8689035031401471,0.01090823641300807,-0.5120450658510547,0.8448444194780884,-0.25625622745530685,-0.4348930287589091,1.0390015429596253,-0.05780934449136574,-0.4600667061293511,1.0264593936404378,-0.2625742278994568,-0.4532676164468995,0.6621877563385253,-0.13623200094203827,-0.48518130389002156,0.6620867942971618
3.2333333333333316,0,0-ACCAD_Female1Walking_c3d_B9 - walk turn left (90)_poses,95,-0.17177989310584962,-0.42759301676414907,0.7471234567047997,0.7462261177131871,-0.030053821771826573,0.023661630815182504,0.6645927145754592,0.17768611013889313,0.03220825642347336,0.25130078196525574,0.5466454029083252,-0.8197964307430725,-0.055017269532423585,-0.5186054110527039,0.0740894079208374,-0.12575067579746246,0.46512484550476074,-0.05728614983778568,-0.11974202549232504,0.023784421384334564,0.07263235747814178,-0.02469673380255699,0.06894189864397049,0.27902767062187195,0.8934239149093628,0.22718915343284607,-0.21741829812526703,0.9943634271621704,-0.17212738671975897,-0.42187017263445226,0.8219039909584107,-0.1357314910565509,-0.40326876331826805,1.3395298502523194,-0.27996204792318724,-0.5979039527780958,0.06214055939854232,-0.08225311733376782,-0.18577120572691536,0.0013259437125086038,-0.25758323128517174,-0.7663611709837136,0.05751949888098179,-0.11242487518179559,-0.3530076400698686,-0.0033259437125086333,-0.28789472554659923,-0.46980348384843623,0.351940438275463,-0.058733845802115534,-0.30251593304831115,0.3928043380206858,-0.40802910755521615,-0.30573870249400736,0.7203494528852593,0.04950670938125462,-0.4262284616912808,0.6732302067783806,-0.36261450669388845,-0.3997470494385589,0.8722030301810452,0.015097804469838888,-0.46787711877624283,0.8494147146954631,-0.25467770732933603,-0.40324257568770394,1.0441514047653717,-0.055556078505755335,-0.42259124287781263,1.0319698238905202,-0.25975986984778543,-0.41890383267771414,0.6677268507169667,-0.1336485900972021,-0.45057625338726304,0.6678346211035044
3.266666666666665,0,0-ACCAD_Female1Walking_c3d_B9 - walk turn left (90)_poses,96,-0.168292231624946,-0.39695655717514455,0.7513181479227926,0.7525823532067966,-0.027305765891279716,0.02150981490855618,0.6575800518974179,0.10840360820293427,0.058902204036712646,0.2520236670970917,0.6633641123771667,-0.8619518747660209,-0.06930783931226081,-0.47420039772987366,0.07854597270488739,-0.12947241961956024,0.47577527165412903,-0.10645693278236479,-0.12423432365890685,0.07321185618638992,0.06691897660493851,-0.01794552244246006,0.10330333560705185,0.25512608885765076,0.9165529608726501,0.194086492061615,-0.21674790978431702,0.9830982089042664,-0.1685574045995904,-0.3917524177619777,0.8261369063745462,-0.13392289903705706,-0.3717081594789511,1.343781506012788,-0.28424151803793246,-0.5457084537727985,0.06944948378124835,-0.08075319966425246,-0.18136472179156615,0.0013439262240022391,-0.26448013900423545,-0.7144607376315019,0.0637789819376593,-0.11506772187933254,-0.3477995066310836,-0.003343926224002397,-0.2899310777169581,-0.4090034933428603,0.34930144228034377,-0.05544893533601042,-0.28215985228589385,0.39169809002211736,-0.40324894016624296,-0.29960486786153323,0.7171760324023321,0.05351711973581888,-0.37475262693676864,0.6787177840851008,-0.3562686362905653,-0.3825463396740707,0.8748881990398085,0.020209034210969916,-0.42529936761361664,0.852772840460332,-0.25227417629585885,-0.37548589096232393,1.0481883176174196,-0.052624069294583214,-0.38861786696318945,1.0363743055685048,-0.2562955234040748,-0.38772584314327396,0.672328864504213,-0.1304457295064521,-0.4190990728444643,0.6723389917901273
3.299999999999998,0,0-ACCAD_Female1Walking_c3d_B9 - walk turn left (90)_poses,97,-0.16707617766223848,-0.3690730871167034,0.7550821467115761,0.7581134164262968,-0.026399842169995275,0.019572625758066023,0.6512941029126413,0.01923842914402485,0.08798793703317642,0.25206080079078674,0.7649143934249878,-0.8717781162814129,-0.07453382183709223,-0.43089571595191956,0.08049014210700989,-0.13181696832180023,0.4727915823459625,-0.14260568837443244,-0.12324537537833846,0.1258474886417389,0.061520766466856,-0.010719165205955505,0.13294561207294464,0.23237541317939758,0.9368784427642822,0.155463308095932,-0.21989817917346954,0.9690853357315063,-0.16742954636342772,-0.3641588455754002,0.8299201408097262,-0.13576445520607988,-0.34081841601539004,1.3475696736566487,-0.28830868534189913,-0.4840488791665351,0.07075356754711831,-0.0788501173977684,-0.17724808766390698,0.0013109896155957014,-0.2702295121034295,-0.6529549457929185,0.06412905610723589,-0.11697665955553355,-0.34285305163261953,-0.003310989615595724,-0.29222049451091614,-0.3464910187619183,0.3488032084119256,-0.05375535228718266,-0.26600927559240495,0.39055264350634694,-0.39946982149028226,-0.29544635999696156,0.7142812642321685,0.055192735481106446,-0.32264416288579134,0.6851983857583307,-0.3518838599659681,-0.36753156935079184,0.8770659780795966,0.023046894328384554,-0.3829667935558087,0.8563339733191906,-0.2527559898638875,-0.3500052463120542,1.051554113124434,-0.05271486429148964,-0.35586032653102123,1.040533631494415,-0.25506466036471165,-0.3602510207517293,0.6762145449523155,-0.12927468032535586,-0.39054207051697315,0.6765120506173482
3.3333333333333313,0,0-ACCAD_Female1Walking_c3d_B9 - walk turn left (90)_poses,98,-0.1667152715381235,-0.34194954647682607,0.7589780764571347,0.7584173984216652,-0.028892371773809933,0.019019211405227453,0.6508506358774803,-0.0803297907114029,0.12055187672376633,0.24900689721107483,0.8376770615577698,-0.847774125793407,-0.07547887127807129,-0.38761991262435913,0.08060017228126526,-0.1333991289138794,0.4562123417854309,-0.1707298923924374,-0.11657327891876434,0.17713415622711182,0.057353660464286804,-0.0050150081515312195,0.1566537320613861,0.20976056158542633,0.9526042342185974,0.11546523869037628,-0.22845661640167236,0.9541633129119873,-0.16737228919417477,-0.3368058749860403,0.8337986015247557,-0.1397155825363351,-0.30712747222084336,1.3513179648863118,-0.29172856280976583,-0.41784428122401274,0.06782440393738937,-0.07775698410282478,-0.17382760897360858,0.001229695651384942,-0.2724835695127245,-0.5865924734142803,0.060497885970894304,-0.11722112110794299,-0.33912339149588,-0.003229695651385041,-0.294984268366173,-0.28707919729975573,0.3525316460440072,-0.05371768686375379,-0.25229955462602177,0.3895853941021665,-0.39536890466073915,-0.29228389509987246,0.7123470250541603,0.05508585799403785,-0.26780386270710865,0.692759689383934,-0.3476477177292872,-0.3536365918478137,0.8794341254652234,0.024953061177056368,-0.3376341662206579,0.8606147085861021,-0.254594970760469,-0.3249034285031702,1.0548666693094708,-0.054461478470242505,-0.32068622986801504,1.0448175201221268,-0.25474721351728086,-0.3357444378776847,0.6798112717174054,-0.12846362906771222,-0.36268609235828225,0.6809939967726366
3.3666666666666645,0,0-ACCAD_Female1Walking_c3d_B9 - walk turn left (90)_poses,99,-0.16778705245815217,-0.31799107207916677,0.7627160134881087,0.7565591595521474,-0.03313575319895716,0.01864907093986868,0.6528188662337862,-0.18441908061504364,0.15173745155334473,0.2449387162923813,0.8789989352226257,-0.7903100692291787,-0.066901707472528,-0.3423219323158264,0.07921558618545532,-0.13434971868991852,0.42794325947761536,-0.19085245325388778,-0.10507563294324263,0.22572681307792664,0.05477935075759888,-0.0019140425138175488,0.17540839314460754,0.1882811337709427,0.9634885191917419,0.07545336335897446,-0.24348455667495728,0.9386157989501953,-0.16891543036791973,-0.3124045286383754,0.8374991485900614,-0.1458115013156829,-0.27635667925954777,1.3548179918440417,-0.29521052709880036,-0.34865790315312994,0.061216022341127524,-0.07616958276343003,-0.1732963227736833,0.0011079074892687939,-0.2732243202639173,-0.5170503675536468,0.053432408647319594,-0.11594430524710941,-0.33852403944196213,-0.0031079074892687783,-0.2984798251638036,-0.2329754147976802,0.3603408633745823,-0.05475930899980442,-0.24349875009263114,0.3889403747187421,-0.39121008571790117,-0.28981092350253845,0.7114981725842965,0.05272560722084957,-0.21503335566284437,0.7011283227454029,-0.3441858899600101,-0.3419328176866683,0.8818847840423274,0.025005735815570466,-0.29433243697539285,0.8651491404376359,-0.2579550444092732,-0.3031341715688263,1.0579957878940465,-0.058295033801940954,-0.28813399712718346,1.0488820712537148,-0.25575593463229884,-0.31532145701826136,0.6828387719434438,-0.12881035950799669,-0.33790449337849315,0.6854116319232675
3.3999999999999977,0,0-ACCAD_Female1Walking_c3d_B9 - walk turn left (90)_poses,100,-0.1689050269778818,-0.2945975901093334,0.766074382266266,0.7534024192302863,-0.03699434661680473,0.01934570639448116,0.6562331572394421,-0.2879417836666107,0.17767463624477386,0.24189862608909607,0.8900822401046753,-0.7038396096496911,-0.05252802056854222,-0.2933787405490875,0.0783667340874672,-0.1350284069776535,0.3923695385456085,-0.20815678161443807,-0.09512595202132901,0.27138346433639526,0.05386130511760712,-0.0006068517104722559,0.19179905951023102,0.1688058227300644,0.9706991314888,0.03689524903893471,-0.26379382610321045,0.9229141473770142,-0.17036029921003706,-0.2885125514755501,0.8408129565606401,-0.15002360446671562,-0.24668530632670987,1.3578052806453025,-0.2992490838807484,-0.2747694270432801,0.05311565955927757,-0.07656316753014078,-0.1739504564820352,0.0009500524362287092,-0.2734660756164344,-0.4426136417422484,0.04514345303103345,-0.11599142854209374,-0.33926894127897844,-0.0029500524362287665,-0.30236431501073735,-0.18251408699785912,0.3719305077681042,-0.0571016498455756,-0.23674569340402585,0.3881990899772012,-0.3863888537255415,-0.28578010125006137,0.7122003818256462,0.0489511489135001,-0.16293045806726839,0.7090854164977828,-0.33987905662954165,-0.3299428566210783,0.8849604872212402,0.02471981135162036,-0.2514226651149273,0.8689026113673106,-0.2601175443091169,-0.28219629253752554,1.0611321888792933,-0.06157232919802673,-0.2563170401673604,1.0520631893064496,-0.256936436725518,-0.29583152582204014,0.685456118106504,-0.1293068918895732,-0.3134914929353526,0.6893399999009666
3.433333333333331,0,0-ACCAD_Female1Walking_c3d_B9 - walk turn left (90)_poses,101,-0.1699222398456186,-0.271856659790501,0.7684943142390948,0.7488010672763977,-0.04057479789939628,0.020458211420672657,0.6612352902005594,-0.386549711227417,0.19643458724021912,0.2410690039396286,0.8724031448364258,-0.5939081752492332,-0.03213095571485536,-0.2423987239599228,0.07911583036184311,-0.1354997456073761,0.35356026887893677,-0.22455556183621583,-0.08707911332384288,0.3135927617549896,0.053574349731206894,0.00015448355406988412,0.20732912421226501,0.14930716156959534,0.975599467754364,0.00037566691753454506,-0.28707239031791687,0.9072566628456116,-0.17164879350323917,-0.26527013828990226,0.8431845863432282,-0.1534555551883145,-0.21790900014020026,1.359775468534985,-0.3029573982584529,-0.19776080834833792,0.04475864570279178,-0.0785858969248262,-0.17547433363535425,0.0007737692724549272,-0.27255285980969135,-0.3648340103674437,0.03687770611408357,-0.11684184454292672,-0.3410759563390992,-0.002773769272454915,-0.30591240204673925,-0.13717248804758303,0.38543790521558563,-0.06019791516665254,-0.23118156461393333,0.3872914684212819,-0.3801863250949696,-0.2810210812117248,0.7129399534045824,0.04340718431126564,-0.11202327500197531,0.7162913287556271,-0.33449025483951234,-0.31797469165594433,0.8875992332683025,0.023637884181977955,-0.20915223705019337,0.8716448086265398,-0.26153362054268936,-0.2620528579978539,1.0635203745494324,-0.06474277681296804,-0.22523209671833688,1.0540451298063533,-0.25799623930290794,-0.2772248945428105,0.6870572996009063,-0.12973147070158983,-0.2894996505648886,0.6922230942950811
3.466666666666664,0,0-ACCAD_Female1Walking_c3d_B9 - walk turn left (90)_poses,102,-0.1722718549426645,-0.24966851784847677,0.7699346502418317,0.7449797932802628,-0.04365732186198679,0.022241292053863767,0.6652852551948755,-0.47566479444503784,0.2070835828781128,0.24312657117843628,0.8279961943626404,-0.4668231547795241,-0.008691749958126604,-0.19444599747657776,0.08042644709348679,-0.13537552952766418,0.3137710988521576,-0.23731273001122055,-0.08084318728449014,0.35180890560150146,0.053481463342905045,0.0006826097378507257,0.22188347578048706,0.1299949437379837,0.978767991065979,-0.034488603472709656,-0.31190651655197144,0.8911934494972229,-0.17414314384659,-0.24257042390710207,0.8445745547181738,-0.15719376142427097,-0.18992943843108528,1.3606940932416631,-0.3075933189589653,-0.11881051865751989,0.03779587382886704,-0.08234075907061689,-0.17587949431241942,0.0005909087707173209,-0.27326761937769145,-0.2851405200413169,0.03030741685014459,-0.11963915037982778,-0.341706832356778,-0.0025909087707172776,-0.3095714562832262,-0.09713963119495941,0.3992077657566134,-0.06477641070663226,-0.22589871551088797,0.38646397533923976,-0.37444423183038494,-0.27394322010060485,0.7135180994857154,0.035611280858678714,-0.06373778678661876,0.7226598548761578,-0.32996455135067415,-0.30469082039644335,0.889687640850386,0.02065373184010056,-0.16884514070280104,0.8732861476814425,-0.2636086879704977,-0.24187379642015133,1.0651026925024754,-0.06888725256959305,-0.195507915210145,1.0548093667507605,-0.26040962776571497,-0.2586833071693853,0.6877187090388265,-0.1316878352582808,-0.26622399781008865,0.6939782581746933
3.4999999999999973,0,0-ACCAD_Female1Walking_c3d_B9 - walk turn left (90)_poses,103,-0.17629731423221529,-0.22791338874958456,0.7705970014438269,0.7412620855529244,-0.04611474292274412,0.024472443131782366,0.6691823746439081,-0.5497117042541504,0.21127112209796906,0.24709174036979675,0.7596543431282043,-0.32976343209444625,0.01313712790103383,-0.15132229030132294,0.08067356795072556,-0.13401654362678528,0.27578574419021606,-0.24691062393108942,-0.07509650115305666,0.3857741355895996,0.053070154041051865,0.0011000403901562095,0.23584021627902985,0.11101480573415756,0.9810882806777954,-0.06769382208585739,-0.33677273988723755,0.8744345307350159,-0.1782051160733195,-0.2203294430312974,0.8451881809456765,-0.16197974221513226,-0.1628523543160911,1.3608121685287213,-0.3147268381508478,-0.04118783714360172,0.03339463556316223,-0.08749961554354432,-0.17420771707035387,0.00041660214335039955,-0.2771457317928518,-0.20684171305796267,0.026578930210193218,-0.12363517781718596,-0.3402986382329436,-0.0024166021433504534,-0.31419732861164706,-0.063459511907795,0.411504092720927,-0.07078700008713978,-0.21968268785803122,0.38578864181712624,-0.3698311619870071,-0.2651800516763784,0.7138601128681351,0.025021858130330147,-0.017655813540442784,0.7285142254789532,-0.3268395027471314,-0.290499529611807,0.8912585499442488,0.015323842777170998,-0.13019166156894157,0.8741205289513118,-0.2669237073147659,-0.2218450880196543,1.0660185955508876,-0.07449363176610627,-0.16694497709916511,1.0546683204328526,-0.2645202934982949,-0.24011345757322294,0.6877517992302681,-0.13547390907856277,-0.24348011897719612,0.6948107465029009
3.5333333333333306,0,0-ACCAD_Female1Walking_c3d_B9 - walk turn left (90)_poses,104,-0.18069825298152864,-0.20567896380089223,0.7699898115780938,0.738118079683856,-0.04864145883472972,0.02442817259408931,0.6724722844176997,-0.6055513620376587,0.21046647429466248,0.25233930349349976,0.6716895699501038,-0.18839564297806066,0.03682160742319052,-0.10803698003292084,0.07807596772909164,-0.1306866854429245,0.24535347521305084,-0.26059204047968776,-0.06314485506888157,0.41577091813087463,0.053766027092933655,0.001111018704250455,0.2491672784090042,0.09413987398147583,0.9829407930374146,-0.09810348600149155,-0.3584078550338745,0.8575736880302429,-0.18290012654572843,-0.19782940241840086,0.8445454025080151,-0.16856000302943053,-0.1372456185125009,1.3598710819292563,-0.3199752471520228,0.034995392168527775,0.03096181929448685,-0.088579330761652,-0.17248196871815896,0.0002863321852463463,-0.2799857140157578,-0.13012781853948102,0.02503201954895907,-0.12345781486067878,-0.3388456448767205,-0.0022863321852462475,-0.3167377340894339,-0.03424710994512531,0.4199593961770235,-0.07463132687588594,-0.21182426733024162,0.38487392851158825,-0.3657760376589236,-0.2538590004385287,0.7126930081358563,0.012951499476295298,0.026224416042250166,0.7341201028577997,-0.32482790224227565,-0.27485096062289927,0.8911367023861319,0.00845499689308565,-0.09316351520928155,0.8744264374979963,-0.2713203974507081,-0.20171584505063214,1.0654555247007098,-0.0811827069572002,-0.13941738321373479,1.0536765091836273,-0.26864358118045606,-0.22024451036043832,0.686291083510027,-0.13940836296224537,-0.22007945653710878,0.6944156110219382
3.5666666666666638,0,0-ACCAD_Female1Walking_c3d_B9 - walk turn left (90)_poses,105,-0.18586412793956697,-0.18276285543106496,0.76748482014784,0.7346727328733623,-0.05106608174787295,0.024874410121173307,0.6760395658453937,-0.6452633738517761,0.20126771926879883,0.26119741797447205,0.5734434127807617,-0.05396306232721604,0.06254348457745695,-0.06270088255405426,0.07373952865600586,-0.12604892253875732,0.2265193611383438,-0.28897648649572094,-0.050022648143475235,0.44123220443725586,0.05539126694202423,-0.0003149103431496769,0.26203635334968567,0.08020926266908646,0.9845932722091675,-0.12406295537948608,-0.37534141540527344,0.841603696346283,-0.1883013490703553,-0.17461291394299158,0.8420008480002465,-0.17470971886457176,-0.11131849776281463,1.3570306822479201,-0.32385920765126003,0.10551192633355132,0.030206129390671244,-0.09036092022866662,-0.1749764814729078,0.00020911112179650831,-0.28197379441005377,-0.05917265708833907,0.02524627649246878,-0.12362821986203888,-0.3416721292153849,-0.0022091111217966038,-0.31839499691914747,-0.009326351732862174,0.4234235414909469,-0.07876286158510565,-0.20349605620404143,0.3825270274267581,-0.36331546478638593,-0.24057650139458317,0.7103005921821837,-0.0010773198426317961,0.06753653572381457,0.736864903964507,-0.3239310581125983,-0.25764490834147336,0.8895130420829013,0.00015922508271298819,-0.057391227027246444,0.8723310962592279,-0.2758980757075407,-0.18063103033811395,1.0631713308957673,-0.08808860453260035,-0.11176812323574313,1.0506139640380425,-0.27353247512233475,-0.19942816642921804,0.6831763713999994,-0.1441809523128765,-0.19594839233622358,0.6920361928910266
3.599999999999997,0,0-ACCAD_Female1Walking_c3d_B9 - walk turn left (90)_poses,106,-0.1910280359443277,-0.15745175792835653,0.7629878176254242,0.7294151117216393,-0.05297316340539762,0.024717693353400818,0.6815691266380988,-0.6685613393783569,0.18293841183185577,0.27307769656181335,0.4802844524383545,0.0584782126689567,0.09237317049982607,-0.018102901056408882,0.06858241558074951,-0.12075433880090714,0.22033265233039856,-0.32845885982932965,-0.036672472783300436,0.4622466564178467,0.056632112711668015,-0.0035780793987214565,0.27444353699684143,0.06784456223249435,0.986280620098114,-0.14457641541957855,-0.38586005568504333,0.8272058963775635,-0.193739347993118,-0.14912882154210916,0.8374752495645411,-0.18100002139670626,-0.08489553688192768,1.3524273431958953,-0.3247796340597635,0.16782384027582245,0.02985321603921907,-0.09185158178406709,-0.176435523974706,0.0001898410759316252,-0.28086260265909957,0.003645502944070851,0.025758352923719564,-0.12237147980450981,-0.3436565541643263,-0.002189841075931561,-0.3187745157645923,0.014218725841430531,0.42175618890759325,-0.08213018360268641,-0.19080624183317677,0.3786966279807336,-0.36092324185925795,-0.22428550558382532,0.7059126422148437,-0.017210777298847763,0.10842390578213666,0.7371736919998779,-0.32303237926023404,-0.23813683553447285,0.8857236190607202,-0.009500773557602489,-0.020867795999209366,0.8682605940799928,-0.2804099235578568,-0.15809673009600722,1.058904114517081,-0.09522446000905943,-0.08255651208842747,1.045781445063637,-0.2782805362348281,-0.1761964886040581,0.6782524712008352,-0.14892032586142562,-0.16910035199126314,0.6875832905910043
3.63333333333333,0,0-ACCAD_Female1Walking_c3d_B9 - walk turn left (90)_poses,107,-0.19695012993179262,-0.13064665510319173,0.7575349229598938,0.72604732420242,-0.05201811323081667,0.02286813021165154,0.6852929647494092,-0.6734015941619873,0.16000090539455414,0.2840905785560608,0.40548503398895264,0.13932191142635575,0.12040130533376914,0.02321814000606537,0.06206603720784187,-0.11475882679224014,0.22702108323574066,-0.3718707440999196,-0.024727122609376484,0.4790234863758087,0.05815248563885689,-0.008383965119719505,0.2853248119354248,0.058966878801584244,0.987424373626709,-0.15867926180362701,-0.3885047137737274,0.8152361512184143,-0.19980677527483282,-0.12263080800234506,0.8320505976373731,-0.18643146660400564,-0.06169123311134799,1.3474111071519044,-0.3228711969966971,0.22063414846421503,0.028917201920315314,-0.09418147009787567,-0.1735157915964372,0.00022822864609533394,-0.2784575613302201,0.05657514995432894,0.025442439364597325,-0.12252157762338119,-0.3411189064929522,-0.0022282286460952386,-0.31860872956556713,0.0388570403584723,0.4169678921475437,-0.08603564495118729,-0.17308710086147736,0.37384409470945135,-0.36104476992897083,-0.20383038873631762,0.7004940918699806,-0.0332363595873575,0.1457378388520025,0.7366001901630294,-0.32400005931557607,-0.21649982081708263,0.8805683518587107,-0.019612888329702458,0.01280743375295441,0.8634996489296565,-0.2851526658834127,-0.13546661608309674,1.0537992089088368,-0.1020788501598988,-0.054983303027713384,1.0404351071409645,-0.2839410139791942,-0.15006237515941193,0.6725907524727613,-0.15460278779122472,-0.14055870008233481,0.6820128181634568
3.6666666666666634,0,0-ACCAD_Female1Walking_c3d_B9 - walk turn left (90)_poses,108,-0.2038524819072336,-0.10274713649414478,0.7508692765091498,0.723935296234259,-0.05027271933925387,0.01952190173540279,0.6877566691127651,-0.6606115102767944,0.13588066399097443,0.29178646206855774,0.354799747467041,0.18062854485876612,0.14382535970480248,0.059518296271562576,0.05419670045375824,-0.10810713469982147,0.24646927416324615,-0.4202614582980442,-0.01105912876876769,0.4917636513710022,0.059703562408685684,-0.014016934670507908,0.29430246353149414,0.0533984899520874,0.9878926277160645,-0.16556991636753082,-0.3824072778224945,0.8064660429954529,-0.2069189025498533,-0.095274059382197,0.8254330088655802,-0.19303252808057822,-0.03982218127718376,1.341428033173301,-0.31844101580293915,0.2598293087466699,0.02360827713818258,-0.09596313261747388,-0.16769386543863196,0.00032501376185275696,-0.27448229946109287,0.09564033856137732,0.020507740560396476,-0.12242152606412128,-0.3356013720318334,-0.0023250137618527067,-0.3186393950863464,0.06315775307133766,0.4084521743270809,-0.08987733545658168,-0.1513634803543612,0.3677286629874929,-0.36379476233344676,-0.1803061151868292,0.6934373677582907,-0.04931776520151808,0.17912427522852364,0.7339747227650949,-0.327348784258305,-0.19307069602847338,0.8736270466032553,-0.030687981158589814,0.04383481894252885,0.8577053106103074,-0.2912316810589269,-0.11222518943672499,1.0472998980459822,-0.10974812434531701,-0.028158956113175565,1.034308671877199,-0.2905273434198801,-0.12188190183210143,0.6657775886524684,-0.16123166365656044,-0.11094602808957518,0.6752446321761834
3.6999999999999966,0,0-ACCAD_Female1Walking_c3d_B9 - walk turn left (90)_poses,109,-0.21124079055152833,-0.07306603505276144,0.7431519707159648,0.7210129731764116,-0.04731811735533283,0.01554810744412673,0.6911291808599634,-0.6333226561546326,0.11198388040065765,0.29593178629875183,0.3288162350654602,0.18535058448486263,0.15969874246470628,0.09004198759794235,0.04628897085785866,-0.1012357845902443,0.27901360392570496,-0.47442212287650465,0.0008871948906948868,0.5002222061157227,0.0617368146777153,-0.019233338534832,0.3008786141872406,0.05211377888917923,0.9875848889350891,-0.16477294266223907,-0.3675019145011902,0.8016384840011597,-0.21446467222833893,-0.0663366259665723,0.8177798585346927,-0.1994802013563147,-0.017437995038119866,1.3344352560565638,-0.3149478301352141,0.2867124434139793,0.013412399036579117,-0.09873046171867536,-0.1576660982645563,0.0004787057061810783,-0.2712275424202669,0.12245621705957975,0.010509203222563178,-0.1227229132281522,-0.32593854398370375,-0.0024787057061810905,-0.3204272174090795,0.08751299899029824,0.39731810797524186,-0.09414221288580268,-0.124336769970512,0.3600301615373947,-0.3688283869791454,-0.15426601620058222,0.6853922492665633,-0.06615957130835531,0.21003765646785133,0.728287024766445,-0.3320813714324503,-0.1678028809057398,0.8654643857745008,-0.04261944556936851,0.07398337300497425,0.850330699882216,-0.2975276240107233,-0.08767183204178466,1.0397310990443824,-0.11755192736894655,-0.00035617665556894607,1.02720473313951,-0.29762820059634165,-0.09160046381695017,0.6581314192978299,-0.1684201920431983,-0.07939575769696622,0.6673833534822436
3.73333333333333,0,0-ACCAD_Female1Walking_c3d_B9 - walk turn left (90)_poses,110,-0.2185648453887552,-0.04185431986115873,0.7348072737430495,0.7182943677944944,-0.042979436027538565,0.01072880003551411,0.6943276331266531,-0.5976651310920715,0.09013481438159943,0.29647013545036316,0.32293978333473206,0.16524549134812339,0.1692004882243986,0.11366064101457596,0.036910492926836014,-0.0935698002576828,0.3255695402622223,-0.533406676261662,0.013029724010828803,0.5035457611083984,0.06336990743875504,-0.02323964610695839,0.30446335673332214,0.054175518453121185,0.9865449666976929,-0.15667015314102173,-0.34559166431427,0.8011576533317566,-0.2218851514064676,-0.03610614148648187,0.8095129228823325,-0.2058098754761522,0.004928340104912027,1.326842410940279,-0.3118094385921232,0.3066490604435122,0.00040899866775976484,-0.1009897953655185,-0.14307610815076696,0.0008898007630905591,-0.2684863488131473,0.14228614253615754,-0.002408998667759673,-0.12235305977734999,-0.31169441024044003,-0.0024982863175341333,-0.3232200928881581,0.11338003681178851,0.3851554494182212,-0.09798221991577376,-0.09204552201426623,0.350901321613165,-0.3756307955000037,-0.12516137129880808,0.6764661380888181,-0.08151590460219037,0.23810571986632187,0.7204103458540334,-0.33805576085207995,-0.14046136506996978,0.8562259533033922,-0.0540911349604563,0.1025424497101709,0.8421890221435889,-0.3039278307162767,-0.061877080368074294,1.0313656237562188,-0.12501412517044222,0.027708383389591036,1.0196816368004558,-0.3047413783684109,-0.059287225777905905,0.6499615748272093,-0.17562865612878878,-0.046263550259108985,0.6588867507041761
3.766666666666663,0,0-ACCAD_Female1Walking_c3d_B9 - walk turn left (90)_poses,111,-0.22717720991931856,-0.008843175368383527,0.7395421668028233,0.7158818821670851,-0.03823588213566045,0.004680854504276921,0.6971579718423431,-0.5605568885803223,0.06932763755321503,0.29410162568092346,0.32891860604286194,0.13392727976343966,0.1778836821875731,0.12735386192798615,0.02528010867536068,-0.08467694371938705,0.3873308002948761,-0.5960211011263241,0.028927958505881923,0.5015206933021545,0.0651416927576065,-0.02444556914269924,0.3032631278038025,0.057830192148685455,0.9843781590461731,-0.14021183550357819,-0.3155985176563263,0.8060094714164734,-0.23067303658561275,-0.004247824823040594,0.8143195828405859,-0.21464332926707275,0.02889951666780851,1.3322261777436477,-0.3086777746212718,0.32566684706594773,0.00040225025439231607,-0.10228289206982562,-0.12271680092967586,0.015265505848197903,-0.26608688314573486,0.16111244651641737,-0.002402250254392429,-0.12085673433341103,-0.2916530325494588,0.011320632000467176,-0.32721928455464183,0.1420361610933883,0.3863669597574831,-0.10185115471304511,-0.0537149135685525,0.3540810407397314,-0.38533525435748733,-0.09197862525116726,0.680171547879602,-0.09653978832868973,0.26299140422210093,0.7232391184652555,-0.3468658296558935,-0.11008861849135607,0.8594804871774988,-0.06663120433579695,0.12964843934440926,0.8468704030389219,-0.31244828785112466,-0.03388780190602533,1.0357661099227524,-0.13404182164146422,0.056868779338001246,1.0254432868845667,-0.3130679215602752,-0.02486282121914283,0.6547425702453423,-0.18406376620320952,-0.011435070959434234,0.663582642068726
3.7999999999999963,0,0-ACCAD_Female1Walking_c3d_B9 - walk turn left (90)_poses,112,-0.2375315350946039,0.023576982552185655,0.7448683425458603,0.7108521085771317,-0.03479334240335128,-0.0014092147611888843,0.7024789798774094,-0.5210010409355164,0.04751332104206085,0.2892161011695862,0.3412153422832489,0.09161335660239467,0.18703178146971888,0.12825140357017517,0.014701226726174355,-0.07563883811235428,0.465619832277298,-0.6653217870140993,0.04663750248423115,0.4929753541946411,0.06810621172189713,-0.02284323051571846,0.29522567987442017,0.0635012537240982,0.9801225662231445,-0.11659198254346848,-0.2799178659915924,0.8155315518379211,-0.241348035338973,0.02713842911178569,0.8196864581615844,-0.2264778303187369,0.054914770889659806,1.3379445036496769,-0.30747582202843027,0.33871885349656566,0.0004027287590330636,-0.1038016409572914,-0.09924577669144234,0.03198707006847065,-0.26465174822556176,0.1742249991705126,-0.0024027287590330203,-0.11828537498842781,-0.2685642952415498,0.027354497941430425,-0.33323855269460606,0.16829890490752475,0.3875911672323063,-0.10668374209208337,-0.011445155239841777,0.35720703135711446,-0.39847483406205536,-0.057742914556506916,0.6845966286035757,-0.1132399289580265,0.28378643659297204,0.7236193781125471,-0.35854512938839456,-0.07906126123240553,0.8632323220801275,-0.0813834959786522,0.15488681246753813,0.8514067749180247,-0.32328448224219264,-0.005313684071437275,1.0406271068057318,-0.1454441482062056,0.08668818978874972,1.0316462551655594,-0.3228996403403493,0.008251304647073968,0.6600292867541502,-0.19412796161347595,0.022652094964473048,0.669031688044193
3.8333333333333295,0,0-ACCAD_Female1Walking_c3d_B9 - walk turn left (90)_poses,113,-0.24842915660701692,0.05488477856852114,0.7498192924253427,0.7036933403353158,-0.03174360030191432,-0.007695181352982703,0.7097526405667981,-0.4794222414493561,0.025685405358672142,0.2815858721733093,0.3541737198829651,0.04662911699853134,0.19602373800233608,0.1147274449467659,0.0074656386859714985,-0.06708433479070663,0.5608030557632446,-0.7388560775188093,0.06268022632106007,0.4759661853313446,0.07110893726348877,-0.02018570899963379,0.27903252840042114,0.07147794961929321,0.9728701114654541,-0.09071812778711319,-0.24590562283992767,0.8267815709114075,-0.252620929407939,0.05741619129539165,0.8246592616289152,-0.23954269405688797,0.08026301390758672,1.3432030938883184,-0.3078180512512849,0.3485253252287344,0.0003904500975956751,-0.10639915271798521,-0.07110707654709202,0.04961793748272415,-0.2640424341236298,0.18428171975443491,-0.002390450097595684,-0.11589590567706978,-0.24075355182886818,0.04415121015242865,-0.34019599784926224,0.19223616759919257,0.3882590038349546,-0.11268241693476919,0.035221962292654896,0.3591835204098496,-0.4145717699974926,-0.021582031235409846,0.6887646745233896,-0.1286678991335204,0.3023010305091244,0.7234857713804849,-0.3723369038803104,-0.04764675826124674,0.8662369548752813,-0.095949482751252,0.1783206910499316,0.8558411447553047,-0.3351049878580509,0.02259086315354505,1.0449776755542108,-0.15758760929807458,0.11534877671191535,1.0375121091663213,-0.33315071013246383,0.039791581569716516,0.6648939375160132,-0.20470990363010655,0.05549213014926013,0.6742166091186538
3.8666666666666627,0,0-ACCAD_Female1Walking_c3d_B9 - walk turn left (90)_poses,114,-0.258838809793815,0.08329292223788798,0.7541703922601514,0.6913865185365986,-0.029915744564079288,-0.013400314891190172,0.7217410628292082,-0.43761172890663147,0.002973538124933839,0.27194151282310486,0.36335641145706177,0.002634903061957017,0.20623491326063448,0.08340110629796982,0.0038824931252747774,-0.05817149579524994,0.6690640449523926,-0.8118396319045234,0.07690772861473505,0.44955164194107056,0.07326889783143997,-0.016538457944989204,0.25462862849235535,0.07955192774534225,0.9625164866447449,-0.06418081372976303,-0.21661964058876038,0.8385692834854126,-0.263467242544353,0.08494468998365427,0.8290092142283504,-0.25332461498418946,0.10435175937333746,1.3477490922629984,-0.3101310321703088,0.35367959157111667,0.0003495191165661521,-0.10809026414459208,-0.03758122198638697,0.06733604303542004,-0.2633060150791463,0.19027783831544198,-0.0023495191165660706,-0.11015537961430168,-0.20744726863523782,0.06091253200272363,-0.34757444489577416,0.21073912756525215,0.3881368968428763,-0.11945436477306486,0.0855373143430844,0.360248700138895,-0.4313412178619961,0.013831496403369366,0.6926168961095491,-0.14304497412792908,0.3185945819998184,0.7228626662619242,-0.38617770337798296,-0.01805712375885967,0.8684092084208944,-0.10989913029400551,0.20002465151419171,0.8599833752206331,-0.3467969704504924,0.047985740833304015,1.0486129696913242,-0.17002776239296694,0.14227561623737703,1.042760501921258,-0.3426532431163749,0.06704699970520454,0.6691171682682054,-0.21478460834358115,0.08538041214132018,0.6788944429193657
3.899999999999996,0,0-ACCAD_Female1Walking_c3d_B9 - walk turn left (90)_poses,115,-0.2699216378387064,0.10989704565145075,0.7574727930675171,0.6744045077234779,-0.028610241806186272,-0.01864375071712159,0.7375719792571048,-0.3966061472892761,-0.02088814601302147,0.26049211621284485,0.3671286106109619,-0.036397563041030256,0.21813071973179088,0.030046371743083,0.0014872649917379022,-0.04549145698547363,0.7787594795227051,-0.8666667849783338,0.09091039999691364,0.41364407539367676,0.07530899345874786,-0.012759384699165821,0.22239786386489868,0.09008849412202835,0.9485975503921509,-0.03733779489994049,-0.1940811425447464,0.8503847122192383,-0.2749729691687833,0.11072861084004285,0.8322978727609656,-0.26783296188020644,0.12724611924993157,1.351177538373475,-0.3145321938709071,0.3577273912375222,0.0002772137343864285,-0.1095190011420239,0.007797140635039404,0.08120691139635561,-0.2629428564292681,0.19576438570033322,-0.002277213734386479,-0.10144929733202723,-0.16185047036791392,0.07381989837284153,-0.35599561878556774,0.22583118065130195,0.38724251325976344,-0.1292125590864007,0.14174948868921997,0.36103746968536965,-0.45096083033100715,0.04951895123643754,0.696314071212971,-0.15651986499135417,0.33406723544970157,0.7217268110039173,-0.4016167080350805,0.010589612995902699,0.8695457900844491,-0.12364145014855223,0.22086869796904607,0.8633766085817232,-0.3590534083241099,0.07165556721444914,1.051202289753434,-0.18329788810969444,0.1679027554154337,1.0468824775394054,-0.3525963014426823,0.091375827009986,0.6722706378889416,-0.2255478439695305,0.11332073680500049,0.682537402328201
3.933333333333329,0,0-ACCAD_Female1Walking_c3d_B9 - walk turn left (90)_poses,116,-0.2802243900950998,0.13310534344054759,0.7598860922974991,0.6548929975043405,-0.028203825632953934,-0.02270130274982115,0.7548538645942716,-0.3582097887992859,-0.04492918774485588,0.2469969093799591,0.364842027425766,-0.06901344990092739,0.23047895726730228,-0.040094394236803055,0.00033454279764555395,-0.02670218050479889,0.8760433197021484,-0.8954869411721655,0.104993709039921,0.37084630131721497,0.07629680633544922,-0.010081792250275612,0.18450792133808136,0.10501153767108917,0.9319228529930115,-0.01279305201023817,-0.1793476790189743,0.8606188893318176,-0.28564789374216915,0.13330549171022177,0.8346894715584682,-0.28142054416687823,0.14738038559463007,1.353664554379148,-0.31846463127792524,0.359943167737646,0.00017470304613307827,-0.11113462645554625,0.06117981861788347,0.0902330888185589,-0.2614265359174683,0.1998146694349858,-0.002174703046133125,-0.09096499215907804,-0.10741944255758117,0.08201877305678006,-0.363317827073095,0.2365338712222688,0.38587350878135596,-0.1419118901977156,0.19866084785236993,0.36316132909747456,-0.47233159126120267,0.08341377968529716,0.7004048291147488,-0.16710465604058786,0.34793378184604484,0.7207369880807215,-0.417663088030766,0.03673113211251744,0.8700858515489254,-0.13536554095666273,0.239339166301556,0.8661997058217363,-0.3705022680082424,0.0924034675026108,1.0529344194338046,-0.19566568576599852,0.19036225997429063,1.0500310787129326,-0.36158457172136366,0.11158605714117276,0.6745495197360095,-0.23550769839578636,0.13747649592879696,0.6851921322207026
3.9666666666666623,0,0-ACCAD_Female1Walking_c3d_B9 - walk turn left (90)_poses,117,-0.2914318812545389,0.15453191683627665,0.7616532495450592,0.6353685345678072,-0.028293992579184413,-0.02486266020676342,0.7712899087843229,-0.32193616032600403,-0.06902210414409637,0.2315601110458374,0.35706382989883423,-0.09598772935417443,0.24146740272924994,-0.11650042235851288,0.001798770623281598,-0.0016335516702383757,0.9519877433776855,-0.8996488883931284,0.11625298269925011,0.3244205415248871,0.07612331956624985,-0.008152502588927746,0.14480094611644745,0.12564359605312347,0.9142985939979553,0.009069705381989479,-0.17245468497276306,0.8691627383232117,-0.2970748546950247,0.15435203588814145,0.836440444261765,-0.2950302259479584,0.1668499896597813,1.3554601787937708,-0.3231576587644449,0.36164402867951884,4.9630375680991684e-05,-0.11755895518529358,0.11846067054030261,0.0949318150088118,-0.26106585308313635,0.20340307073394645,-0.0020496303756810663,-0.08453095666149332,-0.04806567508813482,0.08609283740107739,-0.37099079983697647,0.24489699604169457,0.3843671942338457,-0.16010096809790422,0.2528831175420722,0.36717336726296934,-0.4968146433209645,0.11603923113021639,0.7054673732090531,-0.1759329237707181,0.36158370362480496,0.7197886547857856,-0.4360016504893671,0.061819236045408135,0.8707596484067633,-0.1463277109963751,0.2567169509896405,0.8684024488040705,-0.3826326299614439,0.11238552157377919,1.0542026981615764,-0.20826429916449643,0.2111999530834368,1.0523110743856967,-0.3715248465178752,0.12983840066380065,0.676341408519426,-0.246406279436522,0.1594166923729548,0.6869713102138107
3.9999999999999956,0,0-ACCAD_Female1Walking_c3d_B9 - walk turn left (90)_poses,118,-0.3033736718352884,0.17358747706748545,0.7630273295331206,0.6152645612785297,-0.028483388939259547,-0.025724968796446267,0.7873858280218757,-0.2864660620689392,-0.0920577421784401,0.21409787237644196,0.34417733550071716,-0.11756243118544174,0.2503619198160152,-0.19574987888336182,0.007448601070791483,0.027926873415708542,1.0013883113861084,-0.8755195667323741,0.12255942694342992,0.2759847939014435,0.0757456049323082,-0.005987096577882767,0.10506338626146317,0.15111203491687775,0.8963654637336731,0.030044252052903175,-0.1722429394721985,0.8773705363273621,-0.309111933599077,0.17317787865890732,0.837806367913364,-0.3085362010064048,0.18512418965546645,1.356832304394194,-0.32934333774454333,0.3621440563201138,-8.930333995727652e-05,-0.13027076683885114,0.17883838929194756,0.094817172776895,-0.26228822560466114,0.20593812025403038,-0.0019106966600427149,-0.08371324734041652,0.015599045740991045,0.0855806098227627,-0.3791799080633412,0.2503660346112768,0.3829449717398896,-0.18384842401148083,0.3027140141076846,0.37350688058498266,-0.523330078521251,0.14568905732056706,0.7117076126862368,-0.18345818592786578,0.37388847302075046,0.7186368174990055,-0.45580651482512413,0.0846085669789465,0.8719240483274356,-0.15673700266114712,0.2724409247761085,0.8701423867832585,-0.3951525015221323,0.13071814203567056,1.0552792782494518,-0.22110146728808816,0.23009974014701282,1.0539676613483617,-0.38218554397325083,0.14555320522494872,0.6778746546330612,-0.25805180928214644,0.178826604809428,0.688125404489379
4.033333333333329,0,0-ACCAD_Female1Walking_c3d_B9 - walk turn left (90)_poses,119,-0.31493873125873506,0.19050491438247263,0.7644189029108005,0.5925735337068393,-0.030076760853948028,-0.026284933765498227,0.8045253867117352,-0.2510310411453247,-0.11170942336320877,0.19438639283180237,0.3261556625366211,-0.1356639108238047,0.25777047840592426,-0.2749648094177246,0.017687330022454262,0.059976547956466675,1.0222861766815186,-0.8244577122408336,0.1282804743372402,0.22611917555332184,0.07564754039049149,-0.002802297007292509,0.06535419821739197,0.17815396189689636,0.8780627250671387,0.05103404447436333,-0.17696738243103027,0.8862034678459167,-0.3209047223199946,0.19000628377636758,0.8391795765178222,-0.32292584451367595,0.20307897783485884,1.3581609907252652,-0.33572399651440915,0.36060584142722724,-0.00024369963923655605,-0.14801721318915917,0.2417640014043606,0.09125964321436816,-0.2628798086613952,0.20701080135401378,-0.0017563003607633937,-0.08684228770097979,0.08342841229674386,0.08190711877122131,-0.3863024700730448,0.25243541060871627,0.38160773674274917,-0.21113912187090697,0.3472291724812625,0.38257909238856563,-0.5494462102665963,0.1718161364804995,0.7186214263421307,-0.189726696013736,0.3849877018157232,0.7176150074862686,-0.4753228671016695,0.10485636896527027,0.8734816334210606,-0.16657185631067867,0.28733074795888613,0.8721677071258979,-0.4077152771791057,0.1474398226633994,1.056313900910288,-0.2343682560406496,0.24805054114586733,1.0556221720145151,-0.3920073872134851,0.15858826469896659,0.679321034196509,-0.26912036507996145,0.1962358109662704,0.6892226131567657
4.066666666666662,0,0-ACCAD_Female1Walking_c3d_B9 - walk turn left (90)_poses,120,-0.3274905455764383,0.20654880092479289,0.7658217391485235,0.5666516923141481,-0.032722333614605026,-0.02725556297627327,0.8228561494983024,-0.21527138352394104,-0.12709836661815643,0.1730891317129135,0.3034224808216095,-0.15006287780605887,0.26380370384389407,-0.3492918908596039,0.03132827207446098,0.09264659136533737,1.0149493217468262,-0.7502790704723732,0.13518070996419884,0.17593355476856232,0.07633866369724274,0.0014953910140320659,0.02629401721060276,0.20438547432422638,0.8596627712249756,0.07209121435880661,-0.1846259981393814,0.8959485292434692,-0.33384607322536725,0.2059660146422108,0.8405496966239726,-0.33965536230205207,0.22116745971953747,1.359429011416048,-0.34363696132381955,0.3589013012149153,-0.0004081732155446806,-0.17340501603093267,0.30686552989160565,0.08536498872961736,-0.26396932805554535,0.20872917605961044,-0.0015918267844553975,-0.0968718572954126,0.1553452362370914,0.07618478040881035,-0.3935019179907122,0.2528371583969765,0.3804269761153821,-0.2425172711768745,0.3864060980014515,0.39357409619490674,-0.575828227378188,0.19512023346813354,0.7257562507853116,-0.1970166565641039,0.39619037210348423,0.7169327327046751,-0.4953286336479868,0.12327735809798002,0.8751482882973195,-0.17774229364311264,0.30271011105295215,0.8745699869692758,-0.421605019030851,0.16320038270208095,1.0572358598494147,-0.2496125553200227,0.2661118466217801,1.0573248575113583,-0.4022164458612214,0.1702933668987609,0.6806216373531412,-0.2810148257030922,0.2132281227575873,0.6903285611090539
4.099999999999995,0,0-ACCAD_Female1Walking_c3d_B9 - walk turn left (90)_poses,121,-0.3409742785152048,0.22247543022967875,0.7671371199374551,0.5378914582115677,-0.03824303510496034,-0.027530482416737712,0.8416960983555144,-0.17870600521564484,-0.13830333948135376,0.15138395130634308,0.2773691415786743,-0.16739758176498576,0.2685851546028447,-0.4166117012500763,0.04721967130899429,0.1232011690735817,0.9800365567207336,-0.6602749596502719,0.1420022568463949,0.12647667527198792,0.07739320397377014,0.006860665045678616,-0.011782507412135601,0.22822903096675873,0.841404914855957,0.09222318232059479,-0.19406452775001526,0.9061822891235352,-0.34802389223063357,0.22208517557213325,0.8418040513580345,-0.360062051613472,0.24212144641623803,1.3603938374654898,-0.3507911525898545,0.3543396408328226,-0.0005934964953547284,-0.20699714345674122,0.3701783252298444,0.07812311933215277,-0.2632926194538165,0.20858866924551378,-0.0014065035046453497,-0.11522270034498819,0.22734709159058775,0.06936582016998635,-0.39944992464472995,0.25106557651376893,0.37912200451075173,-0.27598867908193647,0.4185052698692391,0.404726264564029,-0.6019912236321374,0.2162439440161411,0.7320559834926565,-0.205538355946559,0.4082985025651743,0.7163059611537004,-0.5158140507619959,0.14103570123614492,0.876543973644859,-0.19067917757507716,0.3197584927559008,0.8772389772978911,-0.4374412596787791,0.17978364427701618,1.0578660111530542,-0.267451736424343,0.2859658825877176,1.0589048331103303,-0.41258287582853614,0.18129396124515032,0.6817145059329718,-0.29359687420765357,0.23027227089672334,0.6914564634181932
4.133333333333328,0,0-ACCAD_Female1Walking_c3d_B9 - walk turn left (90)_poses,122,-0.35367796546779573,0.2361544279847294,0.7679813464685823,0.5079775968732697,-0.044028283521418896,-0.028509465255803983,0.8597717614087146,-0.1430000364780426,-0.14543664455413818,0.13043959438800812,0.25005191564559937,-0.18256252033602416,0.2722971507071049,-0.48046672344207764,0.06498923897743225,0.14855676889419556,0.9177442193031311,-0.5452428011373538,0.14587098387198405,0.07803454995155334,0.07821556180715561,0.013439402915537357,-0.04971815645694733,0.24817755818367004,0.8229915499687195,0.11024736613035202,-0.2037033587694168,0.9163990616798401,-0.36152843214636543,0.23583249025940875,0.8425686545647302,-0.38118041116362505,0.2603468106899533,1.3607103226000332,-0.35645054688852407,0.34926165453579516,-0.0007755802269775736,-0.25141351111549937,0.4327051516954891,0.06925703770187086,-0.26093517907729386,0.2086323081853719,-0.0012244197730227231,-0.14572791309622,0.2997987555342479,0.0611057046367518,-0.4032742873748128,0.24800384067569894,0.37791900433474684,-0.30966879772817263,0.4437998237276022,0.4161712389427124,-0.6261802464980871,0.23463711976857732,0.7373606884965299,-0.21370580389311025,0.4192238266620871,0.7162334610868362,-0.5349984145610204,0.15618999003935413,0.8769725990414939,-0.20348527222701787,0.3352525615973439,0.8799525240576984,-0.45304394025198613,0.19368651675537174,1.057743876422884,-0.2853751719884152,0.30347601280548214,1.0601178195645304,-0.4217186954995547,0.1902260334814551,0.6822351782446003,-0.30533994874757686,0.2454054578010223,0.6921328582178601
4.166666666666662,0,0-ACCAD_Female1Walking_c3d_B9 - walk turn left (90)_poses,123,-0.36683753854595125,0.24943280802108347,0.7683247622324655,0.4761061070419457,-0.04988435309756153,-0.028042494672623937,0.8775238712684328,-0.10887199640274048,-0.1494959592819214,0.11126156896352768,0.22380848228931427,-0.1994133839725083,0.2717871709134587,-0.541264533996582,0.08565616607666016,0.16506080329418182,0.8327643275260925,-0.410833335574172,0.14014529663257647,0.031109752133488655,0.07889404892921448,0.02111196704208851,-0.08715430647134781,0.26358863711357117,0.804480254650116,0.1264229565858841,-0.21232545375823975,0.926673173904419,-0.37540642558838444,0.24930415102164954,0.8428335377037516,-0.4027876316042289,0.27966789736593606,1.3602876746555843,-0.36321197274141076,0.34276243887180385,-0.0009393827337745783,-0.31220929917043827,0.49010486682948895,0.0602033880773338,-0.2592248772537676,0.20827575077877408,-0.001060617266225413,-0.19404179415093858,0.3681202748503816,0.05270671700563712,-0.4070677868772456,0.2444679774179299,0.37692204099849247,-0.34558604947826665,0.46284108304755617,0.4263811146828628,-0.649581422471913,0.25135779829079685,0.7421360557496096,-0.22359537677156271,0.430687093772597,0.7154978341300622,-0.5535508859328047,0.17054030730425798,0.8770665319468713,-0.21752701914300018,0.3516063398916953,0.881837768016932,-0.46879619049252685,0.20754573201674065,1.05724000096624,-0.3040412396202263,0.32163984366793774,1.0604841880123272,-0.4309666933982456,0.19853104832222207,0.6825004330649466,-0.3177196380108208,0.26027761034420527,0.6921829186988478
4.199999999999995,0,0-ACCAD_Female1Walking_c3d_B9 - walk turn left (90)_poses,124,-0.3800846708472818,0.2617359815631062,0.7680272995282439,0.44274987357744644,-0.055671983879992996,-0.02646354222782246,0.8945238177884237,-0.078575998544693,-0.15139654278755188,0.09431689232587814,0.2004888653755188,-0.21704453604774643,0.2681369078939575,-0.5912213325500488,0.11102233827114105,0.16910342872142792,0.7384081482887268,-0.2766595134887293,0.12231698215776676,-0.011740059591829777,0.07973339408636093,0.030262896791100502,-0.1201973706483841,0.27307698130607605,0.7877855896949768,0.1405343860387802,-0.2188936173915863,0.9367356300354004,-0.3893121676782768,0.2618824558129315,0.8424573461997872,-0.42481710945148166,0.2993954805781206,1.3589181452399963,-0.3703168170109041,0.335663439171805,-0.001075312930377114,-0.3849738514579132,0.5311364726034524,0.05278801663513812,-0.25774410176373097,0.2082767793767978,-0.0009246870696228565,-0.2560066193945037,0.4205900294070265,0.04593696193370223,-0.41057719289064903,0.24097492944600074,0.3760599531164245,-0.3817148219686504,0.4738378384921896,0.4333110171922618,-0.6708363675493331,0.26421851345473457,0.7451799403297981,-0.23542934257263534,0.44218727324348306,0.7138355726106287,-0.5704343617732334,0.1827088319949808,0.8764627391597803,-0.23283183297739993,0.36834024868991194,0.8826533267499815,-0.48436338956693187,0.22062764584968342,1.0561864193731891,-0.3233310948816737,0.3399067860973212,1.0598294497305263,-0.4399260479752517,0.2057672844903194,0.682345861005128,-0.33048422176697057,0.274426844212227,0.6915805873920164
4.233333333333328,0,0-ACCAD_Female1Walking_c3d_B9 - walk turn left (90)_poses,125,-0.394970036810264,0.2747538445983082,0.7670930758065896,0.4114486802934729,-0.06086784064100688,-0.024735480505003106,0.9090617390830212,-0.050400588661432266,-0.15137314796447754,0.07943834364414215,0.18108244240283966,-0.23589378900844227,0.2627617600804055,-0.6308301687240601,0.13961505889892578,0.1622271090745926,0.6440346837043762,-0.14953355711259975,0.0962786585223876,-0.04960005357861519,0.08150177448987961,0.039756182581186295,-0.14721712470054626,0.2758807837963104,0.7735101580619812,0.1521575152873993,-0.2232426553964615,0.9461765289306641,-0.40479653769189655,0.27513753166517674,0.8414455651035727,-0.4479675769569775,0.3197724991976505,1.3567287964159325,-0.3780276705510244,0.3303195119935605,-0.0011846270536019499,-0.46323793487354015,0.556602776110672,0.04805799313067623,-0.25786726411744776,0.2100641986925591,-0.0008153729463980762,-0.325727913121575,0.4568374387261375,0.04190402089121594,-0.41544826435613147,0.24008446421102897,0.37514609404235233,-0.41710378265459996,0.4805492253953518,0.43736684819191685,-0.6911136360089405,0.27669435861118286,0.7463474230928847,-0.24986826768747872,0.454705485063735,0.7114957416063827,-0.5873623506730432,0.1952664583751637,0.8750514714304183,-0.25025785529946964,0.3858375767327255,0.8824244508034405,-0.5012857685281646,0.23451678715472515,1.0545942847802674,-0.34401807532122886,0.3587161565842174,1.0582786038062995,-0.4506084180666885,0.2143543390243636,0.6816428493923693,-0.34512189850031694,0.28930289391085456,0.6903758663663873
4.266666666666661,0,0-ACCAD_Female1Walking_c3d_B9 - walk turn left (90)_poses,126,-0.4107193124946207,0.2870406268630177,0.7653495314579021,0.38010186623033865,-0.06543201025099467,-0.02290208653634744,0.9223430586040149,-0.022184710949659348,-0.14988598227500916,0.06642810255289078,0.16589140892028809,-0.25845239199113745,0.2558118505312066,-0.6633477210998535,0.16896910965442657,0.14808236062526703,0.5558352470397949,-0.033330749841723906,0.06527912680916903,-0.08335984498262405,0.08423284441232681,0.04766364023089409,-0.16823039948940277,0.2725100815296173,0.7617263197898865,0.16081631183624268,-0.2260713428258896,0.9542807340621948,-0.4210776954394026,0.28760271416250627,0.8396286534279214,-0.4709375635251678,0.3385172264539557,1.3537089997287106,-0.38503024485206133,0.3241988314114061,-0.001271089509748493,-0.5422216575024319,0.5669608606899255,0.046046873580674115,-0.25766354691870097,0.21160473609791747,-0.0007289104902515643,-0.3975107496763851,0.4779128604350144,0.04064254135894883,-0.4206024388659402,0.2396511807229748,0.3739285568698397,-0.4517731301037544,0.4832768892404836,0.43899975368318855,-0.7098497622028286,0.2863824551813415,0.7458223801833282,-0.267086415509225,0.46780283306252124,0.7082959825814616,-0.6032147423689331,0.2060158741329874,0.8728253305419367,-0.26936277760159055,0.4032644105800384,0.8808913892505417,-0.5183145552326587,0.24708255791134182,1.0523923039500986,-0.36534960311732284,0.3765539920799804,1.05571736916283,-0.46205044471305046,0.2225571735908874,0.6802189670533088,-0.3608975656557096,0.3035894458379492,0.6883649040685209
4.2999999999999945,0,0-ACCAD_Female1Walking_c3d_B9 - walk turn left (90)_poses,127,-0.42755369073711336,0.2994122861418873,0.7627917156796595,0.3493675158306427,-0.06895574009876668,-0.021019007122118093,0.9342085667180308,0.0070234136655926704,-0.14687564969062805,0.054985709488391876,0.1549394726753235,-0.2847175603562686,0.24699278791711166,-0.6911439299583435,0.19584722816944122,0.13166455924510956,0.480147123336792,0.06750468592620695,0.0339298489961557,-0.11436662822961807,0.08722031861543655,0.05297432467341423,-0.18228712677955627,0.26380762457847595,0.7534234523773193,0.16707843542099,-0.22825540602207184,0.960868239402771,-0.43831805095133297,0.30008050000736425,0.8370122117667143,-0.4932928253140141,0.35568004056384356,1.3500795548253877,-0.39158266698177097,0.3181244824945495,-0.001329817614978298,-0.6171505402050658,0.5670189916291389,0.04651054572505489,-0.2576118784521325,0.2134755804357591,-0.000670182385021964,-0.46641883999751516,0.48854620995956644,0.041822572860297266,-0.4265620457899782,0.24046944891110558,0.37233583991420455,-0.48580843864140844,0.4847486441991419,0.4389632409548914,-0.7272258933114282,0.29459704016417276,0.7436823602166701,-0.2866837601279125,0.48203696851301175,0.7043488343304816,-0.618297548167782,0.2160287763942519,0.8698616285479415,-0.28984740579989576,0.42088571255002327,0.8781593042233489,-0.5355100609787347,0.25900869520573605,1.0496315807780114,-0.38708784452801437,0.39367828170217256,1.0523023553350157,-0.4746645442868903,0.2312987783037412,0.6780556874402774,-0.37804607025226006,0.31800690284875044,0.6854911372770381
4.333333333333328,0,0-ACCAD_Female1Walking_c3d_B9 - walk turn left (90)_poses,128,-0.4471069348510355,0.31224191770888865,0.7590863062834214,0.3174391221828077,-0.0713235795885297,-0.01972130528931927,0.9453869159345145,0.039406996220350266,-0.1418161243200302,0.04472097009420395,0.1492428332567215,-0.31730410610369564,0.2368411165322828,-0.7141814827919006,0.21771015226840973,0.11762146651744843,0.4236493706703186,0.14542548049202297,0.007158336935654486,-0.14351913332939148,0.08992137014865875,0.05516760051250458,-0.1882314682006836,0.2508334815502167,0.749845564365387,0.1715913861989975,-0.23037934303283691,0.9658623933792114,-0.4581602387680281,0.31284141228536555,0.833264908850276,-0.5168407459541241,0.370564736411306,1.3456907202371085,-0.3981053963755881,0.3122320726712009,-0.0013608725705819384,-0.6859705462360355,0.5602340006137161,0.047714731303701866,-0.257770866459116,0.21628573977059443,-0.000639127429418046,-0.5299151379281973,0.49293124649425174,0.0435857089243908,-0.43439160268556765,0.24282546047784628,0.36994416704770794,-0.5214515546229784,0.4865788657442807,0.4373169501914218,-0.7446966962574896,0.30039438963735116,0.7393326814271142,-0.31069798032794865,0.49823048251542,0.6996069119638051,-0.6339217918540166,0.22480047850248305,0.8657211514625694,-0.3136340533303973,0.4392834126880292,0.874181213160336,-0.5543695258396549,0.2699301559876498,1.0459226415280036,-0.41118483382054594,0.410166780064546,1.0479271711257396,-0.48986719951602803,0.24085991856272648,0.6747115064221474,-0.3982787771583448,0.3331679344230704,0.6814557386307326
4.366666666666661,0,0-ACCAD_Female1Walking_c3d_B9 - walk turn left (90)_poses,129,-0.46861705905757844,0.3254881559405476,0.7539816999845651,0.2854806545024703,-0.07235755247615802,-0.019069784968886717,0.955458802777881,0.07503149658441544,-0.13431097567081451,0.03538348153233528,0.150324746966362,-0.3573666103015294,0.22539860756254848,-0.7296667695045471,0.23474812507629395,0.10726001858711243,0.39108458161354065,0.19305521824713678,-0.014780693503167575,-0.17075961828231812,0.0915822684764862,0.05434560030698776,-0.18565674126148224,0.2337571531534195,0.7519294023513794,0.17340104281902313,-0.23244814574718475,0.9686998128890991,-0.47980386633082045,0.3258535990690705,0.8281418091697001,-0.5405963298300855,0.38299390851780307,1.3403957309128476,-0.4035013020488364,0.3067029001887339,-0.0013542791541417618,-0.7441959059787787,0.5483977760630899,0.04687668152692178,-0.2573912756274486,0.21980434942829194,-0.0006457208458582886,-0.5837001862314449,0.4924815212322955,0.04306926921894841,-0.4437114641683769,0.2468591994993116,0.3664072879311823,-0.5574847665202574,0.4889871587126239,0.43361339634851226,-0.7611529154781055,0.3045042353900227,0.732339064175637,-0.338401363610206,0.5162634639221206,0.6939287965541528,-0.6493570606888268,0.23280184358370865,0.8600888902630195,-0.33984666274051945,0.45812384545417434,0.8687923435815241,-0.5741538433591995,0.2799312692521094,1.0409819456874125,-0.43663073757266396,0.4257303233007167,1.0424706072865302,-0.507117867060598,0.25133031755214325,0.6698882957666307,-0.4208901839135119,0.3489336958399151,0.6760484535369105
4.399999999999994,0,0-ACCAD_Female1Walking_c3d_B9 - walk turn left (90)_poses,130,-0.4928781462367624,0.3387395201716572,0.7471558132129013,0.25331948186045034,-0.07143211925922581,-0.01828356253787914,0.9645685065297395,0.11354901641607285,-0.12431911379098892,0.0269218347966671,0.1606626808643341,-0.40646970517165104,0.2110476063903699,-0.7352239489555359,0.2463250607252121,0.1010466068983078,0.38409507274627686,0.20753161783533014,-0.03280525277174973,-0.19443807005882263,0.09213990718126297,0.05090411379933357,-0.1741696447134018,0.21378767490386963,0.7602106928825378,0.17221340537071228,-0.23502042889595032,0.9694011807441711,-0.5039080595138801,0.33880842999581756,0.8213402877647601,-0.5644003002626391,0.39359609234751863,1.3338993017357423,-0.40913545750898095,0.3005670982798093,-0.0012841198796078243,-0.7917362267503218,0.5326401101911903,0.041647036233314144,-0.2578581180557191,0.22301167505539127,-0.000715880120392226,-0.62769874044582,0.4881688211031477,0.037904372242505466,-0.45613942853154205,0.25183498307632946,0.3613439236744216,-0.5950286840714246,0.49136429290724853,0.4271919674182622,-0.7771888179880222,0.30585778131651553,0.72285530037839,-0.37118676677307716,0.5358821187510419,0.6865149229252915,-0.6650006941173008,0.23950130313013482,0.8531250469400385,-0.36939489088622246,0.47750029041153436,0.8612945427461116,-0.5950250415892764,0.2889776192196502,1.0347108504065508,-0.46391079459344947,0.440571603218502,1.035420181128518,-0.5273481207365505,0.2621478637696785,0.6633849499637116,-0.4468791749222873,0.36478596167294236,0.6688876960493519
4.433333333333327,0,0-ACCAD_Female1Walking_c3d_B9 - walk turn left (90)_poses,131,-0.5215978396590799,0.35208771214820445,0.737834355491583,0.2250393369956258,-0.06864390859148894,-0.01750919799568905,0.9717709290791737,0.15465064346790314,-0.11202516406774521,0.019398082047700882,0.1838115155696869,-0.46777453635156707,0.1954783573772383,-0.7303020358085632,0.2511630654335022,0.09960247576236725,0.4012301564216614,0.18982242733028487,-0.044109068997752354,-0.21162597835063934,0.09135519713163376,0.047239743173122406,-0.15088018774986267,0.19153404235839844,0.7763470411300659,0.16873927414417267,-0.23848137259483337,0.9688048958778381,-0.5321948016294578,0.3518526096593817,0.8120815717614077,-0.5906895180160591,0.40358192741878757,1.3251981269257254,-0.41609640728285957,0.293978387111121,-0.00114075749999153,-0.8285392150785641,0.5197925530636164,0.030713805632424165,-0.2608530366755548,0.22470056503372157,-0.000859242500008555,-0.6621347917600827,0.4852338996859142,0.02680645656131209,-0.47426117850935323,0.257885841405657,0.35374402221792484,-0.6344384542050665,0.4955368802909275,0.4172723494779388,-0.7934666457299462,0.30538298117598905,0.7090615968171476,-0.40923569365422435,0.5560291508717231,0.6767321258580206,-0.6827330412718765,0.2457854596038649,0.843767827075262,-0.40331207882364895,0.49679859098937673,0.8511345793027209,-0.6194012083359706,0.2980473852745843,1.0261417302994753,-0.4946538403126598,0.4549239308365481,1.0259728403893271,-0.5529106736359751,0.27368876879358744,0.6543277895055966,-0.47772710427615084,0.38044883733861085,0.6592575181829944
4.466666666666661,0,0-ACCAD_Female1Walking_c3d_B9 - walk turn left (90)_poses,132,-0.5546833646949381,0.3672734557185322,0.7263567408050253,0.198422797177628,-0.06364449894898512,-0.015934786257533414,0.9779181222887043,0.19288557767868042,-0.0989082083106041,0.013250095769762993,0.22217141091823578,-0.5383461074425444,0.1779831656376063,-0.7156931757926941,0.25067993998527527,0.10164016485214233,0.4370010495185852,0.1472738653806278,-0.05209262955378913,-0.22041769325733185,0.08922644704580307,0.04586872458457947,-0.11642811447381973,0.1681942641735077,0.8001813888549805,0.16368331015110016,-0.2417055368423462,0.9679861068725586,-0.5644935047601147,0.3668302962060903,0.8007110598560943,-0.6201104617290991,0.41634805499386546,1.3143614767231944,-0.4271138167221744,0.2900916073249287,-0.0008988952702596829,-0.858962964845525,0.5107249652707928,0.015214643105002267,-0.2686150164342348,0.22862544249729105,-0.0011011047297403952,-0.6909397691332771,0.48522606908167426,0.010970588937085024,-0.49940432461453255,0.26698808198982,0.3435134955663474,-0.6770632324061685,0.5021559808667116,0.40410508663793254,-0.8092447612886117,0.30328871329920165,0.6916969060325479,-0.4535586508440617,0.5781968041222535,0.6642460484119578,-0.7018313466098908,0.2528945943916597,0.8327017120880783,-0.44250664496313596,0.5185729483171455,0.8382644761404825,-0.6469803883893046,0.3092464099351365,1.0156913011504076,-0.5295832122774238,0.4716892041683069,1.014133564755542,-0.5833688449655835,0.2872419988236134,0.6432526670118772,-0.513508144754708,0.39769501197664187,0.6474085852731111
4.499999999999994,0,0-ACCAD_Female1Walking_c3d_B9 - walk turn left (90)_poses,133,-0.5896332634147257,0.3778742311988026,0.717153845400456,0.17496780259450082,-0.05716419988476324,-0.017058038122667422,0.9827652545965351,0.21973469853401184,-0.0869055837392807,0.009181894361972809,0.27522358298301697,-0.6087281119321943,0.16854622643770645,-0.6925247311592102,0.24566525220870972,0.10478199273347855,0.48184338212013245,0.08916914129766074,-0.05153471337586968,-0.21716195344924927,0.08688413351774216,0.04794473201036453,-0.07399077713489532,0.1480957269668579,0.8298770785331726,0.15612542629241943,-0.24320881068706512,0.9669588804244995,-0.5985078029497936,0.37685990828815796,0.7916200370384971,-0.6520219752979491,0.422490054708379,1.3058381239978427,-0.4427397770723695,0.28975666725588783,0.0015510659969541554,-0.8822939397482761,0.5055448423137178,0.0013290830547644274,-0.2817225933144905,0.23523238835759738,0.0007963837440186985,-0.7133052201074481,0.4876251848769891,-0.0033290830547641342,-0.5304399755128778,0.2760497899226693,0.33367531580877374,-0.7192513699982992,0.5072449554746864,0.3927282750487425,-0.8227090176040592,0.2936628498462484,0.675365224733592,-0.5022859099606152,0.5957954017446474,0.654785148879321,-0.7206911080540488,0.25395528857597843,0.8236056372842245,-0.4853391817547765,0.535623733560521,0.8281395343306992,-0.6760424907963456,0.31466470193239326,1.0071855880239864,-0.5672025131230278,0.4829530419505001,1.0049319744764242,-0.6160366204257646,0.29689483065906364,0.634041757196756,-0.5513865790057499,0.4104958981629862,0.6380988962234865
4.533333333333327,0,0-ACCAD_Female1Walking_c3d_B9 - walk turn left (90)_poses,134,-0.6285555136855692,0.38919005380012095,0.7233698937060761,0.15884297109843548,-0.052544072696886844,-0.01846631063602566,0.9857317212753883,0.22922402620315552,-0.07443810999393463,0.007068159990012646,0.3417382836341858,-0.6793589027469995,0.16173918153936895,-0.6596511006355286,0.2393190711736679,0.10630230605602264,0.5258673429489136,0.018559572416278813,-0.05193056177372157,-0.19903725385665894,0.08432041108608246,0.05369894206523895,-0.02623051218688488,0.13519366085529327,0.8635928630828857,0.14478421211242676,-0.24163947999477386,0.9649001359939575,-0.6367646541159153,0.38771156806791046,0.7979046110754638,-0.6917651980421867,0.4307564513026605,1.3121617354099655,-0.4669277246964948,0.2925650487649164,0.019139776068928117,-0.8991645727701597,0.5065811962848464,0.0015339002760702061,-0.3043987880366054,0.24274232931830242,0.017711009065642148,-0.7297694209825949,0.4931797057546257,-0.003533900276070149,-0.5702479911318682,0.28728983195691005,0.3375102421807845,-0.7598084409209181,0.5147923673561652,0.394593659256689,-0.8369460570649736,0.28336284927770494,0.6735063926231386,-0.5566275381710966,0.6128435597441407,0.6607739186520377,-0.7433587177070974,0.25567335347842013,0.8298210302565452,-0.533998011322654,0.5529465488277695,0.8335738515283784,-0.7107638281569932,0.32169364948938,1.0135968573280187,-0.6107099856877561,0.4953457627980771,1.0110755381168712,-0.653180379529961,0.30764751071106033,0.640197205191862,-0.5927355138904012,0.4234318569938081,0.6445316510072525
4.56666666666666,0,0-ACCAD_Female1Walking_c3d_B9 - walk turn left (90)_poses,135,-0.6649265659507364,0.3987204192671925,0.7295469924705215,0.14604283552033082,-0.048524166033403406,-0.01943513754380469,0.9878963361267202,0.21612787246704102,-0.06106797978281975,0.007420653942972422,0.420476496219635,-0.74203943531101,0.15242550231044638,-0.6186037659645081,0.2328820824623108,0.10590828210115433,0.5609608292579651,-0.05181533233575686,-0.05581192896652398,-0.16786690056324005,0.08065126836299896,0.06154352426528931,0.016810299828648567,0.13202396035194397,0.89549720287323,0.12773451209068298,-0.23645196855068207,0.9605162143707275,-0.6725428472157807,0.3969034251112626,0.8041371445814339,-0.7311703705289071,0.43766436026649314,1.3181437884869807,-0.4978238100856886,0.29611822849692254,0.03393398757704201,-0.9095388242899974,0.5072719058149375,0.0016964953116683744,-0.33418847413468733,0.25009341188741124,0.03165515360682185,-0.7399455227434099,0.4968302717155831,-0.00369649531166839,-0.6141239465930534,0.29794833046275837,0.3392500336146837,-0.7940919538978296,0.5207564470561302,0.3947875186997824,-0.8484645516958086,0.270782913109989,0.6734716032400234,-0.6126543019643187,0.6272441269087106,0.6665673583641916,-0.7638857019157383,0.2554892571743503,0.8364810706404501,-0.5830585883288184,0.5684738125846005,0.8387001794437838,-0.7432627909632293,0.32710178861604544,1.0197710011424086,-0.6533608001634215,0.5062178508532409,1.0170778247886556,-0.6877270109572657,0.3166053449904527,0.6465068237402646,-0.6314453952376782,0.43424376239778595,0.6510458715931944
4.599999999999993,0,0-ACCAD_Female1Walking_c3d_B9 - walk turn left (90)_poses,136,-0.6986530197318643,0.40813467488624156,0.7356397734599597,0.13518889377320434,-0.04426355153508673,-0.019010311104375135,0.9896480733460723,0.17870837450027466,-0.04629604145884514,0.011175419203937054,0.511281430721283,-0.7938110201076918,0.13536841563220947,-0.5690281391143799,0.22482158243656158,0.10499062389135361,0.5830867290496826,-0.11637406408383177,-0.06286537957223381,-0.1252826601266861,0.07639695703983307,0.07035933434963226,0.04953324794769287,0.1402987390756607,0.9212836623191833,0.10492770373821259,-0.22794213891029358,0.9534761905670166,-0.70560931794556,0.40621023830749364,0.810291675371542,-0.7683784076598507,0.4453648067839352,1.3238955925484486,-0.5374648418554451,0.3008540122597661,0.04512196798431696,-0.915837179209768,0.5081564596747905,0.0017937257738487138,-0.37288313665267586,0.2584083310499178,0.04177137711393323,-0.7461451620191457,0.49958909794671646,-0.003793725773848778,-0.6632694666398415,0.308758050817398,0.3393666382733051,-0.8225182242765052,0.5263571353319869,0.39345450061567766,-0.8596294131312749,0.2581892109380776,0.676562757112134,-0.6707964908208072,0.6398584851305117,0.6717488425295123,-0.782635852397236,0.2552980280396914,0.8439640619789421,-0.632388778971467,0.5836384787110653,0.8429905510962735,-0.7724672971471406,0.3328757256251946,1.0260262978695358,-0.6943657648913567,0.5174325591102127,1.0226930152109504,-0.7194584056728817,0.3252175082828879,0.6531012422080079,-0.6676656022085077,0.4445838568335031,0.6574468396843963
4.633333333333327,0,0-ACCAD_Female1Walking_c3d_B9 - walk turn left (90)_poses,137,-0.7308727873023599,0.41872308240272105,0.7418841360961071,0.13565079708722394,-0.03862187699983428,-0.01373350664758888,0.9899083809432927,0.11901554465293884,-0.028071941807866096,0.018573053181171417,0.6109171509742737,-0.8316835874257267,0.09719579781275445,-0.514752984046936,0.210536926984787,0.10625086724758148,0.5898904800415039,-0.166383974505395,-0.07253119583879775,-0.07351016998291016,0.07283562421798706,0.07843851298093796,0.06902794539928436,0.1584428995847702,0.9374843835830688,0.07671752572059631,-0.21849387884140015,0.9435687065124512,-0.7368870494303768,0.4174697086631976,0.8166320973079327,-0.8005449051065976,0.46001454884868404,1.3298249029190554,-0.5913022692209413,0.3002131263695265,0.0534761451866895,-0.9221974268863129,0.5134533699261893,0.0018125839461595426,-0.42665415159832454,0.2581536537334848,0.04878592931671147,-0.7526451037517671,0.5024821710007397,-0.0038125839461596103,-0.7219462486997592,0.317372768803521,0.33996712902836895,-0.8457121807735485,0.5345615959521717,0.3913445231778986,-0.8768318734397091,0.2502776757257836,0.684636029881375,-0.7272028215909291,0.6511240797988838,0.6755339832909344,-0.8038541652962475,0.2588562525660255,0.853633740924134,-0.6786332454398931,0.5989973518557068,0.8454850489263543,-0.7996132997216618,0.34357762260732466,1.0334497969662089,-0.7310174016955266,0.5318095960121005,1.0274906139574553,-0.7514067700710804,0.33469865856413167,0.6606836003029373,-0.7020103845040677,0.45474237387415956,0.6635978351649083
4.66666666666666,0,0-ACCAD_Female1Walking_c3d_B9 - walk turn left (90)_poses,138,-0.7606305254157633,0.42404041276313365,0.747901051498063,-0.12486637895765958,0.03748694355708654,0.011786313968468928,-0.9913950772884575,0.04355735331773758,-0.00747680151835084,0.029072226956486702,0.7070419788360596,-0.8577068375391614,0.06411091519549572,-0.46669700741767883,0.18800508975982666,0.11046523600816727,0.5769357681274414,-0.20066586074082737,-0.06624677047155703,-0.017672892659902573,0.06982958316802979,0.08447973430156708,0.0722239688038826,0.18063239753246307,0.9417349100112915,0.04389991983771324,-0.21385282278060913,0.9309737086296082,-0.7664259382635012,0.42298980755100074,0.8226694232779306,-0.8360250191138001,0.4642818782087633,1.3351691255153582,-0.6427294912072687,0.30282542826437225,0.060448971493374484,-0.9294725045110566,0.5191896016512085,0.0017573800770769796,-0.47690176769206655,0.26585317710307677,0.05459929134555735,-0.7598361810628522,0.5095404987178588,-0.0037573800770770924,-0.7767516499002199,0.3226988527881955,0.3415625369183379,-0.8653886469802852,0.5390385432557968,0.38970097636809625,-0.8927738437281078,0.23670216330989557,0.6926682134365617,-0.7886685178770241,0.656861917176848,0.6813912926710721,-0.8217910866492735,0.2559032284703353,0.8616425650357316,-0.7291565490240487,0.6094775155102601,0.8492382713335136,-0.8245120881063195,0.3460180502492142,1.0397410487764314,-0.7707003151770973,0.5389569414234159,1.0325952621379015,-0.7777440525292056,0.33876190573372505,0.6674117718768232,-0.7338209780511114,0.4605822086233396,0.6698700569317254
4.699999999999993,0,0-ACCAD_Female1Walking_c3d_B9 - walk turn left (90)_poses,139,-0.7873704207595438,0.4279545603785664,0.753649038354598,-0.11269892277766276,0.03732724618836992,0.01114788785641233,-0.9928652245360837,-0.05491676181554794,0.010974518954753876,0.04137982800602913,0.7787708044052124,-0.8357478828394331,0.03909251576944017,-0.41815680265426636,0.16705477237701416,0.112044557929039,0.5472866296768188,-0.21993970954595254,-0.05907620228854671,0.03976542502641678,0.06791910529136658,0.08879886567592621,0.06269411742687225,0.2036820650100708,0.9362669587135315,0.00759459612891078,-0.21664543449878693,0.9161542654037476,-0.7931180127026628,0.4269253189169703,0.828421398547848,-0.8687127027151471,0.46513919797461484,1.3402947372651601,-0.7059464286718875,0.3111314055016021,0.05874819921237135,-0.9368294927448972,0.5242550177565044,0.001626052311572538,-0.5388617357196394,0.28049919109689464,0.05208690641615558,-0.7670920172419083,0.5164061447864692,-0.0036260523115725744,-0.8334532496132234,0.32807627680053886,0.34619404847555246,-0.8803092661304881,0.5424191733221934,0.3886261593671233,-0.9091509644189789,0.22397222087270113,0.7014530667335328,-0.8493786691472202,0.6599656366943476,0.6886217392487646,-0.8376638300364979,0.25238260127117024,0.868910536281963,-0.7784658437344696,0.6176354957848514,0.8533612140771465,-0.8459687270584025,0.34659077077878025,1.0456328783651503,-0.8081028380979874,0.5432476737881126,1.037606555918627,-0.8000234687572509,0.34155564052661974,0.6735127882570421,-0.7625889765275219,0.46521010189352646,0.6759696213130536
4.733333333333326,0,0-ACCAD_Female1Walking_c3d_B9 - walk turn left (90)_poses,140,-0.8128118885215372,0.43200037465430796,0.7591607713051299,-0.09665933879601504,0.04066458200292555,0.010266724545077313,-0.9944334861423162,-0.1697765737771988,0.029134530574083328,0.0512055940926075,0.8173962235450745,-0.7688362860471876,0.018929370030917436,-0.36724910140037537,0.1542753279209137,0.10827317088842392,0.5061937570571899,-0.23548676609318897,-0.06233641151552405,0.09622363746166229,0.06652151048183441,0.09107331931591034,0.045892808586359024,0.22442109882831573,0.9244762659072876,-0.03010835498571396,-0.22784613072872162,0.9000667333602905,-0.8190264780490097,0.43105853019353724,0.8338969192257764,-0.9029515181796227,0.4658341906617229,1.3447072053775067,-0.7787737669139875,0.32002972585319883,0.05169892746266988,-0.9409618536407025,0.5224532454531814,0.0014266555038403884,-0.610468382357611,0.297162002085081,0.04460211557314363,-0.7710997465142448,0.5176252091212404,-0.003426655503840425,-0.8890182198038039,0.3313762715571055,0.3556786800169869,-0.8909875927760009,0.5427746673894421,0.3874187846739899,-0.924463337376834,0.21265594781304104,0.710548402460573,-0.9104889755205345,0.6610328945212701,0.6960461067712145,-0.852233175497738,0.25020765410533635,0.8758730445246795,-0.8289068626847643,0.62498412353932,0.8573049334447046,-0.8668254772942965,0.347778529076027,1.0511865092635777,-0.8464108081877221,0.5469555238129615,1.0420240340067355,-0.8193344287692554,0.3444034319223086,0.6791794569677833,-0.7899052128033432,0.46997043170867653,0.6818968188459134
4.7666666666666595,0,0-ACCAD_Female1Walking_c3d_B9 - walk turn left (90)_poses,141,-0.8375984800513834,0.4345713017974049,0.7634756076626577,-0.08189265385721177,0.045554410486528904,0.009797231657033147,-0.9955513061521772,-0.29007628560066223,0.04329494759440422,0.059768397361040115,0.823982298374176,-0.6653957261396273,0.010970852509844198,-0.31237587332725525,0.1456269770860672,0.1020558699965477,0.4620058834552765,-0.25440285989013933,-0.0692904876851872,0.15003454685211182,0.06505086272954941,0.09133780747652054,0.02689981646835804,0.2405441850423813,0.9096364378929138,-0.06750413030385971,-0.24765382707118988,0.8836954236030579,-0.8445215911756391,0.4336678405169261,0.8381499291532202,-0.9367174857339412,0.46430648972335276,1.3477931456245766,-0.8603059539959113,0.32758833686927624,0.042191654990460084,-0.9401938049576151,0.5182239473721856,0.0012051736668890582,-0.6911619716178903,0.31213739471530155,0.03500962102658753,-0.7702674647988399,0.5158601037564454,-0.0032051736668891155,-0.9425557195586877,0.33253649901296334,0.36885216793496184,-0.8979611908416579,0.5415493366842259,0.3857422423200432,-0.9399087710323726,0.2024796298178606,0.7184203141952521,-0.9695578061647103,0.6594495778006475,0.7032141026735342,-0.8669859664283099,0.24815323725242414,0.881379666049508,-0.8782513665434865,0.6295904804946751,0.8604754539202294,-0.8876543531658546,0.34792967325123175,1.0554818822081444,-0.8837525484741036,0.5480566677604539,1.0451791209834416,-0.8378105806077656,0.34611250326591864,0.6832978301406969,-0.8163686900222585,0.473177501677311,0.6866569229811936
4.799999999999993,0,0-ACCAD_Female1Walking_c3d_B9 - walk turn left (90)_poses,142,-0.8614125025924295,0.4361543415579945,0.766180174887883,-0.06812444898909537,0.050703929650350935,0.00961859312763022,-0.9963411331638324,-0.4068375527858734,0.05060449615120888,0.06903867423534393,0.8013812303543091,-0.5353874369421878,0.015385992893877543,-0.25765931606292725,0.13746033608913422,0.09594400972127914,0.4181610345840454,-0.274118063670995,-0.07475474516863789,0.2005315124988556,0.06305453926324844,0.0906480997800827,0.010106396861374378,0.2513955533504486,0.8950422406196594,-0.10370403528213501,-0.27526557445526123,0.8675862550735474,-0.8690885534045135,0.43523495815191254,0.8407806640155217,-0.9687108914162913,0.4610807169898808,1.3492865510084822,-0.9471137337087082,0.33481456628359246,0.03347235259340603,-0.9373890695939184,0.5149872618591409,0.0009857381790760178,-0.7774694303144722,0.3263138159565463,0.026504743982008604,-0.7674355623683331,0.5148062721922191,-0.0029857381790759988,-0.9915017281599191,0.33278399105544315,0.384142052557801,-0.9031548955788994,0.5404560861072407,0.3838664108383463,-0.9535672585153124,0.1937100159831467,0.7242410084608922,-1.0261535330154261,0.6560224315300681,0.7098350096666358,-0.8807910183296603,0.24662944643776388,0.8850599033363616,-0.9258543287867906,0.6321231783517673,0.8625715787415958,-0.9076854562876621,0.34741152667563563,1.0581648572954314,-0.9192434741691144,0.5471815854705155,1.0467402902689646,-0.8555571713249424,0.3471740879435421,0.6855184434507186,-0.8417799461362924,0.4753244463712406,0.6897372090769471
4.833333333333326,0,0-ACCAD_Female1Walking_c3d_B9 - walk turn left (90)_poses,143,-0.8856253398116678,0.43614206300117075,0.7673719932960468,-0.05889130930247553,0.05446843363300644,0.009899402366438412,-0.996728150128707,-0.5118595957756042,0.05137127265334129,0.07943691313266754,0.752748966217041,-0.38716687467594935,0.028750970011372834,-0.20606128871440887,0.13081403076648712,0.08971785753965378,0.37620267271995544,-0.2899091193424663,-0.07840372899456227,0.24726758897304535,0.06067828834056854,0.08962146192789078,-0.002143614226952195,0.2568531930446625,0.8828266263008118,-0.13769420981407166,-0.3077184855937958,0.8523092269897461,-0.8938563212909838,0.43514316865580416,0.8419122720315999,-0.9985417906551396,0.4560737560908711,1.3496222855265625,-1.0386803324439113,0.3422840050342985,0.028029097067693465,-0.9374037355974251,0.5125692711483332,0.0007784258809902869,-0.8688414908331829,0.3387162430792891,0.021545351625570267,-0.7674421670471105,0.5132127161421067,-0.0027784258809902818,-1.0368454808081633,0.333110933918375,0.3997595440254168,-0.9095726656693162,0.5391685131065597,0.3822363067290795,-0.9680314464608131,0.18647272052865274,0.7277186119323892,-1.079794216102902,0.651326149803294,0.7164599418394341,-0.8958912379865728,0.245029228160863,0.8868615977639367,-0.9710975373807913,0.632383059942595,0.8640599268850969,-0.9281796219916326,0.34563569736673405,1.0593651072933579,-0.9526185256811149,0.5441915930079307,1.0470980297042005,-0.875063964301859,0.3469548640194185,0.6859399510468114,-0.8674016674401936,0.47574855428635865,0.6912037060861451
4.866666666666659,0,0-ACCAD_Female1Walking_c3d_B9 - walk turn left (90)_poses,144,-0.9114380253013223,0.43645257339812815,0.7673027671174191,-0.054085978715350536,0.057000938060041806,0.008470790857819757,-0.9968720307386104,-0.6020861268043518,0.04848233610391617,0.09004835784435272,0.6796900629997253,-0.22557163816488957,0.041395817038111016,-0.1553729772567749,0.1262093186378479,0.08287634700536728,0.33944228291511536,-0.3073553817589154,-0.08595672833625367,0.29074007272720337,0.057747699320316315,0.08922441303730011,-0.007575031369924545,0.25672999024391174,0.8751422762870789,-0.1688641756772995,-0.34121042490005493,0.8381426334381104,-0.920030144085116,0.4356483719538692,0.8418046379317968,-1.0280749636270266,0.4537453092547236,1.3489126916887928,-1.134009728230538,0.3487450710278258,0.02776683347130666,-0.9393095342181711,0.5085009619681032,0.0005862450241139322,-0.9641096080844144,0.3479104947681954,0.02200032180483022,-0.7693391416287121,0.5084701418599649,-0.002586245024113854,-1.0792153509942393,0.3339354028955452,0.4145332119150339,-0.9181074001052957,0.5372106159446752,0.38023625080838885,-0.9836645603966434,0.18258190421151763,0.729539278748337,-1.1313485551010856,0.6471074103295096,0.722111508665862,-0.9132576647715616,0.24568499958441486,0.8877177621364577,-1.0150379952863116,0.6328285956229542,0.8643350416353316,-0.950585996843235,0.34555749377245726,1.059624797511305,-0.9854257904519005,0.5424714448451051,1.0460870889066547,-0.8976082869553157,0.3468765506557652,0.6852857919015642,-0.8944649959120408,0.47608356282529724,0.6911653382706592
4.899999999999992,0,0-ACCAD_Female1Walking_c3d_B9 - walk turn left (90)_poses,145,-0.9383330715354532,0.43604958639480174,0.7651346536858777,-0.054824957294359246,0.05932694966524507,0.007791474699363949,-0.9967014748775576,-0.6756654381752014,0.0441097691655159,0.10008300840854645,0.588158130645752,-0.06087113153942503,0.05626340801210805,-0.10367885231971741,0.12114952504634857,0.07622114568948746,0.3107430636882782,-0.3341035458698207,-0.09000338236423322,0.331460177898407,0.05381966754794121,0.08938056975603104,-0.005080978851765394,0.2506115734577179,0.8732237815856934,-0.19755396246910095,-0.3724516034126282,0.8246502876281738,-0.9472668353603015,0.4353726098684229,0.8395975945806917,-1.0581310395061094,0.45024196859868537,1.3461917947497801,-1.2277440398282622,0.3574791239569894,0.03167004893921804,-0.9388175153520203,0.506261148467376,0.00043563194548815187,-1.0578151452741893,0.3569661487078909,0.026780503763581757,-0.7688611217981218,0.5036959713154568,-0.0024356319454881814,-1.1177407880033068,0.33645151573194865,0.4250025680364264,-0.926783691929522,0.5355994020482056,0.3772413711306219,-1.0000994577648326,0.18156430485429667,0.7270385314597686,-1.1798678755873024,0.6430312086281517,0.7264321377633279,-0.9328858203128296,0.24691660958288295,0.8856921397115219,-1.0569254878944927,0.6322445162882999,0.8632838121444782,-0.9751838133619081,0.3445062812735086,1.0575114330856288,-1.017672421270346,0.5398669697460344,1.0433303013415218,-0.922685408874181,0.3461738975728068,0.6824021479873702,-0.9222329717741535,0.47567703135657,0.6890309295781272
4.933333333333326,0,0-ACCAD_Female1Walking_c3d_B9 - walk turn left (90)_poses,146,-0.9678994787391275,0.4349570928607136,0.7615217773055303,-0.05509040165989131,0.06134951693454073,0.006388767288726824,-0.9965743665524319,-0.7209874987602234,0.03596997633576393,0.11005473136901855,0.49861741065979004,0.07378992900696457,0.07081504277566264,-0.05446428433060646,0.11293205618858337,0.07089144736528397,0.28988394141197205,-0.3662689669101644,-0.09097451837250659,0.3673449158668518,0.04855261370539665,0.08835798501968384,0.002371209440752864,0.23882275819778442,0.8756735920906067,-0.22401537001132965,-0.4001252353191376,0.811363697052002,-0.9771231760991352,0.4345090260330762,0.8359510903691947,-1.089365395029978,0.446483538002477,1.3423089184465886,-1.3069836404844257,0.36456470616868714,0.03700300725469159,-0.9407626140983387,0.5045070522627066,0.00032748740124519116,-1.1370333398441264,0.3639546242374371,0.03293814411935122,-0.7708486194519861,0.49979690023570844,-0.0023274874012454774,-1.151854322157874,0.33804162470668386,0.42909805285894903,-0.9394787677030206,0.5336081293347686,0.3734675055021901,-1.0182308925467232,0.18255051841547112,0.7221439719292486,-1.22913191019116,0.6370340812304519,0.7297233647209971,-0.9550506563233269,0.248941933489353,0.8820189291908895,-1.1000299727864968,0.6301514456391056,0.8610431396593028,-1.0021581888132909,0.3430463735604586,1.0540515936380679,-1.0515126516451456,0.536743790083299,1.0392992131197816,-0.951051876834818,0.3447316836991778,0.6785018566228052,-0.9526957043581962,0.4744803191406022,0.6853107257751834
4.966666666666659,0,0-ACCAD_Female1Walking_c3d_B9 - walk turn left (90)_poses,147,-0.9997858775313944,0.4333602546248585,0.7566489204287136,-0.05559622757584537,0.06289515735291194,0.004713045236302551,-0.9964592544933726,-0.7441465258598328,0.0260868351906538,0.11901574581861496,0.42278608679771423,0.1726199251993148,0.08411357289647636,-0.009436843916773796,0.100858174264431,0.06717554479837418,0.2778204381465912,-0.40284809608022965,-0.0871102787693776,0.3985280692577362,0.042207907885313034,0.086342453956604,0.01433398388326168,0.2224312573671341,0.8824395537376404,-0.24749548733234406,-0.422174334526062,0.7983762621879578,-1.0092260509027933,0.43318031101571625,0.8310522183866366,-1.1213745732089846,0.44242661317906373,1.337479863884009,-1.371803847984308,0.3703395796037629,0.040357665966640074,-0.9457060066571613,0.5045745714845148,0.0002733762489743677,-1.2018414309450078,0.3692270309113652,0.036960751253837756,-0.7758503873481885,0.49804903389137556,-0.0022733762489743244,-1.1841062792854993,0.3390557441359475,0.42779505620828545,-0.9563546777828621,0.5320674566590863,0.3689412161050638,-1.038335243714874,0.18557566014549876,0.7150399602259925,-1.2779913758986188,0.6295953899084545,0.7319580804277139,-0.9797676029016448,0.25162332883998045,0.8768024438671775,-1.1434037811583027,0.6267940394230725,0.8578067831689128,-1.0312401578302532,0.34116196227672674,1.0493516168278552,-1.0864510564569785,0.5332478037643713,1.0342860576675403,-0.9823372590954076,0.34278122541842226,0.6736592270275529,-0.985425282119528,0.47272675938540937,0.6802419145270181
4.999999999999992,0,0-ACCAD_Female1Walking_c3d_B9 - walk turn left (90)_poses,148,-1.0344922316726297,0.4316130636725575,0.7499400403099585,-0.06007131665282077,0.061744932984773765,0.002963051870010159,-0.9962781842888652,-0.7548618912696838,0.017088869586586952,0.12677113711833954,0.3704281151294708,0.23970003792293504,0.09564591941193434,0.03636305034160614,0.08576660603284836,0.06460512429475784,0.2789386808872223,-0.4488488432749409,-0.0791282827736921,0.42623525857925415,0.034949466586112976,0.08435308933258057,0.03195155784487724,0.2035711705684662,0.8944042921066284,-0.26672330498695374,-0.4368613660335541,0.786177396774292,-1.0437462002951672,0.4317266249951617,0.8243668578461067,-1.1526232893923427,0.4385640335915717,1.3315383704858819,-1.4292081535185157,0.3779578771125596,0.04085142106869513,-0.9526404838506065,0.5059764080836513,0.0002922850562429649,-1.2592605327693827,0.374950683926337,0.037891186137213886,-0.7829135697328985,0.4966976893459253,-0.0022922850562428695,-1.2200409922352038,0.3410634586996737,0.42326600113032864,-0.9776859758316884,0.5309501538192629,0.3627805473028771,-1.0619010177825228,0.19074486929153514,0.7051836805562035,-1.3251538990055227,0.6230804690237649,0.73320405487173,-1.0079155630210253,0.2546964875509865,0.8693644510512887,-1.1855885408232496,0.6234488081390996,0.8535408294916191,-1.0624543604010734,0.33903896333747296,1.042815399897856,-1.121413386128179,0.5300377251484166,1.0281357823280108,-1.0178660296110509,0.3406236730048194,0.6670045825273042,-1.021090676923682,0.4707710872143262,0.6732315506595847
5.033333333333325,0,0-ACCAD_Female1Walking_c3d_B9 - walk turn left (90)_poses,149,-1.0706192029174417,0.4307839928660542,0.7409515019045377,-0.06503746163015302,0.058611674429312616,-0.00011786588666714015,-0.9961600204349357,-0.7545101046562195,0.009513110853731632,0.13374947011470795,0.3463102877140045,0.2702415982505335,0.10148728502780191,0.08258559554815292,0.06795044243335724,0.06309166550636292,0.29500630497932434,-0.5071195783381683,-0.07092057033550647,0.4488212466239929,0.027541175484657288,0.08269767463207245,0.05424816533923149,0.18394684791564941,0.9109563231468201,-0.2785221338272095,-0.4431597590446472,0.7764782309532166,-1.079376044082314,0.43137339803768115,0.8154362005637715,-1.182838170832357,0.4372631810536903,1.3237455845209654,-1.476264214944836,0.3837983626318844,0.035991736206051464,-0.9596296649163057,0.5074007054949617,0.0003822908859172844,-1.306358917122494,0.3788411845426393,0.03323199757842679,-0.790061989332659,0.49560407526484973,-0.0023822908859174735,-1.2577355843646876,0.34277207874271276,0.4156358403665806,-1.0023850207969287,0.5302919025679717,0.3540382527976978,-1.0864729206609245,0.19814053428567172,0.6931570605312021,-1.3690310971424207,0.6178825662826207,0.7309163616381932,-1.0374442506427635,0.2592853145127017,0.859941560924394,-1.2256936125739126,0.6211473749670012,0.84668885727509,-1.0944540124191435,0.3384941827347686,1.0342122451240061,-1.1560189497584747,0.5286978541122083,1.0199116582497831,-1.055486163927732,0.33920627049982516,0.6583859863733612,-1.0584552896431543,0.46955813874655183,0.6637513950024116
5.066666666666658,0,0-ACCAD_Female1Walking_c3d_B9 - walk turn left (90)_poses,150,-1.1092329991515726,0.4292573689017445,0.7297221715725254,0.06822279120031419,-0.05495814538776008,0.0036252399859859723,0.9961486388342958,-0.7458433508872986,0.0025835433043539524,0.1404011994600296,0.34774598479270935,0.2667631054392974,0.10376903452361064,0.12417038530111313,0.04672972485423088,0.0630374327301979,0.3253585994243622,-0.5750074190132479,-0.059624975247722034,0.46527281403541565,0.02123911678791046,0.08164625614881516,0.08150601387023926,0.16496358811855316,0.931922197341919,-0.28021910786628723,-0.4405760169029236,0.7707523703575134,-1.1174078728111114,0.4303614702949995,0.8042671405561127,-1.2152721297784201,0.4362107258642994,1.3136801194454484,-1.5143750232285236,0.38574710987625244,0.024950945400118715,-0.9693876413783142,0.509480571158314,0.0005484056105448352,-1.3445086337149088,0.37960067303172185,0.02218851391225618,-0.7999251462512094,0.49633247222512555,-0.0025484056105447538,-1.2973324614880677,0.34239181403130614,0.40485133266992157,-1.0321344702901667,0.5297706453493202,0.34265996911093893,-1.1118454295226865,0.20566865780287835,0.6790323648269403,-1.4105149164550488,0.6120080499468835,0.7232072828815428,-1.0690789928758169,0.2635373271012172,0.8486844005186376,-1.265344880038655,0.6179447972391485,0.8365650341057924,-1.1290513439922119,0.33763722557418446,1.023428727978235,-1.1927009024382638,0.5271707502730569,1.0093588443666146,-1.0955299775250946,0.33709975033770423,0.6477379545821715,-1.0984135725875912,0.4676140165464061,0.6519726152832855
5.099999999999992,0,0-ACCAD_Female1Walking_c3d_B9 - walk turn left (90)_poses,151,-1.1515259516891092,0.4265073596034199,0.7175605051610012,0.07445417005602903,-0.048146919126775184,0.006066419529178143,0.9960429957054885,-0.7272833585739136,-0.006059996318072081,0.14701899886131287,0.3660070300102234,0.24170241970060213,0.10825867894094854,0.1587637960910797,0.02505580522119999,0.0633823424577713,0.3708188235759735,-0.6456670050048041,-0.04375912632548418,0.47527021169662476,0.017032109200954437,0.0808725580573082,0.11263319849967957,0.14820818603038788,0.9562129378318787,-0.2716986835002899,-0.4294641315937042,0.7691537141799927,-1.1586516613885742,0.42795143264122804,0.7922072660709056,-1.2482163131652646,0.43415957835457686,1.3031388959571437,-1.5498446243432178,0.3908817453811542,0.010578759509429995,-0.9873679197850824,0.5113923530350167,0.0007947800928673338,-1.3800800740340173,0.38242612823551975,0.0076632840762695525,-0.8180786552602914,0.4962840780067969,-0.002794780092867547,-1.341613722846875,0.34296559297222357,0.3924384945500985,-1.0698174745975244,0.52900454054853,0.3295597144048984,-1.1419695268914034,0.2122258237173682,0.6638258275644946,-1.4491862970925486,0.6081477081015029,0.7131861633935835,-1.1051302328836854,0.26573828702145974,0.8362753763963466,-1.3033783034335429,0.6146425296986023,0.8256913209719156,-1.1669244592843822,0.335218701261641,1.0115930737569623,-1.2303244230336121,0.5249017840674468,0.9984417394565126,-1.140502701638595,0.3339803199857248,0.6359797109953382,-1.1421296096412374,0.46460085785613797,0.6393369480475565
5.133333333333325,0,0-ACCAD_Female1Walking_c3d_B9 - walk turn left (90)_poses,152,-1.1963507903274149,0.42393896565772593,0.7149472158343073,0.07828631208479904,-0.04155661045933741,0.008534755874653696,0.9960278406798942,-0.6900538206100464,-0.018267527222633362,0.15308226644992828,0.3918539583683014,0.18936931037128724,0.11199827590732214,0.18149569630622864,0.006507757119834423,0.06278713792562485,0.4315827488899231,-0.7208466445691522,-0.030130910059259053,0.4758908152580261,0.013803272508084774,0.08030987530946732,0.1438179314136505,0.13345105946063995,0.9815241098403931,-0.2537674903869629,-0.41169726848602295,0.771560788154602,-1.2024592982903877,0.42570209089375105,0.789677246744701,-1.2842405594729709,0.4327839502244325,1.3019001722791255,-1.574170739536936,0.39386181655173913,0.00055467257651114,-1.012068835429469,0.5122246896904854,0.011788784635632515,-1.4044943909641348,0.3838483901790836,-0.00255467257651101,-0.8429022602525761,0.4959476222539079,0.007578449900036002,-1.3838730888404054,0.3428618423019222,0.38620619652158006,-1.1142898762020945,0.5283091366712381,0.32487016799748825,-1.1751842306218512,0.21850378018289107,0.6586748774216229,-1.4858306473215848,0.6056220367986493,0.7093943759339483,-1.1444874834812384,0.2675636357586207,0.8336331709948113,-1.3411062673341363,0.6118142065094119,0.8233069523936611,-1.2080439438661914,0.3330640145884879,1.0092457014154022,-1.2702826592174714,0.5231850717611299,0.9968961738544246,-1.1879056499698364,0.3311648129156337,0.6341053075868435,-1.1882500041443929,0.46176591460263294,0.6363241097676943
5.166666666666658,0,0-ACCAD_Female1Walking_c3d_B9 - walk turn left (90)_poses,153,-1.2412680161651224,0.42226580367423594,0.7248960597378371,0.07903913335679201,-0.035137444121544084,0.009615590250193115,0.9962056594112246,-0.6388996839523315,-0.033001095056533813,0.1575663536787033,0.41845619678497314,0.1218522814619396,0.11778010439909425,0.18767020106315613,-0.007404852192848921,0.060492757707834244,0.5074092149734497,-0.795360064079679,-0.016154541104822284,0.46530038118362427,0.012283949181437492,0.08164878934621811,0.1693352311849594,0.12125640362501144,1.0047940015792847,-0.22777509689331055,-0.38799816370010376,0.778021514415741,-1.246404633080778,0.42411925445787013,0.7996969948045489,-1.3220067683110142,0.4312820592934849,1.312863170868933,-1.5892822840308776,0.3963398552797842,0.0006462517717810701,-1.0441285519309715,0.5147067951891753,0.0352805184054356,-1.4196424270613173,0.3857815245517395,-0.002646251771780867,-0.8750207950964025,0.49803638358159763,0.03031423657551112,-1.4221451428268854,0.34320943563549783,0.3898942460369177,-1.1646023808809645,0.5295167898124464,0.3315083362078938,-1.2112734277494406,0.22425742165462365,0.6663046379683862,-1.5182154629155615,0.605026028197564,0.7151547573292437,-1.1858448641369468,0.26887750901625246,0.8432848633061739,-1.3764331107563041,0.6098065021089558,0.8327748061710076,-1.250503353344245,0.33112996505031234,1.0191737962288439,-1.3105868394968951,0.5220066874567856,1.007849643496455,-1.235071224161118,0.32956836767074954,0.6447674008146749,-1.2342713863742842,0.46001792662259455,0.6460941738976445
5.199999999999991,0,0-ACCAD_Female1Walking_c3d_B9 - walk turn left (90)_poses,154,-1.283593870466575,0.42027199850417674,0.7338767009405888,0.07328079362098282,-0.028196853017301547,0.009718767661239676,0.9968652909602913,-0.5823197960853577,-0.048120878636837006,0.15986722707748413,0.439355731010437,0.05617928826889651,0.12429778873529229,0.17200210690498352,-0.01638086698949337,0.05602329224348068,0.5958179831504822,-0.8597821306043483,-0.002996692339579665,0.44147735834121704,0.0134410560131073,0.08409304171800613,0.1801348477602005,0.1135648563504219,1.020510196685791,-0.19666466116905212,-0.36074143648147583,0.7879299521446228,-1.2877033102285784,0.4220351869920446,0.8087432733958488,-1.357757149451275,0.4293061227673628,1.3226897010041703,-1.6002512088371912,0.3944338375009403,0.0007058228195841315,-1.0859235516606758,0.5188231676501696,0.054942519057865236,-1.4305208195984436,0.3854920455722558,-0.002705822819584043,-0.9167178133674924,0.5034801797326138,0.04911063682136066,-1.4553152527665525,0.3412073387144978,0.3920042104028029,-1.2209700013254368,0.5316155165153518,0.3357360393333424,-1.2506890912493713,0.22629426949955794,0.6736611148717611,-1.5455354773685976,0.6037226734075403,0.7181702367927831,-1.2270910234901513,0.26801892410884276,0.8515985999611465,-1.4080214737655021,0.6069767101456017,0.8408033247508185,-1.290646771489139,0.3287701073021183,1.0280961914459292,-1.3485018945621101,0.5203871112649295,1.0177090153846826,-1.2786493454319832,0.3278728635612305,0.6543581130064704,-1.2777567544565576,0.4580802981766052,0.6550986421062043
5.2333333333333245,0,0-ACCAD_Female1Walking_c3d_B9 - walk turn left (90)_poses,155,-1.3214612973388284,0.41934088454581797,0.7420637342970386,0.06442529364981817,-0.023925044553590676,0.008207263533690267,0.9976019319380511,-0.5255119800567627,-0.06228715181350708,0.1604108214378357,0.44821080565452576,-0.002212750668462382,0.13300650968494754,0.130947545170784,-0.021586107090115547,0.05038362368941307,0.6896212100982666,-0.9094418731009952,0.013086775054917954,0.4038417637348175,0.0159839428961277,0.08807939291000366,0.1740891933441162,0.11036089062690735,1.0265092849731445,-0.16131874918937683,-0.3341236710548401,0.801819920539856,-1.3249621346346003,0.4208002285425306,0.8169677692572982,-1.3933595738800673,0.427587572627832,1.3311365137457278,-1.6060035391023866,0.39344337776043137,0.0007057441365056379,-1.1338669149068452,0.5261486456133557,0.07057907128180117,-1.436147670498129,0.38733226914935515,-0.0027057441365054766,-0.9645235624250024,0.5128282840822569,0.0638413462287028,-1.480727799055921,0.3400556650232884,0.39254061610416113,-1.2792325048637838,0.5359532304601441,0.3390863486294034,-1.293772838261158,0.22572848948796828,0.6805391865064159,-1.5648613506827258,0.6059529953497339,0.7181692600644214,-1.2686367439053499,0.26573288228346265,0.858661025486839,-1.43370103536336,0.6059194329051308,0.8476162946502124,-1.3291665961478676,0.32685945002348876,1.0359590484199213,-1.3832624238656879,0.519617690488156,1.0264676282685725,-1.316787470362701,0.3274588132379167,0.6628951138881485,-1.3159712284211555,0.4573623458013263,0.6635657047271235
5.266666666666658,0,0-ACCAD_Female1Walking_c3d_B9 - walk turn left (90)_poses,156,-1.3559227955993265,0.4184761105570942,0.7488388147495422,0.056886197723865724,-0.02064315673678115,0.00687257146570483,0.9981435710106591,-0.4696142077445984,-0.07529352605342865,0.15980476140975952,0.442368745803833,-0.0461102274566334,0.14077491594274116,0.06614872813224792,-0.02652227133512497,0.047350622713565826,0.7744570970535278,-0.9277440905011423,0.03040813918527885,0.3583047688007355,0.01875673606991768,0.09292446821928024,0.1555538922548294,0.11239975690841675,1.0245517492294312,-0.12546777725219727,-0.3082013726234436,0.8173338770866394,-1.3589548775577636,0.4196812291151809,0.8237678089257506,-1.4270990071472505,0.42692921823255753,1.337955555489767,-1.6117730365449803,0.3932708328203723,0.0006395422890294634,-1.19159033422216,0.5340629048847831,0.07789822584674345,-1.4418433625932041,0.38964405532885266,-0.002639542289029656,-1.0221476943913823,0.5225559345350999,0.07036287976651624,-1.5014601588294991,0.3393386858909881,0.3921195426554993,-1.3400345922520482,0.5404439777799375,0.3421417820046524,-1.3407365906747206,0.22208759533798816,0.6867361257100203,-1.5779216083052,0.6102101515130481,0.7164869694457514,-1.3107991654125273,0.2615982858030113,0.8642247735493,-1.4541684354305866,0.6057136796793685,0.8529585714319636,-1.366062802702448,0.3252748573617444,1.0424261969268507,-1.4143068925816649,0.5196110002139126,1.0335855932671594,-1.3516251077159627,0.3270379398177364,0.6700007458473541,-1.349928347021411,0.45660685829823566,0.6706397523301689
5.299999999999991,0,0-ACCAD_Female1Walking_c3d_B9 - walk turn left (90)_poses,157,-1.387712932890281,0.4189603684935719,0.755388530179466,0.05075939523853884,-0.021446018930202537,0.005781987299429129,0.9984638805134277,-0.41531428694725037,-0.08563058823347092,0.15795251727104187,0.42211470007896423,-0.08121255968248065,0.14570050086576924,-0.01691303215920925,-0.02591097541153431,0.04481789097189903,0.8352953195571899,-0.9104125790166813,0.03728069291430813,0.30809736251831055,0.020967993885278702,0.0950101837515831,0.12622009217739105,0.12140844017267227,1.014482021331787,-0.09192022681236267,-0.2843475043773651,0.8323720097541809,-1.390880870655884,0.4199896223576577,0.8303145257137031,-1.4613043326322053,0.428792505123129,1.3441683410101024,-1.614440444523726,0.39360514201167596,0.0005110161131462836,-1.255941885036865,0.540479024961362,0.07852849615537255,-1.4444722853838419,0.39230429620132373,-0.002511016113146365,-1.0864430562736604,0.5302640943343168,0.07041663815695756,-1.5162801478848664,0.3397415690487158,0.3913633550525331,-1.3997030567616,0.5443439127492594,0.3478931495192519,-1.3914219131993637,0.21710933135888977,0.693906851332389,-1.5872532178927556,0.6163549057495977,0.714600712187731,-1.3541884197234317,0.2573046457553166,0.8698544795298678,-1.4717558608899424,0.6070962691382119,0.8578983129270006,-1.4026949725518052,0.32553167224506924,1.0487046843381094,-1.4435120930094036,0.5215718541374907,1.040079450362374,-1.3834047924955715,0.3278598866133506,0.676918019467715,-1.3800018092214708,0.45709732519068846,0.6774103548532826
5.333333333333324,0,0-ACCAD_Female1Walking_c3d_B9 - walk turn left (90)_poses,158,-1.4187245143111795,0.41839033947326243,0.7612516399470866,0.04991900731831923,-0.022644193110175445,0.004746132907034816,0.9984852565006513,-0.358833909034729,-0.09363508969545364,0.15526102483272552,0.3915178179740906,-0.10830267487006151,0.1484042136690833,-0.11079642921686172,-0.018902983516454697,0.041522834450006485,0.8667230606079102,-0.8519431128737813,0.031895975075244554,0.25616782903671265,0.023084405809640884,0.09487749636173248,0.09060075134038925,0.13617658615112305,0.9983626008033752,-0.059786513447761536,-0.2621588408946991,0.8471851944923401,-1.4220804599195611,0.4192707373794601,0.8361713471582093,-1.4937560334332676,0.43066559086196393,1.3498033393736262,-1.6176455379031582,0.39407367806182375,0.00034302133751316563,-1.329970035739542,0.5420689919181487,0.0720332703079329,-1.4476676762991627,0.3935153418898989,-0.00234302133751315,-1.1605183300324686,0.5313488606352929,0.06359536664400314,-1.529479655926463,0.3399806156343914,0.3905278220402848,-1.4594437288012045,0.5454552547615258,0.3568011341432503,-1.4476033179078056,0.21041818347914404,0.7015355543803528,-1.5936189549619675,0.622398748137899,0.7134773869901679,-1.4001902291033477,0.2511569382593251,0.8748904420332511,-1.4865542816910595,0.6076160053634867,0.8627361906086728,-1.4393856571369554,0.3251771492547273,1.0543161484865011,-1.4702792853745867,0.5230362108741713,1.0459758625568645,-1.4153861071436973,0.32758407801424616,0.6830909597753847,-1.4085519366781625,0.45645508424360126,0.6833232742135287
5.366666666666657,0,0-ACCAD_Female1Walking_c3d_B9 - walk turn left (90)_poses,159,-1.4485440028365701,0.4194869159255177,0.7666237834663627,0.05046030333266969,-0.025323043955799186,0.0040696681177870755,0.9983966842061318,-0.29989930987358093,-0.09757448732852936,0.15148937702178955,0.3528870940208435,-0.13199705699068454,0.1461464131908028,-0.20928992331027985,-0.006722086109220982,0.03702520951628685,0.8684048652648926,-0.7603307026334085,0.017786689775611375,0.20370498299598694,0.02554234489798546,0.0928485319018364,0.05123388022184372,0.15656070411205292,0.9777999520301819,-0.028299715369939804,-0.24178838729858398,0.861912727355957,-1.4523055658013386,0.4202880586706078,0.8415251106532963,-1.52546514682577,0.4352074453612997,1.3548643151091908,-1.6185603271007563,0.3934033049171062,0.0001501106610127985,-1.410570202813281,0.5426243441212143,0.06213842674353727,-1.4485758896369603,0.3934018954867468,-0.0021501106610125366,-1.241171356654658,0.5311382004274411,0.053647288823728115,-1.539347456313099,0.3407198354711862,0.3898045887461721,-1.516567614720882,0.5465457339539158,0.36897325605235937,-1.5059567188894236,0.20587887451292897,0.7102671791089796,-1.5980437605745688,0.6289221199987272,0.71248757798805,-1.446954895697752,0.2468725896445182,0.8799665143579338,-1.4999757438987125,0.6091488001586375,0.867249472949095,-1.4755447982466154,0.3271884168976363,1.0595060963354586,-1.4957517224970087,0.5264255817832657,1.0512346248415023,-1.4462840555441685,0.3289088667137622,0.6887864254719765,-1.4354753734936505,0.45737860504166633,0.6885261935517163
5.399999999999991,0,0-ACCAD_Female1Walking_c3d_B9 - walk turn left (90)_poses,160,-1.4783595574554056,0.42034245119430125,0.7710249003053908,-0.05262052273702681,0.02863175925034582,-0.0024453486259235304,-0.998201043487338,-0.23938170075416565,-0.09899679571390152,0.14791038632392883,0.3080926239490509,-0.15199255504953912,0.14337472874200263,-0.3069913983345032,0.00995691679418087,0.030454738065600395,0.8413311243057251,-0.640169223739699,0.0019986613526774555,0.15124063193798065,0.028467461466789246,0.08877589553594589,0.009939858689904213,0.18260934948921204,0.9539110064506531,0.0025985499378293753,-0.2243964523077011,0.8762516975402832,-1.482627293921046,0.4209345863476094,0.8459010367002401,-1.5565445038749264,0.4388218651680598,1.3590490185514001,-1.6193210523231294,0.39272998135627657,-6.456143150431956e-05,-1.4978801786466605,0.542000512411284,0.05142117096862413,-1.449331507072617,0.39296305701398915,-0.001935438568495755,-1.3285382840495625,0.5295387346464216,0.04317333311834072,-1.5479583975352644,0.3414366322824729,0.38904934396256236,-1.5707512439827578,0.5469896523040629,0.38361999675360753,-1.5669933868340682,0.20253478612719017,0.7192987885877257,-1.6019967575818903,0.6343102566445716,0.7120890754577854,-1.4952540531765242,0.24259508336724556,0.8842478861771884,-1.5131257082912601,0.6095918799388512,0.8716212122051651,-1.5118126749948386,0.32888112279174603,1.0635685187540742,-1.5206224188074042,0.5289654836035973,1.0557696808618042,-1.477422224058451,0.33014594212993364,0.6932490221850637,-1.4622210698798588,0.45816023348388096,0.6926463878097745
5.433333333333324,0,0-ACCAD_Female1Walking_c3d_B9 - walk turn left (90)_poses,161,-1.5074258816894144,0.4215934930834919,0.774023359917124,-0.05373644131390041,0.03272603143372001,9.938172324550071e-05,-0.998018733223375,-0.1786147803068161,-0.0995812937617302,0.14581936597824097,0.25985002517700195,-0.1703610057474494,0.14177611966232528,-0.4000062346458435,0.030078358948230743,0.021191932260990143,0.7870592474937439,-0.4973685060666244,-0.013880209903482044,0.0994066447019577,0.03157079592347145,0.08336908370256424,-0.031016087159514427,0.21310847997665405,0.9282865524291992,0.03408908098936081,-0.20991335809230804,0.8906211853027344,-1.5123258616176716,0.42184240243039733,0.8488627094656048,-1.5868623387755945,0.4414737602568656,1.3618735863375342,-1.618740405349548,0.3928946276443219,-0.00029415289251653876,-1.5899158682500252,0.5406969949040842,0.042157717826574334,-1.4487497487092131,0.39398264162914437,-0.0017058471074833381,-1.4205665372174616,0.5279988192649797,0.03444017843492757,-1.5545306255145617,0.34279063849621544,0.3881443085942222,-1.6203535882703224,0.547005357084165,0.3990607621857917,-1.627424173581107,0.2012850894415632,0.7279732217151623,-1.605509064366308,0.6385070611831972,0.7116134795320236,-1.5429583621306961,0.23926111420997678,0.8872933787668695,-1.5262508052235642,0.6093399383848705,0.8754028916119783,-1.5471096810886598,0.33063003489794146,1.0660188519406162,-1.5450402748848653,0.5309315385742591,1.059147892548378,-1.5075110541396863,0.3319224673291369,0.696050645337302,-1.4883306789625808,0.45950892534656224,0.6953029191396198
5.466666666666657,0,0-ACCAD_Female1Walking_c3d_B9 - walk turn left (90)_poses,162,-1.53687784797512,0.42386726127006114,0.7752336785083335,-0.050085523098340426,0.03758871232884338,0.0023598266609268447,-0.9980345486502735,-0.1176227405667305,-0.09954166412353516,0.14551731944084167,0.21153081953525543,-0.19055175607063135,0.13860378797431339,-0.486910879611969,0.050882115960121155,0.009403644129633904,0.7076108455657959,-0.335742582215081,-0.030372890732629942,0.04868151620030403,0.03426654636859894,0.07694559544324875,-0.07079403102397919,0.2465132623910904,0.9018383026123047,0.06651273369789124,-0.19866636395454407,0.9052408337593079,-1.5425228019795494,0.42379638053753393,0.8500209064968719,-1.6178493411205805,0.4443167085766206,1.3629007903851103,-1.6169086165072173,0.3921694013580399,-0.0005204972531883435,-1.6876254469228322,0.5370771221324321,0.03595475237141247,-1.4469546548009113,0.3960075270457443,-0.001479502746811641,-1.5181266725396938,0.526024029700262,0.029026936676707735,-1.5599209120917994,0.3444204584718082,0.3870506968812672,-1.6669377673640566,0.5457807132258276,0.4133294755298591,-1.6859495645803049,0.2017624299536925,0.7361208850680692,-1.6113174212556665,0.6417632613645247,0.7102255510047973,-1.5894918146473558,0.23748947003557153,0.8890229625197132,-1.5418995497276624,0.6094050424024371,0.8778372122407962,-1.581891121289363,0.33325523251499506,1.0666424840521522,-1.5710786594573036,0.5333069638365303,1.0607619768982983,-1.5370329107803997,0.33464482064388523,0.6970431224551219,-1.515268105064406,0.4620255467568758,0.6960661877122284
5.49999999999999,0,0-ACCAD_Female1Walking_c3d_B9 - walk turn left (90)_poses,163,-1.5671540272887796,0.42554468498565257,0.7746391887568357,-0.04578303501439648,0.040815642252719754,0.004124271119138854,-0.9981087052220836,-0.056531693786382675,-0.09828310459852219,0.14655397832393646,0.16747832298278809,-0.21202225525908203,0.1329730509180711,-0.562416136264801,0.06841196864843369,-0.0035018851049244404,0.6108700037002563,-0.16435719758838263,-0.04497572544724937,4.2280844354536384e-06,0.036724697798490524,0.07031390815973282,-0.10942786931991577,0.28082847595214844,0.8751657605171204,0.09878424555063248,-0.19139112532138824,0.9199203252792358,-1.5732931177123886,0.425207513946405,0.8493867498171207,-1.6474904047442585,0.44638729761981116,1.3624250294423546,-1.6169122460971772,0.38987276688976485,-0.0007204011403696628,-1.7878924081309677,0.5315009420681773,0.03505436372090838,-1.447053108993566,0.3967692036746129,-0.0012795988596303529,-1.6182432360239685,0.5223689719135169,0.02907393526600946,-1.567443248259314,0.3452131411778604,0.38580856859796797,-1.7106327150149339,0.5435466811177734,0.42509400738487757,-1.7443319769539394,0.2032775354910786,0.7442002496102511,-1.61893414689336,0.6437757373420308,0.7081850523342308,-1.6359690388967574,0.2359871157353249,0.8896207475465072,-1.5588566785165539,0.6087121466297175,0.8788332477655371,-1.6160802416633464,0.3353792001906667,1.0656300950683293,-1.597240615542228,0.5348607318385202,1.0606933026843135,-1.5675339100043701,0.3366906433891304,0.6962047039954661,-1.543655884312593,0.46397374622253895,0.6949162755935951
5.5333333333333234,0,0-ACCAD_Female1Walking_c3d_B9 - walk turn left (90)_poses,164,-1.598751045530662,0.4276239036116749,0.7719569510472228,-0.04207774103704895,0.04459822029241335,0.00538198941348058,-0.9981039508217175,0.002857545856386423,-0.09543869644403458,0.1483924239873886,0.13124850392341614,-0.24089597225921167,0.12439142851109652,-0.6165348291397095,0.08333276957273483,-0.017839370295405388,0.5140295624732971,-0.01580866322903307,-0.06062745149386117,-0.04556843638420105,0.03922645002603531,0.06414373219013214,-0.14597131311893463,0.3132360875606537,0.8493395447731018,0.1302613914012909,-0.18724457919597626,0.9346158504486084,-1.605462063805204,0.42709962473177016,0.8466542559877283,-1.6792218382311435,0.44915294276188333,1.359739479367636,-1.616342812871288,0.38690217928327375,-0.0008791150456778953,-1.8760711174434506,0.5247620103382176,0.037625080384200774,-1.4466242348722576,0.3966769339757601,-0.0011208849543220094,-1.7063196178495925,0.5170895345698907,0.03256924205403158,-1.5768840652611145,0.34604799461047314,0.3839141392217304,-1.74897117253536,0.5414104819042442,0.43088813180205326,-1.802329948180311,0.20743620486034386,0.7507391316864326,-1.628405765638118,0.6455086943006144,0.7046049255587616,-1.683329546265425,0.23619999329344787,0.8884747952715744,-1.5779172995890518,0.6082958905619352,0.8778841402329025,-1.6517560691406485,0.3382015197533372,1.0625324095150899,-1.6252893960101855,0.5368336562067734,1.058412399642683,-1.599339984004294,0.3390430302095918,0.6932673501594258,-1.573745104824574,0.466288119767802,0.6918385878490366
5.566666666666657,0,0-ACCAD_Female1Walking_c3d_B9 - walk turn left (90)_poses,165,-1.6312709820922464,0.4290535806212574,0.7673572799298699,-0.03552462529103192,0.04636974500218056,0.0065966850734517895,-0.9982706704558668,0.0613383948802948,-0.0905911847949028,0.1503819078207016,0.10680320113897324,-0.2768873866700228,0.11336955520222047,-0.6548362970352173,0.09558568149805069,-0.03282642364501953,0.42885854840278625,0.10808998565892658,-0.07680230919191788,-0.08726795762777328,0.04186023771762848,0.058881595730781555,-0.1789630949497223,0.34120050072669983,0.825465202331543,0.16083326935768127,-0.18553218245506287,0.9495412111282349,-1.638249567271885,0.42831287920900474,0.8420282295040411,-1.7101001722634164,0.4506600248760587,1.355390984073015,-1.6166606036460092,0.38267196118928365,-0.0009769961095864102,-1.955064749960288,0.515355686898503,0.04194895001538313,-1.4471902949482376,0.3960813740461592,-0.0010230038904135048,-1.7852075021770217,0.5098617555282793,0.037667350595391086,-1.5892753303286715,0.3462073575421852,0.3811387422599194,-1.7866045621845408,0.5378937664184199,0.4323030140319156,-1.8569969336332341,0.21157991016744734,0.7559210653606808,-1.6413136256162362,0.6457960204408283,0.6997980112480949,-1.728639261826329,0.23644984220846563,0.8857877615254562,-1.5995465599661698,0.6072760761652837,0.8751014348431865,-1.6864776503716699,0.3400673605070569,1.0577202462486037,-1.6543354627528182,0.5378730823794245,1.0542617683137279,-1.6318486158930374,0.3407126056241875,0.6883373728807684,-1.6056641067011101,0.4681317878254958,0.6869015850789615
5.59999999999999,0,0-ACCAD_Female1Walking_c3d_B9 - walk turn left (90)_poses,166,-1.6668318284209818,0.4301294742617756,0.7605310078190093,-0.02840196968953209,0.04702992958800434,0.007456263847349091,-0.9984617759184079,0.11724542826414108,-0.08421005308628082,0.1523183435201645,0.09724394977092743,-0.32336432629813494,0.10026352707347974,-0.6852513551712036,0.1063573881983757,-0.04771943762898445,0.3634066581726074,0.2050544085706134,-0.09411744704604286,-0.1239786446094513,0.04442863538861275,0.05544567480683327,-0.20620377361774445,0.3621121942996979,0.8049795627593994,0.1898682713508606,-0.18562902510166168,0.9647560119628906,-1.6739072323606137,0.42921311649056343,0.8351908962968672,-1.7437408544479351,0.45195481186723324,1.348829376420718,-1.6190751392652272,0.3779718785455644,-0.0009998748907132302,-2.0273641743440622,0.5042819232446998,0.04585300517472317,-1.4499227784850581,0.3949270795892849,-0.0010001251092868792,-1.8574350274616496,0.5011005644754863,0.042116162095752016,-1.6070355747797358,0.34591174747777753,0.37684103882191433,-1.8270108354341439,0.533725327759939,0.4302524079584631,-1.9100574075953054,0.2162907840300751,0.7579994611881635,-1.6590134346748044,0.645273181083873,0.693046159500021,-1.7743236003221723,0.23732863503657084,0.8808542803542696,-1.6255346722718829,0.6061336976392695,0.8699835425139745,-1.7234321755152067,0.34161608608961647,1.0508200606880227,-1.6868509258265718,0.5386558030776779,1.0477627742306501,-1.6674029624406097,0.34195109543516755,0.6811682248578416,-1.6410332205999851,0.46962328916913854,0.6797374707137264
5.633333333333323,0,0-ACCAD_Female1Walking_c3d_B9 - walk turn left (90)_poses,167,-1.7030504716094583,0.4307844100985676,0.7518095169695753,-0.021072534914465684,0.045910041810491235,0.0077283466150830345,-0.998693390882224,0.16777610778808594,-0.07789475470781326,0.15452474355697632,0.10422953963279724,-0.37815980248618475,0.08699287300750269,-0.7058396935462952,0.11725035309791565,-0.062138576060533524,0.32365211844444275,0.2682946853195918,-0.11337273655529367,-0.15450085699558258,0.04738269001245499,0.052872434258461,-0.22719576954841614,0.37482932209968567,0.7882418632507324,0.2147463858127594,-0.1861167848110199,0.9787462949752808,-1.7099524082872295,0.42977178893937446,0.8264843980775087,-1.7764585781931894,0.4535260383996863,1.3405320343145077,-1.623549117126044,0.3737722335822922,-0.0009425220646303405,-2.088789716861301,0.4907158326036366,0.04674978294493847,-1.4547659814352052,0.3940759251558875,-0.0010574779353697203,-1.918826700185721,0.4899914113854518,0.04327873462562022,-1.629165656723476,0.3453060324980711,0.37077427604029883,-1.8680694543373717,0.5284852945418355,0.4252414171756518,-1.9589850238448123,0.22097906051089855,0.7574494640369115,-1.6807017219426874,0.6439299812615688,0.6842527266059588,-1.8175097331286663,0.23866756832326164,0.8742031492563598,-1.653835354834741,0.6049889730578547,0.8623576406388609,-1.7595883359190323,0.34299681715907815,1.0423788601116395,-1.7198771187311608,0.5394273646557592,1.03917821336265,-1.7037227654119225,0.3426550310781003,0.6721614560537067,-1.6775837620547394,0.47063231084841034,0.6706660509124835
5.666666666666656,0,0-ACCAD_Female1Walking_c3d_B9 - walk turn left (90)_poses,168,-1.7407587540801615,0.43131715641357005,0.7406269235338339,-0.015809324064414286,0.04533900327795661,0.007913982678991533,-0.9988152025938254,0.21082620322704315,-0.0722762793302536,0.15718990564346313,0.12823691964149475,-0.44455426465503134,0.07539297317156901,-0.7125777006149292,0.1277339905500412,-0.07528447359800339,0.31205251812934875,0.28682408973347706,-0.13121576766358412,-0.17724892497062683,0.050971824675798416,0.05051444098353386,-0.24055974185466766,0.37924426794052124,0.7759434580802917,0.23409828543663025,-0.1866121143102646,0.9907086491584778,-1.7475703141493544,0.43023898233098073,0.8153091850828216,-1.8114262306939666,0.4554660582496288,1.329637413875664,-1.629238245182083,0.37114949298522026,-0.0008076478394382219,-2.134408121806699,0.478405262934824,0.03959910532116668,-1.460778607729345,0.39397935395451694,-0.0011923521605618388,-1.9644456392236844,0.4792826000070233,0.036137199216113115,-1.655642841670025,0.34480940903417684,0.36202907968228515,-1.907916849707289,0.5238502738630769,0.41552287479647276,-2.00500298197649,0.22604644724653214,0.7518884752557531,-1.706980517022851,0.6424272996186071,0.6728707858371245,-1.8598613909919006,0.24071999610398812,0.8644858541531238,-1.6854498414834849,0.6040927680804562,0.8518301608548563,-1.797251693853383,0.3444362430041625,1.0315298967923092,-1.7551114611431748,0.5403534320939563,1.0279465036679736,-1.7416200852023418,0.34321499915259707,0.660689975456949,-1.7156625900353124,0.47142101638277834,0.6593553666550545
5.6999999999999895,0,0-ACCAD_Female1Walking_c3d_B9 - walk turn left (90)_poses,169,-1.7813861144240946,0.43148688063956797,0.7265254641994049,-0.013389740180384834,0.04553729130557801,0.007726784533970135,-0.9988430140713896,0.24666424095630646,-0.06567595154047012,0.15985867381095886,0.17011567950248718,-0.5238522990964265,0.06305154190388329,-0.7095192074775696,0.13560861349105835,-0.0859360545873642,0.3254583477973938,0.2679779738251655,-0.14484348285618043,-0.1905037760734558,0.05510386824607849,0.04793960601091385,-0.24495495855808258,0.3749065697193146,0.7687944769859314,0.24563288688659668,-0.18678702414035797,0.9993739724159241,-1.788224324164742,0.43042066380148436,0.8012054619846024,-1.850139911581931,0.4578241747287776,1.3156769821859498,-1.637404827777363,0.36790941835206264,-0.0005850269180188647,-2.1690531007657174,0.469493983150823,0.02419513651034789,-1.4691380095792725,0.3921083663220818,-0.0014149730819810191,-1.9990962054451142,0.47070456477686684,0.020563576913136015,-1.6877655698215688,0.3431542880830091,0.3498270635052647,-1.9486306251951024,0.5204364256119504,0.40116902918720265,-2.0492738955331786,0.23085150597324605,0.7402793082056123,-1.740380633097341,0.6408770853185369,0.6581806613742315,-1.9025669003910965,0.24315366659487075,0.851118284313248,-1.722254615132304,0.6034431694012924,0.8377070204862014,-1.8378854902340258,0.34582483112903095,1.0178471561101452,-1.7940372842159276,0.5413528472780628,1.0135675965745858,-1.782639253111861,0.3433605700814328,0.646359649006269,-1.756510792468072,0.47166328568189647,0.6452849074323593
5.733333333333323,0,0-ACCAD_Female1Walking_c3d_B9 - walk turn left (90)_poses,170,-1.8247872365172952,0.43186963186599314,0.7109516953575978,-0.01421311177615225,0.043421321098570685,0.007294857664419945,-0.9989291072840703,0.27460184693336487,-0.05790087208151817,0.1625373661518097,0.23051056265830994,-0.6099531354594716,0.05090078160030442,-0.703855037689209,0.14127087593078613,-0.0937090516090393,0.3562351167201996,0.23337644818903414,-0.15423844637430717,-0.1938246190547943,0.05901012197136879,0.0471150167286396,-0.2383127510547638,0.36057668924331665,0.7682161331176758,0.24933820962905884,-0.1857897937297821,1.0047527551651,-1.831309012139715,0.430869147831357,0.7856609014464544,-1.889953652651108,0.4608263442733788,1.3003854888262882,-1.652822934791941,0.3642245325375401,-0.00027438953157974885,-2.2029056668753912,0.4648477189580196,0.006500886381406702,-1.4845682031665164,0.38847817645858473,-0.001725610468420194,-2.0329515240059557,0.46539359419502424,0.0025904718584759436,-1.7278831031350246,0.3407591216451147,0.33458289895599336,-1.9933532559299068,0.5190230404033006,0.3858179534796209,-2.0908234209314065,0.23581234693916958,0.7242238942657419,-1.780921688624787,0.6398236890626903,0.6414294863672373,-1.9444766243080913,0.24648554206674403,0.8357060104460099,-1.7635166892212906,0.6034728215462125,0.8212495203754976,-1.8800713832872111,0.34756228810318623,1.0029460438264952,-1.8352154151006386,0.5428355747564942,0.9976102648149341,-1.8271834096673574,0.34370908174838233,0.6306191497670722,-1.800307283147803,0.4719475830172574,0.6296586622831051
5.766666666666656,0,0-ACCAD_Female1Walking_c3d_B9 - walk turn left (90)_poses,171,-1.8697165024932474,0.4316413758788258,0.7094919340963698,-0.01722746622833299,0.04072212896738163,0.00677486331614337,-0.9989990109338263,0.28879037499427795,-0.05060846731066704,0.16607902944087982,0.3080638349056244,-0.6994153202551199,0.041313794213487576,-0.6910644173622131,0.14810696244239807,-0.09933121502399445,0.3978836238384247,0.18178738371972814,-0.1626370969229547,-0.18703964352607727,0.06237844377756119,0.04854998737573624,-0.2210787981748581,0.33648160099983215,0.7741536498069763,0.24448521435260773,-0.1835363656282425,1.006381630897522,-1.8758362145368246,0.43073139448124964,0.7842363055122815,-1.9320683467002733,0.4633032628572041,1.299075689167526,-1.675695580454413,0.36032897205703945,0.014851325413160657,-2.2316424142566196,0.4606472601015877,0.0011199197808012436,-1.5073574566145145,0.383936816385927,0.012627421591949912,-2.0616965659307316,0.4599896908762916,-0.0031199197808012245,-1.7746825176569931,0.3375366310917574,0.3314474130728926,-2.03854428253873,0.5175499255974609,0.38359367476204953,-2.1281167513031014,0.2394776082960894,0.7183566955363931,-1.8278730536607015,0.6387151531309696,0.6384145574503353,-1.9844781045430067,0.24956392787671203,0.8333600412199618,-1.8089411997218394,0.6035196917639936,0.8183101622042354,-1.923529577941554,0.3485970939260892,1.002147729307021,-1.8788009306602635,0.5438643806982953,0.9956500582621848,-1.8734136096400789,0.34345498124830837,0.6291110493429601,-1.8457006353333476,0.47152142503868494,0.6282226087785583
5.799999999999989,0,0-ACCAD_Female1Walking_c3d_B9 - walk turn left (90)_poses,172,-1.916068292921409,0.43102047429420054,0.7160514316760536,-0.021588955085043673,0.03771047735108381,0.005318746401709612,-0.99904131438745,0.2816721796989441,-0.04433537274599075,0.17132268846035004,0.4007698595523834,-0.7830957515875663,0.034098892031085404,-0.6641128659248352,0.15671944618225098,-0.10296574234962463,0.4435770809650421,0.11278818835552173,-0.17312003451155733,-0.16908033192157745,0.06431341916322708,0.05231308192014694,-0.19550225138664246,0.30569028854370117,0.7858928442001343,0.22932960093021393,-0.18026094138622284,1.0031397342681885,-1.921736665576836,0.43034554665505714,0.7908338763012537,-1.9769541921876654,0.46588373447748677,1.3055807086846734,-1.7101513885299413,0.3559610838294619,0.036040557810799935,-2.2527492352762213,0.4548244670914009,0.0012740322268945704,-1.541709287353266,0.3787086527733928,0.032908999360477274,-2.082826133022184,0.4524889949575474,-0.003274032226894267,-1.8296851941191803,0.3335463568642863,0.33386875378982256,-2.0821364356489087,0.5151024638691212,0.38680274704216133,-2.1613247137469878,0.24111328278507044,0.7177044100820421,-1.8824494185651588,0.6380208656790433,0.6429842353700483,-2.02260323506951,0.2522041281302189,0.8385055222757306,-1.8593038380776883,0.6041791568739128,0.8226466550721521,-1.968159835927312,0.34930827723547014,1.0093891301810456,-1.9252297255134594,0.5449272691026663,1.0014897288925775,-1.9208669795525517,0.34266755604959764,0.6359761861985249,-1.8927574547787234,0.47050963421653424,0.6349198453197291
5.833333333333322,0,0-ACCAD_Female1Walking_c3d_B9 - walk turn left (90)_poses,173,-1.9599760544952005,0.4310527800116688,0.7252982185437746,-0.030588309300037468,0.036808220534581035,0.004085274281863307,-0.9988457442314529,0.24474085867404938,-0.03742729127407074,0.17862941324710846,0.5061452388763428,-0.8548793036230684,0.0325057519531331,-0.6214193105697632,0.16169677674770355,-0.10249912738800049,0.48497867584228516,0.029010660025149404,-0.17857134622232373,-0.13725093007087708,0.0638759657740593,0.05967756733298302,-0.1633424460887909,0.27341166138648987,0.8033294677734375,0.2018795609474182,-0.1764838844537735,0.993893027305603,-1.9655096589052516,0.43060958137227456,0.8000924883590426,-2.0242649002422786,0.46804952060402977,1.314289821475953,-1.7546484507970657,0.35192499528520393,0.05581269246529186,-2.260544825989938,0.4556454000338054,0.001364591828002977,-1.5859588506552438,0.3725802014353747,0.051667663769834796,-2.0907216961144686,0.4495021613727028,-0.003364591828002972,-1.890296475255326,0.33024264147972915,0.3364560415483234,-2.1172794466331166,0.5158588444356498,0.389154161974695,-2.1878419405926817,0.24187810321623834,0.7162490450523831,-1.9403930098468796,0.6389061133882967,0.6508326343393097,-2.0569001228163426,0.2549785348307191,0.845253631223226,-1.9110823930103051,0.6059943323555222,0.8297663276842981,-2.012175312807116,0.3500750809105928,1.018769090283779,-1.9719417658427845,0.5462329967384263,1.0100789431763024,-1.9656572987436367,0.3426066915281851,0.6456930338140576,-1.9370114527808835,0.4700226496085955,0.644627904017008
5.866666666666656,0,0-ACCAD_Female1Walking_c3d_B9 - walk turn left (90)_poses,174,-1.9997374785598367,0.4310316799674183,0.7335935945576997,-0.047997938831962905,0.03277908659503825,-8.75113082634055e-05,-0.9983094318354649,0.17648530006408691,-0.028237048536539078,0.18712255358695984,0.6194767951965332,-0.8969671210328976,0.02905238887605721,-0.5684528350830078,0.16062025725841522,-0.09771250933408737,0.5120164155960083,-0.04334347902698421,-0.18343712452387217,-0.09166381508111954,0.06078531593084335,0.0713672861456871,-0.12693339586257935,0.24376004934310913,0.8253681063652039,0.16344821453094482,-0.17450177669525146,0.9792104959487915,-2.0046453992026905,0.4312807837610865,0.8084324231312645,-2.065999883938567,0.47271985320552706,1.3219789426928081,-1.8164215320210984,0.3424007985302242,0.06630949396532569,-2.2662461264706404,0.46055030030295985,0.0013897975910837773,-1.6472397688630398,0.3582132060292725,0.06106556568449083,-2.09681637888268,0.44748446308621,-0.0033897975910840462,-1.9606502688060665,0.32485711525393923,0.33683418749276833,-2.1456465609023074,0.518490670392138,0.38935523984494946,-2.20827050648213,0.24223648498081177,0.7151627922830109,-1.9983885757563356,0.6403906936545147,0.6573950092603525,-2.0863662134523393,0.2581518824588835,0.8524420975995444,-1.9598410350062248,0.6086209054667394,0.8347768907048524,-2.051490081715625,0.3521696202452512,1.0276088761398987,-2.013411362963314,0.5486763409144045,1.0172500726357416,-2.0075600881868456,0.34215309317899933,0.6551199262442855,-1.977247247973901,0.4687410977497096,0.6531355551778976
5.899999999999989,0,0-ACCAD_Female1Walking_c3d_B9 - walk turn left (90)_poses,175,-2.0357382071670145,0.43049613223411143,0.7414476891047462,-0.06185749536642695,0.030882330464119114,-0.002548478976113356,-0.9976038478208701,0.08694283664226532,-0.01534248422831297,0.1931772083044052,0.7253811359405518,-0.9143416687114625,0.030807164898637662,-0.513306736946106,0.1559334099292755,-0.09079504013061523,0.5178764462471008,-0.1000577717315243,-0.1815988151581036,-0.037405744194984436,0.05678233876824379,0.0816248208284378,-0.091947540640831,0.21662238240242004,0.8473798632621765,0.11561841517686844,-0.1765299141407013,0.9592877626419067,-2.040335810543148,0.43116403364104894,0.8163036571427482,-2.1063787088341837,0.473395844331764,1.3291680253053664,-1.8846174670131883,0.3360492114977904,0.07166346466707285,-2.2698021977997853,0.4658039882376064,0.0013419167464920091,-1.7151436144916117,0.34785475492951223,0.06539908474751133,-2.100921218815722,0.44690222532526563,-0.0033419167464920144,-2.031512096136934,0.32172324638351735,0.33840972692524063,-2.1673283876257203,0.520575220378499,0.3886919113932157,-2.22204310916881,0.23925061983580764,0.7137862719077581,-2.060015931553558,0.6427012469991417,0.6655471726722275,-2.1101322975610923,0.2591201416854126,0.8588405257265903,-2.0098325334807954,0.6115888737306633,0.8401129510815183,-2.0866916776782674,0.35179635671878384,1.0355311500219362,-2.053871413829835,0.5492067553041138,1.0243889010882397,-2.0441734980692594,0.34130463609813255,0.6637812945411539,-2.013743119163627,0.4674118507744762,0.6613916657969016
5.933333333333322,0,0-ACCAD_Female1Walking_c3d_B9 - walk turn left (90)_poses,176,-2.0701384318526834,0.4306581972632557,0.7491572042323678,-0.0707701804615378,0.030965293718705728,-0.004327194214972728,-0.9970025112970285,-0.019474711269140244,0.005194598808884621,0.19296219944953918,0.8031046390533447,-0.8880538828429709,0.025385381468854495,-0.4580790102481842,0.14681166410446167,-0.08192715793848038,0.5024460554122925,-0.13862361593111205,-0.17361189619406048,0.020573478192090988,0.05231517180800438,0.08869561553001404,-0.058426838368177414,0.19278360903263092,0.8682551383972168,0.06458714604377747,-0.1833924949169159,0.9365740418434143,-2.0747233677454506,0.43163404370181296,0.8240105681286388,-2.146214699334138,0.4725389117612406,1.3362248027466128,-1.9630778276266807,0.3302990568679822,0.069621377293234,-2.274830579868668,0.4720314247520447,0.0012370157004918392,-1.7934423178941126,0.3389195772799165,0.06258714203990134,-2.10646810978988,0.4489216495044936,-0.0032370157004918583,-2.1030324556015514,0.31954749516954156,0.3440164614179033,-2.1852647593371133,0.5226988587922952,0.3880377345855042,-2.2321381764168504,0.23536577503593137,0.7134674242762474,-2.124598255926971,0.6453792560170245,0.6753707898291019,-2.130712756130728,0.2599006478001791,0.865357148558023,-2.0616742810827193,0.6154703933777524,0.8459744167823213,-2.1195373025765254,0.3509519368200688,1.0431351353467166,-2.0946722038235794,0.5494969568969652,1.0315685123879172,-2.0775542104373144,0.34102596459939827,0.6720145238913705,-2.048729284654161,0.4671118559229704,0.669558654128139
5.966666666666655,0,0-ACCAD_Female1Walking_c3d_B9 - walk turn left (90)_poses,177,-2.103756166761741,0.42995623336173594,0.756632662129944,-0.07487466509233096,0.03273752831724495,-0.0048963300816163,-0.996643398974137,-0.13358670473098755,0.029535220935940742,0.18709002435207367,0.848301351070404,-0.8227235293931954,0.017226726891327537,-0.4040915071964264,0.13412413001060486,-0.07176323980093002,0.4693373441696167,-0.16077439724462983,-0.15890827676778785,0.07820557802915573,0.048928454518318176,0.09135393798351288,-0.02699734829366207,0.174701988697052,0.8869877457618713,0.01581314206123352,-0.19505368173122406,0.9130125641822815,-2.108595321324901,0.4310558993402978,0.8314683041586554,-2.185019427289573,0.46900708973450966,1.3431841866982266,-2.049152929225581,0.32473309956829893,0.0631093842055497,-2.2821392196746304,0.47888486586033435,0.001091476776318677,-1.8794475572290434,0.3313619674928624,0.05561639911577925,-2.114124647657318,0.4533191370536732,-0.003091476776318689,-2.172779982465753,0.316973922770957,0.35447601471188844,-2.200926048153139,0.523939311544797,0.3879801176588039,-2.2408758637857784,0.22974339826650536,0.7147073144144749,-2.1899449579436525,0.6456325802168047,0.6866141024064314,-2.149755585137901,0.2592040661556698,0.8721516794162928,-2.1143551791755866,0.6178754206900914,0.8523708206563156,-2.150668540837146,0.34844981396977104,1.050468302315764,-2.1356168125946855,0.5479662179798706,1.0386854797424645,-2.1088222508576027,0.3398730913337486,0.6795349150411225,-2.0830138527835076,0.46633133011744543,0.6775508560791718
5.9999999999999885,0,0-ACCAD_Female1Walking_c3d_B9 - walk turn left (90)_poses,178,-2.1354696524795145,0.42855045781470835,0.7631661392209362,-0.07606777501714165,0.03582962006260253,-0.00625430935628873,-0.9964390676527024,-0.24905528128147125,0.05206208676099777,0.17817267775535583,0.8623841404914856,-0.7259978307640744,0.008092632956694379,-0.3435328006744385,0.12534040212631226,-0.06384588778018951,0.42978644371032715,-0.18559735022644586,-0.15014881609112263,0.13377165794372559,0.04521089419722557,0.09059672802686691,0.002864653244614601,0.1598915457725525,0.9038510322570801,-0.030704855918884277,-0.21274696290493011,0.8894995450973511,-2.1407535947513936,0.4298940854639579,0.8379677075120331,-2.221411298097511,0.46510519043654686,1.3492234889626078,-2.139436792958382,0.3182305417143141,0.055138958963929424,-2.2835806208148517,0.47917634800286274,0.0009018366647382363,-1.9696997053629544,0.323786530151265,0.04749356249869976,-2.115787215940577,0.45214108677053144,-0.0029018366647382866,-2.2376690965904427,0.3132887206858431,0.36918219778868316,-2.21186612897164,0.5214921647376751,0.3871773731051664,-2.24786532815901,0.22425506437460183,0.7168124659173352,-2.2535250312202133,0.6437433271396438,0.6979403180600697,-2.166864475965962,0.25844165130585545,0.8787683346660777,-2.165757214922393,0.6191985558679528,0.858108756991404,-2.1793652293763195,0.34567257395854156,1.0570512669154042,-2.174883410323632,0.5456709910255777,1.0446928135874665,-2.1374665258571466,0.33780344065119616,0.6859756059759103,-2.1155928916916733,0.4648519363069742,0.6845474257997237
6.033333333333322,0,0-ACCAD_Female1Walking_c3d_B9 - walk turn left (90)_poses,179,-2.1683234942611307,0.4282625375781208,0.7679525663984238,-0.07590815478935517,0.03924628281555017,-0.007918104536514708,-0.9963106869557237,-0.36093926429748535,0.07016633450984955,0.1678551733493805,0.8468406200408936,-0.6029091327472917,0.0023236257915730807,-0.2788364589214325,0.11763740330934525,-0.05671073496341705,0.39061546325683594,-0.21566247710559727,-0.1433160739958126,0.1869434267282486,0.041228894144296646,0.08818516880273819,0.031840305775403976,0.1485685408115387,0.9195148348808289,-0.07526879012584686,-0.23644956946372986,0.8664602637290955,-2.174098560604274,0.4298927383402756,0.8427121213342804,-2.258082601795672,0.462496212742284,1.3536029108111747,-2.2361697240406957,0.3136816244085698,0.04719410786975262,-2.2828223725686954,0.4782697361226795,0.0007084392249848415,-2.066406888251431,0.31861220849914884,0.039692846288336976,-2.1151742514327867,0.4502977426067044,-0.002708439224984871,-2.2996974475666545,0.31116807082113634,0.38618630360248307,-2.2224411662971586,0.5190436624740526,0.3856535412508407,-2.256479843870018,0.22098811660860315,0.7185766261047845,-2.317653968932695,0.6418505646781605,0.7087558720997155,-2.1854105353079443,0.2594182228447408,0.8842022416337721,-2.2183001191727403,0.6211615342059285,0.8625750541290176,-2.2088004425510537,0.3443903876127688,1.0620228841283539,-2.2149552390059193,0.5442956365361052,1.048900581224593,-2.167102367454065,0.3367987780469214,0.690475403069731,-2.1494938568026063,0.46450855890277853,0.6896981512169739
6.066666666666655,0,0-ACCAD_Female1Walking_c3d_B9 - walk turn left (90)_poses,180,-2.1988949549850076,0.42571789608336985,0.7707850564219779,-0.07800556087633342,0.04293406159136517,-0.009357135502992378,-0.9959840575244244,-0.4651658833026886,0.08286240696907043,0.15742817521095276,0.8031968474388123,-0.4592757116668178,0.0011455772188637692,-0.21842601895332336,0.10855557769536972,-0.0493045449256897,0.35313713550567627,-0.24373985212360805,-0.1342406752480949,0.2374335378408432,0.038400471210479736,0.0855313390493393,0.05932756885886192,0.14096184074878693,0.9341078400611877,-0.11790424585342407,-0.26406329870224,0.8441777229309082,-2.2051997148250075,0.4276181940844013,0.845495422977545,-2.2922153355305213,0.45855334898821,1.355983512682432,-2.3347020666631346,0.3096199451851467,0.04099674041372205,-2.2807781772712734,0.4768703896813454,0.0005353838818620803,-2.1648851362393646,0.3130975422108214,0.033917442399400935,-2.1133636905497575,0.4474942084946671,-0.002535383881862023,-2.3547721179364602,0.30877744619648223,0.40344498707634596,-2.2309369138533035,0.5152122057353932,0.3840140150026943,-2.2649485984628988,0.21681302463159285,0.7195656883106621,-2.3770651441123256,0.6373054354462797,0.7184715779004761,-2.2034315601539927,0.2586523995621188,0.8881619068545297,-2.26716525060645,0.6205023296885029,0.8654383539025995,-2.2365865143847956,0.341507181872037,1.0651188394561366,-2.2518967949889537,0.5408544530937676,1.0510317650873509,-2.1950748009220002,0.3336006392609245,0.692782646090205,-2.1808199244726403,0.4618616906088437,0.6927935268713887
6.099999999999988,0,0-ACCAD_Female1Walking_c3d_B9 - walk turn left (90)_poses,181,-2.230427957838401,0.42289060936309397,0.7718241437220683,0.08214610857774575,-0.045649403768228215,0.011032706198028625,0.9955131481678615,-0.5585222244262695,0.09291870146989822,0.14655114710330963,0.7327858805656433,-0.2966017560757759,-0.0005959229902250396,-0.16327524185180664,0.09991010278463364,-0.04246600344777107,0.31971290707588196,-0.26897488148624094,-0.1262121621829284,0.28429171442985535,0.037114452570676804,0.08335843682289124,0.08545368164777756,0.1364896446466446,0.9481940865516663,-0.1577119529247284,-0.29268431663513184,0.8230677843093872,-2.237108701004808,0.4251005781068637,0.8464933054215014,-2.326118159965522,0.4558953291819388,1.3566489140349351,-2.4383429622242647,0.30676865128454717,0.03845701391830518,-2.2827665588958435,0.47479154462282636,0.0003839696901233036,-2.268467959514598,0.3080329099887033,0.032062867820545835,-2.1156716962873707,0.4436203174823562,-0.0023839696901231597,-2.4062765618158033,0.3071129981646649,0.41980558085117775,-2.2422277583978993,0.5110123683976591,0.3822409302619205,-2.2765633165496366,0.21325414460731584,0.7200354932293438,-2.4344266814424076,0.6321088673329327,0.7269373749615237,-2.2239442232750197,0.2579829459154208,0.8908866845060373,-2.3149770384018353,0.6192651117070468,0.8666742166428445,-2.265532909179738,0.33920913477768605,1.0666310033253261,-2.2884180597736803,0.5377324349386868,1.0512376906383905,-2.2248744097315942,0.33011266808372575,0.6932068368813061,-2.212992789458706,0.45884068060120253,0.6939418469982681
6.133333333333321,0,0-ACCAD_Female1Walking_c3d_B9 - walk turn left (90)_poses,182,-2.26276896125637,0.42017627344466746,0.7710521227893674,0.08773225994707422,-0.04735247469020278,0.012584559860563053,0.9949384013889546,-0.6379916071891785,0.10060738772153854,0.13691359758377075,0.6414832472801208,-0.12398553293474235,-0.0019391627502647335,-0.11026714742183685,0.09176547080278397,-0.036226388067007065,0.29344096779823303,-0.2976234874270731,-0.11887438505683745,0.32658424973487854,0.03636477515101433,0.081824392080307,0.11142157018184662,0.13343651592731476,0.9629122018814087,-0.19365952908992767,-0.3195497989654541,0.8034332394599915,-2.269670269795331,0.422677553667944,0.8456920285884418,-2.359782320094655,0.4538381285631375,1.3556342142309317,-2.5431449340110843,0.3066505351667989,0.041127935824716355,-2.2860606366122087,0.4721943236637515,0.000265071480098366,-2.373239083875151,0.3053430831989191,0.03562405910575635,-2.11936522422446,0.4389341693424095,-0.0022650714800983747,-2.4536836440226333,0.30656977382121486,0.43331792507441363,-2.255691718037784,0.5067924413845041,0.3798621981118206,-2.290494576729261,0.21090152215501945,0.7192028199911727,-2.4890911520079797,0.6267928530253554,0.7340415530496454,-2.246469634078725,0.2576660467112581,0.8919293317715421,-2.3612892133469074,0.6176767658182111,0.8664920178758263,-2.295508706797928,0.33728547650540197,1.066357510983364,-2.324473145206573,0.5349137175967362,1.049734498897184,-2.2562959111973586,0.32679266551091224,0.6917637922744051,-2.2459744187431383,0.45593506972345865,0.693179224116743
6.1666666666666545,0,0-ACCAD_Female1Walking_c3d_B9 - walk turn left (90)_poses,183,-2.2981543315108865,0.4193121849093586,0.7682223291211161,0.08924950973146524,-0.048803656759513835,0.013314473694523864,0.9947238073404246,-0.6938061118125916,0.09763579815626144,0.134502112865448,0.5484383702278137,0.02619989999927208,0.006310782412844329,-0.05763410031795502,0.0818692073225975,-0.029666295275092125,0.2761690616607666,-0.3346647368187019,-0.10889185945315538,0.36212286353111267,0.035506051033735275,0.07959674298763275,0.13613642752170563,0.13124482333660126,0.9778268933296204,-0.22432416677474976,-0.3437866270542145,0.7858576774597168,-2.305258008863045,0.42195217387011463,0.8428384683026867,-2.3959357163865045,0.45242436166670624,1.352725961559852,-2.636325990041426,0.31345403557009544,0.046487988562902496,-2.2907205252616962,0.4723999464972901,0.00019541930081253683,-2.46640830688658,0.31083671947889246,0.04189118448091385,-2.124124820595414,0.438633764043156,-0.002195419300812629,-2.496511016280572,0.3088867506765216,0.44028989167990207,-2.2735141843371967,0.5052900111750075,0.3763873529877016,-2.3077067556197104,0.2112149098667902,0.7164076524057285,-2.544621965615895,0.6216100166207729,0.7392477573356161,-2.272080623630443,0.25932362845106066,0.8906944680856039,-2.409808918299828,0.616682706641525,0.8647894957889788,-2.3281398368163884,0.3367233204390089,1.0639118052554373,-2.3634548124738046,0.5332429148171525,1.0464450820433984,-2.2905907438489086,0.32556070937739784,0.6883504042841302,-2.2823244774423093,0.4551313789707612,0.6903206125910775
6.199999999999988,0,0-ACCAD_Female1Walking_c3d_B9 - walk turn left (90)_poses,184,-2.333687521284446,0.4169774411711842,0.7630779441390528,0.08901981008981924,-0.05043333966319172,0.01365322674268573,0.9946585047449715,-0.7294947504997253,0.08862850069999695,0.1374969482421875,0.4663461148738861,0.14382625036969454,0.01972568556135923,-0.0061989095993340015,0.06838217377662659,-0.02199111133813858,0.26899290084838867,-0.38138542370243766,-0.09489374292669295,0.3900879919528961,0.03340967372059822,0.07593680173158646,0.15804345905780792,0.12837369740009308,0.9921566247940063,-0.2494668960571289,-0.3649735152721405,0.7705463767051697,-2.3410298026694867,0.41968792083355966,0.8376684542865424,-2.431532557650957,0.44873401286168085,1.3476760915592214,-2.7132293310062354,0.3208795698907013,0.050699968167593326,-2.2931542450862055,0.4732843063696791,0.00018508413689191996,-2.543305768223142,0.3174831876191774,0.046898994796768984,-2.1264699780891414,0.43995657860426657,-0.002185084136891967,-2.5344774395717393,0.3101103973619364,0.4406796444799684,-2.2922735280272883,0.5037078768097764,0.37137603853460277,-2.3273266997256137,0.21127872552625937,0.7111231431450779,-2.596987686171396,0.6147958566288323,0.741994910336607,-2.29913327189471,0.25962907543157276,0.8866991622802249,-2.4565014661014826,0.6136459609224998,0.8612503668763416,-2.3610216267076005,0.3343055856337632,1.0590050456101405,-2.4018820945754387,0.5297123921031887,1.041150436932213,-2.325108713659203,0.32301077269204875,0.6828132610770069,-2.3188883116275907,0.4529541511809787,0.6851003275168733
6.233333333333321,0,0-ACCAD_Female1Walking_c3d_B9 - walk turn left (90)_poses,185,-2.3708359969314188,0.41509488807059824,0.7554934785748724,0.08803456047240057,-0.05086361040218488,0.014722913198118552,0.9947090253567857,-0.7512761354446411,0.07883356511592865,0.1424672156572342,0.4059443771839142,0.2271879392034406,0.031710095253710824,0.04426994174718857,0.05344293639063835,-0.013819490559399128,0.2734753489494324,-0.43717304117625533,-0.08183289803894844,0.4118851125240326,0.03084012307226658,0.07181364297866821,0.17746703326702118,0.12502673268318176,1.0057417154312134,-0.2674686908721924,-0.38057687878608704,0.7586429715156555,-2.378230752001971,0.4179633036041246,0.8300728979194447,-2.4668713381202814,0.4462811967409133,1.3404552865589272,-2.778507934443828,0.3265698491932621,0.052003116463062486,-2.2966897140905136,0.47415501918691,0.00022750468890395462,-2.608581807439913,0.32273207689314587,0.0487808710934567,-2.1298018926625835,0.44186836578346694,-0.0022275046889038974,-2.5726502890926826,0.31076923749803564,0.4365644392607304,-2.314522312263509,0.5027098524238711,0.3643200017726891,-2.350931917750048,0.21246651505685382,0.7036251064745935,-2.646834092849268,0.6083496555342438,0.7412448952382606,-2.3288192589044376,0.26058983314247874,0.8801321623657833,-2.502024011033689,0.610736520003438,0.8551918446785121,-2.3950663786436728,0.3326989501243374,1.0517690379120892,-2.4405736461673246,0.5270438960393025,1.0335669638588358,-2.3616003930804736,0.3208760939094809,0.6751273151895292,-2.3572875144055723,0.4511377694771949,0.6772877840178837
6.266666666666654,0,0-ACCAD_Female1Walking_c3d_B9 - walk turn left (90)_poses,186,-2.4102527869399637,0.4125535844359547,0.7460236634355504,0.09098364762056615,-0.049007645537439956,0.01598015410979504,0.9945174011645852,-0.7606011629104614,0.06840240210294724,0.14767365157604218,0.37316760420799255,0.27339464745032416,0.0427017472675435,0.09130097180604935,0.03940073400735855,-0.005884360522031784,0.28977882862091064,-0.49763369144392877,-0.07075676210630966,0.4290263056755066,0.028218450024724007,0.06709462404251099,0.19473668932914734,0.1204555481672287,1.0179204940795898,-0.2770616412162781,-0.38878849148750305,0.7510232329368591,-2.41734554047496,0.41560629978912095,0.8206250962385759,-2.501226345994192,0.4439914712218724,1.33181665361594,-2.8343683286727828,0.3341651880602005,0.048723903939333416,-2.304645213461539,0.4731941049393867,0.00032146102074601113,-2.664487805612063,0.32849761100624036,0.04581075187435525,-2.137761586420808,0.44090060731505265,-0.00232146102074611,-2.6139222472007253,0.3121794784361795,0.42925664758802595,-2.341641423252555,0.5007613027280157,0.3554922944947607,-2.380903769170397,0.21340993988329074,0.6939667376845076,-2.6928897318812894,0.6035420418031822,0.7376101006606048,-2.362680174154578,0.26055297171089553,0.8711812950407499,-2.544969263211837,0.607812775942104,0.8474320473866226,-2.430998047190127,0.3305669180366613,1.04268089676198,-2.4787691549352764,0.5243719847163124,1.0245231905715668,-2.401715545250148,0.31809338412708005,0.6656593006612602,-2.3979241076347524,0.44857433835326027,0.6675020311653416
6.299999999999987,0,0-ACCAD_Female1Walking_c3d_B9 - walk turn left (90)_poses,187,-2.450250603025779,0.41126901493407786,0.7334913647587962,0.09635329572191234,-0.04872961022352488,0.016262032930918206,0.9940206304579111,-0.7584709525108337,0.05764685571193695,0.15199309587478638,0.3672904372215271,0.27647749779975284,0.053136425909396934,0.132001131772995,0.026189452037215233,0.0018745878478512168,0.31792640686035156,-0.5674634344974874,-0.05834802353665913,0.44158312678337097,0.026243900880217552,0.06198533624410629,0.20866504311561584,0.11501511931419373,1.027766227722168,-0.2770882546901703,-0.3881460428237915,0.7484898567199707,-2.4572813036370276,0.41439802314969776,0.8080955104646588,-2.5378443376292736,0.442875397907802,1.319826992708531,-2.8747259996891827,0.34492516560752184,0.03604503357984841,-2.311854101469639,0.47352808911003785,0.0004745607671068977,-2.704953112968059,0.33661931418913255,0.03318500445549692,-2.1450976209981665,0.4406103294210217,-0.0024745607671069376,-2.6539091640406918,0.31596236861065347,0.4161723890723461,-2.3699129904189498,0.5004820423317711,0.3439304967533898,-2.414921038999645,0.21547717995231133,0.6809788921836243,-2.7336920566221683,0.6014937122902796,0.7270579199583533,-2.399666469682317,0.2611255315335561,0.8588639402259655,-2.584853786376194,0.6062833412518288,0.8356111003298433,-2.4692899698998128,0.32940280050084425,1.0303086039788643,-2.51744330912215,0.523132547337005,1.0123579490455303,-2.442806723371502,0.316731129285331,0.6531565068291644,-2.4385404105854738,0.44734196652614244,0.6547510585222038
6.333333333333321,0,0-ACCAD_Female1Walking_c3d_B9 - walk turn left (90)_poses,188,-2.4932555926498026,0.40954524860717356,0.7207867890206728,0.1000917131576961,-0.04507208930790659,0.016873811989925876,0.9938135791945623,-0.7472631335258484,0.047406189143657684,0.15528643131256104,0.38130590319633484,0.25656116398358964,0.060186768653668565,0.16499899327754974,0.012000017799437046,0.010096588172018528,0.3591993749141693,-0.6368546106314401,-0.04641913467843395,0.44713911414146423,0.02501939795911312,0.05793282389640808,0.21938049793243408,0.10837755352258682,1.035207748413086,-0.2653650641441345,-0.3797989785671234,0.7525213956832886,-2.499721241496897,0.412737363525592,0.7954393562058252,-2.574129887749531,0.44160051945398243,1.30809046135899,-2.911619670223339,0.3519223964743834,0.0211235309030423,-2.3287787013098997,0.4740893561005724,0.0006876927043190893,-2.741963858787705,0.3415307609192158,0.018136968229112548,-2.161986423410242,0.4413946653024258,-0.002687692704319119,-2.697734600351616,0.31802502911858976,0.4028981321616677,-2.4067390849598596,0.5005566490878345,0.3311155837849978,-2.4546141922076306,0.21702580920165057,0.6675185634476755,-2.7721558749761996,0.5996732016649371,0.7140377998938086,-2.440137766050839,0.2610809303692574,0.8458697439562513,-2.623904023233458,0.6042188815494731,0.8234009081771944,-2.5092387469995523,0.3278406480723658,1.0178414981823847,-2.557136966447698,0.5216771639715604,1.000367214856349,-2.4873336508978867,0.3149915691428552,0.6405889416033351,-2.4826264447958932,0.44567349100565573,0.6417598156679646
6.366666666666654,0,0-ACCAD_Female1Walking_c3d_B9 - walk turn left (90)_poses,189,-2.5385813487228006,0.4064825533423573,0.7076464411217961,0.10675886970934845,-0.039803973922264334,0.017568984834454907,0.9933325315171474,-0.7240008115768433,0.035799115896224976,0.15813875198364258,0.40591615438461304,0.21651070360658942,0.06598451268795724,0.18764366209506989,-0.0031106064561754465,0.018794063478708267,0.41524115204811096,-0.7085712766634602,-0.03306357005126448,0.4442424178123474,0.026457268744707108,0.056077368557453156,0.22481296956539154,0.10290154069662094,1.0393847227096558,-0.24127115309238434,-0.3636809289455414,0.7635425925254822,-2.5442307893054674,0.4097377440595088,0.7823624872865784,-2.612127092289876,0.4405399412356001,1.2958110109093128,-2.9431773731544406,0.35905817925169936,0.002720130462359551,-2.3526691736093115,0.47327268355634644,0.0009707252972593304,-2.773746873954464,0.34552934580844663,-0.0004855842023245571,-2.185995314473945,0.44004182969829725,-0.0029707252972593114,-2.7431819046601778,0.3198183864370833,0.38761423550995666,-2.4498448809283824,0.49975349416779885,0.3166104482152212,-2.5016170795924717,0.21560957586556756,0.653823885314042,-2.80516050652388,0.599905058547775,0.6964455484264768,-2.4858243287076482,0.258479050964035,0.8323522061162045,-2.65972672068186,0.6020144441730378,0.8096008780937515,-2.5525432001357524,0.32535194848796506,1.0049878425883785,-2.597394091477643,0.5199413571649083,0.9877964355314945,-2.535223784906877,0.3119912229464842,0.6277269785375941,-2.5288152833611988,0.44260207077622477,0.6283754386580892
6.399999999999987,0,0-ACCAD_Female1Walking_c3d_B9 - walk turn left (90)_poses,190,-2.5861880553420633,0.404369747499004,0.7150005939352393,0.10927595768509742,-0.03541176582385155,0.01778244733742429,0.9932213028725939,-0.6854513883590698,0.021968208253383636,0.16011874377727509,0.4358268678188324,0.15387805872604843,0.07112161325892452,0.19605235755443573,-0.015008094720542431,0.02608211524784565,0.4872170686721802,-0.7845516881824861,-0.021379010803581178,0.4309234917163849,0.030175933614373207,0.05599583312869072,0.22119033336639404,0.09910175949335098,1.0387576818466187,-0.20697243511676788,-0.3410983085632324,0.7802550792694092,-2.591172334275934,0.40759948151947323,0.7897650626464285,-2.6547215333116148,0.4407948364636578,1.3036255336454037,-2.9649142088915097,0.3624808655921994,0.0007320435944536859,-2.3837506496169705,0.4740889681831557,0.022750682432454098,-2.7956384796766716,0.34719271335812146,-0.0027320435944536182,-2.2169760285180886,0.4414603636948169,0.01810311032780751,-2.7863436400880914,0.32065342479106623,0.38964028031586784,-2.4999465583769886,0.5008181909835635,0.3213495897163507,-2.5548910343287297,0.2135744695816421,0.6609540507565054,-2.8355775387373208,0.6005962082225715,0.6951279967174704,-2.536082031630932,0.2559954230739415,0.8392971143347856,-2.6955900620828697,0.6001502035278863,0.8149731954694432,-2.599447456957487,0.3239559420555733,1.0126099355301406,-2.640779399286771,0.519316914979219,0.9953488318106409,-2.58477120298136,0.3101061563601568,0.6355578895698828,-2.577120416427902,0.44053895074211524,0.6356174278487421
6.43333333333332,0,0-ACCAD_Female1Walking_c3d_B9 - walk turn left (90)_poses,191,-2.630543686216697,0.403631484368816,0.7252941784294525,0.10750685156626859,-0.03138562557659777,0.016824635231102357,0.993566379776819,-0.6377134323120117,0.007142768707126379,0.16074912250041962,0.4631510078907013,0.0841824381359193,0.0774973969380528,0.18353256583213806,-0.020420454442501068,0.030079441145062447,0.5731801986694336,-0.854753811557595,-0.013048033263964642,0.40477606654167175,0.03360016644001007,0.05839703232049942,0.2069379985332489,0.09528108686208725,1.0329945087432861,-0.16594478487968445,-0.31699204444885254,0.8010264039039612,-2.634949927039506,0.40664506862498745,0.8001039595529285,-2.6958874518052203,0.44063381696077475,1.314226631651399,-2.9775416286582823,0.36413218242569184,0.0008460121154161317,-2.421612640203546,0.4773877110386821,0.04578387194765733,-2.8082976437826894,0.3485487764915268,-0.0028460121154160883,-2.2546066760796952,0.4460988260681689,0.04030540278510299,-2.822828638034299,0.32141300772517734,0.3927365082371061,-2.553960152186559,0.5042986833249847,0.3275779310385317,-2.6101005820845313,0.21233560292497244,0.6704975161542666,-2.8586785270058352,0.603372334935923,0.6953441455595611,-2.5859592369510898,0.25390353176673386,0.8483988004417118,-2.726321535379738,0.5993787499415305,0.8235051468460279,-2.644349118444444,0.3230063947927454,1.022843346512756,-2.6813318915781315,0.5192741846823139,1.0060084410123864,-2.630383665415537,0.3098143905158063,0.6462592831635807,-2.6219324850921355,0.4399801454562355,0.6460186206789194
6.4666666666666535,0,0-ACCAD_Female1Walking_c3d_B9 - walk turn left (90)_poses,192,-2.6720840705092996,0.4030166326556355,0.7346465831023609,0.0996026299515807,-0.02845437446622707,0.015541529119745325,0.9944989319014296,-0.5859608054161072,-0.010252007283270359,0.16122658550739288,0.48031842708587646,0.018939468704373352,0.08645705497363831,0.14490793645381927,-0.01866380125284195,0.030043508857488632,0.6687060594558716,-0.9107770077806245,-0.012202064915785904,0.36615169048309326,0.03708301857113838,0.06416672468185425,0.18204852938652039,0.093757763504982,1.0222817659378052,-0.12139569222927094,-0.2945566177368164,0.8243008852005005,-2.6760965506854184,0.4057601573516602,0.8094889045193142,-2.737386487572227,0.43996271231430617,1.3235446549088343,-2.9853690703876263,0.36328356929902683,0.0009089585409317626,-2.4697200902275207,0.4817602038902488,0.06389909461616726,-2.8159776305235136,0.3494284760146539,-0.002908958540931674,-2.3022919543158675,0.4530042844592257,0.057502501552236206,-2.852921937052445,0.32051353099651014,0.39408938805136107,-2.613845545903161,0.5082297007787805,0.3317549434050221,-2.66661184104262,0.21028148599525642,0.6793904595920571,-2.876636365916578,0.6062310462967156,0.6938303438769797,-2.635470824896984,0.2512175028433506,0.8563482055151951,-2.7540004573094268,0.5985131237705453,0.8311636311606773,-2.687929043060216,0.32192460903805614,1.0319668840363334,-2.720487264528146,0.5190099719216266,1.0155502201883846,-2.6719761111360967,0.3096612102013554,0.6560315809232417,-2.6635949765600393,0.43952690495615415,0.6556370615807238
6.499999999999987,0,0-ACCAD_Female1Walking_c3d_B9 - walk turn left (90)_poses,193,-2.708700872724876,0.4034252224955708,0.742559921567058,0.0901933369694984,-0.02560050852356623,0.013590615335374156,0.9955024214457979,-0.532423198223114,-0.026583340018987656,0.1603943258523941,0.4819665849208832,-0.03166407747449096,0.09599063723154244,0.08355624973773956,-0.012729131616652012,0.028094029054045677,0.7655346393585205,-0.9454271548866799,-0.014785853607226729,0.31778693199157715,0.03952578082680702,0.07010961323976517,0.14591911435127258,0.095035120844841,1.005775809288025,-0.07794331759214401,-0.2752918303012848,0.847008228302002,-2.712339810516409,0.4058009953606448,0.817433907937779,-2.7739377913057424,0.4393511868892758,1.331483984651546,-2.9913285093636475,0.363609118704187,0.0008961776528288827,-2.525552735111657,0.48811586824997866,0.07568253632099188,-2.8217591320644146,0.3521267703561371,-0.0028961776528286763,-2.3577231096041142,0.46204852866153606,0.06835378412305165,-2.876262993181038,0.32044015328414555,0.39406098656820354,-2.676195445105468,0.5133737197861046,0.33495094335691067,-2.7245262116725923,0.20874274087695868,0.6871543075884734,-2.888169781401501,0.6111985103317026,0.6929554303450309,-2.6832724926013203,0.24857445127827832,0.8622860571756402,-2.775786056922784,0.5988413342009099,0.838477809636096,-2.7272454318602244,0.32134415951330914,1.0394381078291053,-2.754043647948469,0.5193673802359305,1.0239189400315811,-2.7084211941819127,0.31062062059565865,0.6642211249329283,-2.6998644362425313,0.44012994163352864,0.6639065920824896
6.53333333333332,0,0-ACCAD_Female1Walking_c3d_B9 - walk turn left (90)_poses,194,-2.741582371061668,0.404527252772823,0.750337682300441,0.08222719099481689,-0.02536845939859855,0.011422999980785295,0.9962251981355834,-0.4770105481147766,-0.039168812334537506,0.1575009673833847,0.4672808349132538,-0.07173113731843084,0.10250286644546569,0.004521051421761513,-0.0075964233838021755,0.028415264561772346,0.8454381227493286,-0.9498449097426365,-0.013232431059770011,0.2646920382976532,0.03987222537398338,0.07370616495609283,0.10319546610116959,0.10074514895677567,0.9851356148719788,-0.03934993967413902,-0.26096805930137634,0.8662756681442261,-2.745232383655109,0.406547131409129,0.825221575751318,-2.808181983394876,0.4389811653876795,1.3391708911278322,-2.9938650058930567,0.36393023396159213,0.0008063760447095288,-2.5865414456212608,0.4968744908961667,0.08181196916277797,-2.8241562141050096,0.35466341076365676,-0.0028063760447095756,-2.418354445546683,0.4734760678825194,0.07370969748204899,-2.8927818575682545,0.3208373591452121,0.3934428963500869,-2.737374572347129,0.5195078694864794,0.3405641475677509,-2.7832560675187374,0.20805729882700158,0.6956208937490045,-2.8961030181391147,0.6178730512419692,0.6942604022186805,-2.7303579558936817,0.24605308118238833,0.8680090444841213,-2.7938235884867244,0.6001323140053321,0.846522507538587,-2.7643977065648206,0.3212509881560621,1.046563352637842,-2.783845791099573,0.5202208066699358,1.0322466411269788,-2.7410640804366153,0.3122666174589083,0.6722360204192692,-2.7314258693283424,0.4413613132973906,0.6720184621741999
6.566666666666653,0,0-ACCAD_Female1Walking_c3d_B9 - walk turn left (90)_poses,195,-2.7744207156356424,0.40606847987510264,0.7574103475496388,0.08005147816766918,-0.02577257356733058,0.010374128286768414,0.9964034889326601,-0.4191626012325287,-0.04907922446727753,0.1534869223833084,0.43849891424179077,-0.10045684123859044,0.10466301557842406,-0.08923952281475067,0.0003386632597539574,0.028625037521123886,0.8960761427879333,-0.9100241168738359,-0.017721524992898363,0.2109702229499817,0.04010706767439842,0.07469189912080765,0.05764060467481613,0.11267782747745514,0.9614675045013428,-0.005418327637016773,-0.24982325732707977,0.881671667098999,-2.778148128323223,0.40792847240957575,0.8322945703367397,-2.841203261574499,0.4412077337934377,1.3461748326573835,-2.9986263151124493,0.3649731517060991,0.0006570113300588959,-2.659184062700515,0.5031355091958915,0.0792852737570248,-2.828887254061552,0.35616018356999235,-0.002657011330058797,-2.490906340839963,0.4805765509170279,0.07070030277308312,-2.9081676958659894,0.32211572002167327,0.39273842531581715,-2.800486728750373,0.5245197584245244,0.34919862102322424,-2.84612277763707,0.20851922802898984,0.7054190254020313,-2.903327931385528,0.6254836156669152,0.6966057516026359,-2.7801247217613985,0.24407953084188647,0.8737617879095266,-2.810390855168016,0.6021134082425035,0.8540100001896689,-2.8022570371805675,0.32273135260387686,1.0531847853599137,-2.811857778847392,0.5224763926825043,1.0396966563779364,-2.7747384416623326,0.31418383756828255,0.6796890608218608,-2.7620428979474525,0.4427226934082074,0.6791962709512012
6.599999999999986,0,0-ACCAD_Female1Walking_c3d_B9 - walk turn left (90)_poses,196,-2.804800726240501,0.4073837159667164,0.7639017760256719,0.08228740468875408,-0.027145562114352092,0.009335421859267147,0.9961951372024431,-0.35934367775917053,-0.056182585656642914,0.14858156442642212,0.3988460898399353,-0.12143927441423719,0.10446061503959014,-0.18965503573417664,0.012177031487226486,0.027354909107089043,0.9155640602111816,-0.8324658424242539,-0.025864946277199152,0.1582183539867401,0.04130386561155319,0.07345564663410187,0.010681331157684326,0.13094210624694824,0.9351556301116943,0.02509808912873268,-0.24021820724010468,0.8937554359436035,-2.8087418396412716,0.4091137619239878,0.8387781712791027,-2.8713635697881656,0.4442708363405735,1.352591619880476,-3.001823204639948,0.3660204329838092,0.0004637478081466924,-2.737794200342356,0.5075222386909767,0.07180794434874285,-2.832122809372438,0.3563661274434052,-0.0024637478081468885,-2.56959567019136,0.4844444651248211,0.0630517566923671,-2.9197535046284107,0.32343589202502354,0.39208877477803905,-2.860163621771504,0.5286053006056096,0.3616771914454237,-2.9092160677802394,0.2104314413918794,0.7166068744555716,-2.907806839420484,0.6318460242781125,0.6995823695031099,-2.8294818324024984,0.2424370834821644,0.8796334207211528,-2.823784420478245,0.6031572967188121,0.8610653538398234,-2.8383440877713495,0.32474331148886676,1.0593007851790557,-2.8364656806433737,0.5247545645424597,1.0464884809915507,-2.806685210164259,0.3158926455698426,0.6864888141410518,-2.789563848726413,0.4437215937662056,0.6855868954835783
6.6333333333333195,0,0-ACCAD_Female1Walking_c3d_B9 - walk turn left (90)_poses,197,-2.8356292021926492,0.40997037873603404,0.7696202938344509,0.08120134369746847,-0.029998813751338952,0.008254904912992874,0.9962119601270182,-0.29665350914001465,-0.06068110093474388,0.14296475052833557,0.35220590233802795,-0.14055547948754454,0.10161771115355767,-0.2900843322277069,0.027758382260799408,0.023960169404745102,0.904684841632843,-0.725505940394159,-0.03698880163261675,0.10734682530164719,0.04350322112441063,0.07031502574682236,-0.0361517108976841,0.15603423118591309,0.9068828225135803,0.053234636783599854,-0.23308619856834412,0.9033984541893005,-2.840011432344301,0.4115693155845301,0.8444750829922093,-2.9027382792104577,0.44866186639843547,1.3581517390972864,-3.0033650750032694,0.36493786332597206,0.00024395017553377127,-2.8237291558680018,0.5120496980716073,0.06248636006248987,-2.833631878215891,0.35574807224127913,-0.0022439501755337037,-2.6554128118554003,0.4897932498888812,0.053869002432610495,-2.9287590876814025,0.3242040356201173,0.391428407802473,-2.9183197117273307,0.5321799644355887,0.3770896903167281,-2.971454693422971,0.21382648940803026,0.7290035889896985,-2.9157027117291774,0.637168294653597,0.7025669553011026,-2.878521852595188,0.24238191520361355,0.8855527472674709,-2.8400608672887233,0.6046368660909667,0.8674292667294238,-2.874469127595223,0.3283299068966041,1.064693558602868,-2.862783680804148,0.5280396171512391,1.052378248484862,-2.8383434138601147,0.3188516928961924,0.6924628912765941,-2.817582146331503,0.4460645967573332,0.6910085704633189
6.666666666666653,0,0-ACCAD_Female1Walking_c3d_B9 - walk turn left (90)_poses,198,-2.8638753665145487,0.41207245574332774,0.7741016104896301,0.08165114041786013,-0.032656177703480053,0.006085130855340271,0.9961072414698807,-0.23340274393558502,-0.06296492367982864,0.13712753355503082,0.3011655807495117,-0.15505789768786848,0.09922497803936725,-0.3863271474838257,0.046207379549741745,0.018258312717080116,0.8646285533905029,-0.5913741175405329,-0.04668562284152067,0.059115443378686905,0.047206468880176544,0.06537661701440811,-0.08231441676616669,0.1866552233695984,0.8767516016960144,0.07992830127477646,-0.22771599888801575,0.9114928841590881,-2.868680196096834,0.4133816343025488,0.8489360922756709,-2.9301403023812758,0.45183563529200654,1.3626861979655405,-3.0034372672339957,0.36441610350576775,6.995070549114385e-06,-2.9135067977653075,0.5157861345241519,0.05324524375961634,-2.8336973902862845,0.3552336192293081,-0.0020069950705491543,-2.74508541874347,0.494174000948957,0.04505044231537078,-2.9348845000197645,0.3250303565921757,0.39081294098821845,-2.9702819396372293,0.5349779437250443,0.3943653348716256,-3.0313994889287588,0.21824709856530886,0.7421281460114105,-2.921814561014903,0.6409100568822307,0.7055551679747641,-2.9252313479039405,0.24224197385017107,0.890829645652693,-2.853954429320535,0.6047969721209214,0.8730377397236291,-2.9074137186469926,0.3312998017831249,1.0688303755937896,-2.8858637783863834,0.5302314281544522,1.0572548408751323,-2.867747736558554,0.32151339711636673,0.6968860199268483,-2.8430722930633325,0.448078486786991,0.6950889418539484
6.699999999999986,0,0-ACCAD_Female1Walking_c3d_B9 - walk turn left (90)_poses,199,-2.8935918582137674,0.41543394909240305,0.7771328738709032,0.07893793921412391,-0.03734349347557937,0.0033383298592627913,0.9961742421892955,-0.17125454545021057,-0.06294327229261398,0.13145384192466736,0.2486644685268402,-0.17078368181367853,0.09598255125490729,-0.4754491448402405,0.06571967899799347,0.01049889251589775,0.7969006299972534,-0.4392418958574287,-0.0554242037590531,0.013959378935396671,0.05160760134458542,0.05826488509774208,-0.12645767629146576,0.22032250463962555,0.8457208871841431,0.10565350949764252,-0.22322292625904083,0.918325662612915,-2.8991324240289016,0.41637495558776516,0.8519220217282217,-2.9603323080879758,0.45529139803301605,1.365697707503955,-3.00276270708856,0.36373262355478636,-0.0002344499145853808,-3.0078439542665754,0.5193260687782114,0.04633289226344888,-2.8329575356738497,0.355741410061976,-0.001765550085414562,-2.8391473472021245,0.499704978261488,0.03881840147053465,-2.9404133958446805,0.3264743374727191,0.3900515083859549,-3.018555956724217,0.5374019761500085,0.4111687279601182,-3.090218461254997,0.22417409142760067,0.7549670147645869,-2.9320942481152694,0.6442321347073202,0.707715961743532,-2.9721035581692714,0.24353659302000205,0.8950867043349751,-2.8717459015648514,0.6055730813614814,0.8774896901799492,-2.94159626583558,0.3351577768715851,1.0713959866509362,-2.9120570498218763,0.5331117049642401,1.060725374204422,-2.8977199148040187,0.32545026861787646,0.6996734471144084,-2.8701635490731383,0.45158685162832046,0.6977139252842786
6.733333333333319,0,0-ACCAD_Female1Walking_c3d_B9 - walk turn left (90)_poses,200,-2.9225208533462137,0.4186776934657246,0.7786308381303336,0.07594845084947921,-0.042089462283317544,-0.0005222348905529496,0.9962228853268652,-0.11234842985868454,-0.06092803180217743,0.12634685635566711,0.1974274218082428,-0.18466304977833858,0.09369647353933197,-0.5563153624534607,0.08469831943511963,0.0006790225743316114,0.7039381265640259,-0.2691435182179207,-0.06193194684578751,-0.027968961745500565,0.05543912947177887,0.04998713731765747,-0.16682198643684387,0.2553674876689911,0.8154742121696472,0.13121582567691803,-0.22063156962394714,0.9248453974723816,-2.9288163756195127,0.4190791485319277,0.8533650687956467,-2.9892872813971105,0.4564055454028816,1.3673784796608013,-3.0026560077207822,0.3641263916996208,-0.0004694816727764291,-3.1052302804018495,0.5226886107506795,0.04358943580343413,-2.8327910410887682,0.3574355537608652,-0.0015305183272235727,-2.936251162908535,0.5053036158446299,0.03696978299552916,-2.945845558317155,0.32855854649558075,0.38925090519962846,-3.061402822811764,0.5395151336718598,0.426577556942817,-3.145729533912358,0.23077340818065314,0.766704060340261,-2.9427080197418354,0.647013857465768,0.7096734668636105,-3.0169634738944944,0.24479959645078722,0.897784692144715,-2.8896122679432983,0.6056934874822932,0.8812340461630085,-2.974389165503627,0.33791063197526494,1.0721944171772448,-2.937682373773696,0.5347399801925475,1.0630837629057242,-2.9267571488672353,0.3294166866679222,0.700618979307076,-2.8967115352808817,0.4552401780109021,0.6988490211474909
6.766666666666652,0,0-ACCAD_Female1Walking_c3d_B9 - walk turn left (90)_poses,201,-2.9540893805678934,0.4203677533660084,0.7779040091317311,-0.06729589193931867,0.04759607677597986,0.004573880517919689,-0.9965866525398756,-0.05299486219882965,-0.05995773896574974,0.12270987033843994,0.15134397149085999,-0.2062363235044693,0.09269669590185292,-0.6181645393371582,0.10080758482217789,-0.010984261520206928,0.5979028940200806,-0.10633483643871511,-0.06911036743332244,-0.06566498428583145,0.0582684688270092,0.042504049837589264,-0.20236606895923615,0.2887769639492035,0.7873351573944092,0.15570713579654694,-0.21835915744304657,0.9313448071479797,-2.9612505932974855,0.42016446619075554,0.8525610630956125,-3.0227416924478883,0.4544172768640281,1.3666979367074383,-3.0013860789008153,0.3632427240555303,-0.0006843091117428243,-3.1988613404566655,0.5203311136678201,0.04463377310364913,-2.831420114847114,0.35990020698777736,-0.0013156908882571879,-3.0294965000705165,0.5067676821563772,0.039013793868044835,-2.952268968391629,0.3296047368824939,0.3877944273244668,-3.101299999567311,0.5377994644406521,0.4363997927142258,-3.198324761407483,0.23366113094071972,0.7755278821447323,-2.959806807368763,0.6473428315889653,0.7099524009249369,-3.0610551391781775,0.24376281895541918,0.8980618403622227,-2.9135924906895423,0.6043540788280077,0.8830875165834831,-3.0091391388406756,0.3381641595357046,1.0705614608107668,-2.9683798459344617,0.5342708556074919,1.0632793802294238,-2.9573202177883013,0.3317622043531243,0.6992606514920139,-2.92666237306448,0.4577342262513466,0.6979320069906605
6.799999999999986,0,0-ACCAD_Female1Walking_c3d_B9 - walk turn left (90)_poses,202,-2.984286285704002,0.42529377923347056,0.7746243610103486,-0.06880585358012245,0.04611584372066221,0.0016288719021877237,-0.9965623062545403,0.011911550536751747,-0.06351254135370255,0.12123841047286987,0.1135578453540802,-0.22826600293728894,0.08319524328231687,-0.6556360125541687,0.10754671692848206,-0.020805032923817635,0.4973870813846588,0.039691907498042855,-0.08397588732580208,-0.0969322919845581,0.06062077358365059,0.03724842146039009,-0.23199349641799927,0.3162590265274048,0.7624294757843018,0.1756829023361206,-0.21480171382427216,0.9368293285369873,-2.9911966938282126,0.4255262443811701,0.8493049623704872,-3.046678421409557,0.4638005367667162,1.3638649488424086,-3.004620733922468,0.3604352419957973,-0.0008460961743134432,-3.2830427605490087,0.5210261854464353,0.047485346819431944,-2.834656650350926,0.35695450211244795,-0.001153903825686621,-3.113687657125951,0.5069985280954789,0.04278707332701179,-2.963726323472891,0.3305449408822739,0.3863841890965459,-3.136205412736447,0.5398574935979205,0.43962497013855917,-3.248782347199256,0.24531211512548395,0.7861802742952605,-2.9750534573198144,0.6493090834268734,0.7051424329560125,-3.1032852000346947,0.250279518118379,0.8991646505543182,-2.933143462548311,0.6065183247692558,0.879418270397484,-3.0398096470960017,0.3460890509380248,1.0680720227046776,-2.9923169108324146,0.5406294583457081,1.059666382464343,-2.9896745220375225,0.3364892720874141,0.6963681088046412,-2.956212590508118,0.4620226182563243,0.693869797629266
6.833333333333319,0,0-ACCAD_Female1Walking_c3d_B9 - walk turn left (90)_poses,203,-3.0181441081222147,0.4295704721007496,0.7690951895947538,-0.0642382960831997,0.04601945852852852,0.0018670756536764118,-0.9968711876574485,0.07876645028591156,-0.06499847769737244,0.11974133551120758,0.08378557860851288,-0.26340259801925425,0.07730667347430775,-0.6806883215904236,0.10973085463047028,-0.030277693644165993,0.4129612147808075,0.15324836323696212,-0.09160803387134431,-0.12375325709581375,0.0634307786822319,0.0338328517973423,-0.2539890706539154,0.33649489283561707,0.7415837049484253,0.1961607038974762,-0.21307474374771118,0.9446904063224792,-3.0250434196278153,0.4297347187524822,0.8437769981145404,-3.0776333281540973,0.46873202351196624,1.3586054049366232,-3.005216566518856,0.35958857659423554,-0.000978368808253239,-3.3572810200213263,0.523148069412989,0.05027457355765688,-2.835222651966513,0.35815082016947847,-0.0010216311917468149,-3.1878210300735192,0.5101993857961717,0.04631939979651569,-2.9764752174826117,0.33282257856686825,0.3835134803298703,-3.172801211412727,0.5420792778538723,0.4381017398424483,-3.2958926390940246,0.253495533771968,0.7905754177483151,-2.996738732249579,0.6508935286674614,0.6991790558046581,-3.1449242091550027,0.25477759889229545,0.8962468598457046,-2.959802911176647,0.6083425606251468,0.8746348178773198,-3.0740841401891523,0.3511218861473397,1.0627137221140857,-3.023144574588481,0.5447851293066753,1.0542347006243746,-3.0243730084388303,0.3409393012351492,0.69060577892962,-2.9899011586956075,0.46649650671808573,0.6879968443421742
6.866666666666652,0,0-ACCAD_Female1Walking_c3d_B9 - walk turn left (90)_poses,204,-3.0529949439223856,0.434220856288448,0.7619331516752448,-0.056723990364692604,0.044368366159865655,0.0022352140161136917,-0.9974010431214279,0.14343735575675964,-0.06301585584878922,0.11758677661418915,0.06347132474184036,-0.302810317507461,0.06833050930763296,-0.6977503895759583,0.11043911427259445,-0.03968854993581772,0.35162481665611267,0.23743364654051202,-0.09950387841414843,-0.1463160514831543,0.06703749299049377,0.031168216839432716,-0.2674959897994995,0.34836074709892273,0.7255554795265198,0.2165159434080124,-0.2119058072566986,0.954387903213501,-3.059651920664549,0.43426395818593966,0.8366371194606357,-3.1083840293735507,0.4740386990217809,1.3518049382851725,-3.0077080030580507,0.3582602354080057,-0.001060671051981047,-3.4232084499673783,0.5231588383416917,0.052002530973932225,-2.8377134713375276,0.3596183448342893,-0.000939328948018972,-3.253604438666012,0.5120830046114293,0.048566652968876425,-2.992171604259685,0.3354658733415793,0.3798398515354273,-3.2113159202347634,0.5439542431827132,0.43390149236180703,-3.3382368368414475,0.2603011471840921,0.791460321115912,-3.021556830301178,0.6527591789074277,0.6913435052186412,-3.183444618574789,0.25942668183151796,0.8914511640896685,-2.9890178691820966,0.6111738546473549,0.8678978623431359,-3.1077425761215864,0.3562654033477481,1.05595756467254,-3.0553500028701444,0.5495206688129928,1.0470353711053693,-3.059716142951965,0.34570567104701627,0.6831196267333401,-3.025227639650609,0.4715498730450078,0.6805121771255483
6.899999999999985,0,0-ACCAD_Female1Walking_c3d_B9 - walk turn left (90)_poses,205,-3.08851359016262,0.4378768561873585,0.7529173545712626,-0.050347169033758965,0.04194575556866675,0.0028288449424406044,-0.997846538199312,0.20449140667915344,-0.06070679798722267,0.11545849591493607,0.05469908565282822,-0.3492202826298718,0.06033614263327847,-0.7021526098251343,0.11015113443136215,-0.048457350581884384,0.3176518380641937,0.2816898572554476,-0.10610446083277125,-0.16364510357379913,0.07103772461414337,0.02742912992835045,-0.2724079489707947,0.3513278663158417,0.7147784233093262,0.2328280508518219,-0.21043066680431366,0.9633360505104065,-3.0948132678607454,0.4377702207243006,0.8276522372551725,-3.1383752729946104,0.4781530476204436,1.3432607804447412,-3.011322528665508,0.3573944531752761,-0.001090342348486345,-3.475219636016983,0.5224613894862341,0.04826815664462962,-2.84136115159722,0.3610135218526322,-0.0009096576515135631,-3.3055324897599156,0.5126476132603982,0.04511186272266792,-3.011065697297152,0.337781235627417,0.3747889269832162,-3.2491682699603452,0.5454125433291687,0.4260950819696475,-3.377015793347073,0.26613916970120743,0.788002672604631,-3.0495753923388054,0.6538458058899205,0.6816150517954482,-3.2198458707246504,0.2635779512537433,0.8841828149786896,-3.0199711810362473,0.6133005664493192,0.8589261863471902,-3.1411029847502823,0.36024422344306173,1.0474792768320655,-3.087844226569227,0.5532344160896737,1.0379674358306907,-3.0959431840657334,0.34950229722780335,0.6736666156444528,-3.061527837438053,0.47562090010114755,0.6713356653089584
6.9333333333333185,0,0-ACCAD_Female1Walking_c3d_B9 - walk turn left (90)_poses,206,-3.1266169322188944,0.442754095653072,0.7413864130634231,-0.045938942500436064,0.039210620998285886,0.002633953588108872,-0.9981709287749098,0.2628273069858551,-0.05693487823009491,0.11297164112329483,0.059341780841350555,-0.4061955208246826,0.050007959463630236,-0.6923055648803711,0.11068526655435562,-0.057099007070064545,0.31065428256988525,0.28388420698713124,-0.11420517892329163,-0.17452237010002136,0.07413904368877411,0.023606544360518456,-0.26584145426750183,0.34516528248786926,0.7111994624137878,0.24454577267169952,-0.20828022062778473,0.9709240794181824,-3.1325059176722143,0.4426299194376801,0.8161547514868368,-3.1707066883979236,0.48401954203454783,1.3321318856561097,-3.0167366860212295,0.3566165541744253,-0.00105350668557707,-3.51424322914111,0.5217403090465397,0.03620882091639521,-2.8468096079714247,0.36159417344411726,-0.0009464933144230601,-3.3445319971171545,0.5123374564243505,0.03309689426615341,-3.0348007479012353,0.34053774034870976,0.3676605509975239,-3.2874714094475572,0.547876382264437,0.4135791549148104,-3.413477801245902,0.27274017453262944,0.778093979002812,-3.082731620415855,0.6563750661978086,0.669075275830154,-3.2558257126380923,0.26945211177688494,0.8734594434282404,-3.054771812006706,0.6170786353305454,0.8469336572435308,-3.1766769022707986,0.36565867404689156,1.0365786914842132,-3.123045989039207,0.5585027455101566,1.026231027621453,-3.1350815908428533,0.35440798548965263,0.6617710607690294,-3.1006126109682453,0.48071041912034623,0.6597834637712403
6.966666666666652,0,0-ACCAD_Female1Walking_c3d_B9 - walk turn left (90)_poses,207,-3.167791820829734,0.4481097219977528,0.7280771593288017,-0.04313694388953539,0.034700278445962844,0.002491553228965524,-0.9984632626742713,0.3174746632575989,-0.05052933841943741,0.10987117886543274,0.07867420464754105,-0.4711783320044689,0.038112656807595124,-0.6732723116874695,0.11077919602394104,-0.06526646018028259,0.32488951086997986,0.25816689613217747,-0.1206999077022537,-0.1769523322582245,0.07602415978908539,0.021730491891503334,-0.24573048949241638,0.3312600553035736,0.716585636138916,0.2511785626411438,-0.20429342985153198,0.9767718315124512,-3.173004985513439,0.44796109293747605,0.8028956117545436,-3.2054250092031418,0.4899420008983876,1.3192334270139225,-3.026852947502838,0.35562027430137194,-0.0009460192478328647,-3.5472162602873984,0.5225162496440308,0.019103360216776593,-2.856940220384824,0.36106577773382686,-0.0010539807521672273,-3.377523021880922,0.5128345311578806,0.01586775111218312,-3.065129991026329,0.34323347301172213,0.3583140314183468,-3.328586020244508,0.5515319083664536,0.39858511826587223,-3.4469570783160077,0.27762739299754713,0.761945992307344,-3.1224095486649337,0.6595807691597204,0.6546410951072112,-3.2908563675076574,0.275376516569858,0.859859555436275,-3.094357522949131,0.6216670898381232,0.8327848600211345,-3.2143896322763834,0.37119641936527464,1.023910296343114,-3.1614547166032416,0.5641858167446255,1.0127222624750774,-3.1777505594920155,0.359821806335281,0.6480669707486075,-3.1431270275604475,0.4862336730614432,0.6465143336334837
6.999999999999985,0,0-ACCAD_Female1Walking_c3d_B9 - walk turn left (90)_poses,208,-3.2112383616622537,0.4533383606467396,0.7146313757943573,-0.04446464555173919,0.028906830228503634,0.003486314883140317,-0.9985865691419219,0.364479124546051,-0.043002206832170486,0.10672282427549362,0.11314317584037781,-0.5420167142666346,0.02903392822218498,-0.6497433185577393,0.11103454232215881,-0.0731082558631897,0.3538234829902649,0.2152439001732338,-0.12396825373219733,-0.17116716504096985,0.0757005512714386,0.02330603078007698,-0.21342206001281738,0.3104480803012848,0.7310236096382141,0.2507246434688568,-0.1983734667301178,0.9796956181526184,-3.215591510188985,0.4530089523580443,0.7895042119105588,-3.243081965113933,0.4937967398753947,1.3062166913774604,-3.0429100335838877,0.3552636537046181,2.090373337360757e-05,-3.5766580181235352,0.5274251859134177,0.0007307237681013871,-2.8729653275497644,0.35957524587022327,-0.000434139092059152,-3.4070734087384142,0.5160639077876937,-0.002730723768101309,-3.1023193869829604,0.3458908500273749,0.3474820724407778,-3.3716136941611583,0.5572286443280107,0.3835311416692455,-3.477724128415082,0.2816994844440553,0.7404508933050863,-3.1673658092991475,0.6630919451846999,0.6407377292034254,-3.3255438706037155,0.28107131012279907,0.844375571479504,-3.1376203775291067,0.625899944282412,0.8187588755930221,-3.2545692170103595,0.3756396297726252,1.010744916945925,-3.2023900433375916,0.5688281987308229,0.9994446709879465,-3.2234202451068668,0.36538390242184227,0.6340591367500312,-3.1878978357990992,0.4916508776639426,0.6332223262123242
7.033333333333318,0,0-ACCAD_Female1Walking_c3d_B9 - walk turn left (90)_poses,209,-3.2547883761581033,0.4594193457160145,0.7206052708563313,-0.049273755448560316,0.022976956253945035,0.004989899286216467,-0.998508516443607,0.396756649017334,-0.0350659117102623,0.10396161675453186,0.1609131395816803,-0.6119962719062073,0.02245751552249242,-0.620914876461029,0.11502698063850403,-0.08139774948358536,0.3936197757720947,0.15591589883568258,-0.12891318980701705,-0.15621788799762726,0.07195065915584564,0.029408801347017288,-0.1695040911436081,0.2844637334346771,0.7544260621070862,0.24160784482955933,-0.19012507796287537,0.9783563017845154,-3.258266659794902,0.4588418013145034,0.795522344914294,-3.283668728474732,0.49673240155926823,1.312528478572181,-3.0657149045194587,0.3557672176474868,0.019575846067660926,-3.5995655169285437,0.5332828419527339,0.0008846496259881619,-2.8957282436637173,0.357687950385541,0.01865610867902222,-3.4301851623925637,0.5192797037182258,-0.002884649625988226,-3.1449205190588647,0.3493113758237274,0.35399844033441386,-3.4134173458963866,0.564250716777517,0.3872899167609829,-3.503018433229534,0.28536801409594476,0.7331404783293721,-3.2164017581943787,0.6680195092455312,0.6470827802505461,-3.357845206169365,0.28725289323653413,0.8466338507337997,-3.183401377666325,0.6309907677994533,0.824563515532129,-3.2958767678333145,0.3800068758675255,1.0165170859929498,-3.244902970394008,0.5735584711255106,1.005951252012347,-3.269480034475975,0.3719722881725719,0.639518843627118,-3.232636906548097,0.4978775589444933,0.6394727000434806
7.066666666666651,0,0-ACCAD_Female1Walking_c3d_B9 - walk turn left (90)_poses,210,-3.298289038008079,0.46549809561111033,0.7249068586164162,-0.0579951724331858,0.012766627790680602,0.0054981605648359855,-0.9982200876658928,0.41219380497932434,-0.027186358347535133,0.101621612906456,0.2145748883485794,-0.6627687481067253,0.015498725543854563,-0.5865859985351562,0.12335043400526047,-0.08969717472791672,0.4388062655925751,0.09392223289065504,-0.13969229496352065,-0.13346876204013824,0.06423754245042801,0.039564065635204315,-0.1176711767911911,0.2562357187271118,0.7843982577323914,0.22454771399497986,-0.18084785342216492,0.9724363684654236,-3.300248453670444,0.4647858998799722,0.7998778761332048,-3.3217703032211117,0.49891396064358023,1.3172649618059742,-3.103526923222074,0.3544738177285516,0.03167957052312187,-3.622930670346773,0.5369276550211602,0.001060789642155762,-2.93354259322891,0.35266893698286694,0.03024083417862267,-3.4538844718090718,0.5194235028236032,-0.003060789642155653,-3.1961807288415836,0.3518759632816543,0.3559197865908669,-3.4562624753485562,0.5707727734131773,0.38971641244382715,-3.523919879420386,0.2888132841071146,0.7233355669154576,-3.269202107758671,0.6735933991102407,0.6521914745166277,-3.387683762598441,0.2935052990583983,0.8473406864595412,-3.2300678386203923,0.6362511160106131,0.828355111729556,-3.3357745764829865,0.38403798533915967,1.0206102471325766,-3.2860844782555727,0.5779668380583513,1.0108799274477926,-3.316493792995383,0.3785719956365662,0.6437805579720877,-3.277847107750021,0.5038556780164658,0.6438947320357732
7.0999999999999845,0,0-ACCAD_Female1Walking_c3d_B9 - walk turn left (90)_poses,211,-3.3391749633010477,0.4713703750167042,0.732190827462776,-0.057648100563246804,0.011595524061973858,0.006319772612114219,-0.9982496184809234,0.4158712327480316,-0.01985807530581951,0.0993601530790329,0.2565767765045166,-0.7077803591400529,0.009389029636283297,-0.5484142899513245,0.12980273365974426,-0.09499401599168777,0.482234925031662,0.012180146954703375,-0.14639220908083206,-0.10986024886369705,0.05469281226396561,0.04827924817800522,-0.069979727268219,0.22987721860408783,0.8130536675453186,0.20205919444561005,-0.17362719774246216,0.9625006914138794,-3.3409658958547523,0.47052433741744604,0.8071646681071549,-3.3680468359265308,0.49937373165656634,1.3245597611288236,-3.1345145840003057,0.35698470122400955,0.04713641723790833,-3.630625232513856,0.535602284932481,0.0011950679244506213,-2.964541351878123,0.35459784143910955,0.04529162394166361,-3.4616776018512176,0.5172331586410932,-0.003195067924450585,-3.238683458563846,0.356397977388916,0.3617751835377091,-3.491219855574566,0.5744836008590608,0.391449689097673,-3.5393517385941373,0.2893642496428507,0.7146481682263325,-3.3245883999446577,0.6806000427333747,0.6617029525636346,-3.4145935949439137,0.2982770444973175,0.8499830561340721,-3.2801079500823107,0.6429307018530889,0.8365230730928694,-3.3766268920743423,0.3867110994087175,1.0268516103482708,-3.331708975933739,0.5818918030819498,1.019166649502072,-3.3575808185129774,0.3845845013363114,0.6509130925778884,-3.3197538547437935,0.5099728754271295,0.6516957726504035
7.133333333333318,0,0-ACCAD_Female1Walking_c3d_B9 - walk turn left (90)_poses,212,-3.377397753065452,0.47724441275931895,0.7381492495005589,-0.05675176472470493,0.011156038147931095,0.005383165304421123,-0.9983114752144138,0.40649986267089844,-0.014234770089387894,0.0977531149983406,0.27555185556411743,-0.717013397068837,0.0016135513557287151,-0.5105723738670349,0.13101373612880707,-0.0959736555814743,0.5141122341156006,-0.058260286261996974,-0.15041788445822135,-0.09042232483625412,0.04729297012090683,0.05421009659767151,-0.03554810211062431,0.21297208964824677,0.8337985277175903,0.18311192095279694,-0.17023494839668274,0.9532463550567627,-3.379114158820228,0.4765332701326967,0.813126234152181,-3.4103825675455783,0.5025930265560609,1.3303990787666253,-3.174160485641184,0.3593589039010072,0.0534768908454266,-3.638032987004289,0.5360394018068033,0.0012754551499697918,-3.0041923534578276,0.3567688813879558,0.05144567803455087,-3.469173925642358,0.5169107162427187,-0.0032754551499698387,-3.280430547927542,0.36055344003934314,0.36615433370199846,-3.5224410413587073,0.5783019631613485,0.39129534201990485,-3.5579406023271005,0.29119172459587933,0.7107203638151197,-3.375255652453562,0.687560806682882,0.6690847898436642,-3.442183445068747,0.30357636308851893,0.853571564289738,-3.326078221995997,0.650073764878005,0.8426816395687639,-3.414577468049736,0.3908847397882306,1.0322375611510108,-3.3738340692326725,0.5870159887634511,1.0255522392998349,-3.395516950136377,0.39025113137140455,0.6571476251681032,-3.3589457668150384,0.5158211815892696,0.6580243474881484
